file	type	title	authors	journal	year	doi	url
CNKI-20260826103915475.enw	Journal Article	玉米丝黑穗病防治措施	金广田	现代农村科技	2021		https://kns.cnki.net/kcms2/article/abstract?v=hH4QDuxDhLR1ZA3VrfZLLSfWLXCwVat25rHgIPQWz7cP30Xrb3Y_Odd0b745db8krrqyO8s-irB6Yr534LQXRmM4_bXzU_F4NGu-_aCW6h5-Ik2ePwXypTY6JAUcH_dJGLMW82oLMHUKA1kh0K_MJczxlXxXRIRsiWCgaIqFRCrgwvDq6jcyOitdtp2ABOQU&uniplatform=NZKPT&language=CHS
CNKI-20260826103915475.enw	Journal Article	江苏草地贪夜蛾天敌资源调查及其在玉米田控害作用评价	牛洪涛 胡慧 张志春 赵冬晓 赵静 王娜 郭慧芳	中国生物防治学报	2021	10.16409/j.cnki.2095-039x.2021.03.021	https://link.cnki.net/doi/10.16409/j.cnki.2095-039x.2021.03.021
CNKI-20260826103915475.enw	Other Article	短密木霉GSAAMLSHU-1及其应用	郭成		2021-03-23		
CNKI-20260826103915475.enw	Journal Article	杂交制种玉米苗枯病发生规律及发生因子研究	韩旺旺 聂玉洁	安徽农学通报	2021	10.16377/j.cnki.issn1007-7731.2021.05.046	https://link.cnki.net/doi/10.16377/j.cnki.issn1007-7731.2021.05.046
CNKI-20260826103915475.enw	Journal Article	玉米粉红聚端孢穗腐病的识别与防治措施	林曙东	园艺与种苗	2021	10.16530/j.cnki.cn21-1574/s.2021.02.029	https://link.cnki.net/doi/10.16530/j.cnki.cn21-1574/s.2021.02.029
CNKI-20260826103915475.enw	Journal Article	一株新的引起玉米细菌性茎腐病病原细菌的分离鉴定	姚秀英 代真林 魏兰芳 张晋豪 姬广海	植物病理学报	2021	10.13926/j.cnki.apps.000731	https://link.cnki.net/doi/10.13926/j.cnki.apps.000731
CNKI-20260826103915475.enw	Thesis	辣椒炭疽病菌（Colletotrichum scovillei）次生代谢产物及其抑菌活性	陈明卿		2021	10.27327/d.cnki.gshnu.2021.000036	https://link.cnki.net/doi/10.27327/d.cnki.gshnu.2021.000036
CNKI-20260826103915475.enw	Thesis	白薇病害鉴定及丝核菌叶斑病病原学研究	智慧		2021	10.27327/d.cnki.gshnu.2021.000026	https://link.cnki.net/doi/10.27327/d.cnki.gshnu.2021.000026
CNKI-20260826103915475.enw	Thesis	辽宁省玉米穗腐病镰孢菌病原学及化学防控技术研究	黄诗涵		2021	10.27327/d.cnki.gshnu.2021.000018	https://link.cnki.net/doi/10.27327/d.cnki.gshnu.2021.000018
CNKI-20260826103915475.enw	Thesis	SL101菌株次生代谢产物及其抑菌活性研究	刘鑫		2021	10.27327/d.cnki.gshnu.2021.000021	https://link.cnki.net/doi/10.27327/d.cnki.gshnu.2021.000021
CNKI-20260826103915475.enw	Thesis	玉米赤霉烯酮降解酶分离纯化及降解条件优化研究	关韵		2020	10.27327/d.cnki.gshnu.2020.000894	https://link.cnki.net/doi/10.27327/d.cnki.gshnu.2020.000894
CNKI-20260826103915475.enw	Thesis	玉米大斑病菌木聚糖酶基因StXYL1克隆、分析及表达	王禹博		2020	10.27327/d.cnki.gshnu.2020.000949	https://link.cnki.net/doi/10.27327/d.cnki.gshnu.2020.000949
CNKI-20260826103915475.enw	Journal Article	2020中国农业科学重大进展		农学学报	2020		https://kns.cnki.net/kcms2/article/abstract?v=hH4QDuxDhLRYJlmxt8QxGMQQSiqnc5gHEQc2PWwCOKnoMTl5_PvlxzUN2bS348hXPWfeipQ0n-aHcDjOjxeWjcxxowJw91GKztZZykk0rNx2OjMs0JBgOf631LR-af7d8Lwj3Fz1WJYAkMu6v-ujKXT_thd9aKrh9CvDv7WaTEWvES1xcP7L5e5qwpT2rfQ7&uniplatform=NZKPT&language=CHS
CNKI-20260826103915475.enw	Thesis	旱沟种植白玉山药病虫害防控关键技术研究	刘婉蓉		2020	10.27109/d.cnki.ghbnu.2020.000592	https://link.cnki.net/doi/10.27109/d.cnki.ghbnu.2020.000592
CNKI-20260826103915475.enw	Thesis	玉米大斑病菌LysM效应因子的筛选及分析	张璐		2020	10.27109/d.cnki.ghbnu.2020.000339	https://link.cnki.net/doi/10.27109/d.cnki.ghbnu.2020.000339
CNKI-20260826103915475.enw	Journal Article	草地贪夜蛾监测预警与防控研究进展	齐国君 苏湘宁 章玉苹 雷妍圆 郭义 黄少华 肖勇 袁曦 石庆型 张振飞	广东农业科学	2020	10.16768/j.issn.1004-874x.2020.12.012	https://link.cnki.net/doi/10.16768/j.issn.1004-874X.2020.12.012
CNKI-20260826103915475.enw	Other Article	西北地区麦类及蔬菜根腐类病害综合治理技术	李敏权		2020-11-17		
CNKI-20260826103915475.enw	Thesis	枯草芽孢杆菌漆酶的结构分析、固定化及应用研究	张成玉		2020	10.27356/d.cnki.gtjdu.2020.003041	https://link.cnki.net/doi/10.27356/d.cnki.gtjdu.2020.003041
CNKI-20260826103915475.enw	Thesis	玉米抗病相关小肽和蛋白的挖掘及功能研究	王顺喜		2020	10.27117/d.cnki.ghenu.2020.000105	https://link.cnki.net/doi/10.27117/d.cnki.ghenu.2020.000105
CNKI-20260826103915475.enw	Thesis	食用菌渣制备微生物肥料的关键技术与应用研究	陈明元		2020	10.27883/d.cnki.gcqsx.2020.000149	https://link.cnki.net/doi/10.27883/d.cnki.gcqsx.2020.000149
CNKI-20260826103915475.enw	Journal Article	玉米茎腐病病原禾谷镰孢拮抗菌筛选及分子鉴定	李想 王欢欢 郭秋翠 李旭 李新宇 张惠文	玉米科学	2020	10.13597/j.cnki.maize.science.20200525	https://link.cnki.net/doi/10.13597/j.cnki.maize.science.20200525
CNKI-20260826103915475.enw	Other Article	一种1-磺酰基萘酚类衍生物在防治植物病原真菌中的应用、抗菌剂	陈根强		2020-10-01		
CNKI-20260826103915475.enw	Journal Article	河南省玉米田根腐线虫三个病样品的病原种类鉴定	夏艳辉 刘焱琨 郝鹏辉 赵浏阳 王珂 袁虹霞 李洪连 李宇	植物病理学报	2021	10.13926/j.cnki.apps.000541	https://link.cnki.net/doi/10.13926/j.cnki.apps.000541
CNKI-20260826103915475.enw	Journal Article	中草药水浸提液对5种植物病原真菌的影响	蒋晶晶 彭沛穰 苏锋锋 周昭旭 杜蕙	安徽农业科学	2020		https://kns.cnki.net/kcms2/article/abstract?v=hH4QDuxDhLTrjnSX507yQb-jdps6nfGy1ZHpYkfGWJ8-Cf1D0dU2Qm1pNoL3tT0ifrD8ZS0OQ8k0RQXf_r_MFxhCt1erSo82kYUSMfQh6GmrsO1XpZqeYrfVU_PdqnR2HjYW9iDIIsbK1mqGapbKKPSa7Q9mVwT3dnjKJU5WLjYSZ4rOyL1C4m76ktcfHS-M&uniplatform=NZKPT&language=CHS
CNKI-20260826103915475.enw	Journal Article	玉米病毒病的发生与防治	刘忠刚	现代农村科技	2020		https://kns.cnki.net/kcms2/article/abstract?v=hH4QDuxDhLTfdzadh9daAg30mWdnZR5eomXyw1yt7WSUyuxsXECQtkUfYXZltXEH2a-ECGqAFhaKile8nFVMYOsUtnsFkRkY3HKeUAf22fh6dn-q-Y6EFLVS-sAM7HT_rba8tRZxvDcS8K4ylo8prgVlrV-rANIsajmrv9R1V0AnOacZjrW5oDy_zx9YyGH4&uniplatform=NZKPT&language=CHS
CNKI-20260826103915475.enw	Thesis	枯草芽孢杆菌HG-15菌体发酵全可溶培养基配方与条件优化	许睿娉		2020	10.27277/d.cnki.gsdnu.2020.000884	https://link.cnki.net/doi/10.27277/d.cnki.gsdnu.2020.000884
CNKI-20260826103915475.enw	Thesis	玉米响应大斑病菌侵染的多组学分析及重要侵染相关基因的挖掘	巩校东		2020	10.27109/d.cnki.ghbnu.2020.000059	https://link.cnki.net/doi/10.27109/d.cnki.ghbnu.2020.000059
CNKI-20260826103915475.enw	Thesis	甘蔗细菌性枯萎病原菌Pantoea stewartii subsp. stewartii的分离与鉴定	崔东		2020	10.27018/d.cnki.gfjnu.2020.000869	https://link.cnki.net/doi/10.27018/d.cnki.gfjnu.2020.000869
CNKI-20260826103915475.enw	Thesis	祁白术内生菌的分离、鉴定及其发酵产物的抑菌活性研究	吴锦菲		2020	10.26919/d.cnki.gannu.2020.000500	https://link.cnki.net/doi/10.26919/d.cnki.gannu.2020.000500
CNKI-20260826103915475.enw	Thesis	玉米炭疽病病原菌的鉴定与有效药剂筛选	陈贵华		2020	10.26919/d.cnki.gannu.2020.000501	https://link.cnki.net/doi/10.26919/d.cnki.gannu.2020.000501
CNKI-20260826103915475.enw	Journal Article	广州地区一株绿僵菌的鉴定及其对草地贪夜蛾的致病力测定	雷妍圆 王德森 薛志洪 吕利华 黄少华 章玉苹	南方农业学报	2020		https://kns.cnki.net/kcms2/article/abstract?v=hH4QDuxDhLRw_nB8OuUsET3PPuchrK-EApgdeeTiqOJ2HjBBbm0y5MmOinC5rmeFjvoX344_VcEf4sRWVamXwILyAyMDu4e2b5KgXZT_uV8tuondnRcibVqXdES_nM0CjyW7UibPcKJNusFT78GCmsa9j7bainERhR8EXsxQhwhVCz3pjbOaFUNydh-kHkXv&uniplatform=NZKPT&language=CHS
CNKI-20260826103915475.enw	Thesis	甘肃省玉米孢囊线虫种类鉴定、生物学特性及生防菌筛选研究	徐志鹏		2020	10.27025/d.cnki.ggsnu.2020.000317	https://link.cnki.net/doi/10.27025/d.cnki.ggsnu.2020.000317
CNKI-20260826103915475.enw	Thesis	玉米乳杆菌LB1对产肠毒素型大肠杆菌ETEC感染仔猪肠道功能的保护作用	史宇涛		2020	10.27776/d.cnki.gwhgy.2020.000134	https://link.cnki.net/doi/10.27776/d.cnki.gwhgy.2020.000134
CNKI-20260826103915475.enw	Thesis	玉米弯孢叶斑病菌过氧化氢酶基因功能研究	孙玉鑫		2020	10.27327/d.cnki.gshnu.2020.000185	https://link.cnki.net/doi/10.27327/d.cnki.gshnu.2020.000185
CNKI-20260826103915475.enw	Thesis	昆虫病原线虫的培养应用及非生物因子对其影响的研究	刘勇		2020	10.27730/d.cnki.ghngy.2020.000023	https://link.cnki.net/doi/10.27730/d.cnki.ghngy.2020.000023
CNKI-20260826103915475.enw	Thesis	鱼类诱食剂乙偶姻的发酵生产与应用研究	毛林静		2020	10.27277/d.cnki.gsdnu.2020.000248	https://link.cnki.net/doi/10.27277/d.cnki.gsdnu.2020.000248
CNKI-20260826103915475.enw	Thesis	玫烟色棒束孢IF-1106应用特性与制剂研究	刁红亮		2020	10.27285/d.cnki.gsxnu.2020.000021	https://link.cnki.net/doi/10.27285/d.cnki.gsxnu.2020.000021
CNKI-20260826103915475.enw	Thesis	核盘菌在非寄主小麦中的益生作用研究	田斌年		2020	10.27158/d.cnki.ghznu.2020.000813	https://link.cnki.net/doi/10.27158/d.cnki.ghznu.2020.000813
CNKI-20260826103915475.enw	Thesis	土地类芽孢杆菌对玉米促生作用及其对大斑病生防机理研究	闫博巍		2020	10.27122/d.cnki.ghlnu.2020.000007	https://link.cnki.net/doi/10.27122/d.cnki.ghlnu.2020.000007
CNKI-20260826103915475.enw	Thesis	柑橘采后病害生防芽孢杆菌UB-201712的鉴定及其发酵制备	郑先能		2020	10.27177/d.cnki.gjxnu.2020.000584	https://link.cnki.net/doi/10.27177/d.cnki.gjxnu.2020.000584
CNKI-20260826103915475.enw	Thesis	玉米-大豆带状套作对大豆根腐病病原菌组成及根际微生物种群结构的影响	严雳		2020	10.27345/d.cnki.gsnyu.2020.001358	https://link.cnki.net/doi/10.27345/d.cnki.gsnyu.2020.001358
CNKI-20260826103915475.enw	Thesis	四川玉米黄曲霉穗腐病发生因素及其病原群体分析	王伟		2020	10.27345/d.cnki.gsnyu.2020.001117	https://link.cnki.net/doi/10.27345/d.cnki.gsnyu.2020.001117
CNKI-20260826103915475.enw	Thesis	玉米GRMZM2G064096、GRMZM5G879570和Zm00001d016716基因的克隆及功能研究	刘琼		2020	10.26919/d.cnki.gannu.2020.000856	https://link.cnki.net/doi/10.26919/d.cnki.gannu.2020.000856
CNKI-20260826103915475.enw	Thesis	白蚁巢芽孢杆菌抗菌活性及其作用机理初步研究	汪军勇		2020	10.26919/d.cnki.gannu.2020.000862	https://link.cnki.net/doi/10.26919/d.cnki.gannu.2020.000862
CNKI-20260826103915475.enw	Thesis	淀粉分解菌的表征及其在高湿玉米青贮中的应用研究	史悦		2020	10.27285/d.cnki.gsxnu.2020.000550	https://link.cnki.net/doi/10.27285/d.cnki.gsxnu.2020.000550
CNKI-20260826103915475.enw	Thesis	发酵茶籽粕益生菌的筛选及发酵条件优化	郑昕		2020	10.27136/d.cnki.ghunu.2020.000616	https://link.cnki.net/doi/10.27136/d.cnki.ghunu.2020.000616
CNKI-20260826103915475.enw	Thesis	几丁质强化木霉防控轮枝镰刀菌的效应研究	张智颖		2020	10.27244/d.cnki.gnjnu.2020.001516	https://link.cnki.net/doi/10.27244/d.cnki.gnjnu.2020.001516
CNKI-20260826103915475.enw	Thesis	含木霉复合菌生物有机肥对不同作物的促生效果	王杰		2020	10.27244/d.cnki.gnjnu.2020.000544	https://link.cnki.net/doi/10.27244/d.cnki.gnjnu.2020.000544
CNKI-20260826103915475.enw	Thesis	三株芽孢杆菌复配对烟草黑胫病的防治效果及菌株生防特性研究	李苗苗		2020	10.27630/d.cnki.gznky.2020.000224	https://link.cnki.net/doi/10.27630/d.cnki.gznky.2020.000224
CNKI-20260826103915475.enw	Thesis	Thermotoga sp.β-葡萄糖苷酶重组表达、分子改造及制备低聚龙胆糖研究	盛玲玲		2020	10.27169/d.cnki.gwqgu.2020.000927	https://link.cnki.net/doi/10.27169/d.cnki.gwqgu.2020.000927
CNKI-20260826104047183.enw	Thesis	血散薯内生真菌Periconia igniaria stdif10农药活性物质研究	林伟		2020	10.27036/d.cnki.ggxsu.2020.001794	https://link.cnki.net/doi/10.27036/d.cnki.ggxsu.2020.001794
CNKI-20260826104047183.enw	Thesis	手性杀菌剂呋吡菌胺立体选择性方法及生物效应研究	刘润华		2020	10.26919/d.cnki.gannu.2020.000269	https://link.cnki.net/doi/10.26919/d.cnki.gannu.2020.000269
CNKI-20260826104047183.enw	Thesis	鸡粪堆肥中优势菌的筛选及复合固化菌剂制备	赵鑫铭		2020	10.26919/d.cnki.gannu.2020.000456	https://link.cnki.net/doi/10.26919/d.cnki.gannu.2020.000456
CNKI-20260826104047183.enw	Thesis	贝莱斯芽孢杆菌WRN031对植物生长促进作用的化学因子研究	王安琪		2020	10.27327/d.cnki.gshnu.2020.000407	https://link.cnki.net/doi/10.27327/d.cnki.gshnu.2020.000407
CNKI-20260826104047183.enw	Thesis	乌头内生菌的分离鉴定及其次生代谢产物研究	贺鹏飞		2020	10.27327/d.cnki.gshnu.2020.000142	https://link.cnki.net/doi/10.27327/d.cnki.gshnu.2020.000142
CNKI-20260826104047183.enw	Thesis	麦类种子棒形杆菌鉴定及棒形杆菌检测技术研究	王丽		2020	10.27684/d.cnki.gxndx.2020.005415	https://link.cnki.net/doi/10.27684/d.cnki.gxndx.2020.005415
CNKI-20260826104047183.enw	Thesis	三七化感作用及其微生物学消减机制	李云龙		2020	10.27245/d.cnki.gnjsu.2020.000083	https://link.cnki.net/doi/10.27245/d.cnki.gnjsu.2020.000083
CNKI-20260826104047183.enw	Thesis	哈茨木霉TMN-1菌株诱导烟草抗青枯病的活性及机理研究	朱洪江		2020	10.27684/d.cnki.gxndx.2020.003501	https://link.cnki.net/doi/10.27684/d.cnki.gxndx.2020.003501
CNKI-20260826104047183.enw	Journal Article	微生物菌剂对夏玉米产量及农艺性状的影响	刘双 李永斌 李云龙 王民洋 张浩炜 钟增明 王亚君 陈三凤	中国农业大学学报	2020		https://kns.cnki.net/kcms2/article/abstract?v=hH4QDuxDhLS9Qu9cS1qPGKh4Otv5UJ-SvHPLzAphrfjM-JIOIOCzRiFFiHEhiZd24NGSKkbAFTaoDn2bPSC6yJ6_D47VUZyzrxdt-BiKMKefX_ycBFz-catMZeO0jCTYNF-zKlA4yWvgRABB7IjmHCJCHmk_ziCUUAkzjQMZVhJ-QrZIL_kPy9Ko0Yu45xrc&uniplatform=NZKPT&language=CHS
CNKI-20260826104047183.enw	Journal Article	探究玉米麦根腐平脐蠕孢叶斑病的发生与病原鉴定	于静	农家参谋	2020		https://kns.cnki.net/kcms2/article/abstract?v=hH4QDuxDhLQQkoduYzd8pVhSEgoZdq_RUeFnGmPpBSjWTCG9X8qrChnjXky169YnL5WhLvL6fvu_DkvJwFSlz3Lmes1EmTz18ix6sx6nMyLjICt8Y6FHnI0EeSSIYbsfYky4Hkb5gGwTsSv-VLBbx1BXmhOIQ6TsmgO6uua0erlwtoVW6H9p2UMMwixwWJPl&uniplatform=NZKPT&language=CHS
CNKI-20260826104047183.enw	Other Article	一株赖氨酸芽孢杆菌及其在降解玉米赤霉烯酮中的应用	王金全		2020-05-15		
CNKI-20260826104047183.enw	Journal Article	玉米主要病虫害防治技术分析	郑树彬	农家参谋	2020		https://kns.cnki.net/kcms2/article/abstract?v=hH4QDuxDhLQilCy_IEZZCY1loe6pNfVvGtcBk3zvSg-a0YUwAupH4yyAHm7mEilQ7zRGA6a5-zeAdVW-ZtqD8zNxSvtOEDIfkOtzSfrcZfVeim8IIWzWvJ0wWhZqj8z9mj8UTfmQdPp7WcEX27BRwgmo7qUQZWL9JfERZRFy_i1vXdymFBB1Wpwu8hxJ86OJ&uniplatform=NZKPT&language=CHS
CNKI-20260826104047183.enw	Thesis	新的2-苯基-3,4-二氢-β-咔啉衍生物及其哒嗪类似物的合成与抗真菌活性	张冰玉		2020	10.27409/d.cnki.gxbnu.2020.002245	https://link.cnki.net/doi/10.27409/d.cnki.gxbnu.2020.002245
CNKI-20260826104047183.enw	Thesis	新型GH10家族耐热双功能木聚糖酶/纤维素酶XynA的分子鉴定和生化功能分析	曹若汀		2020	10.27044/d.cnki.ggzzu.2020.000440	https://link.cnki.net/doi/10.27044/d.cnki.ggzzu.2020.000440
CNKI-20260826104047183.enw	Thesis	甘肃省河西走廊地区间作绿肥对玉米、小麦和马铃薯病害影响的研究	闫智臣		2020	10.27204/d.cnki.glzhu.2020.003291	https://link.cnki.net/doi/10.27204/d.cnki.glzhu.2020.003291
CNKI-20260826104047183.enw	Thesis	饲料发酵菌剂的筛选及液固发酵工艺研究	龙祝		2020	10.27710/d.cnki.gznmc.2020.000592	https://link.cnki.net/doi/10.27710/d.cnki.gznmc.2020.000592
CNKI-20260826104047183.enw	Thesis	油桐枯萎病拮抗菌伯克氏菌Burkholderia arboris（Ba1）的分离鉴定及拮抗作用研究	梁晓洁		2020	10.27625/d.cnki.gzlky.2020.000241	https://link.cnki.net/doi/10.27625/d.cnki.gzlky.2020.000241
CNKI-20260826104047183.enw	Thesis	山白树新病害及化学成分与生物活性研究	高滢		2020	10.26981/d.cnki.gjhsc.2020.000085	https://link.cnki.net/doi/10.26981/d.cnki.gjhsc.2020.000085
CNKI-20260826104047183.enw	Thesis	两种产芽孢生防细菌的活性测定与其混合培养效果分析	高祯蔚		2020	10.27277/d.cnki.gsdnu.2020.000751	https://link.cnki.net/doi/10.27277/d.cnki.gsdnu.2020.000751
CNKI-20260826104047183.enw	Journal Article	遮放镇西番莲果腐病的病原菌鉴定	李莉 蒋桂芝	南方农业	2020	10.19415/j.cnki.1673-890x.2020.05.014	https://link.cnki.net/doi/10.19415/j.cnki.1673-890x.2020.05.014
CNKI-20260826104047183.enw	Journal Article	重庆地区玉米黏虫僵虫体内虫生真菌的分离鉴定	耿敬可 吴燕燕 顾偌铖 唐运林 韦俊宏 潘国庆 周泽扬	西南大学学报(自然科学版)	2020	10.13718/j.cnki.xdzk.2020.01.002	https://link.cnki.net/doi/10.13718/j.cnki.xdzk.2020.01.002
CNKI-20260826104047183.enw	Journal Article	玉米病害和病原名称整理及其汉译名称规范化探讨	王晓鸣 段灿星	中国农业科学	2020		https://kns.cnki.net/kcms2/article/abstract?v=hH4QDuxDhLRkKcYE_sQ6lnM6YINRJkGYgjpq0w49ThkqVGahx-rt6VSjEMmbr-KBiTj6FcOUg8T-msdkkw_04GDFzaWmGsdXea77BRW2VupZpdN7augF7e1pSXC8M_JgKZcOogqYuhZZXOAk3DaNPMmpVRHmFmvFUE8V-fJLTqfGEOMquV4m3bkZajlg1FPB&uniplatform=NZKPT&language=CHS
CNKI-20260826104047183.enw	Thesis	木霉菌-芽孢杆菌共培养技术及共培养物防治小麦赤霉病效果分析	李婷婷		2020	10.27307/d.cnki.gsjtu.2020.004176	https://link.cnki.net/doi/10.27307/d.cnki.gsjtu.2020.004176
CNKI-20260826104047183.enw	Journal Article	利用短小芽孢杆菌发酵玉米秸秆制备生物表面活性剂的研究	刘善斌	环境保护与循环经济	2019		https://kns.cnki.net/kcms2/article/abstract?v=hH4QDuxDhLRxTGb7NKRQhoYMU2vCAPlfEiuSEHCHoJwcC00z1pinmRi2F9wLqz1jCAxf7qTo0lAcWwGuFbpAeIMzBpu_DcuOooSa7hk1by53SLFR5vhBFo-vLFE6BI3nFstfLD1kWtWcCFPhmIX6eJMpTKhtI1ChuF-L4MwJVDYvmlK3C9AQZBL6nAahLwtz&uniplatform=NZKPT&language=CHS
CNKI-20260826104047183.enw	Thesis	风沙土肥力及微生物多样性对保护性耕作的响应机制	张华英		2019	10.27229/d.cnki.gnmnu.2019.000603	https://link.cnki.net/doi/10.27229/d.cnki.gnmnu.2019.000603
CNKI-20260826104047183.enw	Thesis	山西玉米2类重要病虫害的优势种群分析及防治试验研究	苗春茂		2019	10.27285/d.cnki.gsxnu.2019.000692	https://link.cnki.net/doi/10.27285/d.cnki.gsxnu.2019.000692
CNKI-20260826104047183.enw	Journal Article	3种植物粗提物对6种植物病原菌抑菌活性研究	刘晓辉 吕国忠 杨红 李季蓉 李林翰 王剑钊	绿色科技	2019	10.16663/j.cnki.lskj.2019.22.059	https://link.cnki.net/doi/10.16663/j.cnki.lskj.2019.22.059
CNKI-20260826104047183.enw	Journal Article	血散薯块根内生真菌Periconia igniaria Stdif10发酵产物的生物活性研究	林伟 骆海玉 邓业成 邓志勇 颜桢灵 张泽 王瑞昊 汤夏安 冯蓓蓓	河南农业科学	2020	10.15933/j.cnki.1004-3268.2020.01.010	https://link.cnki.net/doi/10.15933/j.cnki.1004-3268.2020.01.010
CNKI-20260826104047183.enw	Journal Article	草地贪夜蛾绿色防控技术研究进展	王登杰 任茂琼 姜继红 毕司进 吴圣勇	植物保护	2020	10.16688/j.zwbh.2019575	https://link.cnki.net/doi/10.16688/j.zwbh.2019575
CNKI-20260826104047183.enw	Thesis	木薯受二斑叶螨胁迫响应的多组学解析	杨娟		2019	10.27034/d.cnki.ggxiu.2019.000522	https://link.cnki.net/doi/10.27034/d.cnki.ggxiu.2019.000522
CNKI-20260826104047183.enw	Journal Article	芽胞杆菌JK05的鉴定及其对香蕉、玉米的促生和生防潜能研究	郭立佳 汪军 杨腊英 梁昌聪 周游 刘磊 黄俊生	热带作物学报	2020		https://link.cnki.net/urlid/46.1019.s.20191029.1707.016
CNKI-20260826104047183.enw	Journal Article	甘肃省河西走廊制种玉米叶部侵染性病害调查鉴定与病原消长规律研究	陈广泉 赵芸晨 侯梁宇 邢会琴 张建朝 谢颖 秦伯颖 陈海龙	耕作与栽培	2019	10.13605/j.cnki.52-1065/s.2019.05.001	https://link.cnki.net/doi/10.13605/j.cnki.52-1065/s.2019.05.001
CNKI-20260826104047183.enw	Journal Article	四川人工栽培饲草主要真菌病害调查报告	周俗 刘勇 陈虹 康晓慧 张绪校 胡蓉 蒋旭东 兰云 杨成勇	草学	2019		https://kns.cnki.net/kcms2/article/abstract?v=hH4QDuxDhLQ88yZBYZa4PEbqfGA3RuUHeXvD-7pqhwvzep-yEc5nYZXGZuRLBxOb4iFV-CqYenvBTAM8HTPhxo-Lbbfc7-keFyvnfOyIzK1Z-Lxjjq5nvPJ7DE6eFuBTVUzrfTk0ThPoTzkRJJJs0V8kmL4EEH4nipcxpTmCXtxx3pxR_SaLR8_vEnoTcmJX&uniplatform=NZKPT&language=CHS
CNKI-20260826104047183.enw	Journal Article	昆虫病原真菌防控草地贪夜蛾的现状、问题与展望	张维 彭国雄 夏玉先	中国生物防治学报	2019	10.16409/j.cnki.2095-039x.2019.05.030	https://link.cnki.net/doi/10.16409/j.cnki.2095-039x.2019.05.030
CNKI-20260826104047183.enw	Journal Article	饲用复合菌剂降解玉米皮-米糠混合原料中粗纤维的效果研究	郭萌萌 曹锡 吴义 王智伟 叶丙奎 王德光 吴林蔚 张科 杨雨鑫 陈玉林	动物营养学报	2019		https://link.cnki.net/urlid/11.5461.s.20190905.1300.046
CNKI-20260826104047183.enw	Journal Article	粮饲兼用型玉米大斑病的发生原因与防治方法	祖英治	现代畜牧科技	2019	10.19369/j.cnki.2095-9737.2019.09.027	https://link.cnki.net/doi/10.19369/j.cnki.2095-9737.2019.09.027
CNKI-20260826104047183.enw	Journal Article	草地贪夜蛾的昆虫病原微生物资源及其应用现状	陈万斌 李玉艳 王孟卿 刘晨曦 毛建军 陈红印 张礼生	植物保护	2019	10.16688/j.zwbh.2019453	https://link.cnki.net/doi/10.16688/j.zwbh.2019453
CNKI-20260826104047183.enw	Journal Article	芽孢杆菌BS-6基于全基因组数据的分类鉴定及拮抗能力分析	戚家明 孙杉杉 张东旭 徐志文 徐延平	生物技术通报	2019	10.13560/j.cnki.biotech.bull.1985.2019-0394	https://link.cnki.net/doi/10.13560/j.cnki.biotech.bull.1985.2019-0394
CNKI-20260826104047183.enw	Journal Article	草地贪夜蛾莱氏绿僵菌的分离鉴定	郑亚强 胡惠芬 付玉飞 金新华 张栩 杨宝云 张志红 黄明亮 李永川 陈斌 李正跃	植物保护	2019	10.16688/j.zwbh.2019399	https://link.cnki.net/doi/10.16688/j.zwbh.2019399
CNKI-20260826104047183.enw	Journal Article	农林园艺		科学中国人	2019		https://kns.cnki.net/kcms2/article/abstract?v=hH4QDuxDhLRet346h20NVIwq2Qmz_TcEbQppyTxtNMPrVUPMYu5fRb5BfLFRFQfhThkgZkH8P4y1RmOqlVDJW-KePJrwCPcCsNElkTGJISBBDHlHtWUAA8zkTf_YkO2SlmzaCJ3imdhZ_NXuyc0_Tdv8eNAnOqaeQP3yAdX4q1vVUyAT09d2CefN7VwlG7xq&uniplatform=NZKPT&language=CHS
CNKI-20260826104047183.enw	Journal Article	饲用复合菌剂对玉米秸秆青贮品质的影响	经争辉 娄宇飞 张梦瑶 徐养滨 郭萌萌 张科 杨雨鑫 陈玉林	中国畜牧杂志	2019	10.19556/j.0258-7033.20190402-06	https://link.cnki.net/doi/10.19556/j.0258-7033.20190402-06
CNKI-20260826104047183.enw	Conference Proceedings	云南东部地区玉米锈病类型的调查及其锈菌的群体遗传结构分析	刘林 浦仕献 王娜 李玉林 杨静 郭建伟 赵婧 李成云		2019	10.26914/c.cnkihy.2019.020177	https://link.cnki.net/doi/10.26914/c.cnkihy.2019.020177
CNKI-20260826104047183.enw	Conference Proceedings	ClVf19对玉米弯孢叶斑病菌生长发育及致病力的影响	徐靖茹 王芬 肖淑芹 薛春生		2019	10.26914/c.cnkihy.2019.020233	https://link.cnki.net/doi/10.26914/c.cnkihy.2019.020233
CNKI-20260826104047183.enw	Journal Article	草地贪夜蛾幼虫僵虫发生率调查及致病菌分离鉴定	程东美 洪婉雯 孙辉 华宏伟 张子枫 徐汉虹 张志祥	环境昆虫学报	2020		https://link.cnki.net/urlid/44.1640.Q.20190717.1722.002
CNKI-20260826104047183.enw	Journal Article	枯草芽胞杆菌WY8-7的溶磷、抑菌及促生长作用	宫安东 孔宪巍 翟新可 路亚南 文淑婷 张静柏	南京农业大学学报	2019		https://kns.cnki.net/kcms2/article/abstract?v=hH4QDuxDhLQJhGw7kkhFo0ESsqFBbVdh8CV378i_2FaEVUG6Sg6fbgR1DTHblavvSU5vNPesNOA6Ug960w1u7evEX5Z2h6ueqjEgZvlbetqyLtQDAD-7aU42_7VrJuUbZeH1GtSWt0ZjzCu0Y1l_AYR_BYIXcFe_hgDw3JtFR6GunsR7K4EwqU7WF8N-E9nt&uniplatform=NZKPT&language=CHS
CNKI-20260826104047183.enw	Journal Article	三种单子叶植物叶组织中GWSF诱导转录特性	董永清 陈广欣 伍思韵 邝嘉怡 黄真池	分子植物育种	2019	10.13271/j.mpb.017.004257	https://link.cnki.net/doi/10.13271/j.mpb.017.004257
CNKI-20260826104047183.enw	Journal Article	高产芽孢杆菌MS12木聚糖酶发酵条件优化及酶学性质研究	马焕 张永战 王一雯 权淑静 解复红	河南科学	2019		https://link.cnki.net/urlid/41.1084.N.20190625.1416.020
CNKI-20260826104047183.enw	Journal Article	河西走廊国家级玉米制种基地病害的演变规律	雷玉明 郑天翔 邢会琴 费永祥	种子	2019	10.16590/j.cnki.1001-4705.2019.06.142	https://link.cnki.net/doi/10.16590/j.cnki.1001-4705.2019.06.142
CNKI-20260826104047183.enw	Journal Article	玉米线虫矮化病病原对玉米叶片超微结构的影响	郭宁 石洁 刘粤阳 张海剑 刘树森 孙华	玉米科学	2019	10.13597/j.cnki.maize.science.20190326	https://link.cnki.net/doi/10.13597/j.cnki.maize.science.20190326
CNKI-20260826104047183.enw	Journal Article	美国玉米自交系对4种病原茎腐病的抗性鉴定及遗传多样性分析	金柳艳 李明顺 王志伟 石洁 郭宁 刘树森 张海剑	植物遗传资源学报	2019	10.13430/j.cnki.jpgr.20190404002	https://link.cnki.net/doi/10.13430/j.cnki.jpgr.20190404002
CNKI-20260826104047183.enw	Thesis	链格孢菌SC-018对野慈姑的防除潜力及环境生物安全性评价研究	王禹博		2019	10.27327/d.cnki.gshnu.2019.000495	https://link.cnki.net/doi/10.27327/d.cnki.gshnu.2019.000495
CNKI-20260826104047183.enw	Journal Article	荧光偏振免疫分析技术在病原检测中的应用研究进展	张萍 周玉成 程悦宁 程世鹏 杨艳玲	特产研究	2019	10.16720/j.cnki.tcyj.2019.02.023	https://link.cnki.net/doi/10.16720/j.cnki.tcyj.2019.02.023
CNKI-20260826104047183.enw	Thesis	张掖玉米制种基地生防菌的分离鉴定及生防效应分析	靳炜		2019	10.27244/d.cnki.gnjnu.2019.001777	https://link.cnki.net/doi/10.27244/d.cnki.gnjnu.2019.001777
CNKI-20260826104047183.enw	Thesis	玉米秸秆生物饲料发酵过程中菌群变化规律的研究	李婷婷		2019		https://kns.cnki.net/kcms2/article/abstract?v=hH4QDuxDhLRNDwjehRpD73iNzfhxhaoWwX2t2I43gxyU4Y7YKp1WA5kgy9-CM7pVtljPUYifd768kLGvEYwNYftxWOpfmcH-Uk74vO44kHx4Zck4WMsnHTI7DXKUkAUNAxIXcQ3cQM2GTt_2Vu7mAxu4QJ0dRr5hPaq5Te31oD4G9bda5ne8ZoloG-3tgcj9&uniplatform=NZKPT&language=CHS
CNKI-20260826104047183.enw	Thesis	甘肃玉米镰孢菌茎腐病病原菌多样性及抗性基因挖掘	郭成		2019	10.27025/d.cnki.ggsnu.2019.000041	https://link.cnki.net/doi/10.27025/d.cnki.ggsnu.2019.000041
CNKI-20260826104047183.enw	Thesis	解淀粉芽孢杆菌DS-1和放线菌HJG-5不同菌剂的研制及初步应用	米佳雯		2019	10.27717/d.cnki.gtjnx.2019.000079	https://link.cnki.net/doi/10.27717/d.cnki.gtjnx.2019.000079
CNKI-20260826104047183.enw	Thesis	桑枯萎病中菠萝泛菌的分离鉴定及防治研究	王继承		2019	10.27152/d.cnki.ghanu.2019.000223	https://link.cnki.net/doi/10.27152/d.cnki.ghanu.2019.000223
CNKI-20260826104047183.enw	Thesis	产IAA芽孢杆菌的筛选及植物促生研究	康品		2019	10.27152/d.cnki.ghanu.2019.000612	https://link.cnki.net/doi/10.27152/d.cnki.ghanu.2019.000612
CNKI-20260826104047183.enw	Thesis	杜仲内生拮抗细菌诱导的玉米植株中抗病基因的筛选与鉴定	王其		2019	10.26919/d.cnki.gannu.2019.000928	https://link.cnki.net/doi/10.26919/d.cnki.gannu.2019.000928
CNKI-20260826104047183.enw	Thesis	球孢白僵菌Bb2393菌株的杀虫谱测定及小菜蛾免疫应答的分子机制	张腾飞		2019	10.26919/d.cnki.gannu.2019.000809	https://link.cnki.net/doi/10.26919/d.cnki.gannu.2019.000809
CNKI-20260826104047183.enw	Thesis	玉米响应小斑病的定量多肽组学研究	郑瑱瑱		2019	10.26919/d.cnki.gannu.2019.000847	https://link.cnki.net/doi/10.26919/d.cnki.gannu.2019.000847
CNKI-20260826104047183.enw	Thesis	产蛋白酶菌株的筛选鉴定、发酵工艺优化、酶学性质及罗非鱼皮应用	李誉琦		2019	10.27275/d.cnki.gsdku.2019.000944	https://link.cnki.net/doi/10.27275/d.cnki.gsdku.2019.000944
CNKI-20260826104047183.enw	Thesis	小麦赤霉病拮抗细菌的筛选鉴定及防病作用研究	焦亚丽		2019	10.27244/d.cnki.gnjnu.2019.000397	https://link.cnki.net/doi/10.27244/d.cnki.gnjnu.2019.000397
CNKI-20260826104047183.enw	Thesis	进境高粱上有害生物风险分析（PRA）与重要病原真菌的分离鉴定	王艺		2019	10.27244/d.cnki.gnjnu.2019.000509	https://link.cnki.net/doi/10.27244/d.cnki.gnjnu.2019.000509
CNKI-20260826104047183.enw	Thesis	野艾蒿中双四氢呋喃类木脂素的抑菌活性研究	谢景宇		2019	10.27327/d.cnki.gshnu.2019.000458	https://link.cnki.net/doi/10.27327/d.cnki.gshnu.2019.000458
CNKI-20260826104047183.enw	Thesis	优良生防细菌抑菌特性及其菌剂研制	张建贵		2019	10.27025/d.cnki.ggsnu.2019.000174	https://link.cnki.net/doi/10.27025/d.cnki.ggsnu.2019.000174
CNKI-20260826104047183.enw	Thesis	玉米中残留乙草胺的生物消减研究	王苑力		2019	10.27791/d.cnki.ghegy.2019.000162	https://link.cnki.net/doi/10.27791/d.cnki.ghegy.2019.000162
CNKI-20260826104047183.enw	Thesis	黄麻链霉菌AUH-1的分离筛选及其拮抗植物病原真菌的活性评价和作用机理研究	杨勇		2019	10.27177/d.cnki.gjxnu.2019.000144	https://link.cnki.net/doi/10.27177/d.cnki.gjxnu.2019.000144
CNKI-20260826104047183.enw	Thesis	复合微生物制剂简易发酵工艺研究及应用	罗泽华		2019	10.26919/d.cnki.gannu.2019.000047	https://link.cnki.net/doi/10.26919/d.cnki.gannu.2019.000047
CNKI-20260826104047183.enw	Thesis	安徽省玉米穗腐镰孢的种类鉴定及其产伏马毒素FB1的研究	魏琪		2019	10.26919/d.cnki.gannu.2019.000392	https://link.cnki.net/doi/10.26919/d.cnki.gannu.2019.000392
CNKI-20260826104047183.enw	Thesis	微结节霉属真菌Microdochium majus引起的小麦茎基腐病流行学研究	台佳		2019	10.26919/d.cnki.gannu.2019.000403	https://link.cnki.net/doi/10.26919/d.cnki.gannu.2019.000403
CNKI-20260826104047183.enw	Thesis	抗感谷子响应白发病菌的生理形态变化与转录模式分析	武彩娟		2019	10.27285/d.cnki.gsxnu.2019.000635	https://link.cnki.net/doi/10.27285/d.cnki.gsxnu.2019.000635
CNKI-20260826104047183.enw	Thesis	两株腐霉菌次生代谢产物的研究	季永健		2019	10.27280/d.cnki.gsdsu.2019.000332	https://link.cnki.net/doi/10.27280/d.cnki.gsdsu.2019.000332
CNKI-20260826104047183.enw	Thesis	不同基底硬度对玉米大斑病菌侵染能力的影响及其机制	刘炳辉		2019	10.27109/d.cnki.ghbnu.2019.000026	https://link.cnki.net/doi/10.27109/d.cnki.ghbnu.2019.000026
CNKI-20260826104047183.enw	Thesis	玉米大斑病菌CWI-MAPK级联途径中StSLT2基因结构分析及功能研究	张晓雅		2019	10.27109/d.cnki.ghbnu.2019.000004	https://link.cnki.net/doi/10.27109/d.cnki.ghbnu.2019.000004
CNKI-20260826104047183.enw	Thesis	玉米大斑病菌几丁质合成酶基因StCHS6的结构分析及功能研究	毕欢欢		2019	10.27109/d.cnki.ghbnu.2019.000016	https://link.cnki.net/doi/10.27109/d.cnki.ghbnu.2019.000016
CNKI-20260826104047183.enw	Thesis	玉米大斑病菌StHog1对转录因子StMsn2的调控作用及StMsn2下游靶基因的筛选与验证	吕润玲		2019	10.27109/d.cnki.ghbnu.2019.000006	https://link.cnki.net/doi/10.27109/d.cnki.ghbnu.2019.000006
CNKI-20260826104047183.enw	Journal Article	草地贪夜蛾的天敌资源及其生物防治中的应用	唐璞 王知知 吴琼 刘银泉 时敏 黄健华 陈学新	应用昆虫学报	2019		https://kns.cnki.net/kcms2/article/abstract?v=hH4QDuxDhLSU2mFvc8nvoNQ8FtvIHYX1vrtyZ_l7lOqU0JIhpKPK6KXZjejgnOe1lClQA0vuKnX2g_L3TbM8gZXi9Z4-Ub99z26ni4gbFmO-wauMs_ivbyWBC8ev17CgHO7Cf-TK2ezd55Jx2J5u9m_1XkwA_FdXzCTWjol8nTPZSdTQ1vIhGLyyNP1ZHbb1&uniplatform=NZKPT&language=CHS
CNKI-20260826104047183.enw	Thesis	小麦、玉米根际防病促生功能菌的分离筛选与作用机制	王晓辉		2019	10.27277/d.cnki.gsdnu.2019.000173	https://link.cnki.net/doi/10.27277/d.cnki.gsdnu.2019.000173
CNKI-20260826104047183.enw	Journal Article	临沂市玉米顶腐病发生条件及防治措施	李恩福 陈香艳	农业科技通讯	2019		https://kns.cnki.net/kcms2/article/abstract?v=hH4QDuxDhLTnXJ8vEbTNkQk4AYZ5KWuJEa5S4RQ8xlzFLIp1YQYjHxaZq5d5DAJWG6IAftThiHfgib7xB0b4QYDnvoVk9uwwPp90YipKmIGi1VAKz1verm59DmWFshu-Y6mr5WQWJyEoImclLlG6UjHrmgUZ3aJaAKOAY3sBqCNlQWGTFhS7NSWnikmidOcb&uniplatform=NZKPT&language=CHS
CNKI-20260826104047183.enw	Journal Article	添加饲用复合菌剂黄贮玉米秸秆品质的综合评定	杨世帆 田鑫淼 张梦瑶 徐养滨 郭萌萌 张科 杨雨鑫 陈玉林	饲料研究	2019	10.13557/j.cnki.issn1002-2813.2019.05.023	https://link.cnki.net/doi/10.13557/j.cnki.issn1002-2813.2019.05.023
CNKI-20260826104047183.enw	Thesis	黄淮地区小麦秸秆还田对土壤和大豆根系微生物群落的影响	杨洪俊		2019	10.27244/d.cnki.gnjnu.2019.000087	https://link.cnki.net/doi/10.27244/d.cnki.gnjnu.2019.000087
CNKI-20260826104047183.enw	Thesis	转录组分析BR、JA和SA在玉米褪绿斑驳病毒侵染过程中的作用	曹宁		2019		https://kns.cnki.net/kcms2/article/abstract?v=hH4QDuxDhLSGVBISqgrrZEsCyIx7ZUj1T--pPBY9Q0LwZkSybPETwMIy19ix_HYDgpX-CKxYquHWnp8SEVFWYPi3lr_wlbsH0qccQ3x3OuKy8mGJwFmQ84lmRR5_wnHzw9-6hi5Q8kTRded6FAybgmr-NOelIZP0MnBkd00gxu7zz7YtVu8yfZg5Q3tQnICv&uniplatform=NZKPT&language=CHS
CNKI-20260826104047183.enw	Thesis	水稻根际促生菌的筛选及其促生机制研究	丁涛		2021	10.27342/d.cnki.gscdu.2021.006733	https://link.cnki.net/doi/10.27342/d.cnki.gscdu.2021.006733
CNKI-20260826104047183.enw	Thesis	诸葛菜种子抗菌蛋白的纯化及其抑菌活性研究	张玮玮		2019	10.27018/d.cnki.gfjnu.2019.000635	https://link.cnki.net/doi/10.27018/d.cnki.gfjnu.2019.000635
CNKI-20260826104047183.enw	Thesis	白鲜碱中间体—2,4-二取代喹啉类生物碱的合成及其抗菌活性	刘睿媛		2019	10.27409/d.cnki.gxbnu.2019.000511	https://link.cnki.net/doi/10.27409/d.cnki.gxbnu.2019.000511
CNKI-20260826104047183.enw	Thesis	黄芪根腐病复合生防放线菌的防治作用及其菌剂初步制备	郑豆豆		2019	10.27410/d.cnki.gxbfu.2019.001045	https://link.cnki.net/doi/10.27410/d.cnki.gxbfu.2019.001045
CNKI-20260826104047183.enw	Thesis	菰黑粉菌T型和MT型菌株致病力的差异及冬孢子形成相关基因的初步研究	殷淯梅		2019	10.27819/d.cnki.gzgjl.2019.000421	https://link.cnki.net/doi/10.27819/d.cnki.gzgjl.2019.000421
CNKI-20260826104047183.enw	Thesis	广西不同玉米品种对6种病原镰刀菌的抗性研究	王海玄		2019		https://kns.cnki.net/kcms2/article/abstract?v=hH4QDuxDhLQz_LVR-9Z_jwI6YHJq0H4iPzg2l3K0aiiN_o21lC1NtXOxvOoXDAYmDoWDPJAj97Y6nuvpSHufW94uHgDr3c379h71cHqPgh4oXnfrI3eCdm5cpZtAmzKjZWELDu7d3Yzi315ED45nN2FYitiAwfltt-pku1SVYu-JC9hkMmKZElg9gjwbe774&uniplatform=NZKPT&language=CHS
CNKI-20260826104047183.enw	Thesis	枯草芽孢杆菌液体发酵条件优化及其在玉米种植上的应用研究	张少骅		2019	10.27287/d.cnki.gsxsu.2019.000692	https://link.cnki.net/doi/10.27287/d.cnki.gsxsu.2019.000692
CNKI-20260826104047183.enw	Thesis	枯草芽孢杆菌和果寡糖对绵羊瘤胃发酵和功能微生物的影响	于胜晨		2019	10.27285/d.cnki.gsxnu.2019.000444	https://link.cnki.net/doi/10.27285/d.cnki.gsxnu.2019.000444
CNKI-20260826104047183.enw	Thesis	复合益生菌发酵全株玉米、玉米秸秆及豆粕的效果研究	郭萌萌		2019		https://kns.cnki.net/kcms2/article/abstract?v=hH4QDuxDhLTkNKOFIl3jhH8Ys7tFTdnqH3U7W8RAMQUTcB185KRn3PCie0daaO4OziiE9KlDc3jZfDtMHtG0TlhtzNihAZTb042fH5ui5jMxr_ior7U3O167QftU8xeD1WIPbiDTIRtxJLUHLvqmPOVj3U9Jiv9-jaN8VtodkwPa684pNruJSAw_N63-jpuN&uniplatform=NZKPT&language=CHS
CNKI-20260826104047183.enw	Thesis	禾草内生真菌抑菌抗虫活性和发酵条件的研究	刘静		2019		https://kns.cnki.net/kcms2/article/abstract?v=hH4QDuxDhLR08UmFM8KiDI9qL4pBHORE4NNZx6FzTkauERHJnlWty-N81k0sMT38antDfom77xVJOUG48ILtB4u9fCKo7q1KXz4xTmPSoWbRtPikwUaycjPqqZ106dO3k1T6Fpf2-ETmOWdCxwNGX9MMzB_TaAtGDIjc_7ednv-G9i8u6haKDRLszYavTlfw&uniplatform=NZKPT&language=CHS
CNKI-20260826104047183.enw	Thesis	生态安全抗刺激隐核虫口服疫苗饲料添加剂的制备	陈玉涛		2019	10.27018/d.cnki.gfjnu.2019.000741	https://link.cnki.net/doi/10.27018/d.cnki.gfjnu.2019.000741
CNKI-20260826104047183.enw	Journal Article	玉米顶腐病病原细菌成团泛菌C3菌株对不同环境适应性的研究	姚波 何鹏飞 黄敏 吴毅歆 李兴玉 何月秋	云南农业大学学报(自然科学)	2019		https://kns.cnki.net/kcms2/article/abstract?v=hH4QDuxDhLQyP2JFyNEhkWGIShisHZpKDp0N7X_axVjZZnWadyDtmJtaaRGa4-c3S-i-H7NnAE3kcy9-B38Q9zuV5MGjlW3ekQ1n5e3O0g11Gi3mHDORa3EoBejKM1RT9h7McZoQ8lKRNBI0yaMn9MR4QWs0Clw49gCoNzAtmpgX5w8RbdN5QHOqOTFwH48y&uniplatform=NZKPT&language=CHS
CNKI-20260826104047183.enw	Thesis	病程相关蛋白基因ZmPR-1和ZmPR-4的克隆及功能研究	石凤梅		2019	10.27009/d.cnki.gdblu.2019.000052	https://link.cnki.net/doi/10.27009/d.cnki.gdblu.2019.000052
CNKI-20260826104047183.enw	Thesis	小麦—玉米轮作模式下两种作物茎基腐病的病原鉴定	孟程程		2019		https://kns.cnki.net/kcms2/article/abstract?v=hH4QDuxDhLTM2DMqSY85V8c4D4-WontHEUPG-eyJi_R-I-LHn7G6yxsrYmMQ7-J58km7UOtSnbDCPXzpGBr1oTOVdhL40PMHivRj0kmN8xjvDxYKDm-SUpP1h8WzWy1O0LC_7zh0g4URBwZP5zURm7cuSbrBPlTGqRonvYOmWNXAF7oFEkg3hPK0_UM42Bhz&uniplatform=NZKPT&language=CHS
CNKI-20260826104047183.enw	Journal Article	玉米大斑病的发生规律及防治	李茂盛	吉林农业	2019	10.14025/j.cnki.jlny.2019.05.029	https://link.cnki.net/doi/10.14025/j.cnki.jlny.2019.05.029
CNKI-20260826104047183.enw	Journal Article	饲用玉米根腐病病原鉴定及室内药剂筛选	陈应娥 梁巧兰 刘耀霞 王鑫伟 王兴铎 雷雪 管亮亮	草原与草坪	2019	10.13817/j.cnki.cyycp.2019.01.019	https://link.cnki.net/doi/10.13817/j.cnki.cyycp.2019.01.019
CNKI-20260826104047183.enw	Journal Article	凉山州主要栽培牧草病害调查及病原菌鉴定	刘勇 周俗 陈莉敏 康晓慧 白春海 胡蓉 罗飚	安徽农业科学	2018	10.13989/j.cnki.0517-6611.2018.34.039	https://link.cnki.net/doi/10.13989/j.cnki.0517-6611.2018.34.039
CNKI-20260826104047183.enw	Thesis	链孢囊菌CGMCC 4.7309次生代谢产物及其抑菌活性研究	高淳之		2018		https://kns.cnki.net/kcms2/article/abstract?v=hH4QDuxDhLS4mQz05Y51LWPquV2bvoe_YtGCPgoopy3wCDFnW71fR9HJLaAVVZdcn_c6sLfN-k1rkRvHU-qgc6_VIpMMCNnHG-iY1igjJvCr0q-AlmmtOVH1RYjfGluBtYPoulNw8MCcc7GllmG43nV6DiRVUClTadRI1qJBH43gbnXcmHA8rm0GPdX6Y7z1&uniplatform=NZKPT&language=CHS
CNKI-20260826104047183.enw	Journal Article	广西甘蔗白条病病原菌的分离鉴定	魏春燕 韦金菊 张小秋 张保青 宋修鹏 李德伟 覃振强 李杨瑞	植物检疫	2019	10.19662/j.cnki.issn1005-2755.2019.01.004	https://link.cnki.net/doi/10.19662/j.cnki.issn1005-2755.2019.01.004
CNKI-20260826104047183.enw	Journal Article	夏县复播玉米穗腐病的发生与防治	刘金枝	农业技术与装备	2018		https://kns.cnki.net/kcms2/article/abstract?v=hH4QDuxDhLSkyZFAr-Kbkzh6dBI648648FRlAYWPNr0H-CPuGlN99iSXNMwAuXnPBpk-uZpvRfXAyawFIKfIh5-Ot0WX-h8oQNQA6mP9lyRhBu1o2dGdvdF4gTPLWU7x3SO1zLad-czZjg_HNU0cEEW-7UpXKWpz25VWk9WkhCeGoseVj5jr8UWpmIDL8T1b&uniplatform=NZKPT&language=CHS
CNKI-20260826104047183.enw	Journal Article	西花蓟马高毒力虫生真菌筛选及其生防应用潜力的研究进展	葛文超 杜广祖 赵永鑫 张凌英 户艳霞 孙军伟 陈斌	生物安全学报	2018		https://kns.cnki.net/kcms2/article/abstract?v=hH4QDuxDhLRvBvpjrrK8_afsgB4Vv7FWD3Tk4DZh0byjA_8va_8h-jIfeLip-K-5CQ2iw4fV-kz3FtHy5eXAUO5nzqe_HUinjajlzf4ESeB5E0g88ulYrneu6ULZUHSolHfa-HqkjyAC_5W9crwOo1g_LWwuimserdmuO7l8GUrWZUH_Ksakp72pS8YQ1VxE&uniplatform=NZKPT&language=CHS
CNKI-20260826104047183.enw	Journal Article	玉米细菌性茎腐病的发生与防控	马庆凤 李成	河南农业	2018	10.15904/j.cnki.hnny.2018.30.022	https://link.cnki.net/doi/10.15904/j.cnki.hnny.2018.30.022
CNKI-20260826104047183.enw	Journal Article	玉米病毒病防控技术	鲁洪斌	农民致富之友	2018		https://kns.cnki.net/kcms2/article/abstract?v=hH4QDuxDhLSbXPu6-6JL-jF62bMNyB5zJGpP22WD1mYvPz9___4TWvsc6OGYKcJEmbhd_OwNTfoD94uvVjehIrzdH7otGZaRnUlNlQSBV_q3WJq0aSclMzlyenURNUPCequ1FL_0prqZPr6xoLBcF-0JCAVdZqXVmc6rWf4LbBuBorSM8EUDQFCW3y1MajWU&uniplatform=NZKPT&language=CHS
CNKI-20260826104047183.enw	Journal Article	甘肃省玉米镰孢茎腐病病原鉴定及其生物学特性	崔凌霄 杨成德 田有辉 张收霞 张莉 薛莉 任宝仓	草业科学	2018		https://kns.cnki.net/kcms2/article/abstract?v=hH4QDuxDhLSg7Wq-uIkrCnSzE9VZkp0bRm-M7AVn9uHhI7aRgeAT-_mCv1c5E27KElAqbK3eFz674Q1GTkKWQwcUEPNjG_mS5OZqoFSLXENuJ6qRqBgzFIoZPuvfDWm4EV_m9yMbk-pItstR5hdowP2-9eks9mjcY9pbLfk1OSfvHkvQM4kj9Q2rD3VH-qGa&uniplatform=NZKPT&language=CHS
CNKI-20260826104047183.enw	Thesis	花生纹枯病病原学及其致病机制研究	薛彩云		2018		https://kns.cnki.net/kcms2/article/abstract?v=hH4QDuxDhLTCMctIdKvoVpk9feaNZfsP5NSXlTQ5GMygNEteKhXfwcrI0ub58cq6o_56cojv4PCknevOTSbCT5THMGA0GI20Bl-uScf2w__nCrYCeJEMuuFx-Cf8d8OeBc-yX9njaKZtjt5iP3oB_xNGgMUV3cOgWh6PoTjNlZGMAUGzHxpONJXCYf_C_NO-&uniplatform=NZKPT&language=CHS
CNKI-20260826104047183.enw	Journal Article	外引玉米种质对两种穗腐病原镰孢菌抗性鉴定	徐婧 姜钰 秦培文 刘可杰 胡兰 孙会杰 徐秀德	植物遗传资源学报	2019	10.13430/j.cnki.jpgr.20180530001	https://link.cnki.net/doi/10.13430/j.cnki.jpgr.20180530001
CNKI-20260826104047183.enw	Journal Article	六种重要玉米病害病原名称的厘定	王晓鸣	中国农业科学	2018		https://kns.cnki.net/kcms2/article/abstract?v=hH4QDuxDhLSvxkkbSGoiXSZ4fg2yxjkhcpyxpU25Rr1sAYgKK9OWdYDjODHKdc17sBgIy0CNUs96KW2gpgKriWaEbl6BnxjieWP3pVmYJ2ob_OEiOVcm4EOtEmYevVqReAcF6cttsFZEBVmVzNJ5w1jvWPDu77HHnZLwgro2tnimmAOzDxiBS2HZvG8aFDm9&uniplatform=NZKPT&language=CHS
CNKI-20260826104047183.enw	Journal Article	河西走廊制种玉米锈病田间诊断与病原鉴定	陈广泉 侯梁宇 张建超 邢会琴 王泽浩 费永祥 陈占伟 秦伯颖	农业科技通讯	2018		https://kns.cnki.net/kcms2/article/abstract?v=hH4QDuxDhLTrs2wpitWnWKHhfUp_79UmXnBwEkyTGDn0U7JLF9xkf7nlhhAvLnkvrVAzJkRLBJ8p61MUjUohx25AK9x_qM48ls9owfspJd2GBGR1XRjJi_n7qnVEdGBN_YWmksT83c9iD2P-DkXwPdl1Ixu6J9AwmZYyAw7r3aax-ZNm8aY9zeh1u53p8dpS&uniplatform=NZKPT&language=CHS
CNKI-20260826104047183.enw	Journal Article	番茄茎秆粗提物对5种植物病原真菌的生物活性初探	吴倩	新疆农业科技	2018		https://kns.cnki.net/kcms2/article/abstract?v=hH4QDuxDhLSb66iEOMWfQL1HEQ-0dvLIGfvdQMfJ3vR9j2BgC4cOYYiFTNVS1I3rkGW2_I9GPJH7zy5VpmQeC0v5vI1t-BXkpQ_woKzSD2bOGw1PRTi4zFvlhbuSNXrvrMEP_q7sN0sS31SA20NKkWp7xukAJnTRD5rXFl5vlnub3a7YA_yrkq915dSHmK_7&uniplatform=NZKPT&language=CHS
CNKI-20260826104047183.enw	Journal Article	玉米疯顶病的发生与防治对策	温静	种业导刊	2018		https://kns.cnki.net/kcms2/article/abstract?v=hH4QDuxDhLSqMhuObd-AMV8xWjbMNNakvSCBQs0eYiwqUqkJzMQB8-LYEzArDXcOQHXMkIGuM7AkTpW3d0xit2CKxQdGS8fdnYS3PqXaAOWqHZHz-VGmLozrsHjChz0c4jMFWH_YTyfsmicydZgBa8QCQbfIRlJScCY5suHWhhMHKmCay0GaAr3zk2h7ByI9&uniplatform=NZKPT&language=CHS
CNKI-20260826104047183.enw	Journal Article	降解赤霉烯酮芽孢杆菌的筛选、鉴定及性质研究	薛晓华 郭晓军 赵蕊蕊 郭威 张宸毓 朱宝成	黑龙江畜牧兽医	2018	10.13881/j.cnki.hljxmsy.2017.11.0187	https://link.cnki.net/doi/10.13881/j.cnki.hljxmsy.2017.11.0187
CNKI-20260826104047183.enw	Journal Article	玉米茎基腐病研究进展	吴之涛 杨克泽 马金慧 张英英 任宝仓	安徽农业科学	2018	10.13989/j.cnki.0517-6611.2018.22.002	https://link.cnki.net/doi/10.13989/j.cnki.0517-6611.2018.22.002
CNKI-20260826104047183.enw	Journal Article	大庆市玉米顶腐病的发生及防控对策	杜春影	现代农村科技	2018		https://kns.cnki.net/kcms2/article/abstract?v=hH4QDuxDhLQATOpDBHn2gA-ZRGvxo99cClZnPF_dSxG4ciu2gUvN64EfLHmYqx6vY0PZ_HkHMV7wjkJfjCpV7c0BBZ4rKeBAEm0SLO3moGYIrUEG96VBcKc40G5hH7ZOqIHmK0s00kW-_vP11kSDbZNOpKM-HTNDEYD36KSrPIbxPymkJOlQDFdb-PsecoN4&uniplatform=NZKPT&language=CHS
CNKI-20260826104047183.enw	Thesis	诱导玉米抗弯孢菌叶斑病生防细菌的筛选鉴定及机理初探	武居宝		2018		https://kns.cnki.net/kcms2/article/abstract?v=hH4QDuxDhLQmr1qy1DAy41_uq2o-XB3byPDaDWelmG3SdVriKMlV6pVed-tOxM3R_0KEOz8j1hCqb2lJtkPWtgizWuIQw8OshauLYYXrtrGxjSxWzHWbWKLRDpOQCzPBaPlkpfUCElDm1G4Quf5efltFp0t9OqfUWau3KXJg1DtW9IYtP-G96uTYg-7t_Ysx&uniplatform=NZKPT&language=CHS
CNKI-20260826104047183.enw	Thesis	辽吉地区玉米穗腐病病原鉴定及防治基础研究	许佳宁		2018		https://kns.cnki.net/kcms2/article/abstract?v=hH4QDuxDhLRYymCC7LKe7nsYvGirBCG48hf6CGzTJAKKTGmSoBXCuOyE3j_vYj49Vt3wKi9OkQdGuU3ujIRO9sAz2p0aWjXhZw3SAuvUxaTOuTQ46zE-XoEa8ObsJAsvCkVbL4vu75AzsGCFvfVNx5vFPR8OVX-sD081ro3mFzcmepfazv6cBE7CNq8clWs2&uniplatform=NZKPT&language=CHS
CNKI-20260826104047183.enw	Journal Article	玉米苗枯病防治措施	金广田	现代农村科技	2018		https://kns.cnki.net/kcms2/article/abstract?v=hH4QDuxDhLSF_PTl9Q2TlucjaH2DmTWOqRq7O0dKP-XUwzw1-6yoZ3hkj0O1bKthqlkmMfYfZg53fz7j7KnF55d0TtLKu1jr0PGVcErjFF___5okMkWcOkNzyMfYd5WbWt9lXTK9hB2jEK7ByqEyMNtl-9s5SStHr2-2fyGf7uJicIUttNg0P7CIqW36KsbB&uniplatform=NZKPT&language=CHS
CNKI-20260826104047183.enw	Thesis	铁离子通道关键酶基因ClNPS6和ClFtr1调控玉米弯孢叶斑病菌致病力的分子机制	路媛媛		2018		https://kns.cnki.net/kcms2/article/abstract?v=hH4QDuxDhLSJwMZVLAIGEy865Svv7Td9PxaHq0wiwnjgVEeHDGv23pjT9OZK4q-JMxAohTlvfFemDs1qsTcLwQSEylxk7qgIxRsAwD6h3KlNyRFO7fbWtFoNTUBsEQkvlA5GL0STV5pTcH5rFHxn190XSRuhlVr9QpsTzws_7vFTwaIRlWtExhURaDN0M94-&uniplatform=NZKPT&language=CHS
CNKI-20260826104047183.enw	Thesis	亳菊内生菌的分离鉴定及抑菌促生功能研究	王贵生		2018		https://kns.cnki.net/kcms2/article/abstract?v=hH4QDuxDhLRCl2sOSz7F1FuV9lavGu8piyIMxUNvLzIF1CL0rqkWY84doSCU2IYJsknB1KLxW_db3Zd0Yhe1-b8AYKo3RHu5SxRNj1tuWvc9Wxh7oKFDZ1CEadRAu2inC7AuTCaKPLjYmF9WJIw1B-OslWW_rELGLlJ4Ma6z2_wXikXmtOgrX1vZXB7GwLtc&uniplatform=NZKPT&language=CHS
CNKI-20260826104047183.enw	Thesis	番茄叶斑病病原菌的鉴定及其致病机制研究	高美玲		2018		https://kns.cnki.net/kcms2/article/abstract?v=hH4QDuxDhLQBOwvRm-2mHSvX3MmgzjutTYXgZeyx_OecQroBvblL9Z5sxK929aPGUglIhThFrhAZl2pHM0fneNcsLPi48tOLNzwN1blajXCM4kjvqfPIDb-axi8Aryp-UtVm--OtB0UgwNdm0o4298GVV-dBvA4FfuD_CP-yS0vcq69yOSBpvYmfaN4iZwzY&uniplatform=NZKPT&language=CHS
CNKI-20260826104047183.enw	Thesis	改良酸性土壤微生物菌种的筛选及其菌体发酵配方优化	胡玉蓉		2018	10.27277/d.cnki.gsdnu.2018.000070	https://link.cnki.net/doi/10.27277/d.cnki.gsdnu.2018.000070
CNKI-20260826104047183.enw	Journal Article	具有抗菌活性的水杉内生真菌的分离及筛选	张垚 白金峰 徐凯莉 刘宁	湖北农业科学	2018	10.14088/j.cnki.issn0439-8114.2018.11.008	https://link.cnki.net/doi/10.14088/j.cnki.issn0439-8114.2018.11.008
CNKI-20260826104047183.enw	Journal Article	河南省及周边地区玉米穗腐病病原菌的分离及鉴定	席靖豪 赵清爽 林焕洁 袁虹霞 丁胜利 李洪连	河南科学	2018		https://link.cnki.net/urlid/41.1084.N.20180605.1656.020
CNKI-20260826104047183.enw	Thesis	秃疮花和白屈菜抗真菌活性部位和生物碱类活性成分研究	田野		2018	10.27409/d.cnki.gxbnu.2018.000025	https://link.cnki.net/doi/10.27409/d.cnki.gxbnu.2018.000025
CNKI-20260826104047183.enw	Thesis	基于表达谱芯片分析甘蔗与黑穗病菌互作机制	黄宁		2018	10.27018/d.cnki.gfjnu.2018.000137	https://link.cnki.net/doi/10.27018/d.cnki.gfjnu.2018.000137
CNKI-20260826104047183.enw	Thesis	内生细菌ZSY-1对番茄灰霉病和早疫病的防治及促生效果研究	高振峰		2018	10.27285/d.cnki.gsxnu.2018.000001	https://link.cnki.net/doi/10.27285/d.cnki.gsxnu.2018.000001
CNKI-20260826104047183.enw	Thesis	玉米小斑病菌O小种分化鉴定与非编码RNA效应物研究	王猛		2018	10.27307/d.cnki.gsjtu.2018.000435	https://link.cnki.net/doi/10.27307/d.cnki.gsjtu.2018.000435
CNKI-20260826104047183.enw	Thesis	人参皂苷对毁灭柱孢菌的作用及机制研究	王姣		2018		https://kns.cnki.net/kcms2/article/abstract?v=hH4QDuxDhLRAwHzeDc84OLmuN-2gBkLtgzPUxvaRuLUqG6FoaFqv2cmsZJGoSYVKnDgA9BofF1CuX1PYFxVcYGMhJ1wYbi7wEdfR7wiwqz79bmAG030Pq1TjrZEo30pArdXD09q1rwLLBgujeuOm8MQK3rfBdvLv9DqAR24mLtO-_NR3T-XXRgm22D9OORgM&uniplatform=NZKPT&language=CHS
CNKI-20260826104047183.enw	Thesis	四川玉米鞘腐病致病镰孢菌种群鉴定	王博		2018	10.27345/d.cnki.gsnyu.2018.000476	https://link.cnki.net/doi/10.27345/d.cnki.gsnyu.2018.000476
CNKI-20260826104047183.enw	Thesis	芹菜尾孢病菌（Cercospora apii Fres.）及其毒素致病性研究	李海荣		2018	10.27717/d.cnki.gtjnx.2018.000037	https://link.cnki.net/doi/10.27717/d.cnki.gtjnx.2018.000037
CNKI-20260826104047183.enw	Thesis	四川不同地域来源的黄瓜花叶病毒的群体遗传分析及复合侵染的研究	汤忠琴		2018		https://kns.cnki.net/kcms2/article/abstract?v=hH4QDuxDhLQ-ySXVAWM0khDLLKWXsIAsvm8XQ_pnpU_EJE2hnVL4ZBl8vJhYx4njGHAdb-GzbUUNuUYUopVWtT1RQU-c4vU4jwQYMBsZq5bBsji5pswaAdtVn1RQTNA0NXlGjpqobj1ppmsYsgsnhXUeLgVTD4GTt_va7Si-0mWKU_UYBWdlF4lgShOqNe9m&uniplatform=NZKPT&language=CHS
CNKI-20260826104047183.enw	Thesis	农业废弃物固液混合发酵及其产物的表面和抗氧化活性研究	郑赛		2018	10.27244/d.cnki.gnjnu.2018.000229	https://link.cnki.net/doi/10.27244/d.cnki.gnjnu.2018.000229
CNKI-20260826104047183.enw	Thesis	MAPK信号途径与自噬在甘蔗鞭黑粉菌有性配合与菌丝生长过程中的功能研究	张斌		2018		https://kns.cnki.net/kcms2/article/abstract?v=hH4QDuxDhLRf4h7OQwQBNxC8LRxyi3wI7dRz_lIbjRttZ4JKZNCD6edkuyPslyz8WTiaEm82bD-c8QY3zitm9xRcxK17vEVV760rpDBXrA3mMp8edaZvhWTbikAMm7Ix_oTt-ZP_m6Lta4THqFLCpeKQKZVY7Qu_YiiM2yxzXWh5F-L9x9pwWWY-fqka_o7N&uniplatform=NZKPT&language=CHS
CNKI-20260826104047183.enw	Thesis	戊唑醇和腈菌唑对映体对串珠镰刀菌产伏马菌素的差异影响	李纳		2018		https://kns.cnki.net/kcms2/article/abstract?v=hH4QDuxDhLQNEj7tB-pO-dbiMAgSMoQaXsVU-8-NR0zfhKU8pWEI2N0u0SppfYk2LvOEmKqFvmXvJGCrHuioOgeECc-kyjnQ3cicyhtjex0cyXsc36Ch4xIrjoFATwKInFCcGJte7VACjVjmYmJ6n7I94MKKj37TK2lGoESNwAbuT2THrAbUEPrz-qDnfWHI&uniplatform=NZKPT&language=CHS
CNKI-20260826104047183.enw	Thesis	地枫皮内生真菌及其抑菌活性物质研究	孙文斌		2018		https://kns.cnki.net/kcms2/article/abstract?v=hH4QDuxDhLQl_ZaD9oU2puIXUDtygHDYv7n2-cdH6K_7p3iiTwwTDojWqqAUBJ2QYZCuyrqz_ucP5dkgZdLAxYT89TUKVUaX7HDdAtZ1t28hkxJSlTkM2Be_xygvpgEDEHJ6a2v0YlD-Z621Yr7vuzztJQ5B7N-xo6vYBIIId9KKrZdAKK5A1ta52E_wzVpP&uniplatform=NZKPT&language=CHS
CNKI-20260826104047183.enw	Thesis	Epicoccum sorghinum的分离及多基因转玉米株系的抗性鉴定	朱香		2018		https://kns.cnki.net/kcms2/article/abstract?v=hH4QDuxDhLSAIPXs4-vy460CSO6b0R7RwAcflujsz040dNhV58gFCw4Rz1GtVb3vJoGAAhlP-KRfy8E3Z8j99gYArfA9Fx0wkVGhYt6NlCsRTbW9qidPOBQC86RJtNJBmuji-CPVRG2oirXrUhO2hC0KEEqFA7TeVHpswfj7ZP4oejNOBOGHwSw7NMTwI9QO&uniplatform=NZKPT&language=CHS
CNKI-20260826104047183.enw	Thesis	两株盐碱地土壤链霉菌的鉴定及防病促生功能的研究	于洋		2018		https://kns.cnki.net/kcms2/article/abstract?v=hH4QDuxDhLQubBXcc5ySS5qGgWZDDkpVUsSOVRWa8NNYLhvev_oUK8EQqO2wPHlur8mYMxKrv6PP_uYEI8lzUQ4m6L3_sapSR8RUpxo9e_vzORMFdezuq_lTXVLiXyJV9GjCOwE5fgW_MfKr7jRBr6P-wgsSVaiNRBIPwLA_ZBxrptyZPbKdbEvsI46KAXRk&uniplatform=NZKPT&language=CHS
CNKI-20260826104047183.enw	Thesis	抗菌活性微生物的筛选、鉴定及其次级代谢产物的初步研究	倪赛		2018		https://kns.cnki.net/kcms2/article/abstract?v=hH4QDuxDhLR3D20qlRYqSObkb7qzxfmERuaaVo7YOMUnr0xjAi90lXEZdGbx4YSwghRrh7e4K3jZY9BlZPk-uEeXw8xc04i3v2zZDLvQODRU_QOpXT0oQW-HqSkzVW-jCVXBmBcMVkI2WRosSCIQN6QP4Bxo-EkYitfYfAD6WEJDNZ-L1ZjZvVDZqu7RiZUh&uniplatform=NZKPT&language=CHS
CNKI-20260826104047183.enw	Thesis	茶尺蠖肠道真菌Penicillium mallochii的抗菌活性成分研究	房晗		2018		https://kns.cnki.net/kcms2/article/abstract?v=hH4QDuxDhLR3D20qlRYqSObkb7qzxfmERuaaVo7YOMUnr0xjAi90lbMiApU_6LLhJfIBXMP9DXOvmD2PaBVKq3pxWbIQ5uFLDWyCRSvUViPrTyw8rQ8uOUpDNYQQ8dUHLYsupXtfyYvInvfCTB5v5tkNHMC3aRwZV_ejzEdAeQ0AhdYbRP9DL1vHx0VlgKG3&uniplatform=NZKPT&language=CHS
CNKI-20260826104047183.enw	Thesis	斯氏线虫低温驯化及其共生菌的杀虫抑菌活性研究	张旭霞		2018		https://kns.cnki.net/kcms2/article/abstract?v=hH4QDuxDhLS1OlNTu2Vc17JS3stQF0lMlMXbYzYX9cxyK_dH2bSEb-vCa1L2Sf6ZaPjdT1Dm19r65MD_Zq33MzGiKUt99QjO_iiiquV0vSL7Aq0OHGvq5PF0MjBEGAraaXZTDWRc9p3jQCt9x0UnlywXBE0KaxNPdem_QgwB9-w7xWTWpjdiEDef7T1ibF2-&uniplatform=NZKPT&language=CHS
CNKI-20260826104047183.enw	Thesis	北方春玉米穗腐病病原鉴定、发病因素及防治研究	刘怀宇		2018		https://kns.cnki.net/kcms2/article/abstract?v=hH4QDuxDhLRVzv1GdJqH8qpiVn_bburc-5B90kDo90-GMRT5jN2iEvXiDh13MU4oqK1gaBx-WiKGWHKQqWSJWnlIn11-7kOJb1j1pzuqHbVKYB8rsX-ZE2UZ77HcI-XRf19CBcMX5XcG-vSW9FTxV9xrQh8f75TfH29ssU_oxTfRFHcEN992-VvS2hfWaztk&uniplatform=NZKPT&language=CHS
CNKI-20260826104047183.enw	Thesis	黄淮海夏玉米穗腐病病原多样性分析及玉米新品种抗病性鉴定	席靖豪		2018		https://kns.cnki.net/kcms2/article/abstract?v=hH4QDuxDhLSNusZot3ZX0lzXIzvfqVM_A08ZdkSLyWJsAQtEOf8MbQztFErfMcHkCUw0wNv0W1FuxLRw6HiCxsJDJ1Ico723dOQzXdrLOnHE7tO5pEJ1NBSShYDewZAQo0ggvFJf7BMf6Puk46ggJG6vLMeXjYG_rfSMvdXS8D43iTVBhRatiIoBoLrotdpG&uniplatform=NZKPT&language=CHS
CNKI-20260826104047183.enw	Thesis	芽孢杆菌益生特性及其快速发酵优化制备的研究	任航		2018		https://kns.cnki.net/kcms2/article/abstract?v=hH4QDuxDhLRDahT_LMyBrEF4jUGjvETHGGQmXViJCwHXgQ69cxkGsM5GLpHgFKyWxXt1apRVR-dzo84xEj4mo0vBMW4BqHO4iFVM5A70cr-TRd5TmMI6rmOQIfiQAeEr6aM_xozCdu50aaJlQlQN_cxY_NZzzD3V6yqHKuiZqlznPEMLGD9OFz8oADJbPRh7&uniplatform=NZKPT&language=CHS
CNKI-20260826104047183.enw	Thesis	杨树内生拮抗菌N6-34抗菌活性物质与防病机制	洒荣波		2018		https://kns.cnki.net/kcms2/article/abstract?v=hH4QDuxDhLTRQKbQiOVbfGG-ZlVpv2f7v9Qa0e-kIbvdNPGqksljStRz9_BuYYwqNilVLPhBsNfrVNk76l60SoAF3bYr8uKev1yO-0qCTf5drple1rRKfV5qr7DuL-QvdoCxoRXRkqektYyRkHH_MEgF9_NxxQITPavu-M2sZJi9W8Rv9vDtdldJ2inbd5L3&uniplatform=NZKPT&language=CHS
CNKI-20260826104047183.enw	Thesis	大豆疫霉的比较基因组与比较转录组研究	汪杨		2018	10.27244/d.cnki.gnjnu.2018.000355	https://link.cnki.net/doi/10.27244/d.cnki.gnjnu.2018.000355
CNKI-20260826104047183.enw	Thesis	亚洲玉米螟模式识别受体PGRP1、IML-1、CTL-S4的功能研究	沈东旭		2018		https://kns.cnki.net/kcms2/article/abstract?v=hH4QDuxDhLTq-xJUc90NQzXK67rQZxJN3QngSUaTR9Q5M16ky-vJa4ev4MAC0Iqljq_KbJ2IpJi33BPIBoiUstMox6qUz7VTGqlJAzrOV3spjiyVVwpUz9fMymBhozK1rVf5tv_E1lqTk5_vW9Ix62XFb9xJtkXmwaLj2lg7xEcnPgeHfwg2U9JlIHXSkx9G&uniplatform=NZKPT&language=CHS
CNKI-20260826104047183.enw	Thesis	嗜线虫致病杆菌YL001次生代谢产物抑菌活性的分离鉴定及活性评价	刘启		2018	10.27409/d.cnki.gxbnu.2018.000267	https://link.cnki.net/doi/10.27409/d.cnki.gxbnu.2018.000267
CNKI-20260826104047183.enw	Thesis	3-氟代芳基-3,4-二氢异香豆素类化合物的合成及其抗真菌活性	李浩鹏		2018	10.27409/d.cnki.gxbnu.2018.000288	https://link.cnki.net/doi/10.27409/d.cnki.gxbnu.2018.000288
CNKI-20260826104047183.enw	Thesis	小麦玉米蠕形孢真菌的分子检测及小麦根腐蠕孢Tup1基因功能的研究	马庆周		2018	10.27117/d.cnki.ghenu.2018.000080	https://link.cnki.net/doi/10.27117/d.cnki.ghenu.2018.000080
CNKI-20260826104047183.enw	Thesis	强雄腐霉的LAMP检测和瓜果腐霉的RPA检测方法的建立	赵媛媛		2018	10.27244/d.cnki.gnjnu.2018.000749	https://link.cnki.net/doi/10.27244/d.cnki.gnjnu.2018.000749
CNKI-20260826104047183.enw	Thesis	产褐藻胶裂解酶菌株的发酵优化及其在马尾藻有机肥制备中的应用	高王宇		2018		https://kns.cnki.net/kcms2/article/abstract?v=hH4QDuxDhLRnM3kMNqyvQBIyQkbHwWTHQ2U8P4xN9rnhwXSdLXPIzT4j3aBKfKtrdmtGec0EqcRiFppJUo93nmWWnYDpuI86bKvcedRgCfx9nD9wXVMTlikImuNQGvvR6DAOkpCekgr9aOC6zsdBXLMjBo0wfgF0oFqibcfJXsl6kb6ILhhUClxSdZAm8W87&uniplatform=NZKPT&language=CHS
CNKI-20260826104047183.enw	Thesis	3-（1,3,4-噁二唑）/（吡唑）基细辛素类似物的合成及其生物活性研究	曲来亮		2018		https://kns.cnki.net/kcms2/article/abstract?v=hH4QDuxDhLRnM3kMNqyvQBIyQkbHwWTHQ2U8P4xN9rnhwXSdLXPIzbK84EYRLBkjp0PlkuWdkUMG4dmWT4tNnkVSy3PhJWbKCZpe1U8jsq_KH0UJUZIomt4pXLfnZYoaMn6sSiZiVFYoroSQwFvd3F57s0K4qCkMELE-riTGg0Ign1Blg8Nztd8_sXDMedan&uniplatform=NZKPT&language=CHS
CNKI-20260826104047183.enw	Journal Article	安徽凤阳玉米茎基腐病主要病原菌鉴定及玉米新种质(自交系)的抗性分析	许大凤 张海珊 李廷春 杨华应 周本国 周应兵	安徽农业大学学报	2018	10.13610/j.cnki.1672-352x.20180427.027	https://link.cnki.net/doi/10.13610/j.cnki.1672-352x.20180427.027
CNKI-20260826104047183.enw	Journal Article	天然辣椒素对几种植物病原菌的抑菌活性研究	张然 李彪 韦勇 杨金茹 沙慧英 苏仙辉 肖丰坤	湖北农业科学	2018	10.14088/j.cnki.issn0439-8114.2018.08.017	https://link.cnki.net/doi/10.14088/j.cnki.issn0439-8114.2018.08.017
CNKI-20260826104047183.enw	Journal Article	近缘毛壳菌生防菌株LB-1对几种常见植物病原真菌的拮抗作用及其生长适应性分析	刘彩云 季洪亮 王瑞 刘春香	植物保护学报	2018	10.13802/j.cnki.zwbhxb.2018.2017006	https://link.cnki.net/doi/10.13802/j.cnki.zwbhxb.2018.2017006
CNKI-20260826104047183.enw	Thesis	白眉野草螟的生境适应及病原细菌的分离鉴定和致病机制研究	迟宝杰		2018		https://kns.cnki.net/kcms2/article/abstract?v=hH4QDuxDhLSkZHKp9W7EPiknPo3TQrZ71tUXo0x-uYeoBUJFQW-0jXZqeiN_1zTp0r4EP3S7R6oZIcPP-Cv1OBcWfZ6vSgfgQF-ZpNl1ybmd_qG43R8_fAkotZLBUbPCgzjoNzlmhsL1H6LVZjdm3evJ3DJqSCb618W4XG9KhdAcu9gDAW62bMi9HAstCI7s&uniplatform=NZKPT&language=CHS
CNKI-20260826104047183.enw	Thesis	饲用型抗刺激隐核虫益生菌研发与发酵工艺	黄海燕		2018	10.27018/d.cnki.gfjnu.2018.000084	https://link.cnki.net/doi/10.27018/d.cnki.gfjnu.2018.000084
CNKI-20260826104047183.enw	Thesis	甲基营养型芽孢杆菌TA-1的分离鉴定及其对玉米茎基腐病的防效评价	程星凯		2018		https://kns.cnki.net/kcms2/article/abstract?v=hH4QDuxDhLSNGfAsXCUX2ViFkQqzxjfxzi9hHD5lSHwlybLgLhPeA_LnA2rOpZw8Y2TPGVpmwFjMNt2cj7ngKHm1prTm8tF7copUgbZyIeTQ3v5RaJnQonfsMuN3gW5utv21soqHLKi6ZlFcl7oOTAC9Xml5lVawu0xK5aUKX5VQr1qI3tW2s3R-7LvNDEFC&uniplatform=NZKPT&language=CHS
CNKI-20260826104047183.enw	Thesis	金丝草水溶性部位抗真菌活性成分研究	张月珠		2018		https://kns.cnki.net/kcms2/article/abstract?v=hH4QDuxDhLRUcCM0gnTSILtBec8T8uD3fEMUlWDHxFw0Rmd8FEpV9Bae6f9y4tp7MDGGoIp64VJSbCgCKSZMlUwKTLSRsGUyAIkC2JTQpBPc7y7umaz8zZsDFiOCJjlixKXP1HEjZiFr0J6EQgzTGbuG1Kga8wozf6gfS_VfPdiQEVjah96b11VOg07g1XLC&uniplatform=NZKPT&language=CHS
CNKI-20260826104047183.enw	Thesis	植物根系分泌物对贝莱斯芽孢杆菌S3-1生物学活性的影响	朱杭飞		2018	10.27312/d.cnki.gshsu.2018.000035	https://link.cnki.net/doi/10.27312/d.cnki.gshsu.2018.000035
CNKI-20260826104047183.enw	Journal Article	浅析玉米黑粉病的防治技术要点	王庆超	农民致富之友	2018		https://kns.cnki.net/kcms2/article/abstract?v=hH4QDuxDhLQt6QQhkli8fa5SkxOhwlQmpy3H5zg5lPYPIWjRH4C_qSo7zN0DRX8P28HzTllBcOfkTEKP66bKkx489zBI2_XrrA0SBa7Zpk-pso4e_nK1Js5jtXtrlKgXheT4fFS8iT-ZZ_9moWFZAuMQfS1KeyWWpNc7JKTlASQjoEknh03bU0Yl8-IM0-Wu&uniplatform=NZKPT&language=CHS
CNKI-20260826104047183.enw	Journal Article	玉米种子病原菌检测法及所致主要病害概述	杨克泽 马金慧 吴之涛 陈志国 任宝仓	大麦与谷类科学	2018	10.14069/j.cnki.32-1769/s.2018.01.008	https://link.cnki.net/doi/10.14069/j.cnki.32-1769/s.2018.01.008
CNKI-20260826104047183.enw	Journal Article	玉米纹枯病菌诱导启动子PLHT1核心顺式作用元件的鉴定	陈静 位书佟 李宁 何康 申艳婷 丁新华 储昭辉	植物病理学报	2018	10.13926/j.cnki.apps.000185	https://link.cnki.net/doi/10.13926/j.cnki.apps.000185
CNKI-20260826104047183.enw	Journal Article	论玉米顶腐病防治技术	崔永霞	农民致富之友	2018		https://kns.cnki.net/kcms2/article/abstract?v=hH4QDuxDhLQRUnEyyoi8xIaQwe0YEbLLOdU979Fd9xzrf_HyO0vqO2kQWdrZQlGUZEcVX5ygLdneK1pI-nQre6WlKBd9EU2dGYT7mzuUDPl3rFiK6re19-zxibo3lX5S4SN5i89WEAqF_KYmLUJzBV7KeiPeue9fbGG3LYY38t4iGseJud7K_B8g8EjZczxd&uniplatform=NZKPT&language=CHS
CNKI-20260826104047183.enw	Journal Article	南繁区玉米锈病种类鉴定及病原生物学特性	赵志祥 肖敏 陈圆 严婉荣 肖彤斌	分子植物育种	2018	10.13271/j.mpb.016.000289	https://link.cnki.net/doi/10.13271/j.mpb.016.000289
CNKI-20260826104047183.enw	Journal Article	雪白弯颈霉C41发酵液稳定性及粗提物的抑菌活性	施宏梅 苏丹 姜娃 商新然	农药	2018	10.16820/j.cnki.1006-0413.2018.01.008	https://link.cnki.net/doi/10.16820/j.cnki.1006-0413.2018.01.008
CNKI-20260826104047183.enw	Journal Article	玉米抗病毒基因工程研究进展	燕照玲 段俊枝 冯丽丽 陈海燕 齐红志 杨翠苹 施艳 任银玲 刘毓侠	南方农业学报	2017		https://link.cnki.net/urlid/45.1381.S.20180108.1131.008
CNKI-20260826104047183.enw	Journal Article	青贮饲料有害微生物及其抑制措施	张适 常杰 胡宗福 王思珍 牛化欣	动物营养学报	2017		https://kns.cnki.net/kcms2/article/abstract?v=hH4QDuxDhLSDCi4J8rEdiHIBOjTR5XcOHQQrCv0iihYlAJO_ETcxYGnGWtWnn19kXAom9jwB1jOoMzX81UQmhtfROMiTB5p08pFNPi1ZeFZEitROzNxO44hFSTz5DbN0KrWH8g_tWL8GfhCadhwmft-fkqxxqwnMLhZFj2zL18JQuF7rxkiu2Bu4c4wjRGVe&uniplatform=NZKPT&language=CHS
CNKI-20260826104047183.enw	Journal Article	山西省玉米病虫害的发生现状及防治对策	蒲改平	农业工程技术	2017	10.16815/j.cnki.11-5436/s.2017.35.019	https://link.cnki.net/doi/10.16815/j.cnki.11-5436/s.2017.35.019
CNKI-20260826104047183.enw	Journal Article	玉米病毒病发生规律及田间防治技术	鲁洪斌	河北农业	2017		https://kns.cnki.net/kcms2/article/abstract?v=hH4QDuxDhLQjm7456cUUghD-UtWHsig16LnUiB0hEU-rDwIL85Z-0J_qOHmwd784UCQNRKSGjCG_8Muu9teGk35po5jRH6f3HwFQbOV30aK7hx0ZVNKp9noiCH0ncC8xkLZkbUGfXu5lfo3Fn6oWto6tw5vK9XfJ3KEZ9k2y_L3I9g8YuHJSuYIGv-Y3GIxQ&uniplatform=NZKPT&language=CHS
CNKI-20260826104047183.enw	Journal Article	玉米红叶病的鉴定诊断及防治	王守明	农业灾害研究	2017	10.19383/j.cnki.nyzhyj.2017.11-12.008	https://link.cnki.net/doi/10.19383/j.cnki.nyzhyj.2017.11-12.008
CNKI-20260826104047183.enw	Thesis	镰孢菌与寄主互作中致病相关基因生物信息分析及表达研究	畅引东		2018		https://kns.cnki.net/kcms2/article/abstract?v=hH4QDuxDhLTgVQLrORo1TjhaLWU1nDfDFPYGu1TW1zftiJKqT-jtdNmclUPt6-LYiulTNNu7ofGElkNAD6OCGmNHalw_-jdYmTjFkEicDYOEFP8ayOLGiUuOGHT-KSmpibFzpw4uga5I7IbJiBiyf2K0YK01tYkatleX8aHZKhHws_xn2SYpXx80x-nbCf3G&uniplatform=NZKPT&language=CHS
CNKI-20260826104047183.enw	Thesis	黑龙江省玉米弯孢霉叶斑病病原种类鉴定及遗传多样性分析	赵珊		2017		https://kns.cnki.net/kcms2/article/abstract?v=hH4QDuxDhLR57gWgglfRn-dVcXZpROuXGqMR680HqIlqdXPYTyhSR861UhIh1j-u-s6DAEDDGUbyKxeVvFnFKyeNLo6iI6gjZjZeLx36Sjf09UVJCI4uHBVgWxWvmd4pqcDjrDW5wa2qIFLZbzqRUYsjsQgNfv-AfEaNhbSdPRbJoXozm0YluDtCWW9YmGdq&uniplatform=NZKPT&language=CHS
CNKI-20260826104047183.enw	Journal Article	蛇床子素对6种植物病原真菌的毒力测定	蒋晶晶 王春明 杜蕙	甘肃农业科技	2017		https://kns.cnki.net/kcms2/article/abstract?v=hH4QDuxDhLRB6cswhPwikvaeVnFPE9--MfyxY8y9NsaXhr0TgYbRh8YrF_3TQNUt5pQZE4ch4VRsI33-mrBSrbmXHWelF3lOYypbJdWktq8uOV60bR4dqLTIHXGnas4_X5y08TVL05zqW-IS_qnVfXhVnuRfyIjZLc0sJDxsbsQBgxxHh0vwQ-UeJRrDn60t&uniplatform=NZKPT&language=CHS
CNKI-20260826104047183.enw	Journal Article	碳氮营养和培养条件对芽孢杆菌(Bacillus sp.)A4生长的影响	李莎莎 曹煜成 李卓佳 胡晓娟 徐煜 徐武杰 杨铿 苏浩昌 文国樑	渔业科学进展	2017		https://link.cnki.net/urlid/37.1466.S.20171116.0933.008
CNKI-20260826104047183.enw	Conference Proceedings	颉颃香蕉枯萎病菌的芽孢杆菌H51的鉴定及其对作物生长的促进作用	郭立佳 黄俊生		2017		https://kns.cnki.net/kcms2/article/abstract?v=hH4QDuxDhLSyuKqVDr7uyU2Ypun5ZbHQZpgicZkLn03WvUZ1xalgpzT0DmqoMCBjRWq-qhR2VI5az-9uefAikFqzy2O1e0JIwdTWYApCwxomZDoC5jMEetWRTAn9agpuwrz4244jcrEozhYHDyZ5tID6a99yOWH4cDk737B5HOmWVUHMOBwUcbRZO7GybNtf&uniplatform=NZKPT&language=CHS
CNKI-20260826104047183.enw	Journal Article	我国玉米种子或籽粒携带病原菌研究概况	杨克泽 马金慧 何树文 吴之涛 任宝仓	中国种业	2017	10.19462/j.cnki.1671-895x.20171103.017	https://link.cnki.net/doi/10.19462/j.cnki.1671-895x.20171103.017
CNKI-20260826104047183.enw	Journal Article	响应面法优化芽孢杆菌(Bacillus sp.)A4的培养参数	李莎莎 曹煜成 胡晓娟 李卓佳 徐煜 杨铿 徐创文 文国樑	南方水产科学	2017		https://kns.cnki.net/kcms2/article/abstract?v=hH4QDuxDhLSizzo8Q5hIIcj06NhsD7wm7bvDiRnzlkiUfx0BIoze5cy54sxwJiQRQEYk1N45-rPZYfGqeIum8GM6JWGLyhPD_Jl-Psoudj3iAdF7X0EsbTj9l02PLGYgPGxCaTRnfwyKQMBl4QdpaThGR15qA5jOLCab8Im4yR2_vfI_5mT2K6bbbaJ4bTLI&uniplatform=NZKPT&language=CHS
CNKI-20260826104047183.enw	Thesis	丁二醇诱导匍匐翦股颖抗病、耐热性及其分子应答研究	史毅		2017		https://kns.cnki.net/kcms2/article/abstract?v=hH4QDuxDhLRbOMdFjxehQW-OWu6nehJRwCQ5TJteFwv0jl6DaNkGu5N0VNXAyv_r51oQ-Ugs3cEiQWcFLZh5x-Lgr8a9qUejsC1hHt-tb-5ianLR6Ld36oK8H2Cpo8xsITIwjdQu86FjkR91hnhIv3gA8I7LKtyn_L7SgCiMzsG3pfArT4FQcNHLQEdDa_g1&uniplatform=NZKPT&language=CHS
CNKI-20260826104047183.enw	Journal Article	彝良县玉米纹枯病重发生原因与防控技术	陈吉祥	云南农业科技	2017		https://kns.cnki.net/kcms2/article/abstract?v=hH4QDuxDhLRbOMdFjxehQW-OWu6nehJR6vHlp-rl-DD1jNpBvKWOVS2oS657vxVatJ503NQP1s8ZlSlwbzV2NCeIiYz33BqqvmUVJlNydJbB6D1xvDbsam_iOsZKG-NtoXIh-zTVPcBAxLPRd_wDnuban7jjRN0-575LfnqKdNcZNzZMabfTMAlTMm0jsH9x&uniplatform=NZKPT&language=CHS
CNKI-20260826104047183.enw	Journal Article	安徽凤阳玉米穗腐病病原菌的分离鉴定	许大凤 张海珊 李廷春 齐耀程 姜超强 周本国	安徽农业科学	2017	10.13989/j.cnki.0517-6611.2017.25.046	https://link.cnki.net/doi/10.13989/j.cnki.0517-6611.2017.25.046
CNKI-20260826104047183.enw	Thesis	球毛壳菌素A的合成调控及发酵条件优化	姜成		2017		https://kns.cnki.net/kcms2/article/abstract?v=hH4QDuxDhLT3pOflN30QxVK5ZURSwcejjW-MtlEqq_0aFdKZWByIGkzt3gWA3dI-CvBC9cc2R7_6u5yDdvABGYYd-AeOt3z4-lo88jZOloSdQRaXbvwA6H2kMmX0J0NQTBnPXn67uiAxyL4C3qplbNjZOS0cfOr_gmODYBqrNhqMw9eXcyiaKkQLoEnS7x8y&uniplatform=NZKPT&language=CHS
CNKI-20260826104047183.enw	Thesis	clvelB和clt-1基因调控玉米弯孢叶斑病菌毒素合成的分子基础研究	高金欣		2017		https://kns.cnki.net/kcms2/article/abstract?v=hH4QDuxDhLSj7ZR7KEqpZdf_4iphSPhn0ShGA184RH1DNjH22F7flleYt-BuVH4tOYcbX-xjVusryc2RTFp9oMsIcDjUNo3BzRxP5jUOStltBjUZhTHngLAYO2PvlZNWne5XLNF96DSlMFPHoar0VztUNUrQU1wyLt8i88_GSfl_Krd_KLRlm96Bbi2VNBid&uniplatform=NZKPT&language=CHS
CNKI-20260826104047183.enw	Journal Article	牛源性蛋氨酸生产菌的分离筛选及发酵条件优化	王铁良 于颖 刘秀萍	畜牧与兽医	2017		https://kns.cnki.net/kcms2/article/abstract?v=hH4QDuxDhLTafai7YjKwq6ux-_V1EN2QCGSA46K_Xn3z8nMJ0eXhH4301Y2Blq_3S5XtYoSuNG_PNrVkXCReosIc1MjJ3uPgpZaeVKD1Ydeq7AYIMqlsO-ROZ-9nNNr4Wn3zGzSFfMHeG2z17lzNQy1WRW2E90gDe6AQREuPpxEJSIJXUojv8khluEfcVQm3&uniplatform=NZKPT&language=CHS
CNKI-20260826104047183.enw	Conference Proceedings	黄淮部分地区玉米穗粒腐病致病镰孢菌种类研究	席靖豪 林焕洁 赵清爽 袁虹霞 李洪连		2017		https://kns.cnki.net/kcms2/article/abstract?v=hH4QDuxDhLQcbsMjYzKXw5LtAtWExfwU6TnzFGs2o5FWq2Zp4eoT629fXUCOHgbeh-7wgSqxLlzNe20wgATBlRD79ak0DRTg1YArd9tSfGnl44ebEDCw2m9PfIqjea9eZOTKgKspOyZxBQ835COfTIcdgBknRYjX-ZGdTAMUk8j79xdFmv8WfApkwhrnGUZq&uniplatform=NZKPT&language=CHS
CNKI-20260826104047183.enw	Journal Article	猪弓形虫病的防控措施	李菊珠	现代农村科技	2017		https://kns.cnki.net/kcms2/article/abstract?v=hH4QDuxDhLSXaQ0q7Ri2x5T1ux6gLr6NKrkroth1m7HXGwieNZTUtQHE3rQ-pIqjyM2D8dd1cwaekuwl5GMsOxfzQs78QXaDAVd0YA6xnl1ROz129XPb9mFKVxaGgt1CiekeIN-Z0UzTrPNZR7SCAMFsSrjvnGmyPGzaKEWRoe8HlFiogGEwndrPb2rRnlcm&uniplatform=NZKPT&language=CHS
CNKI-20260826104047183.enw	Journal Article	不同类型玉米茎腐病的发病症状与防治措施	文祥朋	乡村科技	2017	10.19345/j.cnki.1674-7909.2017.21.018	https://link.cnki.net/doi/10.19345/j.cnki.1674-7909.2017.21.018
CNKI-20260826104047183.enw	Journal Article	黑龙江省玉米弯孢霉叶斑病病原鉴定	张艳菊 赵珊 杨森 周莹莹 赵伟	东北农业大学学报	2017	10.19720/j.cnki.issn.1005-9369.2017.06.003	https://link.cnki.net/doi/10.19720/j.cnki.issn.1005-9369.2017.06.003
CNKI-20260826104047183.enw	Thesis	我国玉米新病害—玉米尾孢灰斑病研究	刘可杰		2017		https://kns.cnki.net/kcms2/article/abstract?v=hH4QDuxDhLQCIJaVj31emal8qSfNEKqz8VGC-LxF3lCiRsrNSbcGAyS3Pvh-i-l9vHswy8ocjIva4XpUH00iksedl0EFSFGGpoEMG7Mj28HwwUPkpmHO3UvCYcz_DNMjtJiBVt2DqRhzX-o4RmUVtJyMZW2Uiru3nQZ7BhjIJ8a9_Ja6ZiVGLbXxPq024Qnj&uniplatform=NZKPT&language=CHS
CNKI-20260826104047183.enw	Journal Article	玉米粗缩病病原及防治对策研究进展	刘蔚霞 刘超 张超 黄志银 张宝贤 王宁宁	农业科技通讯	2017		https://kns.cnki.net/kcms2/article/abstract?v=hH4QDuxDhLQETO-A204sO-jjtG9ZQXXc7N7P-Cw3eU9DuR9Cmj7Ni1PvDt6brFL-DSaEBGEGE4nvjMx9b2vucL0JCzAxz8PL2O-IW2MNpsrlyfk6spcfjcUTkRRnWHbel5vUcODydp_FkdvM7WGGdAL2NYPZmfIVWpOvArf9cC6TlgTRHulQyBZH7CsBpASY&uniplatform=NZKPT&language=CHS
CNKI-20260826104047183.enw	Thesis	大豆疫霉RXLR效应分子Avh23的功能与作用机制研究	孔亮		2017		https://kns.cnki.net/kcms2/article/abstract?v=hH4QDuxDhLRVHMgewSraD5_xktvL_xUsCAzspvpmoLwi-Khy8nRCCL7h8YBWcW-2HzbrQzi-f2qRj21lclsmbjjDWa2MWLKydxKjTY3FAST61r9do4cGpiMOvx7ig8osXwsKug9fHEq65dd3AbaPPLVgKGXXq4VrW_R8sNdg0stIxXJJwX_gohYi3P8DsGSw&uniplatform=NZKPT&language=CHS
CNKI-20260826104047183.enw	Thesis	多组学研究揭示根肿菌生长发育与致病的分子机理	毕凯		2017		https://kns.cnki.net/kcms2/article/abstract?v=hH4QDuxDhLTOfZhUIeUXYGZt05FwbKlSUpegU6l5ZrWQVbXdKWtLmqHuEwNlHDWZexdig2oOv5trY7-1iohhQuRe6T95qeeD_W-bynjHJOB13qpm4Wiw5J0NJ-G-YWQZ94ZHbSzlDZB6SxE3pDxkfJWayn0khq44Am1Y84y9wtgvDHOuwqKyQ7uMHA3O3gYc&uniplatform=NZKPT&language=CHS
CNKI-20260826104047183.enw	Thesis	玉米赤霉烯酮生物脱毒剂的研制及对肥育猪生产性能和解毒效果的研究	刘超齐		2017	10.27117/d.cnki.ghenu.2017.000096	https://link.cnki.net/doi/10.27117/d.cnki.ghenu.2017.000096
CNKI-20260826104047183.enw	Thesis	柔枝莠竹（Microstegium vimineum）生防真菌的潜力评估和寄主范围测试	黄琼		2017	10.27244/d.cnki.gnjnu.2017.000058	https://link.cnki.net/doi/10.27244/d.cnki.gnjnu.2017.000058
CNKI-20260826104047183.enw	Thesis	产吲哚乙酸芽孢杆菌的筛选及其促进植物生长的效果研究	张慧敏		2017		https://kns.cnki.net/kcms2/article/abstract?v=hH4QDuxDhLRl5HbtdzdNDSoQXLvCOqdfOzTvyCQ7OK2EejiN3MZvA5YPAOACDEAlKmuYZCZoYdTznS6AvvKff_a897SweOjJ-z7488AMGJMS2utwJINrkgKZRert_XKUvaNWUQQyW862yc919M8OQdKTDONlQaJOOLdqlsKbZSDeHRcsdPSTcxNG4VTwvLae&uniplatform=NZKPT&language=CHS
CNKI-20260826104047183.enw	Thesis	菰黑粉菌MAPK基因UeKpp2和UeKpp6的功能研究	曹乾超		2017		https://kns.cnki.net/kcms2/article/abstract?v=hH4QDuxDhLRXMxRF-ppL0udkzulttnRbir0KHea0yBA_GB7bkhYwfrtedeUTuL3dJpbwa1sUSCQuhmXwHswnHy2jQr18QU6cMlsbeC5Fvxkf0x6jmIr5ks3f1sAkFK9S0HXkBRm2VztVw8lbKtJfUVjufnM5pDxiz0e46sVR27biKPJ3jagaUbaFkKsgsMFt&uniplatform=NZKPT&language=CHS
CNKI-20260826104047183.enw	Thesis	StTPS1基因的克隆与玉米大斑病菌遗传转化体系的建立	苑德鹏		2017		https://kns.cnki.net/kcms2/article/abstract?v=hH4QDuxDhLT0OhDzIqeC1NTsPPWEZZWeBSj0vDAoDOMNAifIf70FlyLNwCAmau8xOyVeXd1GS_tiPMxjIbGpowcM-OZLPgxidmsQoR57a9xeou7VYf4vIh6Nir3nfj6bYJlooGo-pQlwhPX74iz29nm_A5GHyZbI0WdnpK7MoBcWXAAeaKtxG9KYoWssWiq6&uniplatform=NZKPT&language=CHS
CNKI-20260826104047183.enw	Thesis	玉米大斑病菌（Setosphaeria turcica）候选效应分子预测及交配型基因位点克隆与分析	闫丽斌		2017		https://kns.cnki.net/kcms2/article/abstract?v=hH4QDuxDhLRHUd87x3Nu35WmeJ56MUj_JqFkKI23gBLRcoTyXB0eQJW3pw8HfpO_f07MIoZcDECIbZvYy78KyigM9TO2ZbZ_XWxrmIbfpxpAdHloCHaAO4XTedkSWfFvy4noeKjxwzpAqkk0kbkkCslt-rkjq-ZDK_hkML8jlm4NS4TvQoa9pVjjmVea4DNk&uniplatform=NZKPT&language=CHS
CNKI-20260826104047183.enw	Thesis	茄子层出镰孢菌花腐病病原学及其防治基础研究	韩冰		2017		https://kns.cnki.net/kcms2/article/abstract?v=hH4QDuxDhLTlOTMT57ettJ3QZBbZECRWAl_fNyljn8ciYmkUQTR0gjcC83Mmz9NDqGdDYCFxLhiP-oC2laaxj21Cbr0MJpjvJrIOtMKig7KbSrz9awvH1MUQzMeOo3jbHeA8BGbYAIrMByI3b6ew9-cHoW7YRr5WQQlk2wnG861NhR9eL4fX9EMbq2yjIgcY&uniplatform=NZKPT&language=CHS
CNKI-20260826104047183.enw	Thesis	氟唑活化酯防治土传病害的研究	陈仕红		2017		https://kns.cnki.net/kcms2/article/abstract?v=hH4QDuxDhLSEabONT6ivpmauSSJLSkoAmhMHLIklbrHE5MupL7_OZ-2Y8R0Ad8YxABmH2nNPcBDVycO7X3yAiA_q2pwhPD1N-14jJfMuXYik13dwQwT9gk6gOJGrH9_HMl2NfzOZkgPxs_YH1oloYVCxX7Xdq4ijo_du8LNLSnOQevLWk6uVzmYrf2Woq7ZT&uniplatform=NZKPT&language=CHS
CNKI-20260826104047183.enw	Thesis	玉米大斑病菌StSNF1基因的克隆与表达分析	何世道		2017		https://kns.cnki.net/kcms2/article/abstract?v=hH4QDuxDhLQyH47P5Y0gzLkzmM015Xljkje1RwKFtnhY_7PaiEQFc4j-W3-KBXoWmtHexmKZESd4UmImlXTaFqkAMkMmq7O1bX2KgFm7NTbcnTLMGukFxJKHI54VFCn05QhuKzh_1Ir75iAM6MtqSyROITv1SrG8Xp0VR3bFjPUhaEsA1W3kprAICLC5q_cD&uniplatform=NZKPT&language=CHS
CNKI-20260826104047183.enw	Thesis	马铃薯炭疽病菌的侵染过程及病原菌诱导基因差异表达分析	崔月贞		2017		https://kns.cnki.net/kcms2/article/abstract?v=hH4QDuxDhLST6Vy5z7c4CAppgwYE4iMVtD_YmLwmdRGtr53FC2Ncdf9DpMfgYPfNMZvu_xYjbwvJCyfKRI4PM-5nYogvJpAmJiGhy0AZqGcOtettI50fIGijMJ3tQfiilXJaQuDgXhyO2fJbhA8glmMlcVN2Hlwyewwe2MqSihNTLBG6jK4l4vau0ymtOnov&uniplatform=NZKPT&language=CHS
CNKI-20260826104047183.enw	Journal Article	玉米纹枯病的发生与防治	秦慧芳	农家参谋	2017		https://kns.cnki.net/kcms2/article/abstract?v=hH4QDuxDhLST6Vy5z7c4CAppgwYE4iMV4qMW3CaWJ_yixZHyLupiGZn7A7MGCC0yJgt2NuqgqhSwMcJCT9TvpjoOVSPNx_83sWRU8Kx_V3bXyTbAYuhaNgXOtoZW_YhS0HHXWZ7OFkobEzVsDE2pvAPzZM-9K3YLE66D7MSP8sEyaX7hJCTu-_cmzm8k6ue5&uniplatform=NZKPT&language=CHS
CNKI-20260826104047183.enw	Journal Article	我国玉米粗缩病病原研究进展	李洪文 徐绍栋	农村科学实验	2017		https://kns.cnki.net/kcms2/article/abstract?v=hH4QDuxDhLRYEUlSLLQ22N8B22NhsJ6-d2EbCptQryL_58L7Itf7Q74ca9tBDdGtpfbGNtogHMwiW804X3-QQg5zFGoLjT0psXkiiK_9ARXHe8tV7S2L9i5ljGZCNCWsb8I3Mo7g2lC5veQZfPMSHiOvzc5YQSYk3wbSNbEj88f8RwGzqmu2UnjDpRsQ9BMY&uniplatform=NZKPT&language=CHS
CNKI-20260826104047183.enw	Journal Article	云南省玉米茎基腐病病原镰孢菌的种群结构研究	贺娟 何鹏飞 赵正龙 吴毅歆 康志钰 何月秋	玉米科学	2017	10.13597/j.cnki.maize.science.20170421	https://link.cnki.net/doi/10.13597/j.cnki.maize.science.20170421
CNKI-20260826104047183.enw	Journal Article	产有机酸芽孢杆菌对玉米秸秆青贮品质及有氧稳定性的影响	郭晓军 郭威 周贤 杨继业 朱宝成	江苏农业科学	2017	10.15889/j.issn.1002-1302.2017.08.046	https://link.cnki.net/doi/10.15889/j.issn.1002-1302.2017.08.046
CNKI-20260826104047183.enw	Journal Article	嗜铁真菌Z-7对几种病原真菌的抑制作用	赵荣艳 张希福 郎剑锋 霍云凤	河南科技学院学报(自然科学版)	2017		https://link.cnki.net/urlid/41.1382.Z.20170502.1323.010
CNKI-20260826104047183.enw	Thesis	2-芳基-7-氯-3,4-二氢异喹啉盐类化合物的抗植物真菌活性及构效关系	况茜		2017	10.27409/d.cnki.gxbnu.2017.000249	https://link.cnki.net/doi/10.27409/d.cnki.gxbnu.2017.000249
CNKI-20260826104047183.enw	Thesis	取代芳香醛缩氨基硫脲类衍生物的合成及抑菌活性初步研究（Ⅱ）	何佳妮		2017	10.27409/d.cnki.gxbnu.2017.000260	https://link.cnki.net/doi/10.27409/d.cnki.gxbnu.2017.000260
CNKI-20260826104047183.enw	Thesis	禾谷镰孢菌pH信号途径调控毒素合成和致病过程的分子机制	黄海		2017	10.27244/d.cnki.gnjnu.2017.000098	https://link.cnki.net/doi/10.27244/d.cnki.gnjnu.2017.000098
CNKI-20260826104047183.enw	Thesis	贝莱斯芽孢杆菌（Bacillus velezensis）促生作用的研究	王淋敏		2017		https://kns.cnki.net/kcms2/article/abstract?v=hH4QDuxDhLRUGdJFZ5Y1j9OZLvDpXzmttijav8ZLiYl3Ee42iD-n1z1V8w1LMmBLOryUi-kEVPZQ47GMJID1m9fUdp6_5wvV3l6iIqlnP8C-DC7w_aVT-97ojBhiGqhzxT9s0eOuNQEaS7EsTASeoiWWtHuZX03v0TkQuK5gmzx_P3gpZ27eiUwyLbLlLCRL&uniplatform=NZKPT&language=CHS
CNKI-20260826104047183.enw	Thesis	脱硫生物素合成酶抑制剂的设计、合成与生物活性	侯朝		2017		https://kns.cnki.net/kcms2/article/abstract?v=hH4QDuxDhLRUGdJFZ5Y1j9OZLvDpXzmttijav8ZLiYl3Ee42iD-n16qwnR1UPktFvtBTEGCwt8ulu2t2LkSBc0uaeTse2bvG0oEQ4nBR0zz-IuVyCpzJG6q16FgZzJnNuWkwiRjU2fHgZ7sCq9AL5ia3V1a--o1GxsOWKpm2boG7zPUrW0zuIDw_DKnUJgFP&uniplatform=NZKPT&language=CHS
CNKI-20260826104047183.enw	Thesis	立枯丝核菌第45家族糖苷水解酶PAMP活性区段及位点的研究	崔针针		2017		https://kns.cnki.net/kcms2/article/abstract?v=hH4QDuxDhLQGrFSXWIler4M11CPq0jr8ca4F3bOZhPDnE4mdADInaJULC52SQEA8hN3ixCrxk2kMp1_bxP3CVbOccCk4kh8DIGXlXbdY7K_Qg33T2YyNCBS4lzTeqLK3FJmxxHFMCt7ATWIoLfplf-8MVz-D_CiGZGPF53WKgzgs0gkCS9IHpH3jkY9U1-_d&uniplatform=NZKPT&language=CHS
CNKI-20260826104047183.enw	Thesis	猪病毒性腹泻病原相关蛋白在植物系统中的表达	唐玉营		2017		https://kns.cnki.net/kcms2/article/abstract?v=hH4QDuxDhLTtj5KjthrlUNXGXonZRq8xi74kIMyJgYnNFMQpIymi8SbVhnrtVdmRG8wYPbj42bDCXcjxCqjT455cFJeuun70KJ66vXi5gnoOCobSoQPs0EYjF7AokKucnCmEZmoxuBCQouoHkvCKBkPFTbsc7uXAoCJUJsW7lXYPWaVpcc1Sac6iGFPV6nl5&uniplatform=NZKPT&language=CHS
CNKI-20260826104047183.enw	Thesis	饲用菌种（株）的分离鉴定及复合菌剂降解玉米皮—统糠粗纤维的效果研究	王德光		2017		https://kns.cnki.net/kcms2/article/abstract?v=hH4QDuxDhLS16NBHXBWh7s4SrBEhPdhHJzboi87i_MI8v2WbgVUTvYatL9fph8ZVbNeaB8rEp-vD_G_ToMCXOs2KlzE5hAuRqp_tnIL262VDaCiOCQv2uiHmOGXlC_WlIVKLCBGFXpXYZFvaGTKOAVZdGI5pFL6nE7A5SqAWxGDDYK8TizWykjuAwbMKZQgU&uniplatform=NZKPT&language=CHS
CNKI-20260826104047183.enw	Thesis	猪毛菜提取物抑菌活性及化学成分研究	李守婷		2017		https://kns.cnki.net/kcms2/article/abstract?v=hH4QDuxDhLS16NBHXBWh7s4SrBEhPdhHJzboi87i_MI8v2WbgVUTvbwrarfbw0RnvUNwGSAkdkrBwcQnX7e0BcH8F8PgmCUJr82JgSbbzEOuVIKssyuXziqaSFck9DpRhe2jmX3rOvXe2o_DP1Cr-fBGl36pmLZZsHL273UyzuRekR9H-vyxb_6CcdKHH4Qa&uniplatform=NZKPT&language=CHS
CNKI-20260826104047183.enw	Journal Article	渭源县玉米茎腐病发生规律及防治技术研究	李瑞华	中国农业信息	2017		https://kns.cnki.net/kcms2/article/abstract?v=hH4QDuxDhLRrAQaQXeg7jO700-n8pf5wX5XViJcPBfZd3rtKX_eAPD31k_z_1sbDBNqodLCpVjMvTBPFs_GX8iTOAFw8NDZ6Fye1FGuZBirImBlSGQfyCP1z0N5uoP-S00UUBcAMq1NWIKPDXgsHnxxq4SBmCcQb3Kdpvv4E_IDQwyrP8cX_FVK7jCfbog2D&uniplatform=NZKPT&language=CHS
CNKI-20260826104047183.enw	Journal Article	玉米纹枯病的发生及防治方法研究	王一君	农技服务	2017		https://kns.cnki.net/kcms2/article/abstract?v=hH4QDuxDhLTA47clrcarb_-MEguiG8_AT4LsZqgmbSi0pdWhm8BtfhILoxr3DfXYfxHiKwfx01E2GwCj8-4dfidbZY-_3O1VOW8C3kQYztcNglgAgEzVRR-8GaJG1SkX19WEQmqUp_Y2gAUVkvJ0N3aZKXF0Kpqufba1FBAg-NwD-5O_H2tK6Xclx-2jdUBQ&uniplatform=NZKPT&language=CHS
CNKI-20260826104047183.enw	Thesis	松材线虫侵染下马尾松的分子与生理变化研究	谢婉凤		2017	10.27018/d.cnki.gfjnu.2017.000488	https://link.cnki.net/doi/10.27018/d.cnki.gfjnu.2017.000488
CNKI-20260826104047183.enw	Thesis	N-芳基-3,4-二氢异喹啉类化合物	朱丽飞		2017	10.27409/d.cnki.gxbnu.2017.000245	https://link.cnki.net/doi/10.27409/d.cnki.gxbnu.2017.000245
CNKI-20260826104047183.enw	Journal Article	萝北县玉米田非常发性病害及其防治	陈明刚	现代农业科技	2017		https://link.cnki.net/urlid/34.1278.S.20170329.1318.174
CNKI-20260826104047183.enw	Journal Article	南极土壤芽孢杆菌的分离鉴定及其防治玉米细菌性褐腐病的研究	朱碧春 顾丽 李正 伍辉军 顾沁 吴黎明 高学文	南京农业大学学报	2017		https://link.cnki.net/urlid/32.1148.S.20170322.1500.006
CNKI-20260826104047183.enw	Journal Article	一株产耐热耐碱木聚糖酶菌株的筛选及酶学性质研究	张晓元 郝荣华 刘飞 陈勉 朱希强 凌沛学	食品与药品	2017		https://kns.cnki.net/kcms2/article/abstract?v=hH4QDuxDhLTwIU5fqbWmRoQkVrKmtLnusoDfVeqdrogT-exMIVtxnn7lx4L1vWaau9fhu3Jc_S16IikdRSMiVKO4vatE5TSriaPHh26ZfMTznZkdkA1WOQmArc3V_XHdAI4L5FT1cPO9mx2ewuPTw3ql-Zw4M-z0-fdp6N2g0a1aJECSSZP4rXTepT2HItRv&uniplatform=NZKPT&language=CHS
CNKI-20260826104047183.enw	Journal Article	广西地不容内生真菌DBR-12和DBR-23代谢产物的抑菌活性	刘晓莹 孙文斌 陈洁萍 卿朕 周秋艳 邓业成	河南农业科学	2017	10.15933/j.cnki.1004-3268.2017.03.015	https://link.cnki.net/doi/10.15933/j.cnki.1004-3268.2017.03.015
CNKI-20260826104047183.enw	Journal Article	玉米抗茎腐病研究进展及其鉴定与育种方法探讨	石明亮 黄小兰 陆虎华 郝德荣 陈国清 周广飞 张振良 程玉静 孙权星 冒宇翔 薛林	江苏农业科学	2017	10.15889/j.issn.1002-1302.2017.04.001	https://link.cnki.net/doi/10.15889/j.issn.1002-1302.2017.04.001
CNKI-20260826104047183.enw	Journal Article	玉米黑粉病及丝黑穗病的发生为害与防治对策	徐仁强	农业开发与装备	2017		https://kns.cnki.net/kcms2/article/abstract?v=hH4QDuxDhLRl2wktNpzuerCJWkaGYzD4oq6mReV9SLixM_WqmAKLihLZAXvlMKCsnXE9hvKiamwr9I66eNy9ItWwkLbkuwwQE8-MKY8XMPsyHEOJ--TL8j6B9J19_kSDoFiokkqmbN69rU-6u4h-3sPx7ONUwmR3qdSQoQFrHwJXOp5OfpjjtGsEL1fbk6zl&uniplatform=NZKPT&language=CHS
CNKI-20260826104047183.enw	Thesis	玉米弯孢叶斑病菌MAPK基因功能及与毒素和黑色素合成相关关系分析	倪璇		2017		https://kns.cnki.net/kcms2/article/abstract?v=hH4QDuxDhLTq0lblqGC3KFU8OiBFCQA-mn_ArYPz19NTbTp02JNQSX9liwlZagkT0EU_taIISp71ES2-JBjU-kYBOGyJlMDk-BmICCM_RCQOMXFKFohRQ5v6hpgJNQ8P5qd5EeczEDOBJ4G_ROTVAcLgnmhsfcIj7Zx5baM1M1Rp8hWEs4P8z5lVul2-xKa-&uniplatform=NZKPT&language=CHS
CNKI-20260826104047183.enw	Journal Article	玉米大斑病菌StPEX11基因家族的鉴定及生物信息学分析	马兰 薛韶娜 冯胜泽 赵洁 巩校东 谷守芹 韩建民 董金皋	玉米科学	2016	10.13597/j.cnki.maize.science.20160607	https://link.cnki.net/doi/10.13597/j.cnki.maize.science.20160607
CNKI-20260826104047183.enw	Journal Article	玉米致死性坏死病研究进展	李耀发 高占林 党志红 安静杰 潘文亮 柳春红 赵璞 马春红 E.O.Ouma Samuel Gudu	河北农业科学	2016	10.16318/j.cnki.hbnykx.2016.05.012	https://link.cnki.net/doi/10.16318/j.cnki.hbnykx.2016.05.012
CNKI-20260826104047183.enw	Journal Article	玉米病虫害及综合防治技术探究	沈婕	南方农业	2016	10.19415/j.cnki.1673-890x.2016.33.016	https://link.cnki.net/doi/10.19415/j.cnki.1673-890x.2016.33.016
CNKI-20260826104047183.enw	Journal Article	玉米赤霉烯酮脱毒菌株的筛选及脱毒机理初探	张倩 熊犍 赵晨 汪洋 张晓琳	粮油食品科技	2016	10.16210/j.cnki.1007-7561.2016.06.017	https://link.cnki.net/doi/10.16210/j.cnki.1007-7561.2016.06.017
CNKI-20260826104047183.enw	Journal Article	玉米细菌性病害研究概况	马金慧 杨克泽 任宝仓	大麦与谷类科学	2016	10.14069/j.cnki.32-1769/s.2016.04.002	https://link.cnki.net/doi/10.14069/j.cnki.32-1769/s.2016.04.002
CNKI-20260826104047183.enw	Thesis	微生物发酵生产D-乳酸的研究	李超		2016	10.27307/d.cnki.gsjtu.2016.004877	https://link.cnki.net/doi/10.27307/d.cnki.gsjtu.2016.004877
CNKI-20260826104047183.enw	Thesis	玉米赤霉烯酮脱毒菌株的筛选及Fosmid文库构建	张倩		2016		https://kns.cnki.net/kcms2/article/abstract?v=hH4QDuxDhLTwZ3YfuTRraRTfHTzvIBJtRUZNa3wUCn1vOg0Vo_18nZTnN6h9TOa62bb_U27ud9Zd2t2OVLXutBs8WG-t24-NUDaJQrqBb1Py_MBqcL9_qOC89tyknNQn5CXZIoq8Sn5lyxlxUyQVCpEy-nkTD8frTIJzQ2CBFQhpGZ1-XfdYK33UcZDcTqVJ&uniplatform=NZKPT&language=CHS
CNKI-20260826104047183.enw	Journal Article	玉米麦根腐平脐蠕孢叶斑病的发生与病原鉴定	郭宁 倪璇 石洁 马井玉 薛春生 陈捷	植物病理学报	2017	10.13926/j.cnki.apps.000049	https://link.cnki.net/doi/10.13926/j.cnki.apps.000049
CNKI-20260826104047183.enw	Journal Article	玉米圆斑病病原的快速检测	马庆周 李跃 马乐乐 武海燕 耿月华 张猛	植物病理学报	2017	10.13926/j.cnki.apps.000007	https://link.cnki.net/doi/10.13926/j.cnki.apps.000007
CNKI-20260826104047183.enw	Journal Article	河西走廊制种玉米纹枯病流行规律及发病因子调查	陈广泉 侯梁宇 宋晓阳 陈占伟 张建朝 秦伯颖	现代化农业	2016		https://kns.cnki.net/kcms2/article/abstract?v=hH4QDuxDhLQ1i3ahHKUigiu0X2y6_w_iJdxzmV542ZSk-YX_EVO84PmXCoZsKughFRd7jMDM3LqvTZCu7ngDGLYMKl5U7YaH1ODKR3nwt4BRnM0C5iLAEyPFRq-1idclEJ5Gqqa27od_FHdrVlYTnW-vHUoKj0SwVbFzFfg7Dihhc8Xj4xzrr5g35Ta-PPhc&uniplatform=NZKPT&language=CHS
CNKI-20260826104047183.enw	Journal Article	抗玉米病原真菌的内生放线菌PC-F1的分离及活性物质鉴定	李云龙	黑龙江农业科学	2016		https://kns.cnki.net/kcms2/article/abstract?v=hH4QDuxDhLSz0vg8nSzXxZ6r355G5q3TVvu6YjT7BfBHY5FKCoa5p0zrEAHB26KrVwx4CzjpFOMKh8k8mEeW48esgLQpPTFW92qWkcFStJyp-5WIP-e_By4eNQU7nPJnsyiKoSEcn3N5Gnpy2LFBbJXonCHEP-SMbgZBZpfl1MrPMFLodDxtTq1EmZA0wVVn&uniplatform=NZKPT&language=CHS
CNKI-20260826104047183.enw	Journal Article	我国北方玉米上平脐蠕孢属和弯孢属真菌及其所致叶斑病	郭玉杰 牛永春 邓晖	植物保护	2016		https://link.cnki.net/urlid/11.1982.s.20160927.1513.014
CNKI-20260826104047183.enw	Journal Article	玉米大斑病菌Velvet基因家族生物信息学分析	杨峥 申珅 李贞杨 董金皋	河北农业大学学报	2016	10.13320/j.cnki.jauh.2016.0102	https://link.cnki.net/doi/10.13320/j.cnki.jauh.2016.0102
CNKI-20260826104047183.enw	Journal Article	如何防止玉米黑粉病的发生	陈明刚	农民致富之友	2016		https://kns.cnki.net/kcms2/article/abstract?v=hH4QDuxDhLRbW9uFcKMZc6yUy_Q-IMyL7-UgO5FHmknucWDJauSx1QgUg9kZdmDrbEncH9m4IM1Pgx-pYFBonDgTJ8tEG_89j3l6E4mVkWZHXoYdnRelLJRFOBx9ihfZF0IOtRpZ9zT3kOe-HPO6IkatfsV3hOuT0O9ZBQuptGO4Gk9oFkOyWdhJNAie-duE&uniplatform=NZKPT&language=CHS
CNKI-20260826104047183.enw	Journal Article	关于北方玉米锈病和科学防治	李晶辉	农民致富之友	2016		https://kns.cnki.net/kcms2/article/abstract?v=hH4QDuxDhLRY2rlup_9riDAWmtKAEh06hdKYLosjXUqPIgjQCGXam__fOcafwqgyAAa2kHPs9kamBm73n41m8D2KNGYXY63-Pb6wTTB4OQzP-4lEs6rOCJYdESsUrNhX7fyPuZZgo4KRnP-zeGyhXYs-_MIeKkMcW99MjOiSL-7UhfvNkiQ1AxkeREZLx5ii&uniplatform=NZKPT&language=CHS
CNKI-20260826104047183.enw	Journal Article	寒地耐冷生防菌株筛选鉴定及特性研究	王玉霞 姜威 刘宇帅 孟利强 李晶 曹旭 胡基华 陈静宇 张淑梅	东北农业大学学报	2016	10.19720/j.cnki.issn.1005-9369.2016.08.003	https://link.cnki.net/doi/10.19720/j.cnki.issn.1005-9369.2016.08.003
CNKI-20260826104047183.enw	Conference Proceedings	产纤维素酶芽孢杆菌菌株在玉米秸秆青贮中的应用	武红敏 郭晓军 郭威 李术娜 李红亚 朱宝成		2016		https://kns.cnki.net/kcms2/article/abstract?v=hH4QDuxDhLTIgsvk0WBmG3Xa2JZLmAB06gD83Epi8ozjztzGItI2ut9bUqI_3lauNWUXiB6V3eiAu089H6eCRnn4SH8pL3DcCKjIpfxs8Ho1amIioxkstj3TuxZKb-r5SHZaZGqQ2giJwdnDaBfj3Jv1qUDMuz9WWPri-7U_zYwVPgceh7Juktwi1vxuVm3C&uniplatform=NZKPT&language=CHS
CNKI-20260826104047183.enw	Journal Article	玉米北方炭疽病病原鉴定及不同条件对其生长的影响	孟玲敏 苏前富 贾娇 张伟 李红 晋齐鸣	玉米科学	2016	10.13597/j.cnki.maize.science.20160426	https://link.cnki.net/doi/10.13597/j.cnki.maize.science.20160426
CNKI-20260826104047183.enw	Journal Article	4种杀菌剂对玉米鞘腐病防效显著	刘刚	农村百事通	2016	10.19433/j.cnki.1006-9119.2016.16.023	https://link.cnki.net/doi/10.19433/j.cnki.1006-9119.2016.16.023
CNKI-20260826104047183.enw	Conference Proceedings	玉米圆斑病病原的快速检测	马庆周 李跃 马乐乐 武海燕 耿月华 张猛		2016		https://kns.cnki.net/kcms2/article/abstract?v=hH4QDuxDhLR17riBAw3jal5lMdb7aPP2ZVU1-oG6oWyKXcoNWJflvZ93G3CCOtOwd_PwL_1qe741CyuezlWevSp7nvavrJb6j02uzk8ohboTAwGI09QVF-uMFS8jFKrxV3eSx1wvcDHwMoHqSyKwvdglxPG2Nk3QbeZUictCuryFTfmj72CJYc_2hILEftZZ&uniplatform=NZKPT&language=CHS
CNKI-20260826104047183.enw	Conference Proceedings	玉米大斑病菌HLH基因家族在其各个生长时期表达规律分析	赵洁 冯胜泽 赵立卿 刘星晨 郑亚男 巩校东 董金皋 谷守芹 韩建民		2016		https://kns.cnki.net/kcms2/article/abstract?v=hH4QDuxDhLT3ut_oQqlJlNc2qsgPZUVEqobAKgFqArkOpV0sTm2ryz94YFk9TRl_13Bgf30vCDWVyvGUWurd59JFbrTLzGsZqKAcCNoi8Z_Z74_rs-tylqsYJN5HNh5PtfCOtNFJIEzjuvVHJKeQ6SILuMX1NYCh8xiutwiFsJfdwO1qCsOKiT3ZHv5mQuv6&uniplatform=NZKPT&language=CHS
CNKI-20260826104047183.enw	Conference Proceedings	香蕉棒孢霉叶斑病病原鉴定及其生物学特性	杨佩文 番华彩 郭志祥 刘树芳 曾莉		2016		https://kns.cnki.net/kcms2/article/abstract?v=hH4QDuxDhLQneK-fVCFkCnEpQXf3guve-ULEWudgh0bwO6_RlbKydXKBrksAy06t4mC6ka0p68W4bmbDFzaemW9cAjPc4BCCjV3EmEBb594DlIYOhcx7eRUm1MsfR7M3B3smYYnEjThOxwmnHdwo1C6ThbtVBRyzVXkafgUCVDMOtldWpHcwB3t_ixQz6s_S&uniplatform=NZKPT&language=CHS
CNKI-20260826104047183.enw	Conference Proceedings	我国玉米小斑病调查、O小种不同致病力菌株的侵染规律和侵染过程中的转录本发掘	王猛 陈捷		2016		https://kns.cnki.net/kcms2/article/abstract?v=hH4QDuxDhLQneK-fVCFkCnEpQXf3guve-ULEWudgh0bwO6_RlbKydXKBrksAy06ty5bwrwNN-0pFIFZKsdfxzAsxqeTQQ0gMDdZx5fNPzxPuduygFkrn58rXAmDIgUWsQ8WawREm9VUOSTpqqWrNKZclQN9KDgEQJl_Cl_asJYBWmFiMp1iOzrxKM1v1oQbb&uniplatform=NZKPT&language=CHS
CNKI-20260826104047183.enw	Conference Proceedings	玉米大斑病菌中PDE表达规律的研究	李贞杨 于波 申珅 郝志敏 董金皋		2016		https://kns.cnki.net/kcms2/article/abstract?v=hH4QDuxDhLQcHzBure3riDg3It4T0fROqulv4xsnZoAEGWxjD6p0caQCMU34mhJHpRa-9McOoqdg051mucNBf7icm_aoKRxm__O0ZNTYBk4h6l3Kw9P1Dncgby5GTKgW7ej6H-H-fx0Z3CTOZwZHRYbQ1EOP79_2T-XD5vh9VKSL9-AlBhpCEAoYSpBWGRnL&uniplatform=NZKPT&language=CHS
CNKI-20260826104047183.enw	Journal Article	3种丝柏油醇络合物对11种植物病原真菌的室内抑菌活性	罗小勇 徐丹 杨从军 邢小霞 宋吉青	植物保护	2016		https://link.cnki.net/urlid/11.1982.s.20160802.1534.084
CNKI-20260826104047183.enw	Journal Article	浅谈福贡县子里甲乡玉米大小斑病的发生及防治措施	友胜军	农民致富之友	2016		https://kns.cnki.net/kcms2/article/abstract?v=hH4QDuxDhLRFetERPo7nae1PDroPiAbw12AjE4tzcyMtG-wnPmUp2JIWH96Zd9RAUQELjDU_GpzNzzETRCNMRpL1mSStVHQYeWFH4WnuMAJUcwOb6sZMes7s9SdlJA6UgLp6I_lvPAeuVP92Un1JQ4lgYzyr-7zBG7bn6qDleZgP17w31Wv_w93aWKk8LNm0&uniplatform=NZKPT&language=CHS
CNKI-20260826104047183.enw	Journal Article	作物群落栽培系统抗病虫草害机制研究进展	杨天啸 王永彦 崔党群 王同朝	中国农业科技导报	2016	10.13304/j.nykjdb.2015.551	https://link.cnki.net/doi/10.13304/j.nykjdb.2015.551
CNKI-20260826104047183.enw	Thesis	丝孢堆黑粉菌和禾谷镰孢侵染玉米的竞争性分析及其生防菌ZF1抑菌机制研究	苏前富		2016		https://kns.cnki.net/kcms2/article/abstract?v=hH4QDuxDhLR1dH1Ovq02Pr0AWdTEHG_JAlTcYmZ5JeyBLWRwPVsu28bnTmScOb3JLuMPwajDo3pz6yzTAF7Bv75NLbiyoYRnzT8E0b10IVgltK-Z6LyLsSjMOABpCZML4CHJYBqjIlX6gkbjh_QcKRpz_48DH5fNLa0P0MIAEdkF941gpl23kGyzaiqdOO4q&uniplatform=NZKPT&language=CHS
CNKI-20260826104047183.enw	Journal Article	综合防治玉米锈病多举措	姚振领	中国农资	2016		https://kns.cnki.net/kcms2/article/abstract?v=hH4QDuxDhLQL1CRDLBaMr2c7Ar-eOLMcjLcm9YtUKTBPuNHY8g1Dsm2QFrGxkaCeOL-d4PHsWaBMERIfrPbbQjWKWOXf3eoWEFzYlza4cXv30X2n90sm0ANrA3stIzt7mo3zgGb_xWY9jlcTml4q3oVxRqo0w2JNAbJNwi_MVCgR2BpueMWcBwiVBRrRNoh0&uniplatform=NZKPT&language=CHS
CNKI-20260826104047183.enw	Conference Proceedings	黄曲霉MAPK通路相关基因fus3/kss1的功能研究	杨光 李声明 岳跃威 张峰 汪世华		2016		https://kns.cnki.net/kcms2/article/abstract?v=hH4QDuxDhLRAMQBECoTgFR_A_RxXjiZ8AdEgH0VQ-STfKHkmOsJKhhhTTVY_AK5_n_21bwAyy6n6mTVnOyJNMefJ-kPCEOR4EACCeabitI9RRxHiT3FwMFSfCif-70xcbsaIHUaOSdKy5x5qe9WcOf5CqndvaBf8y0vAGZm_ZVvQCqSJSmR2ol08NZfAvm8H&uniplatform=NZKPT&language=CHS
CNKI-20260826104047183.enw	Journal Article	引起玉米灰斑病的2种尾孢菌生物学特性比较	刘可杰 徐婧 胡兰 徐秀德	沈阳农业大学学报	2016		https://kns.cnki.net/kcms2/article/abstract?v=hH4QDuxDhLQVokoMzKHK046TZIZT3DhuwROSGKlvdaXazn6U0-kE1bTbFrp7zj_JOy7VEJJW0m2O17eZcuUfXwxZCAc-NW7sVFVyNCvF9i3s83S_s4gd6moRXKOrVjEBlS_yErqDHMtvC2E63kGwFh_x-42ixHoa8XYLpQtuz0U7CjoSCt6b9T630IlusoOW&uniplatform=NZKPT&language=CHS
CNKI-20260826104047183.enw	Thesis	新月弯孢菌(Curvularia lunata)交配型基因克隆分析及检测	李国福		2016		https://kns.cnki.net/kcms2/article/abstract?v=hH4QDuxDhLT_TAsQmAz1Bnm6HvidQ28MZtFyadiVugfk8EiTXXxkr2dcgO1LcxIpoGuoYPwEUYp5p1QEc63bVW4fsrAAw375UxJ5c_lkH6e7cfrficXcCw-5fnQobp7YoUfMUJ2pptcS4DmaClnX-wmQW8p39k4NA93p9pxlUsPZd4q2OtP9GHBSpnk4EbTo&uniplatform=NZKPT&language=CHS
CNKI-20260826104047183.enw	Journal Article	玉米大斑病综合防治措施	孙国华	农民致富之友	2016		https://kns.cnki.net/kcms2/article/abstract?v=hH4QDuxDhLT_TAsQmAz1Bnm6HvidQ28MKr5rhvB1so7_RWNjeHoZ7DEGTc_TXJXUfsuMaSzw22FkpfCiEVagben3EdBYxS4xH8myGsaSrtfJoPAIdlZoQxXo2Vfzo0xfWZ7hAfmB5pW9Ugr5sqKFRYTLkcLeFVr-nrMdxbIPc50v-43nKLeYxy9KYmPerps3&uniplatform=NZKPT&language=CHS
CNKI-20260826104047183.enw	Thesis	立枯丝核菌内切纤维素酶诱导寄主的防卫反应	马亚男		2016		https://kns.cnki.net/kcms2/article/abstract?v=hH4QDuxDhLS019pF85ckBCJpSX99indXP2HsGb_1OzqS39e5fVV7c_EGB41Fq1Jl5JoUDUNI6MRCVbwHv0A6kk3T-CRzA8K7dq6lFxcVSTJHx61KdPPnMBosly-JJZ5P_RH0ycK40dSCiFvx-ARAxpUXsc9um9zo8UNCewv4FcJb_BdN8Qp9kBOWnZsb7QRq&uniplatform=NZKPT&language=CHS
CNKI-20260826104047183.enw	Thesis	柑橘木虱高致病性玫烟色棒束孢的固体发酵及制剂研究	刘亚茹		2016	10.27158/d.cnki.ghznu.2016.000057	https://link.cnki.net/doi/10.27158/d.cnki.ghznu.2016.000057
CNKI-20260826104047183.enw	Thesis	柔枝莠竹（Microstegium vimineum）自然种群致病菌多样性的调查研究	张兰广		2016		https://kns.cnki.net/kcms2/article/abstract?v=hH4QDuxDhLRsVcl7jS-hYbVqSdBAz_0YMuMtrpE5zf9D9eKPPzeLy9AnsOoNe4jbqDJlC_0WMqOqSTNbNuj1H0Bmh9QI0wKK_fbi4lQ_DMN-oVQlqO-PW4jsekTtAVE0BHs5071_bQSRJQYby_CeIo5duwJFxeg1SRk11LUcx1mVkpkOAXPvlbz0i-MP7SZ5&uniplatform=NZKPT&language=CHS
CNKI-20260826104047183.enw	Thesis	狭叶坡垒粗提物抑菌活性研究	熊婷		2016		https://kns.cnki.net/kcms2/article/abstract?v=hH4QDuxDhLROxLegGwi0dzNKncEsiP65tkFge4tlOvlyPO1JgQVsERPNyERcLAN_s71StZxw5Ng2yRDHHSxH1aMnsRKEo9v49o_neVuWQ89QKW-Y1jNXq5BLICL-npLWhG0PeZtWYJfZcTfhYktcZ6sKHUTvDVetG2JtTe3E4BxrOrb90yJhbKoger4mOn4v&uniplatform=NZKPT&language=CHS
CNKI-20260826104047183.enw	Thesis	菰黑粉菌T型和MT型菌株差异性研究及b基因功能分析	胡鹏		2016		https://kns.cnki.net/kcms2/article/abstract?v=hH4QDuxDhLSpLY01TRoAKHvdy5TbbVcQ7RzBSk5QZB1NNFmPcFS5UxkV0k8jBSyH7cHa2uyni4NOqo0uTjfTUuZSgjn_F9Y5888Hfk-3-UJOTGJFkqFtsbKx_ujHMfxflFbDok9n7rESdlKstgRCiqkavwYyOD8W6sIcJ5CsyNb1ngBYJJm8DJIP6yJw8t8L&uniplatform=NZKPT&language=CHS
CNKI-20260826104047183.enw	Thesis	高粱饲粮中添加复合酶和益生菌对肉鸡的生长及养分消化率的影响	唐千甯		2016		https://kns.cnki.net/kcms2/article/abstract?v=hH4QDuxDhLSpLY01TRoAKHvdy5TbbVcQ7RzBSk5QZB1NNFmPcFS5U04pM7BabfcQGGRbcwP-oWQAIIb9_l-UMl7xtD_xnjWGiRQ0uwTCnM6MZGJPyjaAqUvANbOEK7VioDdtaotFOX5so9_xz4JLmYvs0JT2oSRu910k6VZBSxlRA_LWnO5H3ljguhxphGLn&uniplatform=NZKPT&language=CHS
CNKI-20260826104047183.enw	Journal Article	一种玉米新型细菌性褐腐病的病原鉴定	顾沁 张昊 黄海 丁正 伍辉军 高学文	植物保护	2016		https://link.cnki.net/urlid/11.1982.s.20160529.0141.020
CNKI-20260826104047183.enw	Journal Article	肉鸡玉米-豆粕-杂粕型日粮中添加同维康对生产性能的影响	刘雅正 何林华 曹建东	国外畜牧学(猪与禽)	2016		https://kns.cnki.net/kcms2/article/abstract?v=hH4QDuxDhLSiG7v5o2uM1iD_PKe-6ZWIYmc2gKt3-0Sn0FhQT6dQjjUO5dcmIu8QrcsC5OTI_DeiOKaUItWpWC8X7F6_PIPOr_madak3QAy3eyGFpn36j6comhXrHSVonLJl83jEt3WMoC8rrSKp01Cx33paU_FfWQsveDPXAuSGal-oXo6NHeRi5ir0gDTQ&uniplatform=NZKPT&language=CHS
CNKI-20260826104047183.enw	Journal Article	降解玉米赤霉烯酮芽孢杆菌的筛选和鉴定	葛婵婵 熊犍 赵晨 申琳 张晓琳	粮油食品科技	2016	10.16210/j.cnki.1007-7561.2016.03.019	https://link.cnki.net/doi/10.16210/j.cnki.1007-7561.2016.03.019
CNKI-20260826104047183.enw	Thesis	芽孢杆菌AMCC100150防治黄瓜根结线虫病及发酵条件优化	孙尹双		2016		https://kns.cnki.net/kcms2/article/abstract?v=hH4QDuxDhLRWplcjRA5wqnIBmDJS6lQfPhPONC29984txsamsQYLiv7SGXpqdLA1xnvu0scvpS79QBSWRWRLfzRLDZHQdr1prZH3iGoKOBbDmgf_Pjns11gQDEs5Pa8Q6v-2ZYc6vk3gBPCagUhuzSHQaT5Z_kKK-heWuhOBZQBmsUHUo_2ychQc26QHM1Mm&uniplatform=NZKPT&language=CHS
CNKI-20260826104047183.enw	Journal Article	玉米茎腐病防治技术研究	李妍	中国农业信息	2016		https://kns.cnki.net/kcms2/article/abstract?v=hH4QDuxDhLRWplcjRA5wqnIBmDJS6lQf8zC62CX4GoJfFrLcaA6v1MudxaxXaS6CpkT-5PjC7IEFMdjTzPHU7q68dZDhuOm-Ua9SkmuUcvQF_zd8-W1Yq28zUL08PveoZbFq44qOoV3DQ-PUScA7ZW16Fka5Cvzziu2ATZzZMG36lYt_4ffc-c_yvWkfTfWx&uniplatform=NZKPT&language=CHS
CNKI-20260826104047183.enw	Thesis	固定化复合芽孢杆菌微生态制剂产品研制	阳桂菊		2016		https://kns.cnki.net/kcms2/article/abstract?v=hH4QDuxDhLR7LFpT2QfdkZBhGP96lcFtB6waztQc2rXfJ_ycfKZReJGd4VAoHYrj1o8DuhNQV4hFP_YF8s5Ru7hTCaKWxZMrlB3T6_WvY9G8n85cAjLWcaeER2lntwP3WAk855hYGul8CVX0FsB7DQv_Fhi0Ue96VLaqXSc0d_P-HLK1dD0j4Vqfc1zBdDTN&uniplatform=NZKPT&language=CHS
CNKI-20260826104047183.enw	Journal Article	金银花叶乙醇提取物对几种病原真菌的抑制作用	翟凤艳 刘快 杜丽娟 刘英杰	河南科技学院学报(自然科学版)	2016		https://link.cnki.net/urlid/41.1382.z.20160503.1005.020
CNKI-20260826104047183.enw	Thesis	枯草芽孢杆菌黄曲霉毒素降解酶的分离纯化、基因克隆及表达	贾如		2016	10.27628/d.cnki.gzndu.2016.000025	https://link.cnki.net/doi/10.27628/d.cnki.gzndu.2016.000025
CNKI-20260826104047183.enw	Thesis	9-LOX家族脂氧合酶基因ZmLOX3和ZmLOX12调节玉米抗病机制研究	刘诗航		2016		https://kns.cnki.net/kcms2/article/abstract?v=hH4QDuxDhLTV2CjOhale-b4pMacDWo8XcBWqElBi9f1z6FhYKkl_eK3cvC5u22SBK6S6w3o1sN_9qSUpwPc8nFWqI5zCtLpktXLVarO266Jb_2r1L7wkUN_aKnhhDEkqU7PlyiYuV7Q1E5chgEAc7qByXtyxrEy0VM9I3doPbEGlsNJ4_dikFzuwE1DWhMls&uniplatform=NZKPT&language=CHS
CNKI-20260826104047183.enw	Thesis	猕猴桃软腐病病原学研究	周游		2016		https://kns.cnki.net/kcms2/article/abstract?v=hH4QDuxDhLRAU0oWaRBjxMZaAxNwwL7GmLJeGqGlajJXXkiInmCkjzIDeYvJwZQY70rXHy5H10bNf_OUBR3h8IkRCzKnsn8zKBdtymG2eG1xe9cHgJQKuhvp0bknaD3pVZ7cyRCF-PveVCfWy6DBWXa2IRNgpcmRCoxzbWdIbRiRXUxPV_RcOTl7iNIqyOvx&uniplatform=NZKPT&language=CHS
CNKI-20260826104047183.enw	Thesis	红灰链霉菌HDZ-9-47生产技术及对土壤生物群落的影响研究	金娜		2016		https://kns.cnki.net/kcms2/article/abstract?v=hH4QDuxDhLQ6bebfYnCw3S9lF9y0PjSw4PdqqAb-iBqUbOkAr0C8CPSGNv0Oy_EB4FA7-oktw0sJJX3GdZoFO2at4z5MkmsnOnbok-mIkOzU8Bp4Lj4WUMfmAOUvY1mJsnQ0SYd7XFDb0ToAGIUFxwe75xzkH_Ysh8eZAQTjgsPtBJbnpJeHYzcwW3OdVYiZ&uniplatform=NZKPT&language=CHS
CNKI-20260826104047183.enw	Thesis	蔬菜根结线虫病生物熏蒸控制作用研究	卢志军		2016		https://kns.cnki.net/kcms2/article/abstract?v=hH4QDuxDhLSdhv9qo9724OHnyi4N70JOhVw4cpMv2KP3hF9HtaR0rYkEq43nPaXqpXVn3PzTzTQ82kZyDFeqVkJNkFT76mDHcjPpIV1IJZsm3CZqx14OW7OG99E9yTCDZWjkVBBCC3nAGvJ_gZaAkCHQHBtuboXw65eYs7mAJs2zg6FWi2__AC1FIVl8Fe3X&uniplatform=NZKPT&language=CHS
CNKI-20260826104047183.enw	Thesis	昆虫病原线虫保存材料的研究	马小雅		2016		https://kns.cnki.net/kcms2/article/abstract?v=hH4QDuxDhLQojPgGdfdmWRHke7OR2PfuOWGhpAS1VclzLTDJ7U-cl8TTo2cw5gtk9OrR8LhAI1qGZp6FlbcCvvADFyT5I5ZP53e_UDCFGC8GH-Yh3asI40gqUN7P7ASKwufw9Lb-ItDN3ti6byVxBO_Fh8xb-00vn7X3xk04SMn9afMB6g96KFK8Oxl0yQDw&uniplatform=NZKPT&language=CHS
CNKI-20260826104047183.enw	Thesis	22种植物病原真菌抑制剂的合成及机理初探	张驰翔		2016	10.27411/d.cnki.gscgc.2016.000057	https://link.cnki.net/doi/10.27411/d.cnki.gscgc.2016.000057
CNKI-20260826104047183.enw	Thesis	青藏高原和南极土壤芽孢杆菌的分离鉴定及其对玉米细菌性褐腐病的抑菌功能	顾丽		2016		https://kns.cnki.net/kcms2/article/abstract?v=hH4QDuxDhLTXTqzG-P5TxHIzIIOEfLms70ao70ta13am8JcKTriGjnAC9u87gBwT63AAS9DLNydMWjGTIq9OGV8AtPfsbS5FvPEFtQp0k_R5PTFq-3CJA9YpS1YvdAw8fDuhurLOY-XeWOjpqPYiGG02cpdMcENY1JAuoPKr-dyS7g5LrtA0aokOJxaHgJyc&uniplatform=NZKPT&language=CHS
CNKI-20260826104047183.enw	Thesis	山东小麦赤霉病菌的种群组成和毒素化学型鉴定及对杀菌剂的敏感性分析	高先悦		2016		https://kns.cnki.net/kcms2/article/abstract?v=hH4QDuxDhLRKiZQlLPsIXrzeLEqlKa_tmY8KUyUS2LtG-DCCXq5fCoziEYOv-gtiBLqJ_2vCQXzlioTEOhuBm6psYcMFFnNVdwDFp6eqIrlojs9gM_SxECaYCPe0Wx_SnVZIHaPawK3BeoMUuI-Mlj0ky1g3kDJJDnNhFaso4zSxcX5QQWJKsJgZSeut1Dpu&uniplatform=NZKPT&language=CHS
CNKI-20260826104047183.enw	Thesis	红色荧光蛋白标记层出镰孢菌(Fusarium proliferatum)遗传转化体系的建立	陈晓霞		2016		https://kns.cnki.net/kcms2/article/abstract?v=hH4QDuxDhLRKiZQlLPsIXrzeLEqlKa_tmY8KUyUS2LtG-DCCXq5fCmjvS6SdIh5qTNdiIREQXq6YwCMPb1dXm0acDC_NiC7Y3t0k9oSxr5bG9CpZcuoyhuPmLU0uLWK79vYV89YRhDi41XhARMa6peA2pRCq2enTSJhIltwLMi9zAKeXUqk96LAcfl3wUueD&uniplatform=NZKPT&language=CHS
CNKI-20260826104047183.enw	Thesis	构建香蕉枯萎病拮抗芽胞杆菌多重筛选体系及防效研究	曹智淳		2016		https://kns.cnki.net/kcms2/article/abstract?v=hH4QDuxDhLRra5GcuD6z1q-kQ7HUNFuQOI1IZt0J_tQZQFb0vaaqvlGG-igvMwSgN931-XP5PRIGQbN5mB-V0MMvnaEmCf85oahjIVsfikmbOIxCSvZXtT-OQ-HyiuXCzPV9wXWhcCyD10X3wdaphFHWJ-9T53eYY_PhZj6HVkrNJSBV5K74_2xU0NqSL5zT&uniplatform=NZKPT&language=CHS
CNKI-20260826104047183.enw	Thesis	山东省玉米青枯病病原鉴定及生防菌株和化学药剂的筛选	张艺铭		2016		https://kns.cnki.net/kcms2/article/abstract?v=hH4QDuxDhLTL9DP4_BYEHE4ztMou7JJyTyNJKisepGbOHvnSivc-BsqH4rNUxjaz_fF7LBbguEEK1LfFzAqKKQZdWcxHjnzclMGRKObhLo7CbS7NJ-_BZVxaNxcTu9VGlAAXodHr9uFeFaiyWktRakUe3wlQskG1MaAQ9KoMxIcNZHirfjowaqOFVMCwJIHD&uniplatform=NZKPT&language=CHS
CNKI-20260826104047183.enw	Thesis	两个玉米纹枯病病原诱导启动子中核心顺式作用元件的鉴定	陈静		2016		https://kns.cnki.net/kcms2/article/abstract?v=hH4QDuxDhLTiWkDdAZLuE6dSZmxiCqVPojHXKE3JoBJ-KdaKFGpInybbUNfXPK7f6fbfbqAQECgtw7xOh7b0u6BU4jkNtL8V083jF58r_jhhD_xazLOlHd1QJDF6bP6l4WphpaKsbGiuAGun1eYMl2YgkP-yz85RYikhDrAiNTCe5O45EQiQil8WLiSFYRa6&uniplatform=NZKPT&language=CHS
CNKI-20260826104047183.enw	Thesis	杂环查尔酮缩氨硫脲及缩氨脲衍生物的分子结构设计合成与表征及其抑菌活性研究	高素美		2016		https://kns.cnki.net/kcms2/article/abstract?v=hH4QDuxDhLQdt0vKiMhMOyQxKqyh9X6KzFH54DUC7ElC-1JfMDX8uF-zhE-GQpB7bmdmVainI7fVr1PHYZ6U5CZ54lcYYa5g3MpMjnGlv7ksu9xHRG-RBPPTFwbsLiFYBm0bXISAt9tXl1QQpOdzkQTU7ONlzBjHD6-nmxZmtq9dYc4qXgFoJwUKIhmL3ZAB&uniplatform=NZKPT&language=CHS
CNKI-20260826104047183.enw	Thesis	黄淮麦区小麦根腐病菌遗传多样性分析及品种抗病性鉴定	胡艳峰		2016		https://kns.cnki.net/kcms2/article/abstract?v=hH4QDuxDhLRmp5DP9EDH7N0pCpoJrYSIc3mFelv43vYPBoOMCSa7MBOuvn73oUW1xp-fiC60C2lGkHL7WdoZhhZNR3a1-nJA_rxQR0TCUZg6FoW6p0ykzkldD0xdY6FYpQ4j8rio3Fg1iwiBPLEJkBFw61UdkP-9NQ4XEMCT553MDP6MVyT6aoIMxlS4yTl9&uniplatform=NZKPT&language=CHS
CNKI-20260826104047183.enw	Thesis	冬青卫矛内生菌的分离及其活性代谢物研究	曹艳		2016		https://kns.cnki.net/kcms2/article/abstract?v=hH4QDuxDhLTlNNvv-2oMWBykcfhSbWKnnJxE7HnUHGEbrh9AFmkkzehe--ACuO4p8p570f8I79FNSVH_KgdtyOZk6XQ3NTvJt2wmBNpaDawQax3IFWrtGdtHBosYap9rgkWckg55pNAapArF9ZQNd-kK7sgOmTop4bHxAtwWD61Z_16QpnK5msSF8hd_yXSZ&uniplatform=NZKPT&language=CHS
CNKI-20260826104047183.enw	Journal Article	环县2015年玉米大斑病流行原因及综防措施	敬克农 郭满平	甘肃农业科技	2016		https://kns.cnki.net/kcms2/article/abstract?v=hH4QDuxDhLTlNNvv-2oMWBykcfhSbWKnjtbGLTV6mHmVkT9J2rmrN0OigIzt3Ys65ULAAcNh0VqOZ6FT02t1kb0GkzoZliOmTQAeOt_3iHtxChc-LI0PId7o2VXEXz2XzOR5GAot9QqrgNSgYmi1kGAJkigzGc1M2beHP4PyhCVglEbo6Lxjya_zRiEX72ry&uniplatform=NZKPT&language=CHS
CNKI-20260826104047183.enw	Thesis	降解玉米赤霉烯酮芽孢杆菌的筛选研究	葛婵婵		2016		https://kns.cnki.net/kcms2/article/abstract?v=hH4QDuxDhLQP7vO7pAwAh7fUWf0jlBJA9uksT7asdztL62ee4clDWiEC7_fOZDUKsByj5wRR5mz0UWepK-4EurZut24RlelmWICjrWPE7uwzs_pgOilLq6qieyC7S7rBfdj59PM-5ziFw98H4y--u3ptfdOc2bEkFWG1hSMJv88Jbbr5_ngNisJuZz-hFJ7a&uniplatform=NZKPT&language=CHS
CNKI-20260826104047183.enw	Journal Article	东北春玉米大小斑病的防治技术	孟玲娜	中国农业信息	2016		https://kns.cnki.net/kcms2/article/abstract?v=hH4QDuxDhLTHE5zKcV6O0p3K3-80b62I-0WNwBw6PAwCHW78QUVzhvwpYZP_UBc6Hl53Rn35tBb_5I8n8FBPjQe9Hk2w_dMdXV1DYAtefnsf0_PfD7DbktdeChGZynWEaWVi9of435l-8qnZyFJAjoqpJNlcsg1Sud-4iYfhcDF-i3tB5F9vcC8Ijl9MCx2q&uniplatform=NZKPT&language=CHS
CNKI-20260826104047183.enw	Thesis	甘蔗响应SrMV侵染的转录组研究与病程相关基因挖掘	凌辉		2016	10.27018/d.cnki.gfjnu.2016.000155	https://link.cnki.net/doi/10.27018/d.cnki.gfjnu.2016.000155
CNKI-20260826104047183.enw	Thesis	广西地不容内生真菌及其抑菌活性物质研究	卿朕		2016		https://kns.cnki.net/kcms2/article/abstract?v=hH4QDuxDhLT40dO-d3YmrOV9OHHewa85HbrOs5SG1Kk-tLoggNcMT23RN66nJMUxLdcIRLRu_dVGE-9XwhpYzF9Iahw9_hRnD3YcoRyyU7VgoYr9P-NE3Rd2kbA3AjHr0d00ttF4CYxuxd3Fluwu0P4-edWKOKchEW1nGsVQXGXb5RRUehsA2Sn5KbBr9CSh&uniplatform=NZKPT&language=CHS
CNKI-20260826104047183.enw	Journal Article	青龙衣提取物的抗真菌和抗肿瘤活性研究	段燕玲 魏晓璐 任先伟 刘丽 冯悦 夏雪山	食品工业科技	2016	10.13386/j.issn1002-0306.2016.13.007	https://link.cnki.net/doi/10.13386/j.issn1002-0306.2016.13.007
CNKI-20260826104047183.enw	Journal Article	浙江省玉米纹枯病病原融合群鉴定及致病性研究	韩海亮 谭禾平 赵福成 包斐 苏婷 王桂跃	浙江农业科学	2016	10.16178/j.issn.0528-9017.20160324	https://link.cnki.net/doi/10.16178/j.issn.0528-9017.20160324
CNKI-20260826104047183.enw	Journal Article	对新疆博州地区绵、山羊流产流行病学调查报告	肖开提·阿不都克力木 阿卜杜艾尼 苏里坛 米吉提 阿曼古丽·加孜 热依汗古丽	新疆畜牧业	2016	10.16795/j.cnki.xjxmy.2016.03.011	https://link.cnki.net/doi/10.16795/j.cnki.xjxmy.2016.03.011
CNKI-20260826104047183.enw	Journal Article	浅析河西地区制种玉米锈病流行的成因及防治经验	李梅	农业科技与信息	2016	10.15979/j.cnki.cn62-1057/s.2016.07.045	https://link.cnki.net/doi/10.15979/j.cnki.cn62-1057/s.2016.07.045
CNKI-20260826104047183.enw	Journal Article	枯草芽孢杆菌防治玉米纹枯病的初步研究	毛腾霄 叶华智 秦玉花	中国农学通报	2016		https://kns.cnki.net/kcms2/article/abstract?v=hH4QDuxDhLTSdXE7M9LfNk2xYbf2i1seOA_nc6C0yDyqEuw9oN8CSU-gkJziSpM8QKjJvrb2w6TMO2v0QAKXreuiSHkeIl9qhUHvBbf8TOiR-zBHv1jBx25xMqTzxU0NdznbMkNbjUQ-YCqa07ha4yNTpMmcDDYF8RJXwG7h3YUBnER_Mk0OUurwEH2sgoXT&uniplatform=NZKPT&language=CHS
CNKI-20260826104047183.enw	Journal Article	禾谷炭疽菌CFEM效应子的生物信息学鉴定与转录分析	井忠英 王国梁 刘文德	植物保护	2016		https://link.cnki.net/urlid/11.1982.s.20160128.1051.026
CNKI-20260826104047183.enw	Journal Article	浅谈泸水县鲁掌镇玉米大小斑病的发生危害及防治措施	王宇福	农业开发与装备	2016		https://link.cnki.net/urlid/32.1779.th.20160127.1050.186
CNKI-20260826104047183.enw	Journal Article	玉米线虫矮化病病原鉴定	郭宁 石洁 王振营 王晓鸣 杨代斌 陈捷	植物保护学报	2015	10.13802/j.cnki.zwbhxb.2015.06.004	https://link.cnki.net/doi/10.13802/j.cnki.zwbhxb.2015.06.004
CNKI-20260826104047183.enw	Journal Article	小麦全蚀病菌拮抗菌Bacillus methylotrophicusZ-9菌株产芽孢条件优化	孔少元 吕纪涛 张冬冬 王世英	河南农业科学	2016	10.15933/j.cnki.1004-3268.2016.01.019	https://link.cnki.net/doi/10.15933/j.cnki.1004-3268.2016.01.019
CNKI-20260826104047183.enw	Journal Article	简述常见鸡呼吸困难疾病的鉴别诊断	安玉国 胡明江 石勇波 陈志明 付光辉	吉林畜牧兽医	2016		https://kns.cnki.net/kcms2/article/abstract?v=hH4QDuxDhLQzzibJaywF4z6IXvc9LTa4PU2hMiyIjSQ-eAkKKS8h_ZgvGA8CUPCebQfzJfOnTSHUsT3zm8Pl9N0Lt-xIa8qyXuNj0AdNLeMVaEAxN5omAHE0gxqoKktFwbLht6yONhuTFGgMGHlrWSxUFA9t6Ts4FUZwlzHVto17vUl8o050WMo9MNFFPq0E&uniplatform=NZKPT&language=CHS
CNKI-20260826104047183.enw	Journal Article	玉米瘤黑粉病的危害与防治	边亚辉	河北农业	2016		https://kns.cnki.net/kcms2/article/abstract?v=hH4QDuxDhLQzzibJaywF4z6IXvc9LTa4PU2hMiyIjSS_6avYY5U_hQNTClHYRtGrvnmIyhmfqQ9rrlN7yJYZV-sNDOmK7uTBcASB2XSo1x_mbJE9zcHuPHjoV4wfSqn-_Dne3a4jXiIKZEeOJZf_shI9kCEZS7CI8SFeD-Pr76w1aVBsZISKDQp7OSu0bgaP&uniplatform=NZKPT&language=CHS
CNKI-20260826104047183.enw	Journal Article	半坡乡玉米纹枯病综合防治策略	刘礼兵	农业与技术	2015		https://link.cnki.net/urlid/22.1159.s.20160110.1057.808
CNKI-20260826104047183.enw	Journal Article	巴东醉鱼草提取物抑菌活性研究	谢玉峰 张秀云 魏志平 沈静 王永宏	西北农业学报	2016		https://link.cnki.net/urlid/61.1220.s.20160107.2054.040
CNKI-20260826104047183.enw	Journal Article	玉米粗缩病的发生与防治	张新龙	现代农业科技	2015		https://link.cnki.net/urlid/34.1278.s.20151229.1308.154
CNKI-20260826104047183.enw	Journal Article	复合菌系的构建及其对玉米秸秆预处理的研究	魏如腾 侯红萍 白春艳	食品工业科技	2016	10.13386/j.issn1002-0306.2016.05.026	https://link.cnki.net/doi/10.13386/j.issn1002-0306.2016.05.026
CNKI-20260826104047183.enw	Conference Proceedings	玉米大斑病菌中GPCR表达规律的研究	李贞杨 于波 申珅 刘宁 郝志敏 董金皋		2015		https://kns.cnki.net/kcms2/article/abstract?v=hH4QDuxDhLTJCge4COM29uyjkTTn230I3sgfsUbqpJipTI9djrkHhENELnu5utwmTm_sVZCfi3nKjcufKeWGDswEG1uWqRsccZaKrM35NctbBRdyEtTez-Sh6JtAnBNrAtyz7gx3TP8DLzUIdrJ2IsbWbvOYPl2ld2VsjSmLIFpdQaw1dA1Us9rN2hsgsXbe&uniplatform=NZKPT&language=CHS
CNKI-20260826104047183.enw	Journal Article	蟛蜞菊烯酸钠盐抑制植物病原真菌菌丝生长活性研究	李守婷 周艳 麻兵继 阮元 李文	河南农业大学学报	2015	10.16445/j.cnki.1000-2340.2015.05.013	https://link.cnki.net/doi/10.16445/j.cnki.1000-2340.2015.05.013
CNKI-20260826104047183.enw	Journal Article	玉米瘤黑粉病的发生与防治技术	唐小川	农村实用科技信息	2015		https://kns.cnki.net/kcms2/article/abstract?v=hH4QDuxDhLTWvz_vl5FmcYeqcsE1rZTOF4xUDO28z-g7DgKPuI0UmRbRDO3TOCB0Wsapbs8Lcg5LFTmXqF2c8NWBsjxClrvCsjnmuDUho1SRL0GAEhFFe8sq-kpDyD504LjOtbUxmFfxuHg2Z4C5s2j5p1YP1u2Xpl0TkU7C6nckslQrSNlyokCT9Vl1nujT&uniplatform=NZKPT&language=CHS
CNKI-20260826104047183.enw	Journal Article	单端孢菌素对几种作物病原菌的室内毒力及田间防效	杨佩文 番华彩 郭志祥 白亭亭 金桂梅 文孟良 李元广 曾莉	植物保护	2015		https://link.cnki.net/urlid/11.1982.s.20150929.1107.016
CNKI-20260826104047183.enw	Journal Article	玉米青枯病的研究现状	崔巧爱	中国农业信息	2015		https://kns.cnki.net/kcms2/article/abstract?v=hH4QDuxDhLT9KQ8uA2PupdUZx1bCp4nPcfZ6tzSM6iXYZF2iR9_nchl5j4DFOx4V2HauaRnnG7wKL06TcErKlOT_76NkipcgqC5l8tTorrNIdloG_vYODykB600uGYIblM7j6a8pmF76kB35znBJNGlmJFk9DqNORBpkRLfad0iNQsn8TlyfnJld1BePiGYe&uniplatform=NZKPT&language=CHS
CNKI-20260826104047183.enw	Journal Article	冬青卫矛内生放线菌Streptomyces flavofuscus G1发酵液中抑菌活性成分研究	曹艳 魏少鹏 姬志勤	农药学学报	2015		https://link.cnki.net/urlid/11.3995.s.20150924.2049.002
CNKI-20260826104047183.enw	Journal Article	2种中药植物提取物抑菌活性初步研究	钟慧 钟勇 卿朕 周秋艳 邓业成	河南农业科学	2015	10.15933/j.cnki.1004-3268.2015.09.016	https://link.cnki.net/doi/10.15933/j.cnki.1004-3268.2015.09.016
CNKI-20260826104047183.enw	Journal Article	解淀粉芽孢杆菌抑菌活性初步研究	杨帆 李新民 刘春来 王爽 夏吉星 王克勤 刘兴龙 邵天玉 徐充	黑龙江农业科学	2015		https://kns.cnki.net/kcms2/article/abstract?v=hH4QDuxDhLRM8dRJQi7z0rkyT3shj2U682P73YO7tH38SFN0z0L2a_kGhOgDW3x_p13XW0UQTLQ3XvmD9DarEbZLqqg3rrkgxuzZJmDycVUqHwrCOJxXCY2_gkyo1OwVWwG4nbptFgtXKCn93QDPa9Sr-DATKgs-BT2OHHLxitb1qN9EO_T3PAN9Q3nJFvHW&uniplatform=NZKPT&language=CHS
CNKI-20260826104047183.enw	Journal Article	河西走廊制种玉米生育中后期叶部真菌病害诊断与病原初步鉴定	陈广泉 闫治斌 陈占伟 郑天翔 邢会琴 张建超 费永祥	玉米科学	2015	10.13597/j.cnki.maize.science.20150427	https://link.cnki.net/doi/10.13597/j.cnki.maize.science.20150427
CNKI-20260826104047183.enw	Journal Article	玉米内生细菌-解淀粉芽孢杆菌Y19-RifM在玉米根部定殖能力的研究	郭力维 吴毅歆 何月秋	玉米科学	2015	10.13597/j.cnki.maize.science.20150423	https://link.cnki.net/doi/10.13597/j.cnki.maize.science.20150423
CNKI-20260826104047183.enw	Journal Article	烟粉虱病原真菌IfB01菌株的鉴定及产孢条件优化	张博文 邹春华 董廷艳 胡琼波	华南农业大学学报	2015		https://link.cnki.net/urlid/44.1110.s.20150727.1455.025
CNKI-20260826104047183.enw	Journal Article	河西走廊制种玉米病害名录	雷玉明 闫治斌 郑天翔 王栋 王玉萍 谢军 柴文玉 杨芳兰	长江大学学报(自科版)	2015	10.16772/j.cnki.1673-1409.2015.21.013	https://link.cnki.net/doi/10.16772/j.cnki.1673-1409.2015.21.013
CNKI-20260826104047183.enw	Journal Article	彝良县玉米灰斑病发生规律及防治技术	陈吉祥 李世馨 陈仕琼 黄采凤 李永青	云南农业科技	2015		https://kns.cnki.net/kcms2/article/abstract?v=hH4QDuxDhLSpi4GOLA6YSECqsUAl1haiYci-6kFWVL2M4KXjOepkjXY0j05I_5IyWB_sNtF-h_r9Vevn3Au8IG0BRgMfxacL8F7hoARrdi-hT-hquhc--suAr49SDi1OtXQWzhuFIi5ock0RzuzO9W18siAMuu0tiqOWCll-iEM1nzPnBBQQe0Dd2oN7CxqY&uniplatform=NZKPT&language=CHS
CNKI-20260826104047183.enw	Conference Proceedings	玉米苗枯病病原腐霉菌的分离与鉴定	银玲 田迅 李依韦 冀照君 赵汝		2015		https://kns.cnki.net/kcms2/article/abstract?v=hH4QDuxDhLQXz1Q3d-eWW_ysr6aF5pRsMy7ndeW78zdtgFqS74Qo2ZMPrq7ywO-DFw_PUZsr6HLrWoJQ2dXYoe_dMBXTNfaz-5UFrj8eQq2qDll9iP4uTxuV2b-5_GyLzQkLHUXfI_EmgkzQWso4egpNLQTybujN3jXGenVGyvrIW3pLwNeHPFHo4qlOXTKR&uniplatform=NZKPT&language=CHS
CNKI-20260826104047183.enw	Conference Proceedings	球孢白僵菌08F04菌株对不同植物病原真菌的抑制作用	李永辉 张洁 袁虹霞 李洪连		2015		https://kns.cnki.net/kcms2/article/abstract?v=hH4QDuxDhLTlxjAjNh7zex6o6q7X3aU8vKi4P_xiHA3o9an_VZqN-Rkl_TX_O3IAAy3o2HPAsyp9Q189cW2CBy9-vjQ-JN-_SfiHjdsCY-0xZDsmI2zn_G86t1QR6ViJ-yIzw9kDe1tRwcuS7Q8jxlVPWB3uxjXvb1Y8_tfA1EFjkAnqpbKPIui626WvI5iP&uniplatform=NZKPT&language=CHS
CNKI-20260826104047183.enw	Conference Proceedings	玉米弯孢叶斑病菌Cu/Zn-SOD基因敲除载体构建	闫丽斌 肖淑芹 李辉 路媛媛 李国福 薛春生		2015		https://kns.cnki.net/kcms2/article/abstract?v=hH4QDuxDhLRaR2HjNWRK3j5IA20Ape3lFbd_2hRqo4u7NRWQo5HCNqodYhETFq6v3Ior5yqOSRX00UaotKCOX9xRj9H9gnaY1eWTKol2pWEV-Ij4WUJqYOWgjk25fsWhhIDT8Wdk5JHyt9cbca3Jjw9bLJxpENGUCmoyvebL11EenMTj6nnTlGjbdzGvAgNH&uniplatform=NZKPT&language=CHS
CNKI-20260826104047183.enw	Journal Article	土壤拮抗细菌的分离与抗植物病原真菌活性初步研究	刘春来 李新民 王爽 夏吉星 杨帆 刘宇 苏宝华	黑龙江农业科学	2015		https://kns.cnki.net/kcms2/article/abstract?v=hH4QDuxDhLT4BW3RxrEEe_pJBCN43Cdr9WMw5d9PVelvlZFo4bQrmAuBwQjSa6HTcjaBeZccjjR4JNGPeSFo9EU-9wcyWYFlTHoCWuOsn27sJ9H1Nuziq6G6gjce7_CfFIIwjL2fTAdazGxNDYTXyjxa-d0OJTwBhsXMQ_EqTRIHQnP9-a9TKkJxsTvzk-9_&uniplatform=NZKPT&language=CHS
CNKI-20260826104047183.enw	Journal Article	玉米黑粉病测报调查办法探讨	买新红	中国农业信息	2015		https://kns.cnki.net/kcms2/article/abstract?v=hH4QDuxDhLQc9ylvYM9KweMKXUKc7C0LeGujMOqZK4LbCRmFHyvF6K-K4xWgm5u6W73RkA6WQjn8CVZQSGOBnSNhAWWYqoOj7g9zc1mtpeTs6jMf6p_WnLn7mHsjHS0Er_qMccO9cUSJbIIqTbp798nQxxH8r-ehqCowiopbgIVvqFOBfLNoz9yol6_VPB0w&uniplatform=NZKPT&language=CHS
CNKI-20260826104047183.enw	Journal Article	芽孢杆菌QC-13对咪唑乙烟酸污染土壤的生物修复	金雷 成明根 孙斌 刘慧涛 孙纪全 黄星	江苏农业科学	2015	10.15889/j.issn.1002-1302.2015.06.099	https://link.cnki.net/doi/10.15889/j.issn.1002-1302.2015.06.099
CNKI-20260826104047183.enw	Journal Article	浅析玉米黑粉病的防治技术要点	刘树新	农民致富之友	2015		https://kns.cnki.net/kcms2/article/abstract?v=hH4QDuxDhLQWIEBFH6epDYu2LCEKssBmvaJVjELdMFjoSk4kxDW8fk9KgrX3Hb-0m0oJGWoC8WqnbU3T-mQUXe8Fizusvm96hDXMTJNnSzX0WKQwtd3JGd8yP0oujxqjc-mg0jpH_A43TKcJ7I8f2kVg8gsAxm77Fh_lKTnlfvTCguhYtBJvJCwkY7qGuafK&uniplatform=NZKPT&language=CHS
CNKI-20260826104047183.enw	Journal Article	玉米病毒病的研究进展	李秀坤 刘昌林 周羽 雍洪军 张德贵 翁建峰 王振华	作物杂志	2015	10.16035/j.issn.1001-7283.2015.03.003	https://link.cnki.net/doi/10.16035/j.issn.1001-7283.2015.03.003
CNKI-20260826104047183.enw	Thesis	镰刀菌和黄曲霉菌生防菌的分离及拮抗机理研究	宫安东		2015		https://kns.cnki.net/kcms2/article/abstract?v=hH4QDuxDhLTnM0oS3wbVGivYu53hyUhnmePFxgyYSRUWTYl37RZqn089uOh9sYNcd8xcVe9xYriOfTQq70Iuc79D5foGUYoBzSOwIcN-CG71jgMO0odEhKuhfNR3OxHiddaeCTKfDDUGMsKUEnoAmiAd8K_dSiP5pj0l8gO7r13fJufKv8n3i_WuMdWamE_9&uniplatform=NZKPT&language=CHS
CNKI-20260826104047183.enw	Thesis	抗植物病原真菌放线菌的分离筛选及其所产活性物质的初步研究	陈末		2015		https://kns.cnki.net/kcms2/article/abstract?v=hH4QDuxDhLSBZCQC6NwPC3yrpOVLFebQeE4x2b6esfcJh5X_bXycoN5dBw3H-proEesE69W3lF3Ts8KoRnAAaUyVdjSDfrp65a4eqYUzIP27Z9Vodr7VBuv99WtqWZ33463cnDTzNSkPMfO_cn31KxMrWDvCkM_lr-HsUV8qw5yIE1ZEHfVUWwD2hFpivdPU&uniplatform=NZKPT&language=CHS
CNKI-20260826104047183.enw	Thesis	水稻弯孢叶斑病病原鉴定及流行学研究	徐辉		2015		https://kns.cnki.net/kcms2/article/abstract?v=hH4QDuxDhLSXOoQHCzcFVQXfIH1mIx4Z3obg5fVfEtpecU59rEpBFw5TxoJlZTB0nsyKga--w2l29-VDyFm2JzuAtjsHBNTKiKiujlMcx91EJexNkfSh4nCHs4RdZG7htmp7KWZdd750I17Vgsx-AK6wRJ1DSvU9a1GcIc4D0kPRT-HfI8NDajngNZPFU0UC&uniplatform=NZKPT&language=CHS
CNKI-20260826104047183.enw	Thesis	布氏白僵菌和黄绿绿僵菌对几种植物病原菌的拮抗作用研究	何超		2015		https://kns.cnki.net/kcms2/article/abstract?v=hH4QDuxDhLTDKQ9oALhqX56E58cQW6E758_7e_1pxYO1j4Lq-P3ufmjlwDiVn0NA9ymS79yOEzGqb3ZYOTsU_Vhs4B7Wy9OYWPFuqCluvKGG-miXq2JqBrI7ZFMIhb-lUS-Ryg4sxTCAILDMfiOp_BpJU1guKL5HC1_I4boW7Fhg7kVPmOCt9y2vsqOWRIIO&uniplatform=NZKPT&language=CHS
CNKI-20260826104047183.enw	Thesis	药用植物内生真菌的分离及其抑菌活性筛选	张冬静		2015		https://kns.cnki.net/kcms2/article/abstract?v=hH4QDuxDhLS-QypHqiwA2vE82rMS-wcOYXFNjYEPInlIXJKvC2tS_p2jlEI_K8CUzDlXsh9KvfT0DGKU0r8yiF0lhJ6fZZ54nofm9Ay2CRcCI3z8Okf0Dgv28JB-21bwoyi4_nleSA2cRaxsqgR3e2n0PqtA-32BWD-Zsl5qd_X6UgKnyo_IrqBrHqes1fAT&uniplatform=NZKPT&language=CHS
CNKI-20260826104047183.enw	Thesis	放线菌BZ45代谢物抑菌活性研究	赵玉海		2015		https://kns.cnki.net/kcms2/article/abstract?v=hH4QDuxDhLS-QypHqiwA2vE82rMS-wcOYXFNjYEPInlIXJKvC2tS_jpjR_YYKOtnlxq7HBxaBMUzD-qOHeBAxXnuysZmTuroToM-pW6_9d9rVxv5h2D7xfOS5202l_WEpd0O0PU9L4PhapbyR_swYA7fHSYpgdH-YfDk3anWgHG-NAWGN9yXpV6ZQp5AOMgF&uniplatform=NZKPT&language=CHS
CNKI-20260826104047183.enw	Thesis	玉米穗腐病病原鉴定、产毒条件及田间防控研究	姚瑞丽		2015		https://kns.cnki.net/kcms2/article/abstract?v=hH4QDuxDhLSkxVanXb-VMUX2EI77xnw625bFSBMcEWH_ai8uOwdC-6sxa-zfrVGprF4pNEBeOr_gIJK9kHRRnI8VW2zqguFn28YChkOTH4rubTNDMgdgC6J6U9u5k-EA1RmHMevBJJXoRINsoJzJHA_OvVaZgGhBhU5jV9RU1LxZ-HzQBqDmhZ47lrtwCJQb&uniplatform=NZKPT&language=CHS
CNKI-20260826104047183.enw	Thesis	玉米大斑病菌Homeobox基因家族的全基因组鉴定与转录因子StStel2的关系研究	王玥		2015		https://kns.cnki.net/kcms2/article/abstract?v=hH4QDuxDhLT_wAFpmSwUfIpWoNaG3Wg1_-81JiqN5GvXu_ipMAD9sLBvCJjRPKzVJdPuaIbCO2oZgTuUTaSbzd4W_xBnqhgBsNE1PJd9c8I7nl--h99HSTkS3K2jAAPHoucawJ_ObERrGv1yodXf_VW24OTD_nLwJoth218BHiX6E73ZgYiUxCTtGbx-L3Pf&uniplatform=NZKPT&language=CHS
CNKI-20260826104047183.enw	Thesis	层出镰孢对玉米的致病性及其机制的初步研究	王宽		2015		https://kns.cnki.net/kcms2/article/abstract?v=hH4QDuxDhLSrm6-Krv-RqAwFYE-ioiclVOLrQ3QGnW5bUFa3N1nNZSffcus1V4xdr5mr5I4KWnesauiJjuMTZcd2WULChWLpoFzHZyAmpeCmyXaVhCm8U4QidYS7TYedZi9Vm2wAt0gDwUWyWtb-3Af3UOPm-FKVnY-wmPM3lKJo_-WyxgGGYeuyfn70YrjP&uniplatform=NZKPT&language=CHS
CNKI-20260826104047183.enw	Thesis	产酸芽孢杆菌的分离筛选及对玉米秸秆的微贮效果	杨继业		2015		https://kns.cnki.net/kcms2/article/abstract?v=hH4QDuxDhLSJAYZD6D-M-t2mYdDBnlt5hQz26TpWGQ0NSyADZiRE_QzMDjp-puoRuRfMpDhVmFWdCtUP0huOjv0vqHhXlr1fqze8PpaDGhhdGtXDVMAU50Uawip-kkI61V0mMNZZZ4gNa9I_M1hP57q2peT4z9Va53j4Rke7b3q8WX4HGomH4-NaSSSWDPjW&uniplatform=NZKPT&language=CHS
CNKI-20260826104047183.enw	Journal Article	玉米粗缩病概述及其防治措施	苑鹤 刘玥	北京农业	2015		https://kns.cnki.net/kcms2/article/abstract?v=hH4QDuxDhLSpPGbo4iZf5rivc_3udgO3-e4zIk09cjw-P6rGpGB5naUuuZpckWBoBdYq1Zo3UNMD1fjg-DWkNwADLkJjCWsedKWXwc45NktqaAem5066rqfKipm_hwTQDdX60sJOsl9I7TzQVpbw7eCZ5Hq_sLGIiTg8yJ6EizaW3_JbOacxWbhfa4yG_yfT&uniplatform=NZKPT&language=CHS
CNKI-20260826104047183.enw	Journal Article	降解玉米赤霉烯酮的芽孢杆菌筛选	葛婵婵 熊犍 赵晨 汪洋 申琳 张晓琳	粮油食品科技	2015	10.16210/j.cnki.1007-7561.2015.03.021	https://link.cnki.net/doi/10.16210/j.cnki.1007-7561.2015.03.021
CNKI-20260826104047183.enw	Journal Article	黑龙江省玉米大斑病发生与防治技术	于涵	现代化农业	2015		https://kns.cnki.net/kcms2/article/abstract?v=hH4QDuxDhLQIqaC7_GjxAJtQWUv0D7YdQ9eYg1dkmddCSMLIV5O_vusz6pud2_46MDeO5UsvSc25axmHu3V-lZ0l2ytWIdTtZ1uzmDHye37r_wWrSArsrRYwkIt_NqE55VNMUnYcvzYqeQtUkxaPWy7D63SZ5FAdsVp_ul_4UC6-cRYJYpoce4W7d2Kced-8&uniplatform=NZKPT&language=CHS
CNKI-20260826104047183.enw	Journal Article	玉米茎腐病的发生与防治	李英 钟文	农业灾害研究	2015	10.19383/j.cnki.nyzhyj.2015.05.001	https://link.cnki.net/doi/10.19383/j.cnki.nyzhyj.2015.05.001
CNKI-20260826104047183.enw	Thesis	枯草芽孢杆菌菌株RSS-1对油菜菌核病菌的生防作用及其机制研究	代玉立		2015		https://kns.cnki.net/kcms2/article/abstract?v=hH4QDuxDhLRmxXQRDwOIlqAXL_wQUBGkTq_XNguRmM7MgqjxtQXbq420iDEhmwoHZytnGTMKhoHCfkc8tinTAfeZWgHfl07iBWgN1Y0EHZSEBU_biu533JgG6QoSx_GeDwY5X-9677l71TziRLp9peE9Bvo4s13FfJzc4JnP5m6wrB-sQh2qhAQa4C5OOBgd&uniplatform=NZKPT&language=CHS
CNKI-20260826104047183.enw	Journal Article	玉米弯孢菌叶斑病的发生与防治	刘中杰 杨晶	新农业	2015		https://kns.cnki.net/kcms2/article/abstract?v=hH4QDuxDhLQuorNls-mqbm4om2_3gGgJvkUUWySmTh1seHl7Div64CDSerd52xuON8Q8MwqQIjlHyOxJ4NS_WWpZP-briC_d3xlJUL7HW2J4mx-d8aLN24xXVxgvt5ELbUS0vL38aJu9mitL0rMRkGj8Zlyex1rXR4FnOPwDxdO4i0b6GMei01TFQKYPob1D&uniplatform=NZKPT&language=CHS
CNKI-20260826104047183.enw	Thesis	丝氨酸蛋白酶高活性菌株选育及其生防作用研究	唐娜		2015		https://kns.cnki.net/kcms2/article/abstract?v=hH4QDuxDhLQlZSe3GhV4ZsI9OtH2Mdq9n3BXcQSBcGnyk_OiyI4EMGJNlm8iMOcLF0WU6S4QyOfcrazn-FvogaioWWWW58E3uzY6xivlixRKfKUguT_agNDU_i691iZcsvHeYI0HSGd1q6oE3Iz76iGzq5AKCA4fhH3uC33_NnUaD9Gh1xNERjFY52u89Nwm&uniplatform=NZKPT&language=CHS
CNKI-20260826104047183.enw	Thesis	新型Harpin泡腾片剂型的研制及其防治玉米细菌新病害的研究	丁正		2015		https://kns.cnki.net/kcms2/article/abstract?v=hH4QDuxDhLSd9eexjsEpKUVKRroh0pnbU-8skNIMbh9uCViaHp70nkSX-XA3vbV_nfCjtt29W5Ze81uGBdFkhPcDXFjYA2OtvK4PQutTe_vv0k0lCOdyV-j7BoiW4_oz-bqSFo0HbsS7lWSA2hlFG8A3xTBOxGlOyymUGBzzFnQdE24OI7iFHNErmkBoKQUh&uniplatform=NZKPT&language=CHS
CNKI-20260826104047183.enw	Thesis	苯并咪唑酮衍生物抑菌作用机理初探	李婉婉		2015		https://kns.cnki.net/kcms2/article/abstract?v=hH4QDuxDhLSM7_Cub0O3qNPPVHAQAVovsChj5mleE5a93EfTFGfFmw08NWoMWunOUgx0WiOiE_z9JltKprRiuxK6cMQQlQKA-jVVPBcj2-3OaCEx2cfJ-eTa1YE6AgalFRpDYBqpUoQ8zB-4HL24_eJLiC1vR6JWBqozbhJO5yMlrbzkWfT757pLOmpRFLVj&uniplatform=NZKPT&language=CHS
CNKI-20260826104047183.enw	Thesis	玉米炭疽病菌CFEM效应子的系统鉴定与功能分析	井忠英		2015		https://kns.cnki.net/kcms2/article/abstract?v=hH4QDuxDhLSM7_Cub0O3qNPPVHAQAVovsChj5mleE5a93EfTFGfFm5KuakYdYfIe_F80Ufwnc0jek82Hl8NeY5kLl-XRkj2fg2bK9AmqFfdVDxfQ42Maf4maHbkTIHtxpqNV5AVZNbLIgdp0teHsG_8BD-Z_UGJId2jgY_S71ooVK_Z_HjlGMkkXnjAVgKDp&uniplatform=NZKPT&language=CHS
CNKI-20260826104047183.enw	Thesis	胆固醇氧化酶基因769ChOA鉴定及其提高球孢白僵菌毒力研究	佟雨航		2015		https://kns.cnki.net/kcms2/article/abstract?v=hH4QDuxDhLTRHyqCNlLrfGfczgEv3Wzusb2RQMbNkcgdtMuNJBomjqmiLEw3ZhqEignJTxWhFJAg6vJehaCVyWEeyWjDeObID0ArLtVkZIozyZCfE5kerDIoCAiZyY6wP6WPbnMdtBhCKizwss9IxN4L_Gy6ylHKt_aoiBBTyql-ywfIEheDszHrghyvV9ub&uniplatform=NZKPT&language=CHS
CNKI-20260826104047183.enw	Thesis	玉米小斑病菌和弯孢霉叶斑病菌生物学特性及有效药剂和生防菌株的筛选	刘群		2015		https://kns.cnki.net/kcms2/article/abstract?v=hH4QDuxDhLQnDqO0VB3YoPuFmNGB12c3umP-B8tavoUf7O2nyYbqZUe4VwBpvmpM6xiFdkGvlNgc6_vlGsr7tLNXSjrE-7T8bhBNlPsg5YiT5Q4OXnFlxKzGNSj8oiI87f-dQedskSCjj57GTiwZ63TIs5dSSvt0d4pDYlxvMnT-sojsd8h9-rY40ggYVtNl&uniplatform=NZKPT&language=CHS
CNKI-20260826104047183.enw	Thesis	中药植物茅苍术抗菌活性及活性物质研究	钟慧		2015		https://kns.cnki.net/kcms2/article/abstract?v=hH4QDuxDhLTtGwCcUYa3zTclShc3VyM3qy6S3botH1wJ76jZZbEUunLKd1VNjKXkbpXnPsb18EB20eVdPi7xR0BANEn91IIZ0Tz7vVRJQWoxNLSBEg3eCnl3tNia9D0YCGsSv_RlqLdhpT3AkEHpJ1yKm1pFEmZNLoEh0HcT9PxCn1XzBKE9OFZIXjC3Y38d&uniplatform=NZKPT&language=CHS
CNKI-20260826104047183.enw	Thesis	杂环酰胺类衍生物的分子结构设计、合成与表征及其抑菌活性研究	王雪松		2015		https://kns.cnki.net/kcms2/article/abstract?v=hH4QDuxDhLQZtWh0Zht7j1IMu7hLymn1p_N70n3novREf_f-M-zX3eEEE7mbLfBcV268pKlS-I8BspXSGi0qVAwJXloCjldAzV4hYdM3PDDDgLPquZ4djkyPj-W8hHJFJyUgQbh8pez3nEP6yc-B9nYTPUZci70ZifJN5Kpkb2jiZMC483NFEWbZRI7i3I1S&uniplatform=NZKPT&language=CHS
CNKI-20260826104047183.enw	Journal Article	香蕉根际促生菌的抑菌活性及对作物生长的促进作用	张晖 宋圆圆 吕顺 郭婧婧 曾任森	华南农业大学学报	2015		https://link.cnki.net/urlid/44.1110.s.20150414.0936.013
CNKI-20260826104047183.enw	Thesis	荠菜和桂竹香种子抗菌肽的纯化及其性质研究	闫娟		2015		https://kns.cnki.net/kcms2/article/abstract?v=hH4QDuxDhLQZUhPF2kT8r8dHEO935FacTg5fnfM2oXWu2CH_BECXec3Fen4gmMZO6gonOAg56bw8YT9lug3yV8u4IAUhwAxY8TtHgFP7cxJyO2zN8jdnbBfOazWTfPDyj4yrfDT3ob6-NS0362CEsSjFcJxhPz9ZwTuYcj-fPNTizrFesI5VjtiC-QrkBjP-&uniplatform=NZKPT&language=CHS
CNKI-20260826104047183.enw	Thesis	贵州白术根腐病病原鉴定及防治研究	张礼维		2015		https://kns.cnki.net/kcms2/article/abstract?v=hH4QDuxDhLTp75Y64SA67QspcF5MAcu_jE4LAXagSA2_ep6qc__8zR-_rEc7DFpdnp9fByif-oiOcDXg6HytziCzktn7mFdw1tA30ZKYQIqdXUjdfcccYbzk-0uJGW-vV_opNzvFG5yRhUax_p0LtAkiezYoFGZKPJn9z5iNXXseGecd0l16rzIL8GGeWAQo&uniplatform=NZKPT&language=CHS
CNKI-20260826104047183.enw	Thesis	亚洲玉米螟免疫相关模式识别受体基因β-1,3-GRP的cDNA克隆及表达分析	吴桃燕		2015		https://kns.cnki.net/kcms2/article/abstract?v=hH4QDuxDhLRI_9YMJtKPoB3PIvGLKl8cJBqIOe67RalooOQv7494h5HDjiEx51mxq1-GW9E9oGiCxqVqCUtO5LgnT9TTjjpH_5EXbLpmkjMby827KyYNufKScK7q43T1j6HVi8EKnnJ0Y0qLPjj-Z-qCOcvQElUT8wCYkKsNcsg8rIx152DWnGaR8ABhlOdU&uniplatform=NZKPT&language=CHS
CNKI-20260826104047183.enw	Journal Article	张掖市制种玉米连作障碍土壤生态修复技术集成研究	王娟 郑荣 张东昱	农业科技与信息	2015	10.15979/j.cnki.cn62-1057/s.2015.06.016	https://link.cnki.net/doi/10.15979/j.cnki.cn62-1057/s.2015.06.016
CNKI-20260826104047183.enw	Journal Article	河西走廊制种玉米3种真菌性叶斑病的诊断与识别	陈广泉 陈占伟 郑天翔 马世军 闫治斌 刘国华	种子	2015	10.16590/j.cnki.1001-4705.2015.03.047	https://link.cnki.net/doi/10.16590/j.cnki.1001-4705.2015.03.047
CNKI-20260826104047183.enw	Journal Article	许昌县玉米锈病的发生特点及防治	张彦民	河南农业	2015	10.15904/j.cnki.hnny.2015.03.025	https://link.cnki.net/doi/10.15904/j.cnki.hnny.2015.03.025
CNKI-20260826104047183.enw	Journal Article	解淀粉芽孢杆菌MN-8对玉米秸秆木质纤维素的降解	李红亚 李术娜 王树香 王全 薛茵茵 朱宝成	应用生态学报	2015	10.13287/j.1001-9332.20150302.013	https://link.cnki.net/doi/10.13287/j.1001-9332.20150302.013
CNKI-20260826104047183.enw	Journal Article	产有机酸芽孢杆菌的筛选、鉴定及产芽孢条件优化	杨继业 郭晓军 郭威 吕纪涛 袁洪水 朱宝成	饲料工业	2015	10.13302/j.cnki.fi.2015.04.010	https://link.cnki.net/doi/10.13302/j.cnki.fi.2015.04.010
CNKI-20260826104047183.enw	Journal Article	河南省玉米小斑病的发生与防治技术	付家锋 闫海霞 吴伟华 袁刘正 柳家友 王会强	农业科技通讯	2015		https://kns.cnki.net/kcms2/article/abstract?v=hH4QDuxDhLTXcLhg9fakYWxvGI0hYo_ou-a8GmpgkonKXmT8r_v9c1mvEG9UGTqY9_h0rESHXryPeN9m1Epf-UWld0xapeTR4lY_3lSdS2nXMhzrTyffmrg1TfA5ZKqXWk6OfMUEL2pPghAGbUAd1awf9QvjEy5RcTmafoIjqZsAtmf2oHNz7JRggqllgL_7&uniplatform=NZKPT&language=CHS
CNKI-20260826104047183.enw	Journal Article	东港地区玉米青枯病的发生与防治	李秀颖	现代农业科技	2015		https://link.cnki.net/urlid/34.1278.s.20150213.1139.093
CNKI-20260826104047183.enw	Journal Article	1株分离于铀矿的可利用玉米秸秆高效产氢的芽孢杆菌	张晓 何晓锐 庞园涛 朱艳杰 黄建新	食品与发酵工业	2015	10.13995/j.cnki.11-1802/ts.201503007	https://link.cnki.net/doi/10.13995/j.cnki.11-1802/ts.201503007
CNKI-20260826104047183.enw	Journal Article	猪场常见繁殖障碍疾病的鉴别诊断与防制	何启盖	兽医导刊	2015		https://kns.cnki.net/kcms2/article/abstract?v=hH4QDuxDhLSCY7jkJ0qLNRw7WpCe9R-NRWXqTd6z9OFMu2Bz1zSE4G3xbBiEIVmCv0u184WttxauZ7XaRIfRvW8F9B3HtN4zTr7gywgGjhoxr4q7ux3go8RNWqgxOipIliCuAkVpeNY0swW2Dw0ozgT4BdiTEXgoZSqz4H-xkly2eca-hGgGzmnO0B58_k3T&uniplatform=NZKPT&language=CHS
CNKI-20260826104047183.enw	Journal Article	玉米大小斑病的防治	王晓丽	北京农业	2014		https://kns.cnki.net/kcms2/article/abstract?v=hH4QDuxDhLQYJZ3Y7RdKUJgNTo2rbdwuuDYvj--Njhl0pODxlwxgbCK_UTwai5Nh6wcLc7_niSb4xWhcWd5JXeU4tkvSEKNwyu06yYYb2KDi0_1Ylf2IBB-2-NCDjtwwuhVrynj1eopGZ1-jExo_P-VNtd2vbpeLUEBDTvDkbeVAr4AMxBnEAOVdvqWkS9KA&uniplatform=NZKPT&language=CHS
CNKI-20260826104047183.enw	Journal Article	山区如何防治玉米大斑病	黄平	四川农业科技	2014		https://kns.cnki.net/kcms2/article/abstract?v=hH4QDuxDhLQYJZ3Y7RdKUJgNTo2rbdwuuDYvj--NjhnMRUkiwTxB6_eGYG5d9z66sGAqOEdTFwbZ7voet8Joo-YSw_2hptkMhZRJFFasbOxxtIS2uKGMI9FCt3XmPt6ztLcOkQrkCTZBUxOfN-Q89ppe-I6P8pku6kH9XqEcoCUd5l1JbjYKTvCoQAcJBQC7&uniplatform=NZKPT&language=CHS
CNKI-20260826104047183.enw	Journal Article	河北省夏玉米苗期根病发生现状及病原初探	纪莉景 栗秋生 王连生 李聪聪 孔令晓	玉米科学	2014	10.13597/j.cnki.maize.science.2014.06.025	https://link.cnki.net/doi/10.13597/j.cnki.maize.science.2014.06.025
CNKI-20260826104047183.enw	Journal Article	河南省玉米茎基腐病主要病原菌鉴定及主栽玉米品种的抗性分析	范志业 崔小伟 施艳 陈琦 刘迪 侯艳红 李世民 闫海霞 袁刘正 孙虎	河南农业科学	2014	10.15933/j.cnki.1004-3268.2014.12.019	https://link.cnki.net/doi/10.15933/j.cnki.1004-3268.2014.12.019
CNKI-20260826104047183.enw	Journal Article	亚洲玉米螟越冬幼虫主要寄生性天敌及病原菌致死率的考察	段小莉 何康来 王振营 王新颖 李庆	中国生物防治学报	2014	10.16409/j.cnki.2095-039x.2014.06.004	https://link.cnki.net/doi/10.16409/j.cnki.2095-039x.2014.06.004
CNKI-20260826104047183.enw	Journal Article	玉米矮花叶病研究概述	闫彩清 李凌雨 王学雄 董民堂 孙迪	山西农业科学	2014		https://kns.cnki.net/kcms2/article/abstract?v=hH4QDuxDhLQaB4kmukgeY6T9NQSlTWkjI-JlDdZUrCPmXSi2pp6scVo3drz_A4R9z2mCWJvm0GhH86yibmCOBYg382ci9iOH7_PNCsN3wVy1GTPd0-k0nrtC-YadXckxNGib8oz_IzUhAym-DpN5blbKsTPISrYPydcqmy1NekbJmS-8rHWp9g==&uniplatform=NZKPT&language=CHS
CNKI-20260826104047183.enw	Journal Article	MALDI-TOF质谱技术鉴定植物病原体研究进展	冯建军 龙海 刘新娇 李秋枫 刘杰 陈冬美 章桂明	植物检疫	2014	10.19662/j.cnki.issn1005-2755.2014.06.003	https://link.cnki.net/doi/10.19662/j.cnki.issn1005-2755.2014.06.003
CNKI-20260826104047183.enw	Conference Proceedings	玉米大斑病菌STK1基因敲除载体的构建及敲除突变体的筛选	唐聪 杨晓荣 薛韶娜 马兰 巩校东 谷守芹 韩建民 董金皋		2014		https://kns.cnki.net/kcms2/article/abstract?v=hH4QDuxDhLRRxTDUusFHW00La_H9qM21lMTi7TtTfsYL1vZtk0bME7zWtk4mUBYKulOWBBFk9xImn9zCSbk-i2OLoLkTKKcZHhEPwxVf83WkAn1-Tm9_Yz9DL0Otk7ekUoYLcvbbRuxZaNZW4r33eDtFJ2dasnsE2AyV2RwdRT7_YrbBwphBq8Pq2pwImqNz&uniplatform=NZKPT&language=CHS
CNKI-20260826104047183.enw	Conference Proceedings	玉米大斑病菌渗透胁迫物质的确定	马兰 薛韶娜 唐聪 杨晓荣 巩校东 韩建民 谷守芹 董金皋		2014		https://kns.cnki.net/kcms2/article/abstract?v=hH4QDuxDhLStMxYQbZdrUr_hzls8Sq38QhjhnyMSuS2aUgu7DpEZgeE2oR_ax9Tal503Zcv1Ch-SmqR_rS8zjtBX_s3eE7Epa-P1maxZ-P2ZvPYFFCDtGxfP9jRTyAIEvwzfSxtX14MkIe1hoVR9q85h_q301oKPM6NWbis8E-ObTM8hYYesBupmbOtQaf-W&uniplatform=NZKPT&language=CHS
CNKI-20260826104047183.enw	Journal Article	魔芋玉米间作魔芋根际土壤尖孢镰孢菌和芽孢杆菌种群变化研究	邵梅 杜魏甫 许永超 倪石建 王晶 卢俊 于德才 张红骥	云南农业大学学报	2014		https://link.cnki.net/urlid/53.1044.s.20141104.1407.013
CNKI-20260826104047183.enw	Thesis	禾谷镰刀菌KIN1激酶的隔膜孔定位及功能	罗永平		2014		https://kns.cnki.net/kcms2/article/abstract?v=hH4QDuxDhLRherv0vndUMpXkeX_gZ0Z89y24zyw3wC2uk7nmHR5ELlD46NhCMJAThfQ4UX5odSpH8nlsK-CniyZjzHXVD6XelTiioxMg-WZesUPFJcYjHYGV6PZwnFz7RuZXqvy-uaMAl5VlzZzNLSmr9-8K8C50IahRZwcMA8q7kzlJ-1RJD_152NClLS5w&uniplatform=NZKPT&language=CHS
CNKI-20260826104047183.enw	Journal Article	玉米病虫害综合防治建议	王天书	农业与技术	2014		https://kns.cnki.net/kcms2/article/abstract?v=hH4QDuxDhLSkbFV77ebMzfc3Ot4PcyOWhyx3G6t9bOgX3IEur6rNYGcKgM34vujzaE9hOH_uB1ijcMrgNC-kYyu_tkHMYHZXFYnlBLtGVZwc8QZeoWxKQMpsDYxoAfk2TJtKJ1fl6QRodAf21fTxgKtP5plERQ_SIyRrDZAJTFG0dijTG-sREA==&uniplatform=NZKPT&language=CHS
CNKI-20260826104047183.enw	Journal Article	卷柏乙醇提取物对14种植物病原菌的抑制活性	刘霞 龚永欢 王艳红 肖巧玉 袁小红 马林	湖北农业科学	2014	10.14088/j.cnki.issn0439-8114.2014.18.089	https://link.cnki.net/doi/10.14088/j.cnki.issn0439-8114.2014.18.089
CNKI-20260826104047183.enw	Journal Article	龙葵等19种野生植物提取物的离体抑菌活性研究	姬妍茹 杨庆丽 王莹莹 石杰 董艳 刘玉 张正海 王月明 高媛 潘静 刘宇峰	中国农学通报	2014		https://kns.cnki.net/kcms2/article/abstract?v=hH4QDuxDhLSxWuGFL_iqjke6WBgD1LWHpTFch63RoEUmmNsPmejCrimuhbwdDyu1IT6inmAnswDTXF1kDqdB1ju795sZrxcYCiIRcfXd5-neFLxRgUP3nXcGYi0J5LUGehtMkTK4ANDksjwHBizgYYPMZyab-3q2djObKkX40V4U1SQsOY5DUg==&uniplatform=NZKPT&language=CHS
CNKI-20260826104047183.enw	Thesis	玉米弯孢叶斑病菌全基因组序列分析与致病性分化相关基因的研究	高士刚		2014		https://kns.cnki.net/kcms2/article/abstract?v=hH4QDuxDhLSAYz6FGGktJuFZkQrBUDsAFWqROQJnlDgDAlKMIeQkWAIA7HaKGKw8jEIqvZu3TIP6fOS4nLXuTBf6rO8DqPI5ruWGIILZZDAywf7NJCEOA29bJzS-sIxGYnHAhzEx_mKLe7e1-FEDyw7gzzGlwpHRk00iBBh1HZ0jkSWMTYt4qUjgu_lKb6Si&uniplatform=NZKPT&language=CHS
CNKI-20260826104047183.enw	Journal Article	解磷芽孢杆菌YC4液体培养基及发酵条件的优化	杨铿 梁晓华 杨莺莺 陈永青 佘妙虹 洪敏娜 徐创文 陈海谊	广东农业科学	2014	10.16768/j.issn.1004-874x.2014.16.006	https://link.cnki.net/doi/10.16768/j.issn.1004-874x.2014.16.006
CNKI-20260826104047183.enw	Journal Article	筛选和利用海洋细菌防治玉米纹枯病试验	李德全 谈蓉 周鸣鸣 邓自发	江苏农业科学	2014	10.15889/j.issn.1002-1302.2014.08.215	https://link.cnki.net/doi/10.15889/j.issn.1002-1302.2014.08.215
CNKI-20260826104047183.enw	Journal Article	玉米纹枯病的发生与防治	钟斌	四川农业科技	2014		https://kns.cnki.net/kcms2/article/abstract?v=hH4QDuxDhLTeNdZLMxsnSzOGZ8ACtQU3ft9uciZlCmJjgVMljiCPwVKEhk862hYT8mrHulbV9pK-ZNZgt4ljA7eP87Bdci6mCB0DpJIF9p50YjFQikW9_Ukw2GmyCGshK2tt5rSbOM4tzlL-awPItawOWdAjNSbtzJoXoDBtPODJwwGO6NyVTA==&uniplatform=NZKPT&language=CHS
CNKI-20260826104047183.enw	Conference Proceedings	玉米纹枯病菌MAPK基因cDNA克隆与序列分析	刘博 刘限 孔婷婷 姚远 李婉莹 高增贵		2014		https://kns.cnki.net/kcms2/article/abstract?v=hH4QDuxDhLR7drOoJcLH_1uwf-oM7N4Rc3WMSEOf27c7ZibTepRfZTPBPZgQ9T21ZjKPVgyTo4HFgcbDVOTglAyiT9UYvaAPlvrlqXAjtdLKo2OM0AliN2vhpNAXoj3rRD0GwxLupte25X7LdCgOzMmVo6GOrdrayEKBgqHzdEPuL6DE43NaGIGgr8qSRGvJ&uniplatform=NZKPT&language=CHS
CNKI-20260826104047183.enw	Conference Proceedings	辽宁花生基腐病病原鉴定及其生物学研究	洪恺 周如军 傅俊范		2014		https://kns.cnki.net/kcms2/article/abstract?v=hH4QDuxDhLSsb9Hbv9RIqLF8jGdooVv4fHopnxOECWoX2kmJY6M1aGGCCSGk1hL_VrMMQ3qRuPQA3rm1I-ZpD8UaRRMLfOhzFe_TC0f5vK40yWDAGy4slDXklh2dajwyaGx0UDOvrgUXL93r-MAKU_w_1S5SqjCFTMeX59q9QgZg6FDjx12GKV8SRq2pbUgM&uniplatform=NZKPT&language=CHS
CNKI-20260826104047183.enw	Journal Article	注意防治玉米大小斑病	胡孔林	四川农业科技	2014		https://kns.cnki.net/kcms2/article/abstract?v=hH4QDuxDhLSsb9Hbv9RIqLF8jGdooVv4PBGuFrOtJIQ91Z9By2fGqo0E-EzJz7qp9UM766m7kRf3XK8aECyID3HRq7d0ftO6EtcgbxcxrqmNVBoc8Oq7RMyBbNeymLQrnFA8vjPJYmtLAPuHa6R1EwP4JgohWKn8PF-j7ymy9YAmydS5HrlQFw==&uniplatform=NZKPT&language=CHS
CNKI-20260826104047183.enw	Journal Article	夏玉米田要科学防控弯孢霉菌叶斑病	徐璟琨	河北农业	2014		https://kns.cnki.net/kcms2/article/abstract?v=hH4QDuxDhLRoLOSaZ_-CVR4p_HJHgtKAGzqmydD7OUmY9h_4BAGDKOWRqJNPsxIWZ63fq3mFDZ1hhmfs4v6Ub4oeOo3RIKrHKsH99j7B2eiyIXQw1WM9-ebdWZJrIYR7a9HhNEsMcMpdTX-4mHoElEkBMRI-zIyLBPoEAX3c-ut0qfWafs2sjQ==&uniplatform=NZKPT&language=CHS
CNKI-20260826104047183.enw	Journal Article	玉米黑束病的发生与防治	石永红	现代农业科技	2014		https://link.cnki.net/urlid/34.1278.s.20140703.1059.083
CNKI-20260826104047183.enw	Journal Article	西南地区玉米灰斑病病原种类分子鉴定	张小飞 李晓 崔丽娜 邹成佳 杨晓蓉	西南农业学报	2014	10.16213/j.cnki.scjas.2014.03.020	https://link.cnki.net/doi/10.16213/j.cnki.scjas.2014.03.020
CNKI-20260826104047183.enw	Journal Article	玉米纹枯病发生规律与治理对策研究	吴风香	北京农业	2014		https://kns.cnki.net/kcms2/article/abstract?v=hH4QDuxDhLQpCgy8G4sw5rGlWCO5lwocTN9t23Udg3MMe6gTd9HaQIoSXFdwLtrS6FCWmNaoRYpJmWyZFPVgW_vsXvw6wC595tvqKdOL7X0xkow4qIi8SWC7RsAvorNugHb0G2cUiA41goKhL2HYEsWZyhvLDXRxaf8mGfyPws2cDYqZxX88TQ==&uniplatform=NZKPT&language=CHS
CNKI-20260826104047183.enw	Journal Article	博落回生物碱对12种植物病原菌的抑制活性研究	高红梅 付小草 何婷 李坡 刘霞 袁小红 马林	安徽农业科学	2014	10.13989/j.cnki.0517-6611.2014.18.074	https://link.cnki.net/doi/10.13989/j.cnki.0517-6611.2014.18.074
CNKI-20260826104047183.enw	Thesis	植物根系分泌物对噬菌体的抑制作用	石美		2014		https://kns.cnki.net/kcms2/article/abstract?v=hH4QDuxDhLSqhmhX9JFzsUPzkdLjQuKFqft34nwkgqsPgDU4eVejbl6nOAcnMkB-SLiuWhOHearUqKCNYdysYT1YvCf9lbuk6boV0gUppBO6vGAXzbQS5y5tdWNf6x_O20Aj0u29BCFGFaj0v5MZkaJEcVBn2G0_4KS2yOzq9FqOC-NLSIa0BXYhmvPl9SS8&uniplatform=NZKPT&language=CHS
CNKI-20260826104047183.enw	Thesis	解磷解钾特异菌株CX-7的筛选及其应用试验研究	张爱民		2014		https://kns.cnki.net/kcms2/article/abstract?v=hH4QDuxDhLRwNPQ-Wu7_7Q4b38aiWHOm0ty5JlinokHrA35hcF_6lS6_NmlIf8NUgRVnwHirsPfVpqvmn1ox-4fgtxpi1ktFux3SL4LexbRS2uNxUpksrnzQl-biMFNiNH3hjiK7oGjkj2HMn4qHUX1gDQZJRr58oXiXYl7s78tI658e9c2pa-wW1n22WLuA&uniplatform=NZKPT&language=CHS
CNKI-20260826104047183.enw	Thesis	两个玉米纹枯病病原诱导启动子的克隆与功能鉴定	位书佟		2014		https://kns.cnki.net/kcms2/article/abstract?v=hH4QDuxDhLR3NwQnlsOOunDtVLKatE680y2HAsj9jjiIZaUIWyT5KSqbX528y_g0vodSsSsC11M9glv1EfZ8ATeA0FNJJCwfQhz4j2wIw-fwume9SaAaFHUktwX_lGPr1n_1lG6vbl9p0mnsz7vQ88DvU7vuMo5YvkSoSdtF1EIUVK72LJLWo6Kbn7gKsdc6&uniplatform=NZKPT&language=CHS
CNKI-20260826104047183.enw	Thesis	B9601-Y2菌株的基因组解析及部分功能验证	何鹏飞		2014		https://kns.cnki.net/kcms2/article/abstract?v=hH4QDuxDhLSjDmb_3qo5dUbqlXHaAGIYBdKHAl7G9qB2AZKh1NQvvtgPVUVAsvXk_mRwrrPQNvsBC6eOJIsG1f1FcF1PLSi-Drk-Zl9shYl3aIgAsTQsE4H5CQLXXyc8HlvjsqxVl5YxYQEzLcmG0JBGwfZeSAe_VhUE15Tzlm_wxCHmUlCoEqJdU60TupyI&uniplatform=NZKPT&language=CHS
CNKI-20260826104047183.enw	Thesis	绿色荧光蛋白标记的大丽轮枝菌对棉花叶片和单子叶植物的侵染研究	王晓楠		2014		https://kns.cnki.net/kcms2/article/abstract?v=hH4QDuxDhLQ_AFEDizDVGu3pBnGEqM3DS9_pVhdsi-btfCbKCM7Vu8IXYs262_x0gXML74P9uLFsyrk6ruEH0Bafr47wiCcwJvftXeqU4PnhboxcKl1txrh8PN_ML8k4n-rzkZj48ssg3wrZOE4tfjc9RDrlwlaVNMEHC5gT3CphTvY2ehw13WcBQSw66_va&uniplatform=NZKPT&language=CHS
CNKI-20260826104047183.enw	Thesis	禾谷镰刀菌（Fusarium graminearum）毒素对野生大豆幼苗根茎的影响	原丽		2014		https://kns.cnki.net/kcms2/article/abstract?v=hH4QDuxDhLQ_AFEDizDVGu3pBnGEqM3DS9_pVhdsi-btfCbKCM7Vu7A8sdba7YJowE4WpKj41Os4xDXzgMoOLYLRaihdI6xHy4O1VHZPDx7gpWBuRJn8X2egxTwRyCh4OfTMq3jWo8qODvMIq3FAuLiFnmvXcMcBCPJpS0pVRfWE66KZRvRmlg2zVGTqyUdP&uniplatform=NZKPT&language=CHS
CNKI-20260826104047183.enw	Thesis	促生菌和杀菌剂对燕麦黑穗病病原抑制作用研究	张玉霞		2014		https://kns.cnki.net/kcms2/article/abstract?v=hH4QDuxDhLRBl0k_urYgv0DpENIzL9uHv2tFoZTiwB9du-TVvY9aeVe8cZT7qoUI0hdMpGF95qyBzMI8aCG_9sBUfzeeSrGFsBK3lLgkXBxB7CkUb35aYSRuE224uFTRDbv1lIxRz4QHlvrEJa400kZH7E0vHYIMSc0Zo_SfyFdMvN9bE6o0pCjTOjQdjhfe&uniplatform=NZKPT&language=CHS
CNKI-20260826104047183.enw	Thesis	植物病原密执安棒状杆菌CPA分子检测方法研究	徐霞		2014		https://kns.cnki.net/kcms2/article/abstract?v=hH4QDuxDhLSL6jQiFrJV2d4yRBsG5iCLqVZK9j2n7h6Xy3SKQRNiIxUtf33qZ-FosDB7lK-aqQPVzh5ZGIVpKJCCr328-x4y3Kt1afMBfobzTkc1duVlXl4B8IBBXg5KrhXKcszCZrchNqTnEMQYmVtTMdNkjM2K3KjGqWt2a_GLrRCymWO1SJO0xjCxhyXT&uniplatform=NZKPT&language=CHS
CNKI-20260826104047183.enw	Thesis	玉米弯孢叶斑病菌Ras同源蛋白Clg2p基因的功能研究	马炳辰		2014		https://kns.cnki.net/kcms2/article/abstract?v=hH4QDuxDhLQk9bGyHn4wnaVVmGB57qnQ-5t10nowJkxjVZZNc5Y9-EXljHHeOcH32I5UwDdGz3P5OD_ogPsLo-hFtX3naN-VXxTpB3YsalBaIEXSoB-yC85XYVt24j_DYwhT5J1N7nSVzeUiUcnUpEHa08nV-hYYzzMKK6ZPGJsPVgQV_oVx3NPPE4AgUuFD&uniplatform=NZKPT&language=CHS
CNKI-20260826104047183.enw	Thesis	玉米穗腐病致病镰孢特征及玉米—小麦致病镰孢关系研究	秦子惠		2014		https://kns.cnki.net/kcms2/article/abstract?v=hH4QDuxDhLQk9bGyHn4wnaVVmGB57qnQ-5t10nowJkxjVZZNc5Y9-M1ttttrho85H9vRdQgrIM316mGKKUoHEV-wW8Ayr6GB09HEUdHSXh3aNbM4TwgVdLUVBu4RSoAUegjfhork2CPT0UC0aZZPAJ8vQxnjMpuHRjhadGnh_ysO4hvrnfIPOcKql5d205ER&uniplatform=NZKPT&language=CHS
CNKI-20260826104047183.enw	Other Article	玉米追肥专用复合微生物肥料	陈国参		2014-06-01		
CNKI-20260826104047183.enw	Thesis	玉米大斑病菌HOG-MAPK级联途径中StPBS2基因的结构分析及功能研究	田兰		2014		https://kns.cnki.net/kcms2/article/abstract?v=hH4QDuxDhLTczkqRy2TyxK9OBQcGkKPckdAYTzMxR4I4hFkGDQuy_gdCbeYMFHG8TFWt3DsRD3wNpO8tlhc1nm4nnqW0wBWVNcsTezfZxOi7eAZnOmGl7Y9PDIy9cXS4TzkX6nnOKgwD-1I7BMaIpHwLfqWwqPO8i6jLIJoI8qNjtOIPCFockUG35km2KVrr&uniplatform=NZKPT&language=CHS
CNKI-20260826104047183.enw	Journal Article	玉米小斑病拮抗菌的分离筛选及生理生化初步鉴定	陈赟娟 程昆华	农业科技通讯	2014		https://kns.cnki.net/kcms2/article/abstract?v=hH4QDuxDhLRnKUpgzge4MyPHfwIax6ZbE8NKuxmKtzenR8KhkYzadmghOuxjNPmJPNhl3jBJv6ypAYaGmZ8u81XWoQwXiOLZ8ToXAmTzMkqFFSyjUmrEdX0KPROxl_FzEYVHtwDIn1w9aSLr_TCOd26nJLoQtfly5KKxGlYwNnyF_j1-E7FD3w==&uniplatform=NZKPT&language=CHS
CNKI-20260826104047183.enw	Journal Article	草莓根腐病拮抗芽孢杆菌Z-14菌株发酵培养基的优化	张冬冬 雷白时 朱宝成	河北农业大学学报	2014	10.13320/j.cnki.jauh.2014.0064	https://link.cnki.net/doi/10.13320/j.cnki.jauh.2014.0064
CNKI-20260826104047183.enw	Thesis	水稻黄单胞杆菌的分子标记与致病相关因子的鉴定	冯雯杰		2014		https://kns.cnki.net/kcms2/article/abstract?v=hH4QDuxDhLQtUeXUIxAPL2F4yQtG204MZ0z22LUzEStryqb2XenTH_29b8hdwTDFaNGQ97btyWcncEd1LEggPmk2P7SnGzn2A_LIud3G0LPP96D1AN6RvaBD2skrR4JgEBSOfQz4ppO3I8zfXq_QSVHpQB4nvJ_CFvPS9d-R48ZdMMX2ytdY-yshDCRiMEa4&uniplatform=NZKPT&language=CHS
CNKI-20260826104047183.enw	Thesis	茵陈蒿提取物杀菌制剂研制	侯海利		2014		https://kns.cnki.net/kcms2/article/abstract?v=hH4QDuxDhLQUSz9pdhVhgS2w2eN2lIVjcAAgta2d0FlbLZWJYsnCqh9SXuZyfMgclsGh_e44NfN99CNqoAxNU6HyoxRFk-QpQjM5KMRT57o7LbXazj1fnEtITUYEasVhrDMnWQfnvcyBRJAf9hacNZ_RvxIx41bODq0nIIbjvroGsNnZa-p8vuxPuNltDcWX&uniplatform=NZKPT&language=CHS
CNKI-20260826104047183.enw	Thesis	核桃饮品真伪鉴定及核桃青皮提取物生物活性检测	魏晓璐		2014		https://kns.cnki.net/kcms2/article/abstract?v=hH4QDuxDhLQhwj8EcRzcK_g-vtmcBVFZbGE1WcNQtm4Rl_1CXcb7mYQ44z6ydYfMsaJAOFLVG2W1AjY5uR7RcR0lEacuT9wm_PHnriRGUPbTM2uCO4ydHmQgbgDhfblhdVR4KKPBkUKrjbIsg2dTYp5gjvIZUZs540aGMVlgfO7RT6VNQCGRWRCt4MeQXyWd&uniplatform=NZKPT&language=CHS
CNKI-20260826104047183.enw	Thesis	玉米纹枯病病原诱导启动子pGRMZM2G084947调控元件的鉴定与功能验证	周文慧		2014		https://kns.cnki.net/kcms2/article/abstract?v=hH4QDuxDhLQhwj8EcRzcK_g-vtmcBVFZbGE1WcNQtm4Rl_1CXcb7mXpDpe_zxKmIXvWBjgsL4dcTJ6WjO0qekgSQcUq2RCUaMvbkzZ4q82qxUSS0n7NZkKEbSbinJuApTKHnmI5YWKXDA9EW8iI8a1UPveTmiIqMjYd8voRNSqdPLK8rmyOj8MUOTauBpv_g&uniplatform=NZKPT&language=CHS
CNKI-20260826104047183.enw	Thesis	枣缩果病抗病性诱导及致病机理初探	王方		2014		https://kns.cnki.net/kcms2/article/abstract?v=hH4QDuxDhLTzQKLPpQabpf1fCbEULnQSk3_yTpT5IPcAIProByY-RzAW_brGLYCLAeGejLtAbfF08VCaUVTMctFE7314uypf1gcmEuyEotIlKB0nUQsxkPzHpyhWw-jQ320hQB_upfXheEr6Z5nxBuLZNOx8TEuVt6MsiH9gSgAA3ZnGLQ-oLq9NjjEtZXJ8&uniplatform=NZKPT&language=CHS
CNKI-20260826104047183.enw	Thesis	猪源益生芽孢杆菌的筛选及发酵工艺研究	龚慧		2014		https://kns.cnki.net/kcms2/article/abstract?v=hH4QDuxDhLSmKF6nhCghrmfNFNjpb2YJjE_vgktiOKdnPNTVJBu91cT8zSFEQkDUkbvkiLE0VixdD56bFfOCDS_QKpZTsy-xLGroz34kB1e6xvCvmSS6SolU6ylranpFwhJ4I2z6ZlsN8PEF0fAP3SQi7jv7id7u6kSQMOvKSlIOsQcqlS3XxuzNRu5c2hCh&uniplatform=NZKPT&language=CHS
CNKI-20260826104047183.enw	Thesis	石蒜碱和小檗碱对植物病原真菌抑制作用及其抑菌生理指标分析	任伟		2014		https://kns.cnki.net/kcms2/article/abstract?v=hH4QDuxDhLSmKF6nhCghrmfNFNjpb2YJjE_vgktiOKdnPNTVJBu91bKZ1QFcv7pNaF1R1sxOxAtA_HP49PrWqEa2aZvveL5bX-ZocJZ7KfPrq0j6exL3E7zDzZ6FpE-4R-rS1fBAToQdpbHb5FZ21SQbyrpODwNe5APUPfvIxzsZHCF8y_K97wwDy-Q7Enri&uniplatform=NZKPT&language=CHS
CNKI-20260826104047183.enw	Thesis	河南省玉米粗缩病病原鉴定与主要防治技术研究	刘瑞丽		2014		https://kns.cnki.net/kcms2/article/abstract?v=hH4QDuxDhLR79qDGBHCpdsklHBuQGsT8fQ5P2i1ucAwYSyShxKm19Se8N3Twn7ZuuEpoSJ0UZ_-Npo6sio7yxU0GsAn0WeTa1igbmtKpLWAwRYU4RgH2bGuZsPE2d1joHRdG2bZ3o8wITloqa2McvlE1DghUHrJoTlLsZc1RBMdquCvl5uarci3mQi5NEMWL&uniplatform=NZKPT&language=CHS
CNKI-20260826104047183.enw	Journal Article	玉米大斑病菌MAPK超家族的全基因组鉴定及途径模型建立	巩校东 张晓玉 田兰 王星懿 李坡 张盼 王玥 范永山 韩建民 谷守芹 董金皋	中国农业科学	2014		https://kns.cnki.net/kcms2/article/abstract?v=hH4QDuxDhLQkURDRsQvhF2oYCp5DMG_t41ImxsZ0vYNc4YeM5yDCilpfxHy2c6e_gO1WfSVze3iBM7UiU161uxxBz5dwT9BM9te_tpstfpuPIRD2tYZmkaBGGVtQyl7b2-a_MhAAQ-EMc3XZ1v_Bq1vNxmZ_4rWC8gybHrijwSzK3I5EHRazOg==&uniplatform=NZKPT&language=CHS
CNKI-20260826104047183.enw	Journal Article	海洋微生物防治农作物病虫害的研究进展	吕雪鑫 谢明杰 姜健 刘淼 杨宝灵 于淼 吴紫洁 刘金凤	中国农学通报	2014		https://kns.cnki.net/kcms2/article/abstract?v=hH4QDuxDhLSRDj7SAJDH0jXII2Hc5_YEjDy_B4iFIZmBjbhfpPikxBdiztV14xieuvzoz0yGzmbshjLJo9kV6Nwzdcxp2vNFApz-STfjgoo2CSd4RgoiQl6ci0b2ChznaPF44mmxkxAnqBFDqqYaV7Kxp8FPacI7aheTcCvx_AoyomjQEfobGw==&uniplatform=NZKPT&language=CHS
CNKI-20260826104047183.enw	Thesis	鸦胆子内生真菌及其活性菌株的研究	梁子宁		2014		https://kns.cnki.net/kcms2/article/abstract?v=hH4QDuxDhLSjHbY_NM2xMtNp4PsR1YoGC_4AVlEWNaiSMOF1o4l9EOr5I6jkgtAWxEzpumkvyvNdSFvK7GKC701Iu2ZQATdq5znFZC4UGbHzGpgBK_ojQd6pmpAgAlnnE1Pmi5Pc6aPzsVb2Y_QH2F7XtNoE0BCc3KaYIT7rLX1h6ieAtjczqosstizruUyf&uniplatform=NZKPT&language=CHS
CNKI-20260826104047183.enw	Thesis	枯草芽孢杆菌Q409菌株高产芽孢工艺的优化和芽孢形成的调控研究	杨明欣		2014	10.27463/d.cnki.gzgyu.2014.000125	https://link.cnki.net/doi/10.27463/d.cnki.gzgyu.2014.000125
CNKI-20260826104047183.enw	Journal Article	小麦全蚀病生防芽孢杆菌对玉米秸秆的降解及抗菌谱检测	张冬冬 雷白时 朱宝成 于鸿基	河北农业大学学报	2014	10.13320/j.cnki.jauh.2014.0039	https://link.cnki.net/doi/10.13320/j.cnki.jauh.2014.0039
CNKI-20260826104047183.enw	Journal Article	小麦全蚀病生防芽孢杆菌产芽孢培养基的响应面法优化	张冬冬 高同国 朱宝成	麦类作物学报	2014		https://link.cnki.net/urlid/j.issn.1009-1041.2014.03.19
CNKI-20260826104047183.enw	Thesis	侧钩木霉Y01的分离、鉴定与固态发酵产孢研究	高雪丽		2014		https://kns.cnki.net/kcms2/article/abstract?v=hH4QDuxDhLTbPn3BPFhgH0WtPVXamZNVNBhw_169V_tkgJapDmqhZIdukZxS0F-BKdk_Y-Wnzsnk1AHDJYlpR_wQ8FZ8QX3hQrvQ_6K3tnIJGnVnV98l9rBKIWQlfTfHsswmxzznOY30LhK9IQF_dgkUBs4ffPs7zjeqqPQBzi3DKxC-z9CcedKc4gtxEe-x&uniplatform=NZKPT&language=CHS
CNKI-20260826104047183.enw	Thesis	耐受高浓度糠醛产L-乳酸菌株的筛选鉴定及其对纤维素水解液的发酵工艺研究	彭丽丽		2014		https://kns.cnki.net/kcms2/article/abstract?v=hH4QDuxDhLSt-_oaJnGzTuWrD3oCoXPq_ceARqlMLQ6NewCq-izxiJZSkoA39uAY0hYc1pBVek0SlTZQEP-GAviT-h5B2F5mHPMomSrhBipZDdDzWnOemy11iYjfgQssY9hkb1WPPNmMvdT5E-fIGoVT_gwF7WA-FFPwBR5sn2HIrV5UU1Yz4x-YOR74lQwI&uniplatform=NZKPT&language=CHS
CNKI-20260826104047183.enw	Journal Article	建昌县玉米丝黑穗病发生规律及防治对策	韩连和 丁丽群	现代农业	2014	10.14070/j.cnki.15-1098.2014.03.016	https://link.cnki.net/doi/10.14070/j.cnki.15-1098.2014.03.016
CNKI-20260826104047183.enw	Journal Article	延胡索氯仿提取物对玉米、大豆几种病原真菌的抑菌活性研究	申晓慧	农学学报	2014		https://kns.cnki.net/kcms2/article/abstract?v=hH4QDuxDhLRUEABvPxtv8_s3b4ZpiLHDo8cOW-AeFejV02qE6LPwLBiNEU2CveckRnemBNZ9De1Qn9N_bZpJzSCByQftkx5WqPKveKUlexaqHriTvbBmJ7qguGYkpToDX6KmW7gR9tYlTrG2s8IbnnqbiSzU_dQRZUQ-nT5PXXGM7FKZliuOGw==&uniplatform=NZKPT&language=CHS
CNKI-20260826104047183.enw	Journal Article	齐齐哈尔地区玉米顶腐病防治技术	陶冬妍 吴秋华 王茹玉 马雪	种子世界	2014		https://kns.cnki.net/kcms2/article/abstract?v=hH4QDuxDhLRspi3X-prWmLa46L-W8jCgID2ZbeG5yWn-uqOsgkOeRbzdPCOI_clJthVmx32YxJH7HFo-cvQ0hvl8Y5YBxU0LOgwpcMHqraCYBaCs-shSITkISfMlXTlWcoOjRax3wqqbHCzDSLVllGiZJk1t5e-gKhBRdvOyhp3zA9qdL-udVQ==&uniplatform=NZKPT&language=CHS
CNKI-20260826104047183.enw	Journal Article	冻土荒漠区分离低温适生PGPR菌的鉴定及其抗菌促生特性	谢永丽 马莉贞 徐志伟 张英 李希来	中国生物防治学报	2014	10.16409/j.cnki.2095-039x.2014.01.016	https://link.cnki.net/doi/10.16409/j.cnki.2095-039x.2014.01.016
CNKI-20260826104047183.enw	Thesis	玉米赤霉烯酮的微生物脱毒研究	骆翼		2014		https://kns.cnki.net/kcms2/article/abstract?v=hH4QDuxDhLQjBBrSiPZOEOkKuNkbtF3j_TnkPHsIQ8uHeAvNIoghq4Vmsr0vUquF4lr1Et6hrwxT67j0TEmo7s8ND601b73vF49IoFUihn6XIpkH6YfZaZoOsbBKpQwbcIs6VPVdbwbm7eQt8vVlJGOizXKDnaQgvyJs_ZIeboXK3xF0PgNieNeJRXJT38xI&uniplatform=NZKPT&language=CHS
CNKI-20260826104047183.enw	Journal Article	东北地区玉米主要病虫害防治技术	尹莉 宋立东	农业与技术	2014		https://kns.cnki.net/kcms2/article/abstract?v=hH4QDuxDhLSmlVvH0pEvvkjSwsKf5TPffJakbqZiskQnLHIvE3s1MIt9mb1UXQzwDiEF8SdFXflilwaddvid4raOdyOo6lTJJ5-ihfTNMPAk_ynDOfu0m41-NSSoOfrzUYqcByR-B1awds2Xo1neWUB0axWRhuUP2km155u2HyYuId1Ll7zxNw==&uniplatform=NZKPT&language=CHS
CNKI-20260826104047183.enw	Journal Article	浅谈玉米小斑病的防治技术	刘姿梅	农民致富之友	2014		https://kns.cnki.net/kcms2/article/abstract?v=hH4QDuxDhLSmlVvH0pEvvkjSwsKf5TPffJakbqZiskT7qc4kzoUeTWV0qRzvyvHfw6gszE1urIho2wUo9-qnJSarGe5UAyHktQzyb3x_It8LNW8FK6HT5yNsexhi9PZ6nj8v1BOIag8Y_tcB_46fqgeYDBs9-V6Ity4G3V16-vkKI3ogEW4SBw==&uniplatform=NZKPT&language=CHS
CNKI-20260826104047183.enw	Journal Article	产芽孢木质素降解菌MN-8的筛选及其对木质素的降解	李红亚 李术娜 王树香 王全 朱宝成	中国农业科学	2014		https://link.cnki.net/urlid/j.issn.0578-1752.2014.02.012
CNKI-20260826104047183.enw	Journal Article	棉花黄萎病生防芽孢杆菌Z-5菌株发酵培养基的优化	张冬冬 姜军坡 朱宝成	棉花学报	2014		https://kns.cnki.net/kcms2/article/abstract?v=hH4QDuxDhLTePPMGPj2kex6HXAT6F-iQ3O0I02hxCfX9Yftc-WnFxG1sPakUT9RQM0KEzMNgQR3lIOSE4thVR_8HNRuJB0-CtwDHCP7Pf3DQNmvuKfhw_RdW3l1mGdZtFn8PhmeEL68YeqDWNtnpxfvoB3c-3_pq9LHAAi_iPdPMeVIvARsrEQ==&uniplatform=NZKPT&language=CHS
CNKI-20260826104047183.enw	Journal Article	玉米抗粗缩病育种研究进展	闫保罗 李平海 王平 陈举林	现代农业科技	2013		https://link.cnki.net/urlid/34.1278.S.20140103.1002.078
CNKI-20260826104047183.enw	Journal Article	山东玉米粗缩病病原S10序列分析	王升吉 张恒木 赵玖华 吴为奇 赵亚 羊健 尚佑芬 袁园园	玉米科学	2013	10.13597/j.cnki.maize.science.2013.06.003	https://link.cnki.net/doi/10.13597/j.cnki.maize.science.2013.06.003
CNKI-20260826104047183.enw	Thesis	球孢白僵菌在亚洲玉米螟种群中的流行病学研究	胡本进		2013		https://kns.cnki.net/kcms2/article/abstract?v=hH4QDuxDhLS7--hJutQBd0kYxmTlZS4R_jrhtMV8dKu3V8aepEvK0KDn1-njlCJis0WTzcgWIx4Q6kHXvTXGR3YXPOKWc1uXOiMfQfpoauWtFrZl5LicsU6c3H63aFO9XW1UtIRyqNXvXFrwO_0-RVAVJzqrn0Ix_eXXzntt-xpMkIc3jSIpwQxc5OPaK_iH&uniplatform=NZKPT&language=CHS
CNKI-20260826104047183.enw	Thesis	大豆菌核病生防放线菌的分离与鉴定	王娜		2013		https://kns.cnki.net/kcms2/article/abstract?v=hH4QDuxDhLSABARGzc0ZeAYLMdEjckTtNo41GGEiP-6ZJXH-jhBs84Snba4zAlUgGBhevLjmfAhpkL9kyHiSYVzKqgDS7yt8GLjtjsMSq-bzlwAm0P9ZuXBmpMECM2pCBq9vqhRUhFmfcRBrx30jt3WoKLvwC19NMid-12Y6WguMbOPtfS_wnyx3A0r8s_Xn&uniplatform=NZKPT&language=CHS
CNKI-20260826104047183.enw	Journal Article	延胡索氯仿提取物对12种病原真菌的离体抑菌活性筛选	申晓慧 张华 冯鹏 姜成 李增杰 石凤善 王强	作物杂志	2013	10.16035/j.issn.1001-7283.2013.06.006	https://link.cnki.net/doi/10.16035/j.issn.1001-7283.2013.06.006
CNKI-20260826104047183.enw	Journal Article	玉米粗缩病的发生及防治研究进展	岳杨 郑永照 王提江 倪玉春 董本春 高玮 金成洛 赵长春 孟令媛	现代农业科技	2013		https://link.cnki.net/urlid/34.1278.S.20131014.1138.091
CNKI-20260826104047183.enw	Journal Article	亚洲玉米螟生物防治研究进展	胡志凤 孙文鹏 丛斌 董辉 钱海涛 张祝亭	黑龙江农业科学	2013		https://kns.cnki.net/kcms2/article/abstract?v=hH4QDuxDhLROX8ltjpqsnBzFgmq0QsNnSp5v8JTF3HXRrl5OoGlLGqJrDioV-qVmFAROegmmpey_T8VUViLepbv2mQsKf-xzNLCfpjgD_aK-9yQm9OFJWyGRtWCuyKGwaVZ4BfBzIWSWHPELjIsAjqcPuQ6TmrweL0c-p49dbwKQmUpfZ0Wd9Q==&uniplatform=NZKPT&language=CHS
CNKI-20260826104047183.enw	Thesis	玉米抗弯孢菌叶斑病QTL的定位及遗传分析	侯静		2013		https://kns.cnki.net/kcms2/article/abstract?v=hH4QDuxDhLQCIwelrTpjG0JRWjwS30j3psXIfB2n9CGeGP8GKoGI_8tjY6K8Tj10-w3YCGDgyUq0qxoADANJuuv6E0Dh_rJeuvc4nQx9EHoZto0WXe4OkcKmvcukpcDCUrd9fKBhhPjnDXCRvsfNPa2oI9nLMzBZpUnshaJb_kmPtk-yQtr8aklShn7bo6gu&uniplatform=NZKPT&language=CHS
CNKI-20260826104047183.enw	Journal Article	水稻WRKY80转录调节蛋白基因的分离与表达模式	彭喜旭 唐新科 周平兰 胡耀军 邓小波 王海华	中国农业科学	2013		https://kns.cnki.net/kcms2/article/abstract?v=hH4QDuxDhLRrI5CODluJNyH4v8784hoiIgU9lSICtqkM3EkYR98Gtl2oRPGlWLy6kCxA9_AFSKwL6usTnU4Nrv5W5dr1me20HITiJmsf7efwrnLzANjJEdFBuOxyXg29IbfPkMDPu6VzjJqHCi3_Nnh6vgtnSF5Z1CvWwhVu0Va672OD6LH2xw==&uniplatform=NZKPT&language=CHS
CNKI-20260826104047183.enw	Thesis	葡萄白腐病菌拮抗菌的筛选及其抗菌物质研究	刘洪鹏		2013		https://kns.cnki.net/kcms2/article/abstract?v=hH4QDuxDhLQVHmG32v2w5rq4kJZsYM7K1Bdg-H3DIp7StixL4JvVmVkp3uPh-puWjDC_fkT3_4iC00fjBo5_ftLZ3t4UFEYOGQj_NnjercyfnSoA1xoQp8MDX-MZnQ1KZlDMRqAGY5dJIoz5fdZILNFgXjldu-DZX4qR_b-bI8P2KxjycqFXwmtc4BCOJSc0&uniplatform=NZKPT&language=CHS
CNKI-20260826104047183.enw	Journal Article	玉米粗缩病发生特点与综合防治	尚佑芬 赵玖华 王升吉	山东农业科学	2013	10.14083/j.issn.1001-4942.2013.08.015	https://link.cnki.net/doi/10.14083/j.issn.1001-4942.2013.08.015
CNKI-20260826104047183.enw	Journal Article	一起猪霉玉米中毒的诊治	孔祥云	畜牧兽医科技信息	2013		https://kns.cnki.net/kcms2/article/abstract?v=hH4QDuxDhLTiJ3WoXjL0spiyGGyghg2LoXw9Qjt0XUMqUTLnqduYkto4aFmnhavwwTmJMYYBlof6Cl2VVXCyEVav5Lj5qmhdz2YIu5wzOAMHJp0aEwICBSkK2RBXOUk_zJswsh1pXweIhhvaXs3DOIdDZ7IQ6D1FUPFnNlI9ovq_Nc3CPeuqgw==&uniplatform=NZKPT&language=CHS
CNKI-20260826104047183.enw	Journal Article	玉米主要病害的发生规律与防治	吴竞 李建勋	农民致富之友	2013		https://kns.cnki.net/kcms2/article/abstract?v=hH4QDuxDhLQW5b2HfAjYnMp0jmivevQdDpQ5p-grleF2XOF3_4GMsPX_i-_1TddF-YiqSaPxvqWZ1MkQoiYhi6KauPd8ezWFEyWZAtTwNrWO2ZKJn9adK5RuYYyfiLlFPVjGxDPf68Q2DMFBB44fherddvgTQn03Zd35QsVeyJFZHz1hKL3AlQ==&uniplatform=NZKPT&language=CHS
CNKI-20260826104047183.enw	Journal Article	漯河市玉米褐斑病的发生与综合防治技术	闫海霞 付家锋 吴伟华 袁刘正 赵月强 柳家友	农业科技通讯	2013		https://kns.cnki.net/kcms2/article/abstract?v=hH4QDuxDhLR3eqG5bHFHqXhJcKjRIyXKfYds7wPJUPx1fFbrMcSl6q10cXwVo3OwpBvs5fO39-LRxiBUxYK4HUAMuGGIXQPzgk9BW3nH83f8WXaHABB7djzN_dLptFlCD9jATcnSdJqSZdmY96QeNCgs02hWX9xB8ylFR1KbYsWGaMhFlT2C1Q==&uniplatform=NZKPT&language=CHS
CNKI-20260826104047183.enw	Journal Article	水稻细菌性基腐病研究进展	刘琼光 张庆 魏楚丹	中国农业科学	2013		https://kns.cnki.net/kcms2/article/abstract?v=hH4QDuxDhLT0KxYCyzQmLM86twi5SRIse13eiHFyWM9MVRsI457OwVQft8VAyyAbOjCcQQM8GmmgAz5yvAdj6z_nDk4Ukahk2cs7ny9tdgcW36NGFi0pdy4svFzI28x9ORF1bWNRonX5natImbwOoGTPI26aDa8ZvO1GWi5EP_WcyEyGf42vKQ==&uniplatform=NZKPT&language=CHS
CNKI-20260826104047183.enw	Journal Article	玉米大斑病的发病原因及综合防治	冯冰	农技服务	2013		https://kns.cnki.net/kcms2/article/abstract?v=hH4QDuxDhLQ-e6s0giBX0scFh6vi3sSk3sl-XwBFQE056P5Qbh_kYQoNzjq45LAiKk-Cooncpg6oyHA9cbznXz2-kF3JimliCiOECEzEs5CGGetF-tQAi6nNpcou0JIpHF5yocipNf5cDnCvrupApGTjda0QqUD63BLPtwz7VZl0NQcVl3QaqA==&uniplatform=NZKPT&language=CHS
CNKI-20260826104202735.enw	Journal Article	家蚕病原性微孢子虫对亚洲玉米螟的室内毒力	刘仁华 甘丽萍 秦洪文 周大详 李彦杰 杨俊年 汪正周 余顺慧	黑龙江畜牧兽医	2013	10.13881/j.cnki.hljxmsy.2013.13.016	https://link.cnki.net/doi/10.13881/j.cnki.hljxmsy.2013.13.016
CNKI-20260826104202735.enw	Journal Article	玉米大小斑病发生特点及防治措施	吴丽侠	现代农业科技	2013		https://link.cnki.net/urlid/34.1278.S.20130702.1322.099
CNKI-20260826104202735.enw	Journal Article	玉米粗缩病的发生与防治	宋秀新	现代农业科技	2013		https://link.cnki.net/urlid/34.1278.S.20130625.0906.079
CNKI-20260826104202735.enw	Thesis	鸡源产酶芽孢杆菌菌株的筛选鉴定及饲喂效果研究	李卓伟		2013		https://kns.cnki.net/kcms2/article/abstract?v=hH4QDuxDhLQmXcxtYEVCSJHpuBY7Ba02g83aYEIgWQ_D-oj7UE4fiqFKcBE9nJ8afIkeMy-iHM88j9RDKigP5yPVF4c7hWbVu3O_owEi9ePevshQzt2N0w0GItPUQ2b6_fCZeRlvym3E76FvyY1vKXu4Qwu4EUOOpf7AHjZeXT9fn1p4c3ffnKPcHOtgFaCA&uniplatform=NZKPT&language=CHS
CNKI-20260826104202735.enw	Thesis	爵床提取物的生物活性研究	郭明程		2013		https://kns.cnki.net/kcms2/article/abstract?v=hH4QDuxDhLTZbEicrD45i_Cd6IreHb6XzPruxmztfRtQVqBLLk3LpVlefDo5839qVrAmwirBPe54H-oF1lwX5PBff3BQcNh6JmZ81w_i8OVPO07V3ALJcgnm6TRkyWijnHE8oi1C-96cRMFIaOT7Cxc4w9vb2OaCUgXNEWiCnyozw0m2rQpQmacLFTOc8MdV&uniplatform=NZKPT&language=CHS
CNKI-20260826104202735.enw	Thesis	烟草土壤放线菌群落多样性及其拮抗性研究	赵克伟		2013		https://kns.cnki.net/kcms2/article/abstract?v=hH4QDuxDhLTZbEicrD45i_Cd6IreHb6XzPruxmztfRtQVqBLLk3LpaFSudMPvnlOiQzjmLFfHGNiMe79clFWtXP6o9OsS7uNbj8abM7F8OdkHjVsUxhuhfAWnz5tZ2FFgCMIat7r_4y3JeR3Td-nsRZdyYmmyNDDSG4PUCyyhH_k1PYkV5w4cng_73yPKngJ&uniplatform=NZKPT&language=CHS
CNKI-20260826104202735.enw	Thesis	水稻穗腐病镰刀菌及相关毒素研究	侯恩庆		2013		https://kns.cnki.net/kcms2/article/abstract?v=hH4QDuxDhLTN9iCUzTZW43XvB1HckG068HlRM-DviCUnSIFLFKSZf6ZHTDoYBGetWSlOOszfOW-_I6whV7hIszBHAZvUotKAxcvZnds1gpMel3HUd0WhNDKr8X00EoCz-_u2vIfA3Z4GQFWR0_f3BpanqN_8Jq-DC6lUz7URxXEHNMsAveh8Csa-WgVGepra&uniplatform=NZKPT&language=CHS
CNKI-20260826104202735.enw	Thesis	水稻齿叶矮缩病的初侵染源及其病原病毒的遗传信息研究	章友爱		2013		https://kns.cnki.net/kcms2/article/abstract?v=hH4QDuxDhLTN9iCUzTZW43XvB1HckG068HlRM-DviCUnSIFLFKSZf2Y8T9Hbq7c29JDyBqXAuyK3j77S_HouNK-vSbca6xKKFkhGrRD7XQLvjJPZV44TYocUWRlsDqBT0NO_yPQQV-j7G0ew2JqNFBSLMqbFm_8Qjc2dWVi5-F17L_hvFaXrrPwCI3hoZ2pq&uniplatform=NZKPT&language=CHS
CNKI-20260826104202735.enw	Thesis	玉米叶点霉叶斑病病原鉴定和生物学特性研究	苓强		2013		https://kns.cnki.net/kcms2/article/abstract?v=hH4QDuxDhLQGYDyPS7U7SdmRbjWIeJI-whbA1m9TmAYAoVbGB-Aoo09DKpHKC9m3FV5JFEHAgy1MwJvbhgUD_rLMtnxUWoDr_11Rlrd6hAgJhSafqdOTFzNuLVOnODpVGhOatD-KOwUgJ1rBWQgZngk8RlYUELMBcI94tLgnOvFma6WfSZWdKnhdzc7lwVNZ&uniplatform=NZKPT&language=CHS
CNKI-20260826104202735.enw	Thesis	白僵菌和绿僵菌对几种植物病原真菌的拮抗作用研究	夏龙荪		2013		https://kns.cnki.net/kcms2/article/abstract?v=hH4QDuxDhLStDrgrumCRbodmqHX6IbCkx9UcOprfqwLcSPDtD5O9WiK60rAH6E1lR5GGTAt8D2f2XHrPfXf0pKqWO4YLEfC44d_HmH-T-7ZrHu1NPWbdNPBLlnMmdEQ9LCBOGNftegGDtGTgMhXdVmi_Ro-cEm2gSiOLNl77dIvUxHyEFQ4MfwkAF8wS-C3j&uniplatform=NZKPT&language=CHS
CNKI-20260826104202735.enw	Thesis	球孢白僵菌和金龟子绿僵菌及其代谢产物的抑菌活性研究	陈青林		2013		https://kns.cnki.net/kcms2/article/abstract?v=hH4QDuxDhLRu-uYq8JzkgsMh500BknvFjAR6s1_-AG3aaIM8kgSJ7FiyvjwXld2_fycBRU2K1-DTmIL72bJJ9LJOf0sE_RvxKUi6AdlkciGxMt43W-qw7poNzeJ-TNoFBsbh06WA52W8HQa9J_S4Ei3i3mZGtkeaazgJryJabukOu9q7Uy1nSrCj_ivkcEy6&uniplatform=NZKPT&language=CHS
CNKI-20260826104202735.enw	Thesis	几株昆虫病原菌微菌核的诱导培养和条件优化	杨欣		2013		https://kns.cnki.net/kcms2/article/abstract?v=hH4QDuxDhLQ5pnZ9zjBo_KRwWUzRn4GwCBCT5KErthxCjXnM48PNw82oOvwgJD44Bmel5fBFqtxb8zo4JLWcwLcbrZ-iRQeAoTcgC-9YguhRUHmD49TQZuYywcb9s-1CDFumIZ5muc9xFPqA-uQNuK8RKN-5In0XnJiXlEYNvfTzbnY5qAgDW-uePr54nFpw&uniplatform=NZKPT&language=CHS
CNKI-20260826104202735.enw	Thesis	东乡野生稻内生放线菌FRo2鉴定、培养条件优化及活性产物分离	敖武		2013		https://kns.cnki.net/kcms2/article/abstract?v=hH4QDuxDhLT8_YxOlEE7dmZXKCLy57esUfNIHfHV0GwyLTeJqIBmzqHrmtD4Xc1_b2T7jN40CffLSz-kHUySIM-8utst9M6dVo5g_L9uBUXKQBdG7PZQ0ogina_rymW5zxf3bmrAZSWjPf5vVN87z-Y4R33xtVYLAK1_UUGzUvrYWxFam3hOFuNA_ZTr0RUW&uniplatform=NZKPT&language=CHS
CNKI-20260826104202735.enw	Thesis	杂交竹梢枯病菌蛋白毒素及其精确作用机制研究	李姝江		2013		https://kns.cnki.net/kcms2/article/abstract?v=hH4QDuxDhLR3_tKLsP9HPvMqBJDaSdp_vZwoeKhxoSxBVCZkwa5TVnGz-DGIJdtu0X82FQFCRIcym1kLC59yspjr52KUBVHWB0tw5Io4Q9HE8UX8-0Z8GWtupx97TOuzOnj2oldi6UIBmwkT_F88bHj7CIlroF1QkhR08PW6r6oTnws0XFMcNxdLVuzCPZeP&uniplatform=NZKPT&language=CHS
CNKI-20260826104202735.enw	Thesis	玉米大斑病菌cAMP磷酸二酯酶基因调控病菌发育的功能研究	申珅		2013		https://kns.cnki.net/kcms2/article/abstract?v=hH4QDuxDhLTYV8vIwTNZ9HvMGIkD2-iRemZNWFT3yqLMj2iZtKIoXiDYwpZVwpH6cKaG6RvdZPJRuUP2rhC4M8iJqVnuJ82wkGFz0hQn_h_PIKHM0twGnXu3cIUq06rd3EjMFRG3qZ5viTuiBju-vi4eYbCuEeYoWkfkGYRoV8_7SIaFjWUMtKZgY2kJBe2q&uniplatform=NZKPT&language=CHS
CNKI-20260826104202735.enw	Thesis	玉米大斑病菌水甘油通道蛋白基因StFPS1的结构分析及功能研究	范钰		2013		https://kns.cnki.net/kcms2/article/abstract?v=hH4QDuxDhLQfckJ-QBJWDJT8jSuHQyU1aZE0PrsT_wQOlFK2_CW64NtdjOCXgtrGl35pUTwPpOVFWH2aUzpASKliNK1oc5oXnWsNmd0WW_RHXBhMgDkrv_69oJ8eJcTmyK7A7zvABXjRvygfLEtc2zVawyhJXDq4pKLrfIeIZBQFj_ROf7yuoDqwf_X-cyPi&uniplatform=NZKPT&language=CHS
CNKI-20260826104202735.enw	Thesis	玉米促分裂原活化蛋白激酶基因ZmSIMK1功能分析	王丽		2013		https://kns.cnki.net/kcms2/article/abstract?v=hH4QDuxDhLQfckJ-QBJWDJT8jSuHQyU1aZE0PrsT_wQOlFK2_CW64EU68UD_hF6kCW9Zfjm53qiRk0TVDdiLedVfHNxcwjOt8UfQvLuiPgXI3M05DbMsLIJA7shYHx0G2p2DOo-COfKyM5v10xlOqz-PF2e9RzIZ71XJ4MfWBnKxo-pDXk9e3OqIYM0KgGIc&uniplatform=NZKPT&language=CHS
CNKI-20260826104202735.enw	Thesis	南方水稻黑条矮缩病的监测及其病原病毒Pns6与寄主水稻的互作	章松柏		2013		https://kns.cnki.net/kcms2/article/abstract?v=hH4QDuxDhLS1ERUQNQZKsqG8yofxEZIoVc815d8LgqWfj0SWLe-szOSMdUGJbJ91EEVBiH4gDM7tUaO6dqjgHsVHlZHbrukW5YYQxyG6aF-okDisTSbEKsHBPO3Za1AYhbctx_dS0SoAH1XWc9gfuAwoA1knU72AzilH2e4xYueU1nvxVjbz0So2zHBgZ4Vz&uniplatform=NZKPT&language=CHS
CNKI-20260826104202735.enw	Thesis	水稻黑条矮缩病毒（RBSDV）群体遗传结构分析及与RBSDV P8互作玉米蛋白的鉴定	阴筱		2013		https://kns.cnki.net/kcms2/article/abstract?v=hH4QDuxDhLRWulIw_WHjFquA7_8m2AkvNo8-5jqZgEIRs8NIrmbODF6UiGMpPvCU0YXfjfP4utBaU-ZA_cj4Mut4bn5EXr8kcQIQq2g50u72G3HA0JgjMViKZhhwSbqGKXyHHVHVk7aYqGb0edHDJOrn9hLpru0rlIampEtzTHfxornuNBnu0jSJuI8YEUtA&uniplatform=NZKPT&language=CHS
CNKI-20260826104202735.enw	Thesis	三种中药对植物病原真菌抑制作用研究	刘佳		2013		https://kns.cnki.net/kcms2/article/abstract?v=hH4QDuxDhLSaU2cXiIE39QJoYsBzdDJ_fq5nstaC2A70I3B9zih5XvS6lpGMtAeSVo-2WsjFCL77eoVYzBkxN2Os26-gLyQbIsu1qxyVEyldmx4Wvp8tmxt_vJRvOM9_Kb90V4gY1V9HxcveU6SpiRpewl9UVdZpfq--x_zkGZho_vQ4c-zQdj_kEu-3yU42&uniplatform=NZKPT&language=CHS
CNKI-20260826104202735.enw	Thesis	河南省玉米弯孢霉叶斑病病原种类鉴定及遗传多样性分析	李黎		2013		https://kns.cnki.net/kcms2/article/abstract?v=hH4QDuxDhLSgB0CPQdn5FafD0A0ChGxa1N4_Rkud2v4ksFAssTY8y6t5G6v1aChXLZSjJrKwcUMuTQD7S16dmAkPIX5dIiIqBjo-eP-WcY0v_9iQi0A1sJVBiqLgh396TbySDWuMkgzBdIe8-_THIkWUrDCZ41_LUFyoUtOnYLdT_RKtRkNZBqFBhJeyDH9u&uniplatform=NZKPT&language=CHS
CNKI-20260826104202735.enw	Thesis	甜瓜枯萎病病原拮抗菌的筛选及利用响应面法优化发酵条件	邹立飞		2013		https://kns.cnki.net/kcms2/article/abstract?v=hH4QDuxDhLTT-ATS6OqbW3_JuF0nKfImYuh6Zmec2y2NuCi4pbBSNMp0hT0dlC30C2FxJqk-RsKAhxx1yyEpzELNQGHU9Bf0Nvvawrcg5M23Wbbv1KnF4gYxqL2E3KVpDs9Ky64YlYO_cRKytHX_OFHnPCW4kChA3vsb1nhbwhmkf03nYtNVbGCYGVX8JoEq&uniplatform=NZKPT&language=CHS
CNKI-20260826104202735.enw	Thesis	立枯丝核菌dsRNA多样性及其与致病力关系研究	苏小明		2013		https://kns.cnki.net/kcms2/article/abstract?v=hH4QDuxDhLRgH4xsf1OIms5LIzq_rR5nbQTtzEmcjLQ_sFFhGpacJctDFOcwxmKYEbEyqmo7Vol3N73beP3JQXXOACQDERnL9eFvw5ws36KmcNIL7-L5SGeFlC82XnHLfCp5vM66ztsRLaHiM7scJMfqCDsqR3lRrcAV7inEJr66Q38abnCHsHGatV6ZaI9i&uniplatform=NZKPT&language=CHS
CNKI-20260826104202735.enw	Thesis	非寄主抗病抑制子AvrRxo1的双功能结构域鉴定	常清乐		2013		https://kns.cnki.net/kcms2/article/abstract?v=hH4QDuxDhLR5DUzoFQsJr5nOuoVR6oR1fzz8aZyuUB5OVXWPm6jNck6mr-8sXAK67nPKmlomevVx8z18-SoajTEBzDBWaRR3SXbVcMGl0PnL04M9kQjEjzHACjL4_JGMr2jjQYvf2F5YUS45Lt92Jphg7Ig_bhQVFCmOa4JmOMBDuuB3k2WzaP6SW5zpF_HN&uniplatform=NZKPT&language=CHS
CNKI-20260826104202735.enw	Journal Article	玉米病毒病常见种类及鉴定技术探究	李开明 熊川	农民致富之友	2013		https://kns.cnki.net/kcms2/article/abstract?v=hH4QDuxDhLQF93GgPzoRZl6tVelW2jWlHFSvPH2hl_6oJOkosoWCId3uuM7_oQLjxDHyUChSgx8dzEEh1JCnUq-gsnRiTLPznywmByJe00KN_YmAKVGm3IRklw0ADv8Mu89blVqNV9QXL_zHh_ha1EOHfKKzxnx2ROjUlAAcZV5WlVF4GpqG8A==&uniplatform=NZKPT&language=CHS
CNKI-20260826104202735.enw	Journal Article	漯河市玉米南方锈病的发生与综合防治	付家锋 柳家友 吴伟华 闫海霞 袁刘正 赵月强	农业科技通讯	2013		https://kns.cnki.net/kcms2/article/abstract?v=hH4QDuxDhLSZIaQDEePyQR9sSc8kDff2o3Jk9XSosoJMo6z1Mynq4FVQBnn2FTyKTnCrjysCwulAYo1gIR_ar8ERUfscvDZ_aHfsV2VJBpAnc38sivfx_12SdLARtCE7aRmzyQZOYr7clQZLKbTFzjpJcPx90RNHU0Hc4HPOqjLQj1yB-pDj3w==&uniplatform=NZKPT&language=CHS
CNKI-20260826104202735.enw	Journal Article	玉米普通锈病的发病条件与综合防治	万敏	农技服务	2013		https://kns.cnki.net/kcms2/article/abstract?v=hH4QDuxDhLS2unJc1EJftXTI_UG58wcKK2ziRgngN4u-GunbJtGhgETnI6gW90JwK-96SoHHPnd43svNd3LDHpL3wzAU02gzfOBdB1WUI_lxpeqjhSb0uwstduR1JFTUfWGxtZdmSOC0cHxVcAIcUQ-Zua6so0LBrCceJzPHOwknkf5lAaYq5g==&uniplatform=NZKPT&language=CHS
CNKI-20260826104202735.enw	Journal Article	玉米纹枯病的发病特点及综合防治措施	李秋	农技服务	2013		https://kns.cnki.net/kcms2/article/abstract?v=hH4QDuxDhLSyW7BlFeJuOMcFuCLoelwcXnFbBRRlhJp1rMxpoH4GHk3qnc0X1kwukix_cic72KS088DqZRn4i7ZeJ2Qqzn_6Rg0q8EclFa2bnUh1E-Uumr7NltCF_TGwDM1gabZPZ7WnkLwZ2uX7e5PBTjVkNShqxXxG195b8B8w07InydDGqQ==&uniplatform=NZKPT&language=CHS
CNKI-20260826104202735.enw	Thesis	产纤维素酶菌株的筛选及对玉米芯降解的研究	任红梅		2013		https://kns.cnki.net/kcms2/article/abstract?v=hH4QDuxDhLS2NS5hflOTd8UBy-6npIWOGPfDL2KElFgwu2H2rvMD7bUXqdhknBFgR8mm16OBI2-d1WieJA7k_HqzBeYMhyhx2W66yBsTWOabNeGs_BIMWBG3bNuw20WOlxFUdhnrvWcmWi9lQP9qQ38pF6L5EmrT8ZQmcyRAA9DIIN6qKtdYSKywM9vl-Syu&uniplatform=NZKPT&language=CHS
CNKI-20260826104202735.enw	Thesis	解淀粉芽孢杆菌LY-1的生物学及其对龙眼果实采后病害的控制机理研究	张居念		2013		https://kns.cnki.net/kcms2/article/abstract?v=hH4QDuxDhLRhVKDaoJKOQFqNkVNdBH6COa51u_JnTy0QtyVe4ramFkq2W_IsOHfWazKNyHNPv0W07_EIfr5gDhnFcgRFsE2CqFgP8HSUpviZ3wXViNXGWTqUQxuXdp8HKS8UdhA9IZtbkWo0E1navI26iNC9twAY_p-SiLMe1fdxCViijxgmfW52fle70VMJ&uniplatform=NZKPT&language=CHS
CNKI-20260826104202735.enw	Thesis	玉米优良自交系粗缩病抗性的遗传改良	郑新妹		2013		https://kns.cnki.net/kcms2/article/abstract?v=hH4QDuxDhLSlvTiW891wlUThi7FnEx9-5Bc3uiMSy4US4NiT7jFUK6KroWaEs1exJtCR-HOb7ACvvUG9GBpH_GmhzpjVfBA2yZ6HhxVkSyxb1K5Tdxa0CudN8gAWQwbwsoT0rCcGZ5oMHjC7tSp50m85UxuJjhkLRBoavK34ddJMG4vi19SZWrLWvx6Fe0-8&uniplatform=NZKPT&language=CHS
CNKI-20260826104202735.enw	Thesis	两种外来入侵植物精油的生物活性研究	李瑞钰		2013		https://kns.cnki.net/kcms2/article/abstract?v=hH4QDuxDhLR3_o1FQZiRpiRO5E74cK3cDGLtAh5J0USfCvk9KMSXrLxUuiUoYTNZWniaQL1Y-beIhX-T6CMDEdrmr7ApcjazgDcWOfSdyk7HfZ1H1iwcZzbEZ5reWWEHG1EUWFxSj5IHPKB5MSqdBSH3PN6D88oDU2Wi56anXjK7K9VUgVit9g9M1fJ7ueWN&uniplatform=NZKPT&language=CHS
CNKI-20260826104202735.enw	Thesis	不同种质玉米材料人工接种RBSDV后体内病毒增殖动态变化规律研究	赵志杰		2013		https://kns.cnki.net/kcms2/article/abstract?v=hH4QDuxDhLSSyadFy0S4mx10wGJBJv2pYm8e-Qc87EqSrDDXEQFddumz3jNXbUxBwdEc48s0LEk0oqPKKTK7JJQ0rNS0jcyGKu2L4aURIkIMTINEwq99IayzLqO-W4oXf3Rxb_fGBPVnK9ruiOmG8gPMWc2hPqhm6MAt-nOdK8lKRf4C7wBLiWDh9XBzeiTu&uniplatform=NZKPT&language=CHS
CNKI-20260826104202735.enw	Journal Article	生物防治对于玉米主要病害的研究进展	牟超	黑龙江科技信息	2013		https://kns.cnki.net/kcms2/article/abstract?v=hH4QDuxDhLSSyadFy0S4mx10wGJBJv2pH5Lx60TUR4zVpelWHGNoDI25BGwhyam2rSloHMlcLQPFWMy6WkQ93d8osd7i7C9-GTM8iiynEdbs4n41JOKfU-gRZY3l240l8SvqhvqSGFHDXpK8EccweN0CMpLF2ZFOzUZCRbYtOQBNTIHhZNWcZg==&uniplatform=NZKPT&language=CHS
CNKI-20260826104202735.enw	Journal Article	浅谈猪胃溃疡的诊断与治疗	汪秀菊	畜禽业	2013	10.19567/j.cnki.1008-0414.2013.03.054	https://link.cnki.net/doi/10.19567/j.cnki.1008-0414.2013.03.054
CNKI-20260826104202735.enw	Thesis	Bacillus atrophaeus HAB-1的抑菌活性研究及培养条件优化	孙亮		2013		https://kns.cnki.net/kcms2/article/abstract?v=hH4QDuxDhLSN44NGZc_sMXB_Xymw7BjFTBAiTd99rt6VBdFMS1BLGf3V-hubHui9iNvoO4BPbQ2_wXSC1Qr7k7Cym_0sDVcKoYH1M-OIsDNGq0nSd2l4QzCSqdHoW7VhXe5z29kHJInfVicqvOXlhGzOQg5hu5ptWm8juJti78pRO_VP0rjxZEoIh2seb6Jq&uniplatform=NZKPT&language=CHS
CNKI-20260826104202735.enw	Journal Article	江苏玉米矮花叶病病原鉴定	缪倩 任春梅 吴丽莉 周益军 范永坚 程兆榜	江苏农业科学	2013	10.15889/j.issn.1002-1302.2013.02.068	https://link.cnki.net/doi/10.15889/j.issn.1002-1302.2013.02.068
CNKI-20260826104202735.enw	Journal Article	《中国蔬菜》2013·4学术论文导读		中国蔬菜	2013		https://kns.cnki.net/kcms2/article/abstract?v=hH4QDuxDhLRuaA_JZomQAH4E0ZeDtwqYu1iZWIKzXzGFP0e0hnsgsM-DHJRp7gI5hLJ8Bcr3UIwWjGVhS0KfkM1_hcG_YMomFog6UNC_qdvXQsf6zHRL0ana7o2ovFV3Ydy35PKTlM6IadATNLDpAtfjc8ln_mkc5w2NjlVLFXBGRDF5gUYG7w==&uniplatform=NZKPT&language=CHS
CNKI-20260826104202735.enw	Journal Article	豫中南地区玉米南方锈病的发生与防治	付家锋 柳家友 吴伟华 闫海霞 袁刘正 赵月强	现代农业科技	2013		https://link.cnki.net/urlid/34.1278.S.20130128.0844.091
CNKI-20260826104202735.enw	Journal Article	玉米病虫害及其综合防治技术初探	吴祖幸	湖南农业科学	2013	10.16498/j.cnki.hnnykx.2013.02.015	https://link.cnki.net/doi/10.16498/j.cnki.hnnykx.2013.02.015
CNKI-20260826104202735.enw	Journal Article	玉米大、小斑病的发生及防治	彭永仙	北京农业	2013		https://kns.cnki.net/kcms2/article/abstract?v=hH4QDuxDhLRoZrgIGqFOm5SRnZ1INV9f_amyQvjoa_bho0ZjlGNstfN2DNJDC5Nx-esJWeMz_Y_BgDTV3BD6JbIPvjidHAlVsPg1YjosSGP5YaE-4jP9F_CRJPTA3Cv1WRdMCk4nHuhLtDOVDofzZ3iea2W_jmf4vQGKM23iBnQJSbBeyFLILA==&uniplatform=NZKPT&language=CHS
CNKI-20260826104202735.enw	Thesis	番茄土传病害拮抗菌的筛选、鉴定及其防病机理初探	梁雪杰		2013		https://kns.cnki.net/kcms2/article/abstract?v=hH4QDuxDhLRljMMdv5J_aVgAnf6qhQ2uyIEi77KllJFjDhFDnBkBamMHML8X3uG07DJ7ytK_G40xA7rv8VjQSZThE6Rc6UNVBuoKSpX-a0nOfrz0JdPAqrRnI2g_fziBgTSHQhyC-J4GYdXC8RsQoFagqWOLkpx3NWySvHEvcWGaAM94wlhp-XMY7Tn1Lfqj&uniplatform=NZKPT&language=CHS
CNKI-20260826104202735.enw	Thesis	中国南方地区木霉菌资源收集、鉴定与生防功能评价研究	孙瑞艳		2013		https://kns.cnki.net/kcms2/article/abstract?v=hH4QDuxDhLREyvwui85wx_gxvNe5WnI9LK8PDlMFxinUPFjjNyuca3-QMaaPYSwt3gV-ub2-A3i5n5d3_rSh82jPYLeA20AiHcX18nvzj4r_P4VJBk1SpSXyfgJqyKZn2aH7eFLPF0W5d5k0M7F2cP4U9wb1QYYFIWCcofx2YhcETKTzh-uk4Gne0siSUBbT&uniplatform=NZKPT&language=CHS
CNKI-20260826104202735.enw	Journal Article	一株蓖麻根际活性菌LX6的抑菌活性测定及其分子鉴定	迟玉成 许曼琳 谢宏峰 杨伟强 王宝亮 曹铁华	山东农业科学	2012	10.14083/j.issn.1001-4942.2012.12.008	https://link.cnki.net/doi/10.14083/j.issn.1001-4942.2012.12.008
CNKI-20260826104202735.enw	Journal Article	浅析玉米顶腐病的发生与防治	韩连和	农业开发与装备	2012		https://kns.cnki.net/kcms2/article/abstract?v=hH4QDuxDhLRIbirbqZ2RKdKcI-KV7WB0AkVPeu9tw8nY9pbC5cmR-Dn3wA9t1XvHRawLsoZpwRYlCT86quRHiVLk0rVbRLQE-XVdgEj0yYrblot7nq4oM8TTLyKnb_3jyy2lhcO-1AkNHI9JsYzvLS1OjZZsNbLRGbv2fG-jY2WqpogPy9-NBw==&uniplatform=NZKPT&language=CHS
CNKI-20260826104202735.enw	Journal Article	西南地区玉米穗腐病病原分离鉴定及接种方法研究	张小飞 邹成佳 崔丽娜 李晓 杨晓蓉 罗怀海	西南农业学报	2012	10.16213/j.cnki.scjas.2012.06.021	https://link.cnki.net/doi/10.16213/j.cnki.scjas.2012.06.021
CNKI-20260826104202735.enw	Journal Article	浅谈玉米纹枯病对制种田的危害和防治	黄益刚	广东科技	2012		https://kns.cnki.net/kcms2/article/abstract?v=hH4QDuxDhLQ0zp_BlA_5gkAqk_VLkpTpc8kPvk27B0DwOGplv-ecivdXPRKcspIvGk2fWkbTzuVodgoEdy5tDQ-0AQHVssfwUad9Cw6PyF8CGTLz_7kca5xibApcMhGyj5Mx0Lshu5d_bGzVLm1mwBb8ALLOuzDDPs9rRgtqIx68h4Pai7GXUA==&uniplatform=NZKPT&language=CHS
CNKI-20260826104202735.enw	Journal Article	玉米新病害-叶点霉叶斑病研究初报	苓强 李敏权 惠娜娜 马永强 吕祝邦 樊廷录 李继平	西北农业学报	2012		https://kns.cnki.net/kcms2/article/abstract?v=hH4QDuxDhLT5-IM5hFOIWnO54z7s7jV73YuQqGuF8Q8l-nUIaOapWcjNPLiStzRGrtL9CDGrRw_GA36BniODCAZ9AL0mXDUPsqXGYuiUfUidSMh8_UwKUEIcQfscUKhVasT8e8IPfyYhNhTAiJHLwhUdLYNcQClFrjjf0hCFKj9FFJs5Z1cVOQ==&uniplatform=NZKPT&language=CHS
CNKI-20260826104202735.enw	Conference Proceedings	丙环唑对多种植物病原真菌的毒力测定	陈方新 齐永霞 高智谋		2012		https://kns.cnki.net/kcms2/article/abstract?v=hH4QDuxDhLShf-Ia8R89rZbzR2TxHrSz6mT2fMmfwWRE4LD8XQiaXiSqcoMIW4JEZj2wzv_tzLIvMdZe00gYhZr2f04krpgIC0y084BzFTsCWMhBVkLoUJcWoFon_YICNhGB57Wxd-DgirRJ_Y3WSyrgxXYbo7dH95_UCF6P96_nEgGZyaiHg9uM5MXwoVVs&uniplatform=NZKPT&language=CHS
CNKI-20260826104202735.enw	Journal Article	玉米主要病害的发生与防治	付秀玲	农民致富之友	2012		https://kns.cnki.net/kcms2/article/abstract?v=hH4QDuxDhLQKV7fvL34AgJhwCbfXupj3u7NM13rVrLPIiLCwqcdvVAf8YFITod6500xBlXbvxNXeJ02N4daMpcvuqeI92gK51wc7m0-4wKaUt9IZp29QyV-pKPpPjbikGU8Fp4Lz9SWrzD8B_OTx_BpZ7s8iCpd4G9SOMNVfLZ-bsx4_6C_U3A==&uniplatform=NZKPT&language=CHS
CNKI-20260826104202735.enw	Journal Article	植物病原真菌细胞壁降解酶的研究进展	董章勇 王振中	湖北农业科学	2012	10.14088/j.cnki.issn0439-8114.2012.21.046	https://link.cnki.net/doi/10.14088/j.cnki.issn0439-8114.2012.21.046
CNKI-20260826104202735.enw	Journal Article	玉米粗缩病症状和综合防治方法	黄金华 王蕊 霍建中	种子科技	2012		https://kns.cnki.net/kcms2/article/abstract?v=hH4QDuxDhLRZ-MZFP3cpLmhKuszbx6zBWRgGy7axrXkMu0cyr51vayJi1acMmnajvFay5magz2O2IVDvM-1tZ86QWcNip_FiqMQCR4yhsH_rvXlgyf_VQyoSAAVa6ahEKqF_K6KH8lUZtwYWAmSAN_B8r0M2bE8PJSiVfmCeL0OcHcHmhd-1PA==&uniplatform=NZKPT&language=CHS
CNKI-20260826104202735.enw	Conference Proceedings	利用不同方法对HMC毒素的活性检测研究	马春红 及增发 李秀丽 戴志刚 王立安 贾银锁		2012		https://kns.cnki.net/kcms2/article/abstract?v=hH4QDuxDhLRumXdnMpLn_dYi-M5YWq-PuNykkJk_BsTKFvGoK8taNBTavov1TImwmJeEPs-W0QLR0NiaMz2SjetSBrcYcySJxwCYMxtLMb2NtBEn1ZDH2ktPxNwTU4fsGL2OWJ2CL2IA7dZIvNMGXMh_F0e_Z2sFL-9LRO1OArzYvYxhR6eohyuXAiccwQ4o&uniplatform=NZKPT&language=CHS
CNKI-20260826104202735.enw	Journal Article	玉米病虫害综合防治技术	宁国华	科技传播	2012		https://kns.cnki.net/kcms2/article/abstract?v=hH4QDuxDhLQ-Ux3ErhPIrRPYVv5EE-H4UnM5EePrGkrwjw0MvNk_ueNaK0LMAVKga0dsKFNlVv2mkLsmPNnCWs3hGOoz8jk_GIf2B0oYCUhxv9XVpI7rStCzgQHPLUjMyfFBOZvAcp1RUwLtzCFQOkmKk0RyN4A_zAX7wZzV96BB9ZKKp_W8dw==&uniplatform=NZKPT&language=CHS
CNKI-20260826104202735.enw	Journal Article	玉米赤霉烯酮毒素中毒继发猪瘟的诊断	杨建平 王扬伟	中国畜牧兽医	2012		https://kns.cnki.net/kcms2/article/abstract?v=hH4QDuxDhLQk_wfemZ3BAi8aTal2qo4BMrG2WtgDandGAcvr5MGGox93sZF5xMjn1ZFi6wJ-J97w4ZVl-pirLU_v4ZH6tMh_wJOBypPXX4m3ozrHqzXmOtAxEa1qn_yJx0FBZf4utFBvTd5jWnC_6J-C-HHn4B7QOZcFoqA1XeN-tFUcgzPF5A==&uniplatform=NZKPT&language=CHS
CNKI-20260826104202735.enw	Journal Article	玉米大斑病的发生与防治	郭秀珍 聂文艳 王德林 马军	吉林农业	2012		https://kns.cnki.net/kcms2/article/abstract?v=hH4QDuxDhLT7A1SyW3gHnrtSElxP24lBA7-HnX_c2qRyztjSnJd7tyUjQSKLF4W0redNxiGmlhhNd8EwuDiO3YKZEveTt2l2w6YilEnsX-4eMkdgoQf_V_pgwn9cBp0nVVL0IFCNXn6-iO4ckn1TCD5TlwuIr_fpKa0t9yTdI6sQPm53UoL85Q==&uniplatform=NZKPT&language=CHS
CNKI-20260826104202735.enw	Journal Article	玉米大斑病拮抗细菌的分离与筛选	刘洪亮 王慧	玉米科学	2012	10.13597/j.cnki.maize.science.2012.05.002	https://link.cnki.net/doi/10.13597/j.cnki.maize.science.2012.05.002
CNKI-20260826104202735.enw	Journal Article	海洋多黏类芽孢杆菌L1-9菌株生产抑菌物质发酵条件及其抑菌谱的研究	马桂珍 付泓润 王淑芳 暴增海 吴少杰	食品科学	2012		https://kns.cnki.net/kcms2/article/abstract?v=hH4QDuxDhLQiRXzCVWbOKVLaIZQwe8I6hickT4yddnNae14xVc5k6FjdoOrZKqVextB33ClH4vvCV17dvgdfYrQ7T6Kn9VgRc5w0ssANy2lZtHbtMZNbY5E3eQFUojgkBBwLYZGxvKVRkvYWxDex_dbmzgA-HmVUaV_4f4KODNhq0XRQt7RTzw==&uniplatform=NZKPT&language=CHS
CNKI-20260826104202735.enw	Journal Article	烟草靶斑病原鉴定及生物学特性研究	吴元华 赵艳琴 赵秀香 李颖 王左斌 伏颖 陈建光	沈阳农业大学学报	2012		https://kns.cnki.net/kcms2/article/abstract?v=hH4QDuxDhLSXfhqViRYYzhJbiqBUWbV86AxzFfo3zXNuMNSblvbdDAKyvYnjFnnOOgEwGXooIpVStk1GepB4Oq3asx2dWwKHSH4iusm_mHQmx4yiqyj8wM7YY-Awbc39zu46ewtTw74ZqzJ7X-uW175w3q5y4lOxxFiD3T3wJsb3DITnDcbjig==&uniplatform=NZKPT&language=CHS
CNKI-20260826104202735.enw	Journal Article	概论玉米病害的诊断与鉴定	刘文彬	科技与企业	2012	10.13751/j.cnki.kjyqy.2012.17.246	https://link.cnki.net/doi/10.13751/j.cnki.kjyqy.2012.17.246
CNKI-20260826104202735.enw	Journal Article	饲用芽孢杆菌的筛选鉴定及固态发酵培养基的优化	张文磊 来航线 张艳群 马玥	西北农业学报	2012		https://kns.cnki.net/kcms2/article/abstract?v=hH4QDuxDhLRlXXRfHzOh4rFZWtsQbOhsjgz4y9NjkjFRdlv4qH6uyfCVxiwCO_sdXyV-qQz5smiZmPOMfIORG1U7ZQXQujopfp8qwPJdoWVYIxCaG3qQOxhBG1A0Dt3GRkyCjRebGam5jVOQfx600FMRyBDdxejd9iRly6AbUCh4R2X3KzpapA==&uniplatform=NZKPT&language=CHS
CNKI-20260826104202735.enw	Journal Article	玉米病毒病发病流行原因分析与防控对策	祝小祥 王华弟 张恒木 徐志宏 王国迪 林致中	中国农学通报	2012		https://kns.cnki.net/kcms2/article/abstract?v=hH4QDuxDhLThkihNSR8KGd6B0aP-O_FmJOmcKhTA4wyJfE1lCQjmwYlaBjWi6bGgsLaO2902DzneOnB-xV0_VcLWlFGjFqA2f1XKfVKm-1btP9ZuFi8unVSbrN4xHcaX6c6PCMBvOsCletL6Vifm_b_zNajoLZ8AQZcpQ5MMFG6w0L8z_3Vc3w==&uniplatform=NZKPT&language=CHS
CNKI-20260826104202735.enw	Conference Proceedings	轮作小麦和玉米作为潜在的病原真菌侵染源	禹乐乐 李源 苗文莉 唐保宏 张敏		2012		https://kns.cnki.net/kcms2/article/abstract?v=hH4QDuxDhLSNtK7IY_ol7WPbckICKwK_fHYotQwnJehAxzYKS12bJrfyUG5A_3GaYGeZHxRbfq5bdLB7ekfl7lt5IKw2k8AFhblDrpjNO6J3sS27J8zeIsVA6ViJvf_BD02xefny3-gEAFjtJmZsxdbeftvv8gwUECN5MnbWDl2ATczfGk5EidCsIKp4I5XX&uniplatform=NZKPT&language=CHS
CNKI-20260826104202735.enw	Conference Proceedings	玉米大斑病菌黑色素合成调节基因StMR功能初探	吴楠 曹志艳 贾慧 郝志敏 董金皋		2012		https://kns.cnki.net/kcms2/article/abstract?v=hH4QDuxDhLTKRzpxtyrwUP3XzfDOghgzhmHS7x1KskY7hRAKrXfGzlpiUi97a4byXdU-AB6JHHLArpvTx4tO5wDlsN6uKfLOezNVxeqealIQdO1cyLX1_kVo5PnCOCkhq5DOehO_LnyCz98ZOa70Zi8g2m3EF7Rm3fItc3X7thLPyVjjn5pXdRD6osu3JjtK&uniplatform=NZKPT&language=CHS
CNKI-20260826104202735.enw	Conference Proceedings	玉米大斑病菌StMKP2基因的克隆和敲除载体的构建	杨阳 张长志 范钰 谷守芹 董金皋		2012		https://kns.cnki.net/kcms2/article/abstract?v=hH4QDuxDhLSOcFSl6M-cDhP0ZOPItyIoY0QUGkuAfhbsKNOHUak87_EXeXTD0ttFfCJV4G0615T7HwFCUv97oudVDMcYP8fCROSs2FwDYFnAgmZkxFOQ1_ZilmzVnckgTh8JKyoIvHSiorzUzBUBH_sODKMbHA4SFxWeW4AjzEnlzTOVm7X0XHe-keaf3q-o&uniplatform=NZKPT&language=CHS
CNKI-20260826104202735.enw	Conference Proceedings	玉米大斑病菌转录因子基因StSte12原核表达载体的构建	张长志 范钰 杨阳 谷守芹 韩建民 董金皋		2012		https://kns.cnki.net/kcms2/article/abstract?v=hH4QDuxDhLSOcFSl6M-cDhP0ZOPItyIoY0QUGkuAfhbsKNOHUak87_EXeXTD0ttFdDWxwwJtUvsXqLoE04x4i1SxeG7sIvm-AaoAaj-9VMOPg0GdVTir8qAYwuzGS_HtGIZTHGsp818E9eB51Br80PsxMiMARKNX4RQonA-TAfYwkzASoLfFbPNregCcifEZ&uniplatform=NZKPT&language=CHS
CNKI-20260826104202735.enw	Conference Proceedings	玉米大斑病菌水甘油通道蛋白基因StFps1的克隆及敲除载体的构建	范钰 张长志 杨阳 谷守芹 董金皋		2012		https://kns.cnki.net/kcms2/article/abstract?v=hH4QDuxDhLRCwU8BScRxCxxMfe4F4s_c5V9Gd0qgwdhI59Sip1YFuPKE54Kp3UdMuh8hJRhKJjIQv9rGstG04I6YfW9NcxDGyMC626WObmnkti2dppbX6KKpdP3oUYEXZctYXseJKbIQALnVvcsIAGKJql31PLqwpQv_6oIjU-6uw3O377H2o1n_KNad-LuR&uniplatform=NZKPT&language=CHS
CNKI-20260826104202735.enw	Conference Proceedings	玉米大斑病菌PP2A-C基因的RNAi载体构建	王晶晶 申珅 郝志敏 董金皋		2012		https://kns.cnki.net/kcms2/article/abstract?v=hH4QDuxDhLSngahpCGOygIO3IoEpnvntQ5W9HN1KBW7j3-CEVnHWDf11t5OZoWhBGzXrZKTjZZHGNptmouwE0sqkSnnaIeL7syXzppwb1k4cLt5gpk-7i0P2w73q-1bsSZdeahzr3Vzzrbv39pOTveWCsdWTV6qDLBgzuvBSdFDPLDK1trA6WI7hfNUFsvrL&uniplatform=NZKPT&language=CHS
CNKI-20260826104202735.enw	Journal Article	怎样防治玉米大斑病	姜海	吉林农业	2012		https://kns.cnki.net/kcms2/article/abstract?v=hH4QDuxDhLS0APw9QBYtuiobvIuBTs-C0ISOwUMI98w32WkGd3lHgdxGrVhEXQbGyKarYIev4QXoR_OE3qcqz6acdJj310yINluUUu1OUxBHeo4ek6UVnDR7kqNo6WCB0YRupJm1kBADzLFhyDIArRTIfYJF0eIByrrN6sDqhPuQFmfYmVY2SQ==&uniplatform=NZKPT&language=CHS
CNKI-20260826104202735.enw	Journal Article	特别策划:霉菌毒素的危害		兽医导刊	2012		https://kns.cnki.net/kcms2/article/abstract?v=hH4QDuxDhLTFTaXk8ZbAR1vYTB0OPlA5HaWYs22Wls4BHVMMmRarBQuvCv3BmkmPMT0uQAxkpLOhxacBUp0F_370iS0_XozELa-ce2Q2HRZFgqUtQITyEk8-97T9O_yp5gyQeYA7xI9b7V6e26bzARuOsjq_RHHEz2l3QFxjyRFZ7BcH4oEfBg==&uniplatform=NZKPT&language=CHS
CNKI-20260826104202735.enw	Journal Article	3株芽孢杆菌对不同饲料组合的消化对比研究	陶荣霞 梁运祥	饲料研究	2012	10.13557/j.cnki.issn1002-2813.2012.07.014	https://link.cnki.net/doi/10.13557/j.cnki.issn1002-2813.2012.07.014
CNKI-20260826104202735.enw	Thesis	黄顶菊内生细菌对玉米大斑病菌拮抗机理初探	辛媛媛		2012		https://kns.cnki.net/kcms2/article/abstract?v=hH4QDuxDhLR9XK8CLfPVg-gOpf4kVIFPxHoiBsz531Vvbx4vGLx39VcUrstwDeAliqAJSo20IgXk4gRm_neft_G5fVu0PX8nQvd7U44ejcxlb_XS1Vu74rFLx_xtb0r5HALvg7As_ku9CXZvdpgoE3zm0ZJ5zLgUJ7HYLpphmZJ5BezMjwlrFDyYzbw9lMps&uniplatform=NZKPT&language=CHS
CNKI-20260826104202735.enw	Thesis	杨树角斑病菌的生物学特性研究	席燕敏		2012		https://kns.cnki.net/kcms2/article/abstract?v=hH4QDuxDhLSwlOBMaKoOTVs07L6BLpnbVsQ7nHajD7u204RsQS1zcn40jtZFw0jMe48ltqtG0_eMKENaSILubvta-r-mXQiL9VgYi2eobirheWbqsZ-7U1Ld8Bt49sSnzaWiGAo3Y0wR-RB7IF8CI9ynN1hakVabsh-KLx-nuERa1VkL3i-JHgWlAYXx2Us7&uniplatform=NZKPT&language=CHS
CNKI-20260826104202735.enw	Journal Article	豫南地区玉米主作区茎腐病的发生与防治	邵根成	现代农业科技	2012		https://kns.cnki.net/kcms2/article/abstract?v=hH4QDuxDhLRP8n3A7cJlPrkjfxWPxB6Zfy9be0tRncaESVpeygo7OPBEQV8QcWvXzvPRJ6yVlaJnKYRLVF7TEzPhOIKlv1ZEsqe-uw3P2e595neg3y2vA6soU4IHPde6Nnbe_aLacZfHZcbGjIrO-f-QHn9cCm2hBhOWtCTecVPMANq-KLXu5w==&uniplatform=NZKPT&language=CHS
CNKI-20260826104202735.enw	Thesis	普通菜豆镰孢菌枯萎病抗病种质鉴定及抗病机理研究	薛仁风		2012		https://kns.cnki.net/kcms2/article/abstract?v=hH4QDuxDhLQQ-q4JUoYkNdxKI2Srqm_5pv4ooiGyj9X6gydebGShSXaSEBmOg63Q6E10elIJM0pXFXu9te5XD2HPX3SyOLDKBUgDg7PZM9MTEZauE1dS4tmXBRMCTPr_1yQjgjt9OvDXg9xBFt7OK0nwHY86wRMGgx59ercJpYwvpFLOe2QvMwDPrtXCqdph&uniplatform=NZKPT&language=CHS
CNKI-20260826104202735.enw	Thesis	禾谷镰孢菌Fusarium graminearum α、β2-微管蛋白的原核表达、体外聚合及药物结合研究	徐建强		2012		https://kns.cnki.net/kcms2/article/abstract?v=hH4QDuxDhLQoAYH_Sp2uFD9pxVRmHRFXcLaSJ8JGrB7TUykg_6e8m2UmArCaQEEFBeZBS09OQ_1Dln4bE6W3-7gyGbbyVe5GtOxo1Kq3cSRBfCRLcwzAHsaq18k8lfVWdb3qTEEYWcGsH9z1zTgaFRF9z6L3dlZqgwt82nNkdKuw_crKHzunlC7O3YGGFYY2&uniplatform=NZKPT&language=CHS
CNKI-20260826104202735.enw	Thesis	骆驼刺（Alhagi pseudalhagi Desv）拮抗内生菌活性单体分析及其相关基因初步研究	阿布都卡地尔·阿布力孜		2012		https://kns.cnki.net/kcms2/article/abstract?v=hH4QDuxDhLToEE4nlRkeX0flniT8P_pqX5fBq750ov5UUKgalANLezB8InG3TmGup3SFvBur38e79YpW4-NlYrVH68ZuwPXiyj2cdE_-eiSJXn0wdtwr-5QrosmCs3KyZC5tOdlPVZja3S-0Hddjh2auBWFdMCXbUNDLtg2yX2ZIK3jp8sEvYhHYDGK2h5Xm&uniplatform=NZKPT&language=CHS
CNKI-20260826104202735.enw	Thesis	17株芽孢杆菌产酶特性及益生特性的研究	陶荣霞		2012		https://kns.cnki.net/kcms2/article/abstract?v=hH4QDuxDhLRjkhLocmeX-EcMCq2NlDKyx0iNDgchK5A8m-yPKn1yQcqywW5pfVRuqEEqE3DsW08pvCY6JFgFFFioWvgqXDmy_HCztGY2vSHmF4lN4XIDF0KTow78oPXsqtFQUTqshLmO1jUwiT6hGpvtCpi3y9vmw6zC1pO-blUGu123JKkgvxYSSrbuB15z&uniplatform=NZKPT&language=CHS
CNKI-20260826104202735.enw	Thesis	芽孢杆菌A7株体外降解饲料蛋白及饲喂建鲤效果的研究	胡敏		2012		https://kns.cnki.net/kcms2/article/abstract?v=hH4QDuxDhLRjkhLocmeX-EcMCq2NlDKyx0iNDgchK5A8m-yPKn1yQY4URxequRJ4l0fRzx31uVdaHYkDRmdZ8eVPaeqKeeeCAAVVcpgBdAop0wn9A9-AbM9dXlNmEPKcWPkrU9hppfPqRKWzSM-4UAoO62AwoWZtdXfSi07xJhgsIl-ivShmJBAiOAEmqehy&uniplatform=NZKPT&language=CHS
CNKI-20260826104202735.enw	Thesis	雅安市玉米叶斑病的危害及小型叶斑病的病原研究	刘露		2012		https://kns.cnki.net/kcms2/article/abstract?v=hH4QDuxDhLT8Vsov43HKBPYO--Us8mAuk9TCS46CresT2gruDOENbGzEhNJ0x1UevRJwRJ3qpGUgts6ohI7QUqaVWPfzSJ_h_EKPaxh-s-50tUzRQvF0Gxc8Csqkjuu-tEKekO2W9_3n0Nqbn6fWGjqJnVg19v6pKn9Va3mkqPBx6yYlsAukG3wi08dVQi0I&uniplatform=NZKPT&language=CHS
CNKI-20260826104202735.enw	Thesis	三种蚜传病毒外壳蛋白叶绿体离体跨膜运输研究	吴丽莉		2012		https://kns.cnki.net/kcms2/article/abstract?v=hH4QDuxDhLR5dsolwaP4_Ktz_xpZTafMdLgCu5A2tjzE1Zw__ovp8M58rd9OTjWk77a7_YLHz4YTruzAGTrrGg0ErH5sv6_j68WfNbJIk5hAEOADdqUBhqMfoV58J-0mm6cRvM_g9Bu1aNBEqGU31VIlvOykqXZAnQ677fSyVEVaVYGpYiwzcwHqiJU5vXn3&uniplatform=NZKPT&language=CHS
CNKI-20260826104202735.enw	Thesis	玉米大斑病菌生理小种鉴定及球毛壳菌对其生防作用研究	张桂珍		2012		https://kns.cnki.net/kcms2/article/abstract?v=hH4QDuxDhLRJPZ348r7TwJQ9T5uKWC1NUBhFGUSoR9QHTf-EYvYmMgxzmUZOVtHZUfJcMmzLFBI4PUvvfjDlKluJ1R2wh4kREpyNfDDeYZhaDgJa61N0p0li_dJ6NINFp4-0i0ziPpUz0PaWmLRgEhn8If0GGUjwDnI-cW-ktuZPP61F5_lcZqBi71kfrY76&uniplatform=NZKPT&language=CHS
CNKI-20260826104202735.enw	Thesis	玉米大斑病生防放线菌的筛选鉴定及液体发酵的研究	赵淑莉		2012		https://kns.cnki.net/kcms2/article/abstract?v=hH4QDuxDhLQZaEnFuYhO5q3ilAy87ue4pW7zGPHHnxiKSXmMPDZ9vwkc6o2G3wub09q9DuzOkZ-GkFZdjqlzh1VNbc3jvet_Vlc_dLenfJPRgopqYPq0vuB7wIHL1K39spcejlrlvnArdMNdcVG4cG-Lgpwb-C8OL1oHHIDyX53NJXw-OuYenvMb34r-BKxB&uniplatform=NZKPT&language=CHS
CNKI-20260826104202735.enw	Journal Article	山西省玉米穗腐病病原镰孢菌的分离与鉴定	李新凤 王建明 张作刚 高俊明 郝晓娟 贺运春	山西农业大学学报(自然科学版)	2012	10.13842/j.cnki.issn1671-8151.2012.03.009	https://link.cnki.net/doi/10.13842/j.cnki.issn1671-8151.2012.03.009
CNKI-20260826104202735.enw	Thesis	玉米大斑病菌MAPK级联途径中StSTE12基因的克隆与功能分析	吴敏		2012		https://kns.cnki.net/kcms2/article/abstract?v=hH4QDuxDhLSgbF2GAk5Tvu6-LshRlePQqrz4DFCCbtlrj0s0quXztgUgYvkDUgBapEXcoKaNn1e5ko_WuhJpz8qxIe6zdQikFCni7-nWWbKlQbsfL3l7cyz_rJOUKX4kwN5qDd9SkgQZwtrSePnXrMKAhpPTohLHwhlNrHTUk-pUp6iDEDtPunmu06DRMiy0&uniplatform=NZKPT&language=CHS
CNKI-20260826104202735.enw	Journal Article	玉米粗缩病的发生与防治	闫海霞 柳家友 吴伟华 朱琳琳	种子科技	2012		https://kns.cnki.net/kcms2/article/abstract?v=hH4QDuxDhLTn9-LLe0ClpsWZQ_roq7a7ZZzmDujMdUy7uy12ufBo4uKvUDe6o508Mfl2ULpQL3x6ArgpO_sGqKmMGmR0N5zJhdT30czCCi61vS81BNT4c-ccQoUtpvCYBKb8Y4tPJJMm4difDRntBTZpttkhj-rrR0AeP7c2iLuWyh6BlIJJFQ==&uniplatform=NZKPT&language=CHS
CNKI-20260826104202735.enw	Journal Article	玉米大斑病的发生原因与防治对策	袁柳萍	农业科技与信息	2012	10.15979/j.cnki.cn62-1057/s.2012.10.025	https://link.cnki.net/doi/10.15979/j.cnki.cn62-1057/s.2012.10.025
CNKI-20260826104202735.enw	Journal Article	漯河市玉米粗缩病的发生与防治	闫海霞 柳家友 吴伟华 朱琳琳	现代农业科技	2012		https://kns.cnki.net/kcms2/article/abstract?v=hH4QDuxDhLQrHT41WznlPgb4wDIBx_O2PkoNhXRRZBGK6jekjwNiaLr7n-rhrSb3s01sdP3H0X416X8tPRwzI-_w_f9SGjkB_D5ry4fIJq11GtiEebB37BjCGwJ7x8Njn1dnsyDnsq__h2dfmj0yOKfYu964k4jiIbxDDllL7II-6m001Z6jqA==&uniplatform=NZKPT&language=CHS
CNKI-20260826104202735.enw	Journal Article	玉米丝黑穗病和黑粉病的区别及防治方法	李忠孝	农技服务	2012		https://kns.cnki.net/kcms2/article/abstract?v=hH4QDuxDhLTkem6MJqcYo2d8rznJ-OaWfmqTCncbSLq2GmMK7ILo_B3hISxjftqogUiUlNi5OzIJhh9SQunKU6qATduj4OmvUWGrLH9Sserv87h5lnCh3PQet3LSGtiB66uK7jidcrAksmaNqnEa5M5uyvIA19kQcajIWeDbNs7LdToIhfsfbA==&uniplatform=NZKPT&language=CHS
CNKI-20260826104202735.enw	Journal Article	玉米瘤黑粉病的发生与防治	贾秋霞	现代农业科技	2012		https://kns.cnki.net/kcms2/article/abstract?v=hH4QDuxDhLTFL3AGxIQ-zTU25E_yUvsHvReMqpH7m2rTsUad_a3YDUj97HBhwdZX08TAPipZ7CibZKw4UYMQBnAuqjglZhM7KlhhfRgIZv-37J0i9T2bgENVCrc0KLwY0BE6EDhUOIWYdTlmPFDyMY43gajZZAc5gpJYP4GAUrhQ28Zdgz7y5g==&uniplatform=NZKPT&language=CHS
CNKI-20260826104202735.enw	Thesis	巴西橡胶树棒孢霉落叶病病菌MAPK基因（CCK1）和毒素基因（ct）克隆与功能鉴定	刘晓妹		2012		https://kns.cnki.net/kcms2/article/abstract?v=hH4QDuxDhLQxrm0atc_ru_KfCTNPFIIKyl6g2iqhPDE0poN2lm4nk7UtnvKtjavRiwdhARpJSIEwxLmTTIk-5kZn_NKegRPgDuHdd7SrmZmC_PBFmXgc1JWkMZAlM-a3Axo-XqQF0Gx8gT_71jEfLGaYcj5sbENE288oixIevNTCJ6vPW_cxF8N5_g2Wouj0&uniplatform=NZKPT&language=CHS
CNKI-20260826104202735.enw	Thesis	小麦全蚀病菌的遗传组成和病害的防治技术研究	陈怀谷		2012		https://kns.cnki.net/kcms2/article/abstract?v=hH4QDuxDhLQC5xqcT6VkOnsnpljMPOISN3Yh1YRoJ5cOkabD_vU8kceChMgPaTw8FAJLR6iV6UTgFJbL6X0hhsoYI_EUJPCmQFuMyBklgj5elm2xrF_Y6aR2v31wUGgyoIrzsZrXCSA4a-QHgDnGeh47XHH-aEijj2bee6DobbBaCHr9g2jQZYmjjSI7tUlg&uniplatform=NZKPT&language=CHS
CNKI-20260826104202735.enw	Thesis	锥鳞白鹅膏菌抗植物病原真菌活性及作用机理研究	孙晓萍		2012		https://kns.cnki.net/kcms2/article/abstract?v=hH4QDuxDhLSmwNSp8tZ8aZMeZPQV5UOjeONsqkm5GR1Md1T6wSWKSaXzDAfyVohFAPbzrQ-IfC_gjHo5sKTPMmj1I8m8LhPA4qjXjEM3Jt0saXuIaO2h9Uj374n1kuDq9S2cjkbhWcEvCFWrFqxxYjgQ-0yV8sxkfce7GFD48vkvluM636qH3TD9gZeiQV0D&uniplatform=NZKPT&language=CHS
CNKI-20260826104202735.enw	Thesis	河南省小麦全蚀病菌变种类型鉴定及致病力测定	许筱		2012		https://kns.cnki.net/kcms2/article/abstract?v=hH4QDuxDhLR4rE77b0GOCCUtqPdBjQz7pJybaWkYrAvevMFsN_wgUIkMQvOmsQ-JNFc1xMZU9KK7XP8-RSCtRLSE_SKyrG90aoWwV4zgi9FONEFL3EGM8InoFVeolSESUelwwUMcPiJm8UDrXmCIBVUAkhrYpBBswI1o3iCWe0-6xgjeK4neHfPN20FNZK0C&uniplatform=NZKPT&language=CHS
CNKI-20260826104202735.enw	Thesis	玉米茎腐病防治技术研究初探	王冲		2012		https://kns.cnki.net/kcms2/article/abstract?v=hH4QDuxDhLQB2itYsmoKgU9IxN5QO_p2VXrmP0v2pmMMqWksg8TBInyU3f69aSEYVOD1xTdpEiT7ZhGzc73TT4Csk8mYdFjROwpBNIWl_A3Ww_jE5vcMF8f6Rr2b5JHbnu1wVCD_zOZ6kFH-_vGDkjc3uDKLrM_VZ1q3_aE3j7butbS52N4orCEhDjI71GB4&uniplatform=NZKPT&language=CHS
CNKI-20260826104202735.enw	Thesis	云南省玉米圆斑病病原鉴定及其生理小种和交配型分析	卢灿华		2012		https://kns.cnki.net/kcms2/article/abstract?v=hH4QDuxDhLRzOr721D-lzet2bknQIytaO0OZA_hpkVuk2wvz-oMltbjCiS9e-JMAu04hV0kTumlsjRaA5ATyx6BPTn9yHA51zxW9WAS8Iv5C3iehkDpyxtU5B83bYgxEy7yd3TEBlIafWawpPg_j69WXvgPaeviQU8FTNb-TdYwjpkT6s-j4I3Bu8RJ8CkUx&uniplatform=NZKPT&language=CHS
CNKI-20260826104202735.enw	Thesis	甘蔗活性氧代谢途径关键酶基因的克隆与表达分析	陈珊珊		2012		https://kns.cnki.net/kcms2/article/abstract?v=hH4QDuxDhLQl_M6NTf6E89qQjyXM6tXFG1chjttUWuUd9WYC1vzQv4rwmHi2cgPXzvK47-9lrtc1urOQ--gnF6DxyzIW-tKA2gbkEMgONUpS8toz0erl_iJ34rfaXnNHWfL5-7vEkY1LTgiRfEsYn4_QHOYHFu56_EhZz0gFm5XMjOvNKonN8nws10wr92IW&uniplatform=NZKPT&language=CHS
CNKI-20260826104202735.enw	Thesis	饲用微生态制剂优良菌株鉴定及发酵工艺研究	张文磊		2012		https://kns.cnki.net/kcms2/article/abstract?v=hH4QDuxDhLSvi12hjwqzmMQYl3-LT7VYi-2p6o_DVdt-cbkDFUNgWsw2Fa7VLFlRqfJIlAGwuDQB10i4PDJ4gv2dnmz5Tof1fXTZaFAMppxYL9KHvB3J5hu3l_lYFtToBrYb5-pONJHdVhct501GV2nBns9G4NC6XlMXel1jqGNWI69kEAGXRyLoaCgIvY0m&uniplatform=NZKPT&language=CHS
CNKI-20260826104202735.enw	Thesis	高粱靶斑病菌致病机理及抗病基因分子标记定位	张园园		2012		https://kns.cnki.net/kcms2/article/abstract?v=hH4QDuxDhLRg7ByrDE6xF-cuEeZyHW5tFDh9N1q23XM9v33TQpKhL5inlzbROpCVqgv1_RyCIFApa_RpBcSMn6j2avU5oOFUz_EItYgahyJJGa_wntQjV-am3wZecbjZvDkOGiLYZ99_JvgKObaM1u22ycTvlgIf_1FJ4wKBgmnQ90zMk4HEJov6bgH69ccd&uniplatform=NZKPT&language=CHS
CNKI-20260826104202735.enw	Journal Article	南繁育种基地玉米锈病的发生现状及防治对策	林兴祖	农业科技通讯	2012		https://kns.cnki.net/kcms2/article/abstract?v=hH4QDuxDhLT9eSIxJ9rklREqordsUYOQ7Vv_NSx-OXWYBDOtox0i1G-P4lJJv5HSric9gYGv08R5zJKivOsagiSxLAKvrmicJNqDfn2Uq12KJe3W_QWzQziNiQgWSA5jPYqdbtg2tjSgvyn4JmnfEpotACCIigtrcgC6PauesmZ-3Ew7jq1Nzw==&uniplatform=NZKPT&language=CHS
CNKI-20260826104202735.enw	Journal Article	农田环境中固氮菌的促生潜能与分布特点	孙建光 胡海燕 刘君 陈倩 高淼 徐晶 周义清	中国农业科学	2012		https://kns.cnki.net/kcms2/article/abstract?v=hH4QDuxDhLSC365_TJ3oEKm3g6GqO7flMm_5nsqtGCMt2HsEotKzGNdb4mMQ8Yhhpgp77TAoeyvKC6Sdtm8c0STZ3v78zO0NQTu_hSbG71Vkl-YJxJwr7aO-bynMrf8KgRo1B4tN_RN0S9bThpCV0R8ycxG4UfAP18okrKS_Aro9jNSeKOIwqw==&uniplatform=NZKPT&language=CHS
CNKI-20260826104202735.enw	Journal Article	具有生防功效的玉米秸秆降解复合菌系的构建	马志远 罗晶 冯志珍 林星华 段军娜 安德荣	西北农林科技大学学报(自然科学版)	2012	10.13207/j.cnki.jnwafu.2012.04.022	https://link.cnki.net/doi/10.13207/j.cnki.jnwafu.2012.04.022
CNKI-20260826104202735.enw	Thesis	福建省柑橘线虫病害的诊断与防治	高小倩		2012		https://kns.cnki.net/kcms2/article/abstract?v=hH4QDuxDhLRkvrmleg3D9PY1-PXXXk0wjUp_iv7AGCaZM-PpBISEd-iasG_xiZG_kf4LtA-nop47dyr-jN87bCHuwDqCLyWvfm_A7P0prQpldlQ393R2QWZRID5NG9H9WcUkgTu0OEESrRjEmrv-po06w-bj56RfRmkWimgGVVzGFkicFWXlCQ8pFcMmXMGo&uniplatform=NZKPT&language=CHS
CNKI-20260826104202735.enw	Thesis	甘蔗响应黑穗病菌侵染的表达谱分析与差异表达基因鉴定	吴期滨		2012		https://kns.cnki.net/kcms2/article/abstract?v=hH4QDuxDhLRLvvbmzZb9J_JvvZX3B1QrGxdaXEMgOLpv7S7j8oOgDFLOIA7yRKs31H0A7s5fTTLYN4sYq8fhWnoS1zfgkTAUsrCp8vw5ok9254MeUyjq1fbL_AaZhSBjmoHcMypO5k1YqKxlTUSTgx9mYhgEvVZSh_hP_ISMcekxegc9IbQOPCYJbHtDDM53&uniplatform=NZKPT&language=CHS
CNKI-20260826104202735.enw	Thesis	链素淡紫灰链霉菌（streptomyces lavendulae var. streptinrs）拮抗菌株T0907-15的生物学特性及发酵工艺	卢云彬		2012		https://kns.cnki.net/kcms2/article/abstract?v=hH4QDuxDhLRc66xjD53BXdtmrX-JFJ3jVQi2rzgr6Bjt-W9PqfprLpMfnjrkCWUjAfI72uLtAg84FkSYf-z9iqmRdrw9UuNXxNbxYPwjrB42WkZGUk-4cehYiuEBm0NVrhmsOjTD9derZ-cfBcvkHkI9_VIuC8PTlXrv-UygOQayUnjNHLuJri_IA4ZYPr18&uniplatform=NZKPT&language=CHS
CNKI-20260826104202735.enw	Journal Article	朝阳市玉米大斑病发生与防治	塔国民	现代农业	2012	10.14070/j.cnki.15-1098.2012.04.057	https://link.cnki.net/doi/10.14070/j.cnki.15-1098.2012.04.057
CNKI-20260826104202735.enw	Journal Article	南繁育种基地玉米锈病的发生及防治对策	林兴祖	植物医生	2012	10.13718/j.cnki.zwys.2012.02.005	https://link.cnki.net/doi/10.13718/j.cnki.zwys.2012.02.005
CNKI-20260826104202735.enw	Journal Article	一株产中温淀粉酶芽孢杆菌的培养条件优化	姚作雄 陈晓霞 李雅芸 高海宁 李彩霞 焦扬 张勇	中国酿造	2012		https://kns.cnki.net/kcms2/article/abstract?v=hH4QDuxDhLSXBiueN_buW_3lyEntsQlXRtWDUfRyFEkJZxEL8GBwrVxYbZFMVC093aL-BTwcuGgM22FYkgr4ZQ9M3PPBYV7UYIL8GXoUoAeXhWRuUiLs913LwcQRvyORiHVeIpXOzWatZTHvy5hKfAXI2yPx5-lWzrrOLzX5FaqmYDsNEh_UjA==&uniplatform=NZKPT&language=CHS
CNKI-20260826104202735.enw	Journal Article	EM发酵豆渣、鱼杂、鸡血及其粗蛋白含量测定分析	辜澜涛 董仲玺 赵玉梅 张妍 宋德贵	广西师范大学学报(自然科学版)	2012	10.16088/j.issn.1001-6600.2012.01.011	https://link.cnki.net/doi/10.16088/j.issn.1001-6600.2012.01.011
CNKI-20260826104202735.enw	Journal Article	玉米粗缩病的研究进展	李媛 陈增齐 高伟	农业科技与装备	2012	10.16313/j.cnki.nykjyzb.2012.02.032	https://link.cnki.net/doi/10.16313/j.cnki.nykjyzb.2012.02.032
CNKI-20260826104202735.enw	Journal Article	黑龙江省西部地区玉米大斑病菌生理小种鉴定及生物学特性分析	浦子钢	黑龙江农业科学	2012		https://kns.cnki.net/kcms2/article/abstract?v=hH4QDuxDhLTdYClzaEXk4Mt2xH4Rt3k8uGBCmsAiV-A3nedA3bYk3FgRjQpc4QYJkU0fYaBiX96Yav-ddFq26CZo0n0H3060nNdjgsNBrhAzQoe6uTU2f-Y6Fad0ujhC9UBRdDYFqXcLVqkD8yv5llr_BV73Io9Tu6taoWOB1PBStIxuYK-xuA==&uniplatform=NZKPT&language=CHS
CNKI-20260826104202735.enw	Journal Article	珠芽蓼内生菌Z17抑菌能力测定及其鉴定	李振东 陈秀蓉 杨成德	草业科学	2011		https://kns.cnki.net/kcms2/article/abstract?v=hH4QDuxDhLQHlTvkpJOwL0FrR7KT4F2_jj3qzolueG2bxyv0KaBjKjArxJXH0156fx2fS6j3rdw1aW1RcaDqgccVJh0YxFkMty84y8l4aHxJjO0AGrIvyRwGbCA049I_uEZDGwRKXunq8p1wJvcFRXgKJ71cZneFxknx6Xze9E6ZP44UMy6CZg==&uniplatform=NZKPT&language=CHS
CNKI-20260826104202735.enw	Journal Article	甜玉米苗枯病的发生与防治	詹晓萍	福建农业	2011		https://kns.cnki.net/kcms2/article/abstract?v=hH4QDuxDhLTvutSiYeUoiVRLGaXyleYVp74BXLcn9PejFy6IUQATeA1xbfbZGX7CUwW9P07OuaAaOx9T8cTvETRyNBBxcjhWHCkjKWaLuprYm01hvoxU_3PaJA8a44ypLC2VzSK99u3CXKs1EtjAcy4CLnufV5gOkW1yq9uwevOaM6er5Guuuw==&uniplatform=NZKPT&language=CHS
CNKI-20260826104202735.enw	Thesis	齐整小核菌（Sclerotium rolfsii）菌株SC64开发作为生物除草剂的潜力研究	唐伟		2011		https://kns.cnki.net/kcms2/article/abstract?v=hH4QDuxDhLRWcXDRsamnIVDS9j2OdeDO2BXny0iGu-jkwCO6IGiMN8y44u6u2BG4mgbs-06FizacL0PfAtbM5jpU88s7H3VOD08ASz7xaVmP6FhlAHKRNKL-juiTuJzgDEKFSPkGx5kbssn1nPjar5Xoh0wcU871CzIKzo88TEnfEbOKNfwOPbUZn_hv035v&uniplatform=NZKPT&language=CHS
CNKI-20260826104202735.enw	Journal Article	一株放线菌的分子鉴定与抗菌谱研究	王静 杨澄然 郭芳芳 姜伟 王贺祥 张国庆	安徽农业科学	2011	10.13989/j.cnki.0517-6611.2011.34.207	https://link.cnki.net/doi/10.13989/j.cnki.0517-6611.2011.34.207
CNKI-20260826104202735.enw	Journal Article	玉米褐斑病的发生及防治	冯兴跃	河南农业	2011		https://kns.cnki.net/kcms2/article/abstract?v=hH4QDuxDhLSSqlixNXccWeM9SI_vs13rF8DnhedbJWNbpgfsV_x6FFSG3o3dyEG6vQr7alE59sOL-SF_tQuX75exLXFh6rPLkI4HBpd9Me3-2w41C_ztx18JEDxXCaT79Wi7WO64BQa-j_xDWc5AgVYLshp8d0E3tHvLYbsKS0xcRQq5X2LlbA==&uniplatform=NZKPT&language=CHS
CNKI-20260826104202735.enw	Journal Article	玉米浆液贮运过程中常见杂菌的鉴定与分析	周伏忠 陈晓飞 常丽 孙玉飞 耿庆锋	河南科学	2011	10.13537/j.issn.1004-3918.2011.11.020	https://link.cnki.net/doi/10.13537/j.issn.1004-3918.2011.11.020
CNKI-20260826104202735.enw	Journal Article	一株产脂肽类抗生素bacillopeptin A深海芽孢杆菌的筛选与鉴定	牛力轩 王楠 王雪梅 胡江春 王书锦	中国抗生素杂志	2011	10.13461/j.cnki.cja.004868	https://link.cnki.net/doi/10.13461/j.cnki.cja.004868
CNKI-20260826104202735.enw	Conference Proceedings	山东地区玉米粗缩病病原基因组片段S6的克隆及序列分析	赵传志 李爱芹 朱妍妍 夏晗 李长生 王兴军		2011		https://kns.cnki.net/kcms2/article/abstract?v=hH4QDuxDhLRtbzhW-mESKZ48A2AhDwW_ppYP7w0jddKVbRd94Bc66bM3sxA0z3Ph6hjPEIs9p14g-PbvXQhX1poBafkKMsV3eVTSHgQ6WyhohV9tHGTY6Xs-NJNZWuVKvvc851Yitfv60MsuJYFQp9uPLb3VqoFZ_bkI_9L7OV_1egKFWQMBXfKuQa2Zfjhw&uniplatform=NZKPT&language=CHS
CNKI-20260826104202735.enw	Journal Article	玉兰植物内生真菌的分离筛选及活性菌株研究	龙建友 夏建荣	广州大学学报(自然科学版)	2011		https://kns.cnki.net/kcms2/article/abstract?v=hH4QDuxDhLRtbzhW-mESKZ48A2AhDwW_DkSTxB2cHR7OUMEWwJqhrIRcg8K458cx4BiTzGfjskLVdbLmB6HxAaL3Pyj4thFBA5OkHx8Gfia7S18DXUso0iNDGgTOZi0HiJsYNPu02Kmxz3V0hRQlKOPFlKkSC0mruXXNqYy53gJfevO3-gzHgA==&uniplatform=NZKPT&language=CHS
CNKI-20260826104202735.enw	Journal Article	玉米粗缩病的研究进展	韩海亮 王桂跃	浙江农业科学	2011	10.16178/j.issn.0528-9017.2011.05.025	https://link.cnki.net/doi/10.16178/j.issn.0528-9017.2011.05.025
CNKI-20260826104202735.enw	Journal Article	玉米苗枯病的发生特点及防治对策	王佃良 陈常青 窦其全	农业科技与信息	2011	10.15979/j.cnki.cn62-1057/s.2011.17.018	https://link.cnki.net/doi/10.15979/j.cnki.cn62-1057/s.2011.17.018
CNKI-20260826104202735.enw	Journal Article	玉米苗枯病发生规律及防治方法	李志刚	河南农业	2011		https://kns.cnki.net/kcms2/article/abstract?v=hH4QDuxDhLR3BaoywwmxVhZwIlDIqCouAU1nTbKSsj9wjdifTiUq5ay31fiphQRkt5kgW5MDch0l6OtvYxY-1tNR8EEWzOQ01Xi61FwiyvYekqgb8PQX0rUYmX0Ls0Bc71Q3jDwo7fdZHUM6rTS1wlSrNu0gU0fHRA-3p84sCjH-2Rv6DuHaIA==&uniplatform=NZKPT&language=CHS
CNKI-20260826104202735.enw	Journal Article	东北玉米苗枯病病原镰孢菌rDNA ITS鉴定	王丽娟 徐秀德 姜钰 董怀玉 刘可杰	玉米科学	2011	10.13597/j.cnki.maize.science.2011.04.002	https://link.cnki.net/doi/10.13597/j.cnki.maize.science.2011.04.002
CNKI-20260826104202735.enw	Conference Proceedings	昆明地区越冬代亚洲玉米螟幼虫寄生性天敌的初步调查	张丽 陈斌 严乃胜 李正跃 张红叶 宁静		2011		https://kns.cnki.net/kcms2/article/abstract?v=hH4QDuxDhLT8rTImcIGnuCRhj-OfPstJ-o9Kg7tcxIR1mqSxoQXCsdQeuT3-Y3OBONNChrEJWGv-Rmrzzuqe4dYQ1pLqodDndyhQRp_pXPrE8-sqpNMyIvcSg6BnCOUdxlsp0XE3N6XrBZkYcDFvE1PRA8ex0qYy1lkluivnkjJ9AUT4M6z3Tg4QMOHBZWFF&uniplatform=NZKPT&language=CHS
CNKI-20260826104202735.enw	Journal Article	枯草芽孢杆菌B47菌株抗菌物质的分离纯化及其对玉米小斑病的防治作用	叶云峰 黎起秦 袁高庆 付岗 缪剑华 林纬	中国生物防治学报	2011	10.16409/j.cnki.2095-039x.2011.03.012	https://link.cnki.net/doi/10.16409/j.cnki.2095-039x.2011.03.012
CNKI-20260826104202735.enw	Journal Article	牛高热病的病因分析及防制策略	张凤梅	养殖技术顾问	2011		https://kns.cnki.net/kcms2/article/abstract?v=hH4QDuxDhLRRD11QZimtrxvdPLqM7QsUH0ogXx9FjclJL9hhyJrmA0dSetm4nI4hkOHLIOJLJolmEJYn6_yv-gcM7ZvxDO4pDaP1nWSuXsbXK5w4VGzlW14CnKPdpvPjeae7ZIzvXbaHAehL4dpowB5_2bTCc7W11RU14ufCV-FhNRG-HlGAsA==&uniplatform=NZKPT&language=CHS
CNKI-20260826104202735.enw	Journal Article	新鲜猪沼液和牛沼液对农作物病原真菌抑制作用的比较研究	陶秀萍 董红敏 尚斌 陈永杏 黄宏坤	农业环境科学学报	2011		https://kns.cnki.net/kcms2/article/abstract?v=hH4QDuxDhLRd1BMwvonJP9QF39QDipHwN77r8bTpPzVJw-wpM5qC0P4taVtAgLnXKICG2g4VRyYjkPj2n3MJY2Dx3AlD7FS1z8ZAriNNM1kbeudHCd02AlxFXbLb4Tns9iyq6nwGU_ag7q_5OBpTg69ui9P1uqiQ2hNHTNmE6vlmMsb78aPsRQ==&uniplatform=NZKPT&language=CHS
CNKI-20260826104202735.enw	Journal Article	玉米苗枯病发生规律及防治方法	郭浩川	河北农业	2011		https://kns.cnki.net/kcms2/article/abstract?v=hH4QDuxDhLTEY4J0cMErCKysSGNL53gkQ26sxwxB0YjDIrQ4GXxuAoYhDMBF2pxT8p7o-NidnM4ljJaTQgCdb_cPrZF2nSg4tpk6JRGfrS-UyoPIP9ObHdQ1-pWoqUZhMaxxPnFuVPBEdakg53MwvbOoQvHHDeyGdNBpnZzkUEBjKnLOODC7AyaJgcnoW66l&uniplatform=NZKPT&language=CHS
CNKI-20260826104202735.enw	Journal Article	昆虫病原线虫共生菌对玉米弯孢菌的抑菌活性及其抗逆性	王欢 刘彦群 董辉 钱海涛 李天来 丛斌 郑婧 谢迪 高眃晞	沈阳农业大学学报	2011		https://kns.cnki.net/kcms2/article/abstract?v=hH4QDuxDhLT6xlacT_OloNt_-qRYdYk2ahQCFaIvcsankyZ98UjK6Mrxcm-UTlGx56ymdLFuS2aANTZ_3h-rhyhlBUvaI6n6I94hUtlQcTp0oVURhFzcVpIUknjdXNAOX-8iIBTx_u9MSUnjbYgEsA9M000Gx3Fz08grpZL2SPjYddNjUQOb9A==&uniplatform=NZKPT&language=CHS
CNKI-20260826104202735.enw	Thesis	不同菌源诱导免疫的黄粉虫抗菌肽抑菌活性及其Tricine-SDS-PAGE分析	谢咸升		2011		https://kns.cnki.net/kcms2/article/abstract?v=hH4QDuxDhLRLofK5nxFnujkudusigbvbCVr69DiZxEM-a3SV-uuDrF-RM9-D9830zarMfz2pHYewnS26oh8BXGQAYnn-EqxrkU4GndyZtS1diE-VDMENS7eKXZORaK0DJRxA4N5aWFWx730zopn6N3bIaLAqYj_ijeGWr-zlAweXwACBm0ie_ixzB2GYAoYM&uniplatform=NZKPT&language=CHS
CNKI-20260826104202735.enw	Thesis	白僵菌和绿僵菌在植物根际的定殖及对几种土传植物病原真菌的抑制作用研究	齐永霞		2011		https://kns.cnki.net/kcms2/article/abstract?v=hH4QDuxDhLSpA4bAUpbA01iO1PvEla4fzayF11IafAA8JNmL73V7fyUv8q2iiXD-q5CBKl_geEYzt1vNfwFfL48EsyY3Rrk1-02cRcGPp18ijHIsqr_Dvv8yueUQELNl7O_KAfGHiXRFAeRVI0CAzBilAkObaaZT0J1rKBVbniSjr-UkAbdmwCu8aoyUJ4iM&uniplatform=NZKPT&language=CHS
CNKI-20260826104202735.enw	Thesis	丁醇高产菌株诱变选育及纤维丁醇发酵研究	原欢		2011		https://kns.cnki.net/kcms2/article/abstract?v=hH4QDuxDhLTFW6N-a2dIZINmRZ_IgJfy8v2LIUMIYXyfFXh2--eyhia83Wbnf7AgVNHOTnY0bsO2dodf-GpgIxB8K_SNVblIaFeSV6p2zjz92qGfRWiEiHRfSgpDVGaDX_Ds4U7ZIGqn0QoezCTAwoJRb-vXIb6X7kkACUytFWzpHSKiHkzpA4YQNRDFtjaq&uniplatform=NZKPT&language=CHS
CNKI-20260826104202735.enw	Thesis	玉米茎基腐病菌侵染时期研究及品种抗病性鉴定	闵营辉		2011		https://kns.cnki.net/kcms2/article/abstract?v=hH4QDuxDhLTFW6N-a2dIZINmRZ_IgJfy8v2LIUMIYXyfFXh2--eyhkyykYnGfpmd-y-htmy7sHCiIJ9YH5I323maVCQjmeAeS6r05JQ4FuMT-GN5r62w8U3BKlVAakKlD3np9476I_pTAZhi4GfbFUB0PX1LQ9m-Qdn8iAgYrNXrjzDR3jMZHeBUtuAD_VFM&uniplatform=NZKPT&language=CHS
CNKI-20260826104202735.enw	Thesis	四川玉米穗腐病病原菌、影响因子及四川主栽品种对串珠镰刀菌的抗病性研究	谢敏		2011		https://kns.cnki.net/kcms2/article/abstract?v=hH4QDuxDhLTOPG9vi1kjVPYFdf7K5rZKXrmEK8ecghASbt2eq06S7ME1EhN4zlJ9LVBMgqWJ-Pn8QrllUOc-Hz6335fZA2CygYSvHxXYPdwQG0m9cS5U2LhWeSYJBqwToG7ANtiuEBNhjrSLtfRexZO0I-_fNG_sODDmd8EzDxb0ryg6X1srOtj-5RF3dPeW&uniplatform=NZKPT&language=CHS
CNKI-20260826104202735.enw	Thesis	芽孢杆菌H6-3体外降解饲料蛋白及饲喂断奶仔猪效果的研究	朱欢		2011		https://kns.cnki.net/kcms2/article/abstract?v=hH4QDuxDhLSqElTtXBCL3x8YbMTaJlPmuQWuln58gPdEHMi94Zu_8MJIS4ZXvRkFJ_J9oL46Jy6KWlywLrS9VyWrEEY4ZhTpEbD_Ui5sMd3lsy2FVXjWJXz3SN1aBojRT4Qh5wc7xr2aR_VpvlkXCX3isLjugIrjqcEKcZdCvCl52AkKeIMUaTG2UzHW2vzD&uniplatform=NZKPT&language=CHS
CNKI-20260826104202735.enw	Thesis	我国玉米穗腐病主要致病镰孢菌多样性研究	任旭		2011		https://kns.cnki.net/kcms2/article/abstract?v=hH4QDuxDhLREFx14XoXFNssKrcMZ0D1NS7zvadmcfx6MI8k_YIR86hYhsOICjwVf3-T_sbxdK9rKjFPVeWxEGAvzeH1Mx6_xOqQYH1I9owStG2njbxEZftNJ7unuFthqgJqFuDf0exyRg_irZOsPzCF4J4jiSy1gb1x_6UjZZWxSlGI7YwHqMTrJbyN8aMjC&uniplatform=NZKPT&language=CHS
CNKI-20260826104202735.enw	Thesis	中美玉米种质粗缩病抗性的聚类分析及STS分子标记的筛选	马侠		2011		https://kns.cnki.net/kcms2/article/abstract?v=hH4QDuxDhLREFx14XoXFNssKrcMZ0D1NS7zvadmcfx6MI8k_YIR86oYOeNJnieX9hSX8WmjNRg7i0uVS4qbTkTsPzVJfDVPYuvyOztYi3AknpQdWNcfobF6quIx8QLg5Ym4T5_gz2-NOsU1x5cs5jv5x0UglHHhsUm6x3uy1vxUFkrFaAAfWVGF0wrkxg_fW&uniplatform=NZKPT&language=CHS
CNKI-20260826104202735.enw	Journal Article	防治西花蓟马的病原真菌-白僵菌微菌核的液体培养	王海鸿 王晶玲 李银平 刘旋 问锦曾 雷仲仁	应用昆虫学报	2011		https://kns.cnki.net/kcms2/article/abstract?v=hH4QDuxDhLT8dg57JjvEKwy0CiSwmT1C8kr3VdgFmQeOInofMuhn66WWl5xWldmvFiBRoNQ4M2_6ojg8VOXpUir2WPZAHMmcKH0yEuPGOneWV0xux__3gcYbHvHPVChNFL6b92LL3PdkG5j4AvW91VH4GmsWjyw3ECbTkBuoBmcUOVUa9fhitQ==&uniplatform=NZKPT&language=CHS
CNKI-20260826104202735.enw	Thesis	玉米抗穗粒腐病差异表达基因的分离及其功能分析	袁广胜		2011		https://kns.cnki.net/kcms2/article/abstract?v=hH4QDuxDhLS4dRWAC1YgUla1fow8S2Aif9OhLHEQ2r7kTWCsd8usSh1mVlw2HLk76oenvip0_nJWooQCUNf6_pGQSVF-xDwAFtT2nuQnkJ7vYF7e_yWg97VlVLzOXOYrCiWEiEAzSRzIPvYaz_mkYKRFNht-Ej7BkPptYgSSjxrL2WldZ7SBWVMPSy4HVAYt&uniplatform=NZKPT&language=CHS
CNKI-20260826104202735.enw	Thesis	大螟在不同寄主植物上发育特性及防治药剂研究	冯晓慧		2011		https://kns.cnki.net/kcms2/article/abstract?v=hH4QDuxDhLS4dRWAC1YgUla1fow8S2Aig3XGJCqJFNHb31vvl4CtT9BJ3N8ygLUzB5dkslgmR4cGLpLMCHgTePdw74LHhg_MWHIfy-OxAyz3dRxFbr_hwXtjC4-LM6AtVpUP8ApExtxvyYR-mfPUx9T-3PbzyzNwWeIselDWSQpvsUn_J9wsNzQPuj47oEds&uniplatform=NZKPT&language=CHS
CNKI-20260826104202735.enw	Thesis	中国玉米南方锈菌的分子遗传多样性和超微结构研究	邢国珍		2011		https://kns.cnki.net/kcms2/article/abstract?v=hH4QDuxDhLQTgcDa63gA2XtvLbTeSUVA0WUHWHrMEJCDv1SX9yNpmHLrUQcrKoglzdJsSfgS_UN3fY-dzygdZ-EWW5lgoVymyvwOG16cOmASndHppdQ3hIHf7FzncKQliZOw4WIKoJwgIrFDJlLbO-DeBfGdMgWlHL-yZGmTNsTJLynlFNhDMc8Aya9kmKxG&uniplatform=NZKPT&language=CHS
CNKI-20260826104202735.enw	Thesis	芽孢杆菌新型蛋白酶基因的克隆、表达及理化性质研究	刘海军		2011		https://kns.cnki.net/kcms2/article/abstract?v=hH4QDuxDhLSD2FLAL0TxhCiddx-RAMAdTNkO3ZloZ9DAwdweIWZlYc_q5fji9p0tRFYEfSXD4NtflzukrBtz03vOKK1khExUBIJ5RkSnAJxqcNBthZ7yxeW7_R0Tmh3bLNxmIatcvu1gBYgewihHJbftsBXA5ANRJ8qCaByojjB3n0eWWIYoNSYpp3KToHp4&uniplatform=NZKPT&language=CHS
CNKI-20260826104202735.enw	Thesis	玉米纹枯病菌（Rhizoctonia solani AG-1-IA）β-1，4-内切纤维素酶的基因克隆表达及功能研究	李海云		2011		https://kns.cnki.net/kcms2/article/abstract?v=hH4QDuxDhLQ3DxS61BZ2Znwr5dvyDK_QXgMnHvruQZ4VzqmSFaFFQrUmKJwskFVE1xeSJZc81xPH4CBBizeEXT3J5nEtIu5qY62DbZab4nrVJAX7hMMKypGemMs4UF5Ivjkckm-Q54wXHDacpTPJNurjgmOJNd8_FAvpAIAMZCya3hglpTwuLEZ2eQwVBeIq&uniplatform=NZKPT&language=CHS
CNKI-20260826104202735.enw	Thesis	玉米纹枯病菌内切多聚半乳糖醛酸酶基因的克隆表达及致病性分析	韩爽		2011		https://kns.cnki.net/kcms2/article/abstract?v=hH4QDuxDhLQQNTNYVxWJ56_hI9MarQqcYNzT_FTVSbzBNpyUxBZ4Pa8vomy5XCp0TjOQzhjf_4kByWt7qYUC5YF2YpSd9Pb9Re09DBN5mGTmonEzaMlymSx3KDP8dlLRiVHoR79p91uUkGoSE6OX-GFjfddx_v73lP5XAlAKRHjqmbU_QQV-jg5PC73vpQEQ&uniplatform=NZKPT&language=CHS
CNKI-20260826104202735.enw	Thesis	玉米花丝安全性评价研究	王翠娜		2011		https://kns.cnki.net/kcms2/article/abstract?v=hH4QDuxDhLQQNTNYVxWJ56_hI9MarQqcYNzT_FTVSbzBNpyUxBZ4Pc-WR95Zwtauv95N35ysfKOBNJRTJhOS6YZMByfhkG7TKeUXzGVPx6EaaKlE15VbZI2PaT6io7SqxgehLJgIDPBJsnOE_ZuOQsHiGYBE_GywJt4B6z2hB16zZ12kJsNfd-hScIs_yS9j&uniplatform=NZKPT&language=CHS
CNKI-20260826104202735.enw	Thesis	Pilidium concavum毒素产生条件及致病机理的研究	张涛		2011		https://kns.cnki.net/kcms2/article/abstract?v=hH4QDuxDhLSLsnspc_Rz7oGgSNUIipYzE8L2ZrXnco24FU9TLrjxct6FV2wxhtdDoph9OZXZ3EWIWjYjrjLQDlFcIJzqPYctnBj07zlj7Kb36b0r0rSTvv55iP7vhA4eTVAJT2BzzB1JqiJkl2No8ne_4pKX2yrKSuyOZQcy-lD-YLJx3uyro6moLRg4Nns2&uniplatform=NZKPT&language=CHS
CNKI-20260826104202735.enw	Thesis	番茄灰霉病病原菌毒素致病机理及其钝化的研究	刘雪英		2011		https://kns.cnki.net/kcms2/article/abstract?v=hH4QDuxDhLSLmdhMtseCKnffUQN7vjixRkqDVTaXcckMXCSmfxTG5E4s6tUQRLFXka5O2OwU7gBbXsJdKLFtGj4PLScARWHSLssFq4PJw2HRbboZd6VM1ObVqHpPvBhIsRyc5XJTV0ICPjNI-3MQcXPbnUVou1RPTmdSGMuGJ0WMRueXq3jY7DgkGdtDWnU6&uniplatform=NZKPT&language=CHS
CNKI-20260826104202735.enw	Thesis	海盐苦卤对几种植物病原真菌的抑制及应用的初步研究	秦培文		2011		https://kns.cnki.net/kcms2/article/abstract?v=hH4QDuxDhLTvI1FXLX-Mpp919N42lQ-hOOgOjlBvcCAlEbxWKUYuUhqqq_gv_XJsFQ4BaOyqaISOu071JTRei7TxPrhgERLlTgTI6If-sv-_gNtO5ZJYjdTjpBmlF6H03RCv4LQejsOgAb-ppKOt28XxmWbW_e-4ucsXmZf8At3mnJCGLt46L9SfZK4BwOE3&uniplatform=NZKPT&language=CHS
CNKI-20260826104202735.enw	Journal Article	玉米丝黑穗病的发生与防治	魏俊杰	现代农业科技	2011		https://kns.cnki.net/kcms2/article/abstract?v=hH4QDuxDhLTvI1FXLX-Mpp919N42lQ-hy9shnA1t9eaPuHAJpailcWXKGH24meUxgidrBoUrFF3ZSja7nV_E2CcBPpw_-j3Y2UYJJnEZ2053ttnRHB4Ufp75bXRf92PfLddLQI3XZkoj23Hv53WyyVjluDMjpLkcMixTg-YARt1mxd3f0Dlatw==&uniplatform=NZKPT&language=CHS
CNKI-20260826104202735.enw	Journal Article	玉米灰斑病的发生及防治技术	陈荣丽 陈广艳 周彦民 蔡治荣 张胜恒 易红华	安徽农业科学	2011	10.13989/j.cnki.0517-6611.2011.12.331	https://link.cnki.net/doi/10.13989/j.cnki.0517-6611.2011.12.331
CNKI-20260826104202735.enw	Journal Article	玉米粗缩病研究的回顾与展望	黄强 李晚忱 王振营 何康来	玉米科学	2011	10.13597/j.cnki.maize.science.2011.02.005	https://link.cnki.net/doi/10.13597/j.cnki.maize.science.2011.02.005
CNKI-20260826104202735.enw	Journal Article	临洮县玉米疯顶病的发现与防控	张静	农业科技与信息	2011	10.15979/j.cnki.cn62-1057/s.2011.07.014	https://link.cnki.net/doi/10.15979/j.cnki.cn62-1057/s.2011.07.014
CNKI-20260826104202735.enw	Journal Article	洋葱黑秆腐烂病的发生与防治	杨子祥 袁理春 段曰汤 张德 杨顺林 何璐 沙毓沧	长江蔬菜	2011		https://kns.cnki.net/kcms2/article/abstract?v=hH4QDuxDhLS1bFJlYXTt8x19hznFGWLArKTwcbj6u5esR3kPvod0M6x_gNwWo7lzbBfgcxsHKwTFMBQGnMUURI458keN7O_3eR9-uyiNYDS4xmJXhGC2fT_U_WCOFy6K8e-6R41WTybOxXntA_vqonmKWmmxtMgSDsCxfr4AFDSECpu4xSpegg==&uniplatform=NZKPT&language=CHS
CNKI-20260826104202735.enw	Thesis	转DREB3基因抗旱大豆对土壤微生物的影响	曹阳		2011		https://kns.cnki.net/kcms2/article/abstract?v=hH4QDuxDhLS1p37qrlJzgWcVxMucxzxS5edJ6RjwWqUefHO8Eiov2Tn6lnOVZtrZSPbyEW1dnBeppA-VoD-JCyB44BDYWLEV1XlaZcujk3zWPhDzfH6edGoQsPJVTG19QVjBj4v16SX0aJAQ2P4l2EcXlefNh6Iamb4fJSjmT43H4Jmi5fBEuyvgHi8VhFFk&uniplatform=NZKPT&language=CHS
CNKI-20260826104202735.enw	Thesis	十字花科作物根肿病生防放线菌研究	王靖		2011		https://kns.cnki.net/kcms2/article/abstract?v=hH4QDuxDhLTguYCfG3uXHfpdP2IoKAyd8-L4vwPSDSibYgWR8m6sDUTsE4-T6wcmRocY92MBjAPwf0FDKpac0lcFzGwXbUcHseC9I5i0frc79couoce6suk_5tRK6L5YEItC45vi8DWNWoauKFIG0OV_aNYgj6zzbwz_u4pjqpz2sOtswqV12KjoXJwZzsST&uniplatform=NZKPT&language=CHS
CNKI-20260826104202735.enw	Thesis	小麦纹枯病菌胞壁降解酶的致病作用及PG的分离纯化与理化特性	郭菊		2011		https://kns.cnki.net/kcms2/article/abstract?v=hH4QDuxDhLTQza9OxApY7Upz-QbYSGTfPP6_DJOlY0yF0JChRFvH2dIf1NXnM5-uS5oYMFoCz_ZDUNQQHT3NLZFM0XiavWNdT5ykZtF5476isoDLuOvPsyf1IebgUfw73vuiZz_tFkjombcPMIRw6qDKc5p9ySf7pSJihpHhDNR2QFCfEqZZdCDvvkMrsWCD&uniplatform=NZKPT&language=CHS
CNKI-20260826104202735.enw	Thesis	野生茄子托鲁巴姆黄萎病抗性相关基因StPGIP功能鉴定	朱艳平		2011		https://kns.cnki.net/kcms2/article/abstract?v=hH4QDuxDhLTQza9OxApY7Upz-QbYSGTfPP6_DJOlY0yF0JChRFvH2VEAFX8xM4OjGtdVjtJhAy8mD3o0Pq0xZrOA44DPRbbmJpKLX5mqPRVg3iEeE1UPFyJbtozlstO8Ib-DY88x9IAgZvbT5zKEtDal2eXjMA2rGf33--_DFVURaTAkG0VnB8pquXC2hd3t&uniplatform=NZKPT&language=CHS
CNKI-20260826104202735.enw	Thesis	苏丹草叶斑病原平脐蠕孢菌的研究	蔡世嘉		2011		https://kns.cnki.net/kcms2/article/abstract?v=hH4QDuxDhLRLQ3VjO9qJOH1pXnCgtlR-zPPnHEG4ffYVI790vCwzTZY5IulN6Psh858MUZrPl6tPAzZank6zUHYVtX8lZP11SdfI1t1wDLeDQmymYZjvHB_iP1_XOarGGiDC5nSTh5wW1ZjgjTTla6EJTM-D50j9ubiYyNA5-YaE7ddAJ9U8hvTJiK1N0n5K&uniplatform=NZKPT&language=CHS
CNKI-20260826104202735.enw	Journal Article	一种适用于多数植物病原真菌的单孢分离方法	邱小燕 汤智鹏 张敏 荆海瑜	安徽农业科学	2011	10.13989/j.cnki.0517-6611.2011.09.168	https://link.cnki.net/doi/10.13989/j.cnki.0517-6611.2011.09.168
CNKI-20260826104202735.enw	Journal Article	产γ-聚谷氨酸菌株的筛选及其对玉米幼苗生长的影响	尹成红 雍晓雨 冉炜 杨兴明 沈其荣	南京农业大学学报	2011		https://kns.cnki.net/kcms2/article/abstract?v=hH4QDuxDhLT4FDXhHMYAvW1991LZDE07-Ku0xUaudzotgtguXkOPPioNBIEmGNK6PL_qOQaeCfBDHqBhokqm5R0oOwWM5oUxdcLavL0XcUwmlXUMxeXWlJVni0NQXOoINXa99-cRQZoMiRUDOFZoo0Eg6_bFKj79M7ciGIxxQo2UaJF2IEjwjA==&uniplatform=NZKPT&language=CHS
CNKI-20260826104202735.enw	Journal Article	一株产酸性α-淀粉酶菌株的筛选、纯化及酶学性质	谢建华 师永生 杜丽琴 黄日波 韦宇拓	应用与环境生物学报	2011		https://kns.cnki.net/kcms2/article/abstract?v=hH4QDuxDhLSRayYX0Q7v-zOxiaUWDWVz2SHDgDHe1EOa4iceLvGyV4YSzRp43lhjEbjIrA7ZJUeIiPXJ5W-nT5E6GdQzLWBmrMsWJFT18GCW5loPQLWKGqPCDlYeoRMiPiq1QX-pn0FLj0DP9HgxH5jyhbjqZhJlB0RZ0YWww8ay1R1eNIERWw==&uniplatform=NZKPT&language=CHS
CNKI-20260826104202735.enw	Journal Article	植物病原真菌产漆酶菌株的筛选	詹旭 曹志艳 邢继红 董金皋	中国农业科学	2011		https://kns.cnki.net/kcms2/article/abstract?v=hH4QDuxDhLTUju6sYZRUbNgnnKByHIbX6C1ymiFeGwVrHROdBnFu1G7Ta3UfSsi-WW0EhrFePSFwlx4ai0p551FYHI0pl_w2zYyoAHSvT_aMKEIlS0z1qkkbiNW64wdiXGsXDKG3D7jTSpfm0ghFvL9YHZ3pZz12LCwYUaDL7hETGYXf9fsO0g==&uniplatform=NZKPT&language=CHS
CNKI-20260826104202735.enw	Journal Article	浙江东阳玉米细菌性叶斑病病原菌的分离与鉴定	司鲁俊 郭庆元 王晓鸣	玉米科学	2011	10.13597/j.cnki.maize.science.2011.01.001	https://link.cnki.net/doi/10.13597/j.cnki.maize.science.2011.01.001
CNKI-20260826104202735.enw	Journal Article	河南省玉米穗粒腐病病原串珠镰刀菌鉴定	裴冬丽 刘春元 吴建宇	玉米科学	2011	10.13597/j.cnki.maize.science.2011.01.004	https://link.cnki.net/doi/10.13597/j.cnki.maize.science.2011.01.004
CNKI-20260826104202735.enw	Journal Article	粪箕笃提取液抑菌活性初步研究	宁蕾 邓业成 骆海玉 秦卉	江苏农业科学	2011	10.15889/j.issn.1002-1302.2011.01.081	https://link.cnki.net/doi/10.15889/j.issn.1002-1302.2011.01.081
CNKI-20260826104202735.enw	Journal Article	玉米顶腐病的发生与防治	申振宇	种业导刊	2011		https://kns.cnki.net/kcms2/article/abstract?v=hH4QDuxDhLQADsfe0razPdgHg02JOO5KjT0qoBkyrIX-yg49sRajbNuCLMkmuCCOfI7j1w8Wr1-A6Nrp1OdBNZ8U-AKr2UHICSzs-yzIKAAry5QRpn4b9NpRqXVJX588DZt1ImXiMFRwkkrZAzoNH04gZ3FLYNXgglK4UV08sd7LuM7tUF3dOQ==&uniplatform=NZKPT&language=CHS
CNKI-20260826104202735.enw	Journal Article	具有拮抗作用的硅酸盐细菌的分离与筛选	韩梅 王东 林荣峰 韩晓日	土壤通报	2011	10.19336/j.cnki.trtb.2011.01.016	https://link.cnki.net/doi/10.19336/j.cnki.trtb.2011.01.016
CNKI-20260826104202735.enw	Journal Article	一株产大豆蛋白酶的芽孢杆菌发酵条件的优化	欧平 梁静娟 庞宗文	食品研究与开发	2011		https://kns.cnki.net/kcms2/article/abstract?v=hH4QDuxDhLTSZVgJWwd4sfFSMjh1H28M-FcMaQuR53NqVroPrRZZ94a1CJQY_EVpH4UkMqKt7tQyJji9weAkN4mWXXae9c3uBFCKIcJCG_YEszJ7CEkDDTMhuhN83zPhN6iCOD2_IEOjN45BYheX4fi0LeG3e5eVkYEqNxtYuuNMvV-eS-mYsQ==&uniplatform=NZKPT&language=CHS
CNKI-20260826104202735.enw	Journal Article	全膜双垄沟播玉米茎基腐病发生规律及综合防治技术	杨子梅	现代农业科技	2011		https://kns.cnki.net/kcms2/article/abstract?v=hH4QDuxDhLRbkprcZ8Yo1NldQvqJmwqfEbTzePY-yj_xn3D2EI9DNNkbYBARbpVgdealUa59h6Tv5dQmgh9ZbKImEC6ds9qeVDXASvfSZW7lH0CBOgJf388xnU_Q6Y9lrjSohiwHJOCiXQYqQzNwsmgO367P1BIKiTacs8GMunYQk8RSMQBruw==&uniplatform=NZKPT&language=CHS
CNKI-20260826104202735.enw	Thesis	华东地区木霉菌多样性研究	李广记		2011		https://kns.cnki.net/kcms2/article/abstract?v=hH4QDuxDhLQ78zWkUW1cMrW8-IP7ArGkOxy0sbQkiMb-5vdHgzBKU1XdMTTy3GN5NIHUV_D5Lo1QQCB1T0aZf_qpU0yAIzomrI8GzpnRhirew1n7SWEheDabBqsMIKXFuXr7poX3LcSzwfa5kn-oATI6dkv05c6lyfi_ozzzAKbC_TZyMAt3GSTVNz-dq0SX&uniplatform=NZKPT&language=CHS
CNKI-20260826104202735.enw	Thesis	玉米弯孢霉叶斑病菌Clm1基因的克隆与功能分析	王嘉渊		2011		https://kns.cnki.net/kcms2/article/abstract?v=hH4QDuxDhLRSVM4yLgP4V1YLZE0fsQEyDA6eSmHkKe4KvBsPGmqUcMOhrUxhpN2OTaEd--kSSZqW2HowNgzhfTGIn1Na3i1cwK2uyv2kpsYphEFE7q6ggDUYzatT9NLh2IbnKW0Zi_u8SiZgQs1tkeFjq5MoJYJxyup4lldn1HAu9SDz15rN1ruKCjLul0UK&uniplatform=NZKPT&language=CHS
CNKI-20260826104202735.enw	Journal Article	玉米叶斑病发生规律及综合防治技术	郑远爱 贾秀海	现代农村科技	2010		https://kns.cnki.net/kcms2/article/abstract?v=hH4QDuxDhLQkI7_5FqxkAQC05mza0Yn-dV1xoRjQwEDD6LlOPXprsKKwcu5GCAYH1iaRy8CqLoDsUNLMMsPPrvQqZ08eeJ9j7hnOsINmZqubsxM_GNcN31thHFhMtDc8LLyeSvd-f5L3DX2Ap8WZPG0dlN6Z4QwDKMLJK4sW_AYivyjYrIHMFQ==&uniplatform=NZKPT&language=CHS
CNKI-20260826104202735.enw	Journal Article	我国玉米病毒病的种类和病毒鉴定技术	张爱红 陈丹 田兰芝 邸垫平 路银贵 苗洪芹	玉米科学	2010	10.13597/j.cnki.maize.science.2010.06.005	https://link.cnki.net/doi/10.13597/j.cnki.maize.science.2010.06.005
CNKI-20260826104202735.enw	Journal Article	吸水链霉菌BS-112菌株产生抗家蚕病原真菌活性物质的发酵培养基配方优化	张楠 刘训理 宋振 国辉 张本峰 仇念全 于建 吕常旭	蚕业科学	2010	10.13441/j.cnki.cykx.2010.06.002	https://link.cnki.net/doi/10.13441/j.cnki.cykx.2010.06.002
CNKI-20260826104202735.enw	Thesis	康宁霉素抗烟草花叶病毒活性及其调控拟南芥根系生长的机制	罗琰		2010		https://kns.cnki.net/kcms2/article/abstract?v=hH4QDuxDhLQgtH3UMGG2mPX0JIjZF1-z0_zelavcB6MLpNKPPPer82xUxMdpiFpoIgHSZw_pK_yUk2mwmurlUTFQf5rew0N2vTw8LvU6TRKZGauj-srNyGeR7t68lI56M0Pv8UwK1PO5GcG4plQbsjNTqrRnFjogma28wBxml4dhMpAAjFujrsEG2_WA99Y-&uniplatform=NZKPT&language=CHS
CNKI-20260826104202735.enw	Thesis	玉米新病害—细菌干茎腐病的研究	曹慧英		2010		https://kns.cnki.net/kcms2/article/abstract?v=hH4QDuxDhLQPsn8xMYWZRwX8gwmIj2Z2XLn5fgEGgkhhipye7tCdmh16f_wx9Ig0aflzGslH8pAd0l0sAd7cBmhDGsXJqpQeKSGZFEm-JEdb45c5gUVVOALmyLDrsKnh15yTnTmJxtVVAzC6eyzoFpKQCD7FEhmbQCVew82NPJ-o3dn0YvonOxy4COxevOCv&uniplatform=NZKPT&language=CHS
CNKI-20260826104202735.enw	Journal Article	玉米丝黑穗病的症状分析及防治对策	王桂芳 宋传华 王津	现代农村科技	2010		https://kns.cnki.net/kcms2/article/abstract?v=hH4QDuxDhLQycOVUS2AgoGDUAPZ4W1qdiGU0-EZwr9WQH77ufYDEn3rXlJL6X0VU0ZoNPUQAZGPjvu89v408-C7TxptC8cBeZImX9qNG8tYjVuzlOsJi7rYKCuwO3gqtShZHQSSbY6bbUt5TlSWIwU_2ZAk75o1Enk5nxekV2gWwlXTAX_D6JQ==&uniplatform=NZKPT&language=CHS
CNKI-20260826104202735.enw	Journal Article	玉米黑穗病和丝黑穗病的发生与防治	于振连 张留生	现代农业科技	2010		https://kns.cnki.net/kcms2/article/abstract?v=hH4QDuxDhLSgSAlQu92jdhjDlaaorDGak7H89L4ve3SMRLiuN4MlbH4-D4njFrDT939mj4rrQS-Lrb8JioOd_hnmkBlEsa8UbgOHxaKS5tEvVo594wRb27gz_9--0Rko_e5gh1YkPYqWXc2ccGo9eXVkVPtLbvBYXmCavsjDnYBje1hXEhTq4w==&uniplatform=NZKPT&language=CHS
CNKI-20260826104202735.enw	Journal Article	玉米黑穗病和丝黑穗病发生原因及综防对策	王朝忠	中国种业	2010	10.19462/j.cnki.1671-895x.2010.10.047	https://link.cnki.net/doi/10.19462/j.cnki.1671-895x.2010.10.047
CNKI-20260826104202735.enw	Journal Article	黑龙江省玉米弯孢菌叶斑病病原鉴定及其产细胞壁降解酶和漆酶活性分析	周舒扬 杨洪一 赵敏 梅丽艳	玉米科学	2010	10.13597/j.cnki.maize.science.2010.05.004	https://link.cnki.net/doi/10.13597/j.cnki.maize.science.2010.05.004
CNKI-20260826104202735.enw	Journal Article	玉米粗缩病研究进展及抗病育种研究现状	张成华 高新学 刘铁山 刘强 董瑞 何春梅 汪黎明	河北农业科学	2010	10.16318/j.cnki.hbnykx.2010.10.013	https://link.cnki.net/doi/10.16318/j.cnki.hbnykx.2010.10.013
CNKI-20260826104202735.enw	Thesis	小麦与条锈菌互作过程中活性氧和防御基因的防御反应及抗病相关基因的鉴定与功能验证	王晓敏		2010		https://kns.cnki.net/kcms2/article/abstract?v=hH4QDuxDhLTX_lQNCNZSynIELs0sjCrHm-Mu-R0vxx-w2OtyJHI0cbG_TsKPimSpp77GjYIxamuU802IPdhfg1coIgvf9V06916-OKJuavqcnKF2IGqvbSc7k2qvTt3qK4fkKBqp2ZwS7qgq-d9fKeSkz7-BQTuw2e4JH26pZz295MPZNoqDiCibyqU9Rmlj&uniplatform=NZKPT&language=CHS
CNKI-20260826104202735.enw	Journal Article	玉米苗枯病的发生与防治	郑立晨 郑立中 王贵森	吉林农业	2010		https://kns.cnki.net/kcms2/article/abstract?v=hH4QDuxDhLT5puFtgezNj7IUUW5zocdjSEw0JJJbLcTzgQ2Fj6Ihwk6-UADV0RRECwzuP8PYdmRY9yU4v0ZZPAA_tdxeIda4nLE42HGNx6Vo0Q7tnWbw3jun0ctmRM8HcaJteqtTD589tbid2rckCvmpGlWICDNCw5mK-33XdE5qgJudQaL_HA==&uniplatform=NZKPT&language=CHS
CNKI-20260826104202735.enw	Journal Article	大方县2009年玉米生长前期病虫害的发生及防治	周小燕 龙友华 罗文忠 毛国军 宋碧 姜于兰	农技服务	2010		https://kns.cnki.net/kcms2/article/abstract?v=hH4QDuxDhLTE7eXVnd8XkbU_kMiM6wtACtWWVBHQEQynu6j_ZvyrYYiGyLBVFNMZf23gFO14i7M7NIF_OYHXX70YtnSaHBExbnNNdvF_ZYh2HNzBZPTBs0fUWt31m_IeloH9_rIZ_RWcWYj65Kq_AHSt4qzkVtTuu1gqjad6EW5F8spIuJ5KKw==&uniplatform=NZKPT&language=CHS
CNKI-20260826104202735.enw	Conference Proceedings	霉菌与霉菌毒素的病原流行及诊断	肖祖金		2010		https://kns.cnki.net/kcms2/article/abstract?v=hH4QDuxDhLTrJ9bdaligppVYQjdc9oCmydQh2kelHYPmqfmxQcpsfqUEZ7nSUtYyRcdwCH-8LSla0HRgZ4tQMXBeYMgzJkolxYIDL4fhZAjQXN_ToQrp9IlB-ZQ2ja1OmEq5Rw5ZHTKIuq9__rNhlb9p9nAudfKBKN947rqAwzfi35qxxirgk-wInWHFuY5o&uniplatform=NZKPT&language=CHS
CNKI-20260826104202735.enw	Journal Article	为何猪病流行规律变化莫测	任晓明	北方牧业	2010		https://kns.cnki.net/kcms2/article/abstract?v=hH4QDuxDhLRCR3E3U2-GlpQ5hdDE-IIDfEzpg1JxaQHoaIwNRDqOhm2xOHDQgHfuTRgHH_CTNnsLPL6tAIu1DYtUqq3rprjA9ihy9TpTZiPtgBRjXhX1aVfDfnV9urWkkV6I2uuzM3vTr69m0g1gr53mGeSmVz_DZQYk8Rsmrg0Bab2Nk0jKmQ==&uniplatform=NZKPT&language=CHS
CNKI-20260826104202735.enw	Journal Article	玉米灰斑病病原学及发生流行研究进展	袁杭 张敏 龚国淑 舒凯 陈华保 王学贵	玉米科学	2010	10.13597/j.cnki.maize.science.2010.04.001	https://link.cnki.net/doi/10.13597/j.cnki.maize.science.2010.04.001
CNKI-20260826104202735.enw	Journal Article	安徽玉米病害田间调查与病原鉴定	董猛 檀根甲 王向阳 李淼 王娥梅 刘洁	安徽农业大学学报	2010	10.13610/j.cnki.1672-352x.2010.03.018	https://link.cnki.net/doi/10.13610/j.cnki.1672-352x.2010.03.018
CNKI-20260826104202735.enw	Journal Article	玉米丝黑穗病的发病规律及防治技术	齐思泉	中国农村小康科技	2010		https://kns.cnki.net/kcms2/article/abstract?v=hH4QDuxDhLTT19dS7P7cEx3-jSghKs4DYmRKTQLp1L_r1NH16yMzQVPSsXtHSvGG1_R6OUeNZVSyvUdrsv1vZc_ye-H0kgaOnwc5Udts_jPvcnK5C_KzcsF1OrYkh0fgRJNeku5AXfBP7octyWTMXUKybEoPQ_dm_Ip1n9TERtHnvicuQdkSDQ==&uniplatform=NZKPT&language=CHS
CNKI-20260826104202735.enw	Conference Proceedings	玉米大斑病菌PKC基因同源重组载体的构建及启动子序列分析	赵巍 王青 郝志敏 韩建民 董金皋		2010		https://kns.cnki.net/kcms2/article/abstract?v=hH4QDuxDhLTwefUd3SCmIbimV-ElKS-31ntQSU7dwB_PXzeCmaoBA-tsLmUV78DpfDJESvDuuRShqy6xLw70fJqp66Fe1MPxZj1JU8gz3ssyQO6VCzuMmnPosE4ApYViEzCqqvNXHRR8gJhkQvN90g_PKXKsb56c38Ttvw5E30ZG9OPbIB9V4V7R6j1rHOkX&uniplatform=NZKPT&language=CHS
CNKI-20260826104202735.enw	Conference Proceedings	双抗RBSDV和SCMV转基因玉米的研究	王迅 江蓓蓓 李晓颖 李向东 竺晓平		2010		https://kns.cnki.net/kcms2/article/abstract?v=hH4QDuxDhLTwefUd3SCmIbimV-ElKS-31ntQSU7dwB_PXzeCmaoBA-tsLmUV78Dp3fzGtpFbNiMxh6vm5eU2Dh2bp1a70ls4ty5cXquqq8NeCTr8vILHAZ7TyDVPsU85UxDu9h20jaCNZkhSYByJIBIIZuPDq5QEOgeT5ezNW6Pviszr_6S91DpkbSxlFlxc&uniplatform=NZKPT&language=CHS
CNKI-20260826104202735.enw	Thesis	水稻条斑病菌hrp基因簇功能分析及hcm1转基因水稻的研究	李玉蓉		2010		https://kns.cnki.net/kcms2/article/abstract?v=hH4QDuxDhLRhjL-qgnavouxzHkIpyz-c34cYp7CvipStgNTxFGPGtDVrThEFgBrMiXje0R9O8roVxGcNNkzVsM7kt8yPZI9ELuq_L-9sn2_fKSCmWqeaQxa9BmhAR4oNiKP5Mz_y1jmOmTTqnDUU03g5TiqOxIwhdnk3tPxpizxNEdXIl_Y_XvJU30G5KXoG&uniplatform=NZKPT&language=CHS
CNKI-20260826104202735.enw	Journal Article	鱼腥草内生放线菌的分离及杀菌活性研究	杨春平 寇阳 谢婷 肖芳琼 陈华保 龚国淑 张敏	安徽农业科学	2010	10.13989/j.cnki.0517-6611.2010.18.075	https://link.cnki.net/doi/10.13989/j.cnki.0517-6611.2010.18.075
CNKI-20260826104202735.enw	Journal Article	玉米顶腐病的发生与综合防治	赵秀梅	杂粮作物	2010		https://kns.cnki.net/kcms2/article/abstract?v=hH4QDuxDhLRJ07ulVqVJH83VPuswQ2PaS6XohHo-Rkb8V0EjGiqUHK8AxHoRojZtJ5SdLXyOJShXX99dg52YusUmviqOILZ0_yzPFgS1pr6nCxk-o1yuzywU8rT3JCbxl0synsnTSeqIBrstLyZqyxEiBxkhriwOpuCeR_aAcW9l2VwAoRDIsQ==&uniplatform=NZKPT&language=CHS
CNKI-20260826104202735.enw	Journal Article	玉米粗缩病抗病育种研究进展	陈义红 阮龙 王俊 张玮 陈洪俭	河北农业科学	2010	10.16318/j.cnki.hbnykx.2010.06.021	https://link.cnki.net/doi/10.16318/j.cnki.hbnykx.2010.06.021
CNKI-20260826104202735.enw	Thesis	玉米鞘腐病病原鉴定与致病机制研究	翟晖		2010		https://kns.cnki.net/kcms2/article/abstract?v=hH4QDuxDhLRtaSdFGqLdCHpDyja5wpcec8AEHdwav_H21sq0PF6UGWmE-R0ym5rc7qOOJ3hLMnzRPcSRbl3gMMbVy8x2jioT7TqlJHp3uQdvk5_WQBQAu3IygJldfdFPZ4XlhZQi9LrSarypAp5GLSLHWav5laSmXTr8V20EnwhMJhAiMNgg5RXWA6gQhcHC&uniplatform=NZKPT&language=CHS
CNKI-20260826104202735.enw	Thesis	抗真菌活性水稻内生菌的筛选及美达霉素生物合成中糖基化机制研究	王慧利		2010		https://kns.cnki.net/kcms2/article/abstract?v=hH4QDuxDhLRtaSdFGqLdCHpDyja5wpceavvXcSMrDreiuVRr9hfkzN9W6vNdCqQjkyuZu1nOSDbmUlvLd85M503B7zUrBLyAbAicusbhBoate2RMyXBYee0sWmoc5XwcjwWIqZ6mU_wGC3VKXsh3BxKNQfDbhu6S0aqs8Gcy3dhEojDKDGGvb2IQ_0r6sxUQ&uniplatform=NZKPT&language=CHS
CNKI-20260826104202735.enw	Thesis	西湖水及其它环境中洋葱伯克氏菌的多样性及其致病性研究	方媛		2010		https://kns.cnki.net/kcms2/article/abstract?v=hH4QDuxDhLTFPGAwmPCCMNLV8vF4XTnX3NPEeSVNA5zvemEs8dz0CH5BjU5dd8CkqGLuxzDXfLW0tpMopIvsIQ90IeiFrqMT7pNtVgz9ja5TyqwfiPOS5VFtI5bHXgqDdDoZ44xzxpQAnO8zspZECV8FnafEPadI0zep7yLJTVTz4ss4hC4vGHWVTpfDoKvV&uniplatform=NZKPT&language=CHS
CNKI-20260826104202735.enw	Thesis	抑制镰刀菌及降解两种真菌毒素的益生菌筛选和机理研究	程波财		2010		https://kns.cnki.net/kcms2/article/abstract?v=hH4QDuxDhLQc-0GwHY8r3Xbbp93lpimBXFSluWvf9c_oBdNCAzPVE58E-gKqTEHfo4FTbyRK68g5XjQHEE7cr28TNywE7ZkknKAcJB8pWcIE7oLXWoWtBMo00skNtqIExD3kwerh2_k4H6rw_LQg7X-3phY4VMH4uaLNkm9A7hGA9FeoZn282I-VcVuX7JXZ&uniplatform=NZKPT&language=CHS
CNKI-20260826104202735.enw	Thesis	辣根素类化合物的合成及生物活性的研究	吴华		2010		https://kns.cnki.net/kcms2/article/abstract?v=hH4QDuxDhLQ0ln7B7RLMs-3vD_23aqFUdZjZ_4gkGpMujH0jWJ0rlC8WKFNedmPOOvfyXuaJNZVbQq4D9oLw5o3T3nxrxPLyRzHocyZXariBDIHvJVKMSrHVmK2qUcxFVlAYhhpd8iMkdu5rMRyNJ5wLMjmpi7wmIV6DR_AHMFLx8j4gnl97uP1x5E1ywGRn&uniplatform=NZKPT&language=CHS
CNKI-20260826104202735.enw	Thesis	一株根际芽孢杆菌HNA3拮抗植物病原真菌的研究	徐菱菱		2010		https://kns.cnki.net/kcms2/article/abstract?v=hH4QDuxDhLQvVWaeQZsyhByV96AzWT7IvqBAhIeSJ8Hg9jdmVClrgMkqL0ibt40u-0byWIz4nW0cjhPe8SXwZeiLFjntFEPVFkAPYhvC7RVcpO8tVJ4z1Gc0J_v0KZIw6YJ62VqXX5iD640aRYXxgmUOG4a5FGjgtVthK-eamSPL2ieyxDzTV6AcrBbrGp_2&uniplatform=NZKPT&language=CHS
CNKI-20260826104202735.enw	Thesis	鸡源性益生芽孢杆菌的筛选鉴定、固体发酵的优化及其应用效果的研究	卢龙娣		2010		https://kns.cnki.net/kcms2/article/abstract?v=hH4QDuxDhLRQlnVDbbsovGBTbMY3h3Bu8ija4X6OkGw8j3INN_D8FFtZJQCRZy4cDYI5JVX_Tcd6lpgs2EA9eQzucU_26SVvbwc7CDRK5WOm8HkA-tz17cK0KAf7aSOozQTD0rXEQMCpJcj5MkFmW4ggwN0uNLBCrNPfR0FxBlTxmPXQJMP8RLXMfFvPsfCx&uniplatform=NZKPT&language=CHS
CNKI-20260826104202735.enw	Thesis	核桃基腐病病原学基础研究	商靖		2010		https://kns.cnki.net/kcms2/article/abstract?v=hH4QDuxDhLQ4l275UHzYtrBf3Ch_qhZbMWu4bFulNEbdMh6DEFCECZ46swVNgyQ68trJMhEHP0YB-FeRObIFKk84jxI4FQtoQq0Qq2G7_QQfD4cvFrAk7B3xNcya2poUAS7PRX9NOU_K8777Pv4NcC9l-7Zw-cokSNt6SGez2lvChPxlaGk3VIcleimEOaYf&uniplatform=NZKPT&language=CHS
CNKI-20260826104202735.enw	Thesis	辽宁树莓有害生物鉴定及防治基础研究	傅超		2010		https://kns.cnki.net/kcms2/article/abstract?v=hH4QDuxDhLRObv50P6N--JyuM5XGqjJ4tLnbhDkW1hPiW4EYLJnlKShHh0uowbDdWtGfGAR0Xm0CKO3GdisrT2dIpxpC3hUMKFtF_lgs7w-Zz6bWDM3rfjkpWLNMAeDDNaQp286zcbEsLBfZdCxy9BHJ7ubM_a5WeZtGyilwf8pgXJzmZ_U7-xAkxfRPi5xW&uniplatform=NZKPT&language=CHS
CNKI-20260826104202735.enw	Thesis	拮抗芽孢杆菌的分离鉴定及其多样性和系统发育分析	刘芳		2010		https://kns.cnki.net/kcms2/article/abstract?v=hH4QDuxDhLSfjHelySOghafwc6o8bc_e2XFoP4mTecYdgyVeCJyI8Lsu7jlLe9bwiqtLJ7vmWk71a8aO3UIhlTeYCfr15GhsNXc3i2VX5x1gZwoWJxmfmtvLPky9eZX6ojEtonUnedvIj2KYfwzsj1etZu0sccrfWl18i9CoVgyezTwe1YSph0owbNzsvuiG&uniplatform=NZKPT&language=CHS
CNKI-20260826104202735.enw	Thesis	水稻对黑条矮缩病抗性鉴定方法的建立及感病生育期的研究	吴丽娟		2010		https://kns.cnki.net/kcms2/article/abstract?v=hH4QDuxDhLSfjHelySOghafwc6o8bc_e2XFoP4mTecYdgyVeCJyI8OMeOSbKmw8_Fgeajek87lN_h3mr5XtQwIWxR0_z4k6L2doC-KpV2qirdonWnacwKuap7GfC98wt_kQVt9DuHIZ4MzqZlK8mV_Up4VyDwkFeuK_ErXXZBUjUuakouNQwf0eYMZyGDqLb&uniplatform=NZKPT&language=CHS
CNKI-20260826104202735.enw	Thesis	玉米大斑菌小种鉴定、病菌与寄主互作的超微结构变化及基因差异表达研究	何泽民		2010		https://kns.cnki.net/kcms2/article/abstract?v=hH4QDuxDhLTjROKspnul-Hz-9fyd9EenVU_YiypTG1zyWD6ggG27qvGOuwi3pW1u2NPZ4kQRPPOHyBuvBTwEU0N3lCJde9BLm-9PErMgjQeAd2HzwfUPuYxp16B85GPmr2ndoCAy5WomocEdD7Et2K7kco8qvLVJHBLgwDZnatvcNwF8yFp6iyBJN70I0wwH&uniplatform=NZKPT&language=CHS
CNKI-20260826104202735.enw	Thesis	玉米青枯病菌的鉴定、生物学特性及生物防治研究	吴小龙		2010		https://kns.cnki.net/kcms2/article/abstract?v=hH4QDuxDhLSL50NFnhcGHk2RvsJs4c87EXSUO_0r-97-E03O84fSXjLfFyT5wzV7U9RGw8yrrxEg-3e5D0KOishlgv7ArMPT1tUEVHJ9UPbA6i5Q8gkHryptY_XUizE1Qs3EljpRZVNHJQAnBDHw7uwdsPRGG_f1T0P3HNATUq8H5z5p8jSujgFtgCOv72FQ&uniplatform=NZKPT&language=CHS
CNKI-20260826104202735.enw	Thesis	茶褐斑拟盘多毛孢对山茶致病机理的研究	唐瑶		2010		https://kns.cnki.net/kcms2/article/abstract?v=hH4QDuxDhLR8sihw62J2fP77Z1yHuT8FGlEIEeVamII7gQvO4Y-zoyU_h4ciTr8jXknjHOnh5gjFRT6yzL_nAVTOf_Mss7V0msmJfJv7WGTSB34lUikrjTJu6AgnFKtUzmkf7xHmebRULgl01HXCPv8_sgelIzao4VPO5HGIY1T7fLDPukFEvCkwCbQJDELX&uniplatform=NZKPT&language=CHS
CNKI-20260826104202735.enw	Thesis	产几丁质酶木霉的诱变选育及对玉米纹枯病的生物防治	赵丹萍		2010		https://kns.cnki.net/kcms2/article/abstract?v=hH4QDuxDhLQBlo5Xz7t98cyWxA8iLpjUg43_9p3nM0p0dHCSQZcAIHRizouMc1YfTetv_z8e4Kwez66VrmCUJm0PvMygxWp5eBg65ZrVQrp3bDGivJfiQ_FTu4GdBpygpC3-wHXETwnM5FZ9_mJCwsanh8dIGj9WVRUR3N-Q7_f1uAIFKMRJIbVIudy10Szc&uniplatform=NZKPT&language=CHS
CNKI-20260826104202735.enw	Thesis	几种辣根素类化合物熏蒸活性研究及EITC合成工艺优化探讨	王朝军		2010		https://kns.cnki.net/kcms2/article/abstract?v=hH4QDuxDhLTHNFyw3-mv6FXuWWsi3d1jYnnxtTS_9XqRV_hZrx86yz-8ouXoQ0fzMQwQ0xDf_EeCleMxgwAsOtHx2kLD8RcfSIK0BpfwC7CkBdXC2QAS2RjFqa60r4kLTwK5Q-XCyLea1mg6_dn8QU49qXviZRpGjLeLeTU4pgmchR_WXQl2z6_Y4jS6uQU7&uniplatform=NZKPT&language=CHS
CNKI-20260826104202735.enw	Thesis	玉米细菌性叶斑病病原菌鉴定与分子检测	司鲁俊		2010		https://kns.cnki.net/kcms2/article/abstract?v=hH4QDuxDhLTHNFyw3-mv6FXuWWsi3d1jYnnxtTS_9XqRV_hZrx86y1O69VjFztKQH88cLB9wMQJUrkIrAbRCJlY3q830TvhLZMBqFgSYReo-sYqqSClfAeSrFRFdAWOPykRQiChHu_SouCtt5llqmm_RT4AESPh_4BbfHtm2FKw77jx1bIIL-4Ty50g4Ih0z&uniplatform=NZKPT&language=CHS
CNKI-20260826104202735.enw	Thesis	小麦根腐线虫部分生物学和生态学特性研究	崔娟		2010		https://kns.cnki.net/kcms2/article/abstract?v=hH4QDuxDhLT8R21kA657KBfz97awjuB7aBntc15nZoUN6KwZmNQ_5bwo_LaacGQcv4qeL2sh-0e3KlFWEd8unslivaDpX6q_TSCP8_D518b6Clk2knYI7liGxQ-_8pv53BCMnpaEnPCjeFjnsLKIMHxoueYOWDYfQWdy83z2rBPHqTyUXwbOAB7PVdMFe1hJ&uniplatform=NZKPT&language=CHS
CNKI-20260826104202735.enw	Journal Article	四川土荆芥精油对植物病原真菌的抗菌活性	李元 廖颖 严伟 马丹炜	生态环境学报	2010	10.16258/j.cnki.1674-5906.2010.05.038	https://link.cnki.net/doi/10.16258/j.cnki.1674-5906.2010.05.038
CNKI-20260826104202735.enw	Journal Article	玉米大小斑病防治技术	王江敏 谭志华 李云艳 和建琴	现代农村科技	2010		https://kns.cnki.net/kcms2/article/abstract?v=hH4QDuxDhLTxKxfClOpyhuxoxDZ_wLpCapSL4uuyApTvErIDws7YHbdHR0YCLkFsmoKqg1uiE_371jXopLj5-klK6xsje4xDWHC7jKnL0xvWGgRNwIPTK8XPK4fI_covC2I8d6WJL7WD6e3QOcZVhSvhSEKV0yRvtghGaqIzvlO5Y4RsU5ADWA==&uniplatform=NZKPT&language=CHS
CNKI-20260826104202735.enw	Thesis	大麦坚黑粉菌遗传转化体系优化及其侵染机制初探	张新明		2010		https://kns.cnki.net/kcms2/article/abstract?v=hH4QDuxDhLSOZ0MFF667MMs4HMZ6hAaYQXt-QaHTGM5QaSiSMedvvxIA5sD9_a8uKIKI9OcYgPcMgsuhbDHdy_XnwUe2gdj7B6Rs3t3QVVg8kgcBRn63_JdDGz3T97pMU9_eFrrbjFm8fyZ5yfIQZ9V1FdQ1Dpz9pxEYFR_D1PRz_oMqbh3XNnsr5Vm7_drv&uniplatform=NZKPT&language=CHS
CNKI-20260826104202735.enw	Thesis	旋覆花抗植物病原真菌活性研究	焦斌		2010		https://kns.cnki.net/kcms2/article/abstract?v=hH4QDuxDhLSChTl4rRNsmo2cFJCkBbebRaSBq82CD8dgeYTffy8fquXSLTU-QMP6g7TDYXZ3-LKEr2-dsIJEpalGsjHtVkj8FSk6YZtJEnf9Kqtb8LRPXKU7d2pFdqQmy8cK29ZUbZV5iphf3LeC3W6LBVUqo1Q3ZltcYDQ2V9qGqced1XEVOPjjQSz47e5q&uniplatform=NZKPT&language=CHS
CNKI-20260826104202735.enw	Thesis	普城沙雷氏菌Z10发酵工艺、防病效果及种衣剂研究	杨淑君		2010		https://kns.cnki.net/kcms2/article/abstract?v=hH4QDuxDhLT0fNs_NVPVJLLeandq0ujFZ31gfO5Equ4v86wpNOsN268weqAWgw8e1s2saAg4pATlAeW-5gsP18hyr6KqQMs0DbbNgtVhUqiUyjcD5O7jMKtpJ4Y_yw-1yk2d-8JCBflfLvX2cCp6GWqusa46GunmYsbGihPe3I7ZOuLttWpDAI1lkn9pCunT&uniplatform=NZKPT&language=CHS
CNKI-20260826104202735.enw	Journal Article	玉米纹枯病的发生与防治	祝咏梅 纪震	现代农业科技	2010		https://kns.cnki.net/kcms2/article/abstract?v=hH4QDuxDhLT0fNs_NVPVJLLeandq0ujFpzqVgjs3-hMzOTk8J1nNW0UWFKz4P6WOwRW4a8h1sClaMuNsY7LZtP5xA_am1fM6RklMrlQjfRA8pVGxv8oRVoDXMKSFr65sSWVOyyBntC-s80XBDiFAZX3CgsxbEpjrZ6KLquIwkqFlmYy7F7YRxA==&uniplatform=NZKPT&language=CHS
CNKI-20260826104202735.enw	Journal Article	中药植物金线吊乌龟对植物病原真菌的抗菌活性	玉艳珍 邓业成 张明 覃旭 李丽芬 骆海玉	植物保护	2010		https://kns.cnki.net/kcms2/article/abstract?v=hH4QDuxDhLTzkyUEVK88fkcoPlQi9G1SFhBjyr8YHTDi7_szQCZcd-Pd3ZfM-TjZ6_C9nZ48DwqZN9afeBtSPvMZagHfr-L9AIJBICRDSLhR_dvGr7cTfWdHcWyI1cc_THuzwDvCa3Fzi_vklZ03d0bXhYtZyEi5KWyGoY5smLAqwCif7DzCcg==&uniplatform=NZKPT&language=CHS
CNKI-20260826104202735.enw	Thesis	真菌杀虫剂的应用现状及其产业化研究	姚震		2010		https://kns.cnki.net/kcms2/article/abstract?v=hH4QDuxDhLRZONs-YKKfF9GyVOYeJrWGBqFCeX8bMT5yyj679Hy5ot2IR7RvyW2Z9Dztoqlk5w1jykCES8uJIzrRVN0W7L6IyJYuQCk_TLOn2BVJ5aA0oaxI-3K4Kvy722FJ1KrbeNsxM37eesm6bhZD9MkfJrGsSQfMFyksuoZbIJknwnuOu5ieg6uBr2O6&uniplatform=NZKPT&language=CHS
CNKI-20260826104202735.enw	Thesis	西宁地区番茄内生芽孢杆菌定殖规律及促生效应的研究	刘涛		2010		https://kns.cnki.net/kcms2/article/abstract?v=hH4QDuxDhLRZONs-YKKfF9GyVOYeJrWGBqFCeX8bMT5yyj679Hy5ooTLoPiY4oNvDPA4FfdOlIt872z39W4alOEH6-KRDkTWGUqmkL0LXveTKCROKBnEgiGNyPk_8II3sVgWak9LmwI5Y3tAxzy-D_WlFHBl9XsFS2vvYDhJ3srDtSnqombata9cvp36_pP7&uniplatform=NZKPT&language=CHS
CNKI-20260826104202735.enw	Thesis	反枝苋生防菌株改良及除草活性化合物的分离纯化	石园园		2010		https://kns.cnki.net/kcms2/article/abstract?v=hH4QDuxDhLRvimLiwsMX7VK-YMs7m7BaYHPv3mH0xiQwZ1MWYIZOm-2D9bauMeJsFczcYoCyS_JLHsjgbByNdZQ5UK7U75c4jwMqbCV9wUToqoFYnZF7GOJWoq_i7p0gzzE_Gw_J9liRDWpmVUQaT0tNG2LmdJjuyJf6Mp8iuo80Hexcmb8_TpTUOeYfcPLa&uniplatform=NZKPT&language=CHS
CNKI-20260826104202735.enw	Journal Article	玉米根际促生菌的筛选及其对玉米生长发育的影响	刘晓东 王补全 李伟	安徽农业科学	2010	10.13989/j.cnki.0517-6611.2010.10.082	https://link.cnki.net/doi/10.13989/j.cnki.0517-6611.2010.10.082
CNKI-20260826104202735.enw	Thesis	四川土荆芥次生代谢物抑菌效应的初步研究	李元		2010		https://kns.cnki.net/kcms2/article/abstract?v=hH4QDuxDhLTqvu7KNdqb4wkwWf9H1SPIDXAlI4uy3q2xzF-mskKWQME19GrkUr8tQ-C9L5-_q933wDj6PA4t9aR3-CEsTleiLgXeNqVl0Ahdd4bsB9hSx8C_lztVUymETXXeAKI_6sxdnbFkEU42Z3AnBnxDytw2TMgGlf9pIAdoCT5H8Gz0dudpSto1bGEk&uniplatform=NZKPT&language=CHS
CNKI-20260826104202735.enw	Thesis	棉花抗病内生细菌的分离及其对黄萎病的生物防治	李春宏		2010		https://kns.cnki.net/kcms2/article/abstract?v=hH4QDuxDhLQoXADqTUQPdqBECgHXWAEIDX8mDxiZPB8P9voFhmlftvGHxKafy-dsWaT4FOZHA_nGgNzWIsX2WQcRBZZLACEeIjiXsyt068f6gLwcDruLTFcLXUDwcb5DwBQK5YBXhTdItLWbc2a2O-ggXjaAtTK5vKeFnLImjfWcZNebS0emUuMh9DIqO5gg&uniplatform=NZKPT&language=CHS
CNKI-20260826104202735.enw	Journal Article	玉米丝黑穗病的防治	王泽如	现代农村科技	2010		https://kns.cnki.net/kcms2/article/abstract?v=hH4QDuxDhLQce9h_wbLGA30BOaZ22_e8E0rKuaz2strZCqahnXQeRL54zXpPVXRJ2q4pxiIxA_e8mjrUyxEU-o5eWzWV-FRcf0po5nh3FfQwU1uYwn7nJoWosP7894Kw91LeKI2qxEY0m_i4Oq-WwA596mDFpZ6JwaBxVAXDWCfVuj4hS2gfdA==&uniplatform=NZKPT&language=CHS
CNKI-20260826104202735.enw	Journal Article	一种简便的病原真菌单孢分离方法研究	龚国淑 徐琴 张敏 杨继芝 陈华保 申世安 唐太飞	玉米科学	2010	10.13597/j.cnki.maize.science.2010.01.003	https://link.cnki.net/doi/10.13597/j.cnki.maize.science.2010.01.003
CNKI-20260826104202735.enw	Journal Article	1株酸性α-淀粉酶产生菌的鉴定及发酵条件优化	安弋 刘新育 芦鹏 刘亮伟 陈红歌	安徽农业科学	2010	10.13989/j.cnki.0517-6611.2010.04.057	https://link.cnki.net/doi/10.13989/j.cnki.0517-6611.2010.04.057
CNKI-20260826104202735.enw	Journal Article	河西走廊玉米制种田细链格孢菌叶斑病诊断及病原鉴定	陈广泉 王多成 张建文 邢会琴 王廷三 裴晖平 费永祥	陕西农业科学	2010		https://kns.cnki.net/kcms2/article/abstract?v=hH4QDuxDhLTi1fxetHsbpV8NU5TnLKexGy8uePYsjQijGUWtnoCcQdyS-vwPwRGP0_M63IIUuy_Y8J7sb_3lqpxAa8hknkey8wE99jUUDPRhcV0Ck5t0NWD7UorpovknjwXMgsQrX5jmTXlJUvoMWEAV5ukUtpNqYk0O7oRvvV7nf1ykK9oPRw==&uniplatform=NZKPT&language=CHS
CNKI-20260826104202735.enw	Journal Article	产丁醇芽孢杆菌的分离、筛选与鉴定	王风芹 谢慧 楚乐然 原欢 续钊 宋安东	微生物学通报	2010	10.13344/j.microbiol.china.2010.01.005	https://link.cnki.net/doi/10.13344/j.microbiol.china.2010.01.005
CNKI-20260826104202735.enw	Journal Article	广东省鲜食玉米病害发生种类及其病原鉴定	郭跃华 郑卓辉 张德雍 李学文 王振中	中国植保导刊	2010		https://kns.cnki.net/kcms2/article/abstract?v=hH4QDuxDhLSg2HvHATsINW3qQR74nAkzv-labAEyQT8FOvqtl2q4baSSqMDLZqHpq2ZgzNmBz5VIB8hyKqnSja_C6QUHRJQjwrlu9L0Pp-z8EmLfVlp4p2rI4IpH_04QVykboCvxjM4LeA_SOUK7TglhpV6veFzc-BA3xY2bDU-dw3RaHKq8rA==&uniplatform=NZKPT&language=CHS
CNKI-20260826104202735.enw	Journal Article	翼城县玉米穗腐病近年为啥发生重	宋海燕 赵保勤	村委主任	2010		https://kns.cnki.net/kcms2/article/abstract?v=hH4QDuxDhLT9jYgoW7vaXJjnFBI1oyGvlGm_azqo1G0U5pglU9iEIBAsM3pe9MFR6TjZUapNEErqheU73QGseLhEKXM1EHV6Ms6ulBEsMWcMmz2AytF3GfwffJPjPb2OH1SscXaM3vbYreVuqMZfTjQmTtXU0ODD3Dsuu6yB17VePc-M15ACug==&uniplatform=NZKPT&language=CHS
CNKI-20260826104202735.enw	Thesis	香蕉枯萎病生防菌的筛选、防治作用及生防机制初探	白丹虹		2010		https://kns.cnki.net/kcms2/article/abstract?v=hH4QDuxDhLRA1b1ZFIq89GCeWjJWrzLKS-ht8vKV9kmHRHeY7QD6poeU93ocXvL7C2s8pJ6iu6Igfa2HxBqipjw2JeNLVHqv07YAKXeHvGrjs-dF9O6MdrEu_xNqe9gdIbzGO6eun12rFAP7JOsSVP8v1g7dClCe15xC1ADUHsMq1OZi3PRGLOf3S3LfIDto&uniplatform=NZKPT&language=CHS
CNKI-20260826104202735.enw	Thesis	玉米弯孢霉叶斑病菌Clk1基因的克隆与功能分析	周斐红		2010		https://kns.cnki.net/kcms2/article/abstract?v=hH4QDuxDhLR3e1xTGirF0wu6wtgXf8afbpV_eOLqrDDZ5J9aBTXYPIEsmG57MSgqJHh5o9-XNa0mDgPoOBHW4e6euls6WFs_6WsGnJ_IRkhbnDe-NsJ8Pv0hq3_1HP_vWKsblyxy_wnUPWzShC8GMoQ3lnKIz8f1iQzj-yN28CuuudoGqBC_VRLbu7CevFc5&uniplatform=NZKPT&language=CHS
CNKI-20260826104202735.enw	Other Article	玉米种子传带病原真菌检测及包衣处理防治技术研究与应用			2010-01-01		
CNKI-20260826104202735.enw	Journal Article	江苏省近年来新发生的一种水稻矮缩病害病原初步鉴定	季英华 任春梅 程兆榜 周彤 周益军	江苏农业学报	2009		https://kns.cnki.net/kcms2/article/abstract?v=hH4QDuxDhLRz8pPUeUYRUy5L_1vqXNUsPBRZEiL_rxbk5vU80xfNWlPEYM46mblbVUKkT2Y3MCDC3JV9I1CtB1WmugOrCrfmKcokBJsAlKT0eGqpKZqxxxM4CN9C9Y2y576hKJRCGoYJPHgoBVaSZlr1qwfwerVtsECzOg-8BctjvtueWEyeFw==&uniplatform=NZKPT&language=CHS
CNKI-20260826104202735.enw	Journal Article	苦楝内生真菌抗植物病原真菌活性菌株的筛选	单淑芳 朱薇薇 吴海亮 陈珊珊 朱振 樊美珍 黄勃	生物学杂志	2009		https://kns.cnki.net/kcms2/article/abstract?v=hH4QDuxDhLQmFRfaeinJQGVGNTJquHHuXkxldNveXlBmZT9fDbYbeLybWpR_LxeUpjpGGyMDUFsDzMs9D88HGzCCm15TawrFBzelJ9rrZ05nFSzR7HDz1YmZmwzPnMUszXm-mVu9-z5kLSvAIbxVdlzqCnN-uVfLwQ_LxzzPaOo75m226H7Ycg==&uniplatform=NZKPT&language=CHS
CNKI-20260826104202735.enw	Journal Article	温莪术内生真菌对植物病原真菌抑菌活性的研究	徐磊 王艳红 郑友兰	华西药学杂志	2009	10.13375/j.cnki.wcjps.2009.06.001	https://link.cnki.net/doi/10.13375/j.cnki.wcjps.2009.06.001
CNKI-20260826104202735.enw	Journal Article	菌株BL—21解磷能力的研究	石磊	黑龙江环境通报	2009		https://kns.cnki.net/kcms2/article/abstract?v=hH4QDuxDhLToXnMuvh_noxY_o6key0WYLKRXojIYFOcHa9LtkDQCMw-OREfikAtAaM_O_HXefa6V7ts_G2RLv8KxhWR-nVuFueC-_-rBd3id5ih6dps9eBSoh8C7C2OSKuLdDr51zGnzI6teFBJTr6ZoFFwPjUmZAi9C_rn8UlbqT8LCNWlnjg==&uniplatform=NZKPT&language=CHS
CNKI-20260826104202735.enw	Journal Article	玉米丝黑穗病的发生与综合防治	成家祥 张家根	农村实用技术	2009		https://kns.cnki.net/kcms2/article/abstract?v=hH4QDuxDhLR3ttWVHmkhMBx-mBp9RuAUMwGuK3ldasIs2iHDlMjQd6nVQXvI43kcrOCXEMm5ukk9KqGkwlwKY449qMgU1tZwsxv-cp7NefWihuiNXR03vu9jpvYqzgy8A7o6w57RdfmU8cRXkmsBzjX35_pzDNnDANbZSkOO9jKl0cYMJPF29A==&uniplatform=NZKPT&language=CHS
CNKI-20260826104202735.enw	Conference Proceedings	五株拮抗细菌的抑菌活性测定及其Biolog鉴定	李雪梅 刘婷婷 包放 魏艳敏 刘正坪 尚巧霞 赵晓燕 宋庆丰		2009		https://kns.cnki.net/kcms2/article/abstract?v=hH4QDuxDhLSNvbDgFLE1j2X7HaUeIkwZscb8z8Jtz40i3_dr6nXHXxZ1UUEiskF_DRI9KTaYTvI8SxJf9QMnSLZHOOHdeOPjBfmkZl2hjKYPo7_dhQzhjndP-L03xzNIKoOQtaFPR2PSVos1Q8mn6RMDDJ4Ai8ehrUxDuQ9N7CN20RRSp1WPOGq5Vl_XzgYa&uniplatform=NZKPT&language=CHS
CNKI-20260826104202735.enw	Conference Proceedings	七种昆虫血淋巴诱导提取物抑制植物病原真菌的研究	谢咸升 李静 董建臻 赵晴		2009		https://kns.cnki.net/kcms2/article/abstract?v=hH4QDuxDhLTHnZQdfSZguJLzBcz1hnmtw4KdsatGFFPP0ErmK8i3fYXcvEOFCfL3tA3rMJhHmQQ0yVskBwuiJryl30I8ZTtrcXxViBQyN5xGCno7jp-MtZNhSt4vhq9EJT0lytkBwudFy4iZ_cYrI-K1TwPY1fxG_--ePB6Ghj3L8tCoTHFNdDJpT5uNdK-k&uniplatform=NZKPT&language=CHS
CNKI-20260826104202735.enw	Journal Article	玉米苗枯病的发生规律与防治	刘姝	安徽农学通报(上半月刊)	2009	10.16377/j.cnki.issn1007-7731.2009.19.021	https://link.cnki.net/doi/10.16377/j.cnki.issn1007-7731.2009.19.021
CNKI-20260826104202735.enw	Journal Article	玉米穗腐病防治措施	徐瑞富	种业导刊	2009		https://kns.cnki.net/kcms2/article/abstract?v=hH4QDuxDhLRJTj3YLdz_c5jAv-8qyIS761SV4Ye35mQI78Zo0evfRtCYxDxwLneSFZj8q9pV3nXh9_bL7edINWlDRJExQ1gZtSfPLvcZssznvrJLgTPGe_68ehrbuRR6abLXfjQE7ADD-Hepx2qfiWlIacKdMpAHCl79iVY3vfItmLZIK7O4Lw==&uniplatform=NZKPT&language=CHS
CNKI-20260826104202735.enw	Journal Article	玉米丝黑穗病的发生及防控	孙松柏 皮定翠	植物医生	2009	10.13718/j.cnki.zwys.2009.05.016	https://link.cnki.net/doi/10.13718/j.cnki.zwys.2009.05.016
CNKI-20260826104202735.enw	Journal Article	油菜根圈枯草芽孢杆菌Tu-100抗真菌范围和防治作用	江木兰 赵瑞 胡小加 万霞 张银波	中国油料作物学报	2009		https://kns.cnki.net/kcms2/article/abstract?v=hH4QDuxDhLQwEgS2EiWC-qkKhILlXr3XXu542GVw3D6zffcxLe8ch9QKTA5YALUDJIX_Dl-uDZoAsI0ASlFXmkJ7os0nE427Q7r3Y76YE_dRGnO_P5vsGqBTX_zRRC-1kouD7z4KOHpIaVcHLTPvyrdexBt6N48Q9VXOZlRJsO9j2DDWSEFqLw==&uniplatform=NZKPT&language=CHS
CNKI-20260826104202735.enw	Journal Article	玉米粗缩病研究进展	陈建军 李波 吴雯雯	江西农业学报	2009	10.19386/j.cnki.jxnyxb.2009.09.026	https://link.cnki.net/doi/10.19386/j.cnki.jxnyxb.2009.09.026
CNKI-20260826104202735.enw	Journal Article	两种有毒植物提取物的抑菌活性研究	申晓慧 姜成 张敬涛 宋英博	作物杂志	2009	10.16035/j.issn.1001-7283.2009.04.004	https://link.cnki.net/doi/10.16035/j.issn.1001-7283.2009.04.004
CNKI-20260826104202735.enw	Journal Article	玉米青枯病研究进展	胡梅 陈根强 侯军 林晓民 李洪连	河南农业科学	2009	10.15933/j.cnki.1004-3268.2009.08.009	https://link.cnki.net/doi/10.15933/j.cnki.1004-3268.2009.08.009
CNKI-20260826104202735.enw	Journal Article	玉米纹枯病的发生与防治	张洋	杂粮作物	2009		https://kns.cnki.net/kcms2/article/abstract?v=hH4QDuxDhLQrKmiRutGPzaIx1FTLdGy655ucng0EEJ6QhQrt6pU--6Z5aODK4uxWhkeE7Ev3nAA4OrUbiCL5OaYcFoz91-H47T_OsCEVmf5slV85KPD7qHdTQB-kK_UjB3M8rKGgfbl7okVNJWZ0NOCXuttOgCwsgKbXGwsPNyGtu89cY2xYaQ==&uniplatform=NZKPT&language=CHS
CNKI-20260826104202735.enw	Journal Article	小麦白粉病菌生防菌对不同病原真菌的抑制作用	范瑛阁 王兰 董红强 曹远银	河南农业科学	2009	10.15933/j.cnki.1004-3268.2009.08.012	https://link.cnki.net/doi/10.15933/j.cnki.1004-3268.2009.08.012
CNKI-20260826104202735.enw	Journal Article	新疆玉米病害新纪录—玉米普通锈病症状及病原形态特征	贾菊生 马德英 黄全生 陈燕	植物保护	2009		https://kns.cnki.net/kcms2/article/abstract?v=hH4QDuxDhLQxiVck6YjEo5VE4JdZMlErPXS1Z6ZXzrDDtBPMYglps6BdOBtTdciMzYoTPOc3gndPvOA-3i7Q8FvlNVawf2jdsnz3OF4qtgk-WGHPKu56tRb_VDuInD_59slj_LK3VvEKL3k_fnK8zTKgsLGPBv4ATiKex0WZOR6xhHEwSry96w==&uniplatform=NZKPT&language=CHS
CNKI-20260826104202735.enw	Conference Proceedings	银杏外种皮提取物对4种植物病原真菌的抗菌活性	王忠文 张君成 徐兴 廖咏梅 熊英		2009		https://kns.cnki.net/kcms2/article/abstract?v=hH4QDuxDhLSzwzOG2yv3EcupGQ4FDNPpn7IC0mOcY82qSOONbni30sblUsOkv4uSGrBhZgVZ9EWbVq2uxWNhWaGdOkQ4fPDzHXyb9koosF5BxieXSHJ1HIRngBEwzBPH32zEhN6HduH6EqJPEiSFgfagf7TbVDT5tMouk5sk91Uo2TOcuti2undT-OeyFVkk&uniplatform=NZKPT&language=CHS
CNKI-20260826104202735.enw	Conference Proceedings	玉米弯孢霉叶斑病菌Brn1基因功能分析	刘铜 刘力行 高士刚 刘志诚 陈捷		2009		https://kns.cnki.net/kcms2/article/abstract?v=hH4QDuxDhLRZJW6JTHR-IfwklF123U0NNtLzrGeecMIlzSRkP-HZcfpOeGq2RN2BKuaCnn_QQgmlQUShteT0YAlYK0hL9rOiXC3ZwStZGcSXo1OpdxMFQd8YRRmWQYaULTexu2QwAZWchQgUB0x0IH7-09-n76f5YPESm-HFZwS-8SzNUrAHD8nh61lbrrii&uniplatform=NZKPT&language=CHS
CNKI-20260826104202735.enw	Journal Article	叶片涂施茉莉酸对玉米幼苗防御反应的时间和浓度效应	冯远娇 王建武 骆世明	植物生态学报	2009		https://kns.cnki.net/kcms2/article/abstract?v=hH4QDuxDhLTuIksTUZEKZLmhETiafL2QsD1UGrGZhUxwgxWsdPzMU5DbPe2FoFwBpiom-W96ii_c65_pFQpQxwg5_4gwQfiFM5sJKBOhNHck2jflxjxGtr3e71XQuLkhbdgcaHm8bHm7UnJIJlkX4zqQIfCjvGUv0TYuSJEAaba83pX00s1nuw==&uniplatform=NZKPT&language=CHS
CNKI-20260826104202735.enw	Journal Article	植物病原真菌可利用价值的研究概况	张小媛 何红	资源开发与市场	2009		https://kns.cnki.net/kcms2/article/abstract?v=hH4QDuxDhLRlUJAI9FBuFOcOgPUBQZM_xvrT0oW1f_WokFA4w0_PjknfUM2eQNyF-Ww04vLEvJJqvB93ERwlwaJltK84ZIKDwgR69yg2rQQfrcopTLOrBkHK9GUcQt4iUeqCrl9bpEAvi01bIRFHMC7Y3ldISRPD--f_GKZ8ivhSFvmuEjbhUw==&uniplatform=NZKPT&language=CHS
CNKI-20260826104202735.enw	Journal Article	寒区玉米苗枯病的发病因素及防治方法	董爱书 刘建生 关成宏 顾海霞	现代化农业	2009		https://kns.cnki.net/kcms2/article/abstract?v=hH4QDuxDhLQuuG3rGp0Nhi4pRsvIgVj6dwPY1P_acKMEjL065KmPYvdQkNrKPmndcFEy5QsyY20jlgI8XKDaUzjMGxx-SFqtXJ-MYnGCwCOTvE_cdJqCa_X263eucnzJ1OdLChLP_Jj5jC1Xx2eSatt9oMfai4as7X3_y54chKOVe1eYYDqLoQ==&uniplatform=NZKPT&language=CHS
CNKI-20260826104202735.enw	Journal Article	两株油樟内生真菌抗真菌活性与降解纤维素研究	游玲 王涛 王松 杜江	安徽农学通报(上半月刊)	2009	10.16377/j.cnki.issn1007-7731.2009.13.032	https://link.cnki.net/doi/10.16377/j.cnki.issn1007-7731.2009.13.032
CNKI-20260826104202735.enw	Thesis	玉米大斑病菌MAPK级联途径中STK1基因的功能研究	李坡		2009		https://kns.cnki.net/kcms2/article/abstract?v=hH4QDuxDhLTLo7dNR__32oQx___QXHWZNimSxkkf_v8Lg5keyDYwAPI5spd1bcSKLmfdeApNlQPllQblbWzJ_D9LegzAaHtl_OygU3rSziVETUoV2GqFnVsSwPWv8dlUqnexwzW65_zVzsJcz9wePuDyzsslKlcaKNLRtzaf5oJ4AN-OA9YxmFh7l5oF7zFj&uniplatform=NZKPT&language=CHS
CNKI-20260826104202735.enw	Thesis	灰枣红点软腐病病原鉴定及其防治研究	牛晓科		2009		https://kns.cnki.net/kcms2/article/abstract?v=hH4QDuxDhLTLo7dNR__32oQx___QXHWZNimSxkkf_v8Lg5keyDYwAJbE-ML32RbkHPUCg6g4yJ91ibOYegExr4cE0hrTaTvM5a3KqoxUp3XY2VQ-Bnb2qTcTuCjsSMMHDOzv1EhgEJdj7hEEFH4rg_vHXGgdtv4B6D527eWRDuAcoj6Jp3pxOU90Z59GukUh&uniplatform=NZKPT&language=CHS
CNKI-20260826104202735.enw	Thesis	玉米大斑病菌G蛋白γ亚基编码基因的克隆与功能分析	武金萍		2009		https://kns.cnki.net/kcms2/article/abstract?v=hH4QDuxDhLQUqxhOipBGHxRwpbjxHxXa4bom2z9DdMHdJ86ldLDzLr4chb2Jny5ZRzW-pkC26KljMJj5hTEwmdg47KS7EKK--XLDj-WySbtx9a9-tK6SNNZZNXOFQ6cCYEe8N6NXTy8el3crg5ZU3DdWjI6qYI6QxU21-dJo--O8qbmwfexz4F61lM0t725h&uniplatform=NZKPT&language=CHS
CNKI-20260826104202735.enw	Thesis	玉米大斑病菌黑色素合成途径相关基因的克隆及功能分析	曹志艳		2009		https://kns.cnki.net/kcms2/article/abstract?v=hH4QDuxDhLR9_-2shafz-lcV4tZaYM19A3VFF0XCGqWsqJaNK-JBhzSWzR19LQDyzHtnXtwUQM7PHnMP-vFWGmRnNXY6X9FZ5oVVM0ZdeIaYxf3zjSJKJrjfsWFNnUw7qPt1MUs9wTNJJV3bXWkGQSofokZdIvkPtrYcxXfH0emhAL7HW6Y0MFsdOGyAy7an&uniplatform=NZKPT&language=CHS
CNKI-20260826104202735.enw	Thesis	莲子草假隔链格孢菌（Nimbya alternantherae）生防潜力的研究	王晓阳		2009		https://kns.cnki.net/kcms2/article/abstract?v=hH4QDuxDhLQFUN0PAXIBjxWqp0yfjy8StAUcfuRyxzeRhR1i71Nr2RKi0i6uTGmCWn9id3m_0tSZ9sEuDzanJzBuz4XaEYNIAvdQWcBxM2Dikohh3X5npYU2uYPr_tAM6vqcery-2uEQf6UyXAwZNiUYaYmhilnWok4FciLOVpVpskKVyIwcVdWFrTEOhXRu&uniplatform=NZKPT&language=CHS
CNKI-20260826104202735.enw	Thesis	寄生隐丛赤壳菌毒素化学及其致病机理的研究	韩珊		2009		https://kns.cnki.net/kcms2/article/abstract?v=hH4QDuxDhLQjN4fqb3oBtB_79OLvnMDYDMaH0o8oJb0rDHoMt1F5KjrjzE4XIDyafpBjZGhJmWaWaGQigsqcnwrndk45oS5MUDmXD6aJ0Ki2jAFUxli5d71FSCIxDRypD4ozQKYOEFuGZ9_CywtfPvt8O1mfqa1w8P9FWmIxlCKLc4OkbpBcwixc3idHxbHe&uniplatform=NZKPT&language=CHS
CNKI-20260826104202735.enw	Thesis	纤维丁醇发酵工艺研究及丁醇产生菌分离与鉴定	楚乐然		2009		https://kns.cnki.net/kcms2/article/abstract?v=hH4QDuxDhLT9MkdE7lat1xCMu6mohZVuXAXbQpB8Mz111Og4LbSz1yMirxivggX4zltXqp058sjYT27CZvqObaLhxlwZ7NzJfwwVmVgkgIfydP92-BYaxq5cbXDFSMLOJbVFzYdzAqKrau9_rvvRR18CNIw7ALHi3SrqQAiOUNYd9yLbymEyhoiUrWkK9QWV&uniplatform=NZKPT&language=CHS
CNKI-20260826104202735.enw	Thesis	红豆草黑腐病菌毒素的研究	郭霞		2009		https://kns.cnki.net/kcms2/article/abstract?v=hH4QDuxDhLT9MkdE7lat1xCMu6mohZVuXAXbQpB8Mz111Og4LbSz19_6qGct-YtzxwxdMCTL_fUU-tVM4mUy_yZv9qhWJDP6Jsd_W8SoYkHiZS9x7_j0cKpotXfLCQJcVR5uLOrVMps9FSr-sAgqPbxnXdNbgc6N0-UC76jnG6RRtm_pPH1Jvy40KSorybeu&uniplatform=NZKPT&language=CHS
CNKI-20260826104202735.enw	Thesis	苦楝内生真菌生物多样性及其代谢产物生物活性的研究	单淑芳		2009		https://kns.cnki.net/kcms2/article/abstract?v=hH4QDuxDhLRbLfWTAUuB1YZuI8KQfUQOMcLHEyepKAUqVNNwVR-3RFaOo68giw5hWufeIslg7FipvjXQSLKkGPM8HZ7WkAn-4KlKy97aXBpTpRXa-MDx14u3ELOcqmB5MxZ4dNuZZxWQoU2nFHs4SMYUNFFU7WJenKOHh3d8Z57xFpY_mtZCy4Z8KXBjzCsE&uniplatform=NZKPT&language=CHS
CNKI-20260826104202735.enw	Thesis	枯草芽孢杆菌12-041和12-059对玉米纹枯病生物防治的研究	彭灯水		2009		https://kns.cnki.net/kcms2/article/abstract?v=hH4QDuxDhLS73mjE8T0msajVpe2QWZoQ7L_h9uQM1PCblxJyObXgNvEfubycpAWRmOgi9UwfV5dL05mO4GzUdcGSue83aiWrZ66WcVn88lqo2-shnGx5pO8q0ln74ddTYnUEH38xP2HL3j0ZbdSBzaaFuH2rVRK-R1VL8aO61mjqBgYSTN_jK4JwfkI0s_ZQ&uniplatform=NZKPT&language=CHS
CNKI-20260826104202735.enw	Thesis	粉红单端孢对几种重要植物病原真菌的拮抗作用及其机制	营金凤		2009		https://kns.cnki.net/kcms2/article/abstract?v=hH4QDuxDhLS62Wfa6gmxPUt2ko4FfVzmmD-Zfy4jd4-Mkt-uR3ScM7PHqd2XPNSuTz3V7-oMv45D819hXqqi4ioW8svkdpwKEypVRVjjCqccaV8vCyADmSEDYTLH78m5SO3GfaAzbj52mdrzuAXfP059OExTyiX-noHKqic747fJD7CLOJcpkAJHgUCEXDgV&uniplatform=NZKPT&language=CHS
CNKI-20260826104202735.enw	Thesis	苦参内生拮抗细菌筛选及其抗菌物质纯化鉴定	王芳		2009		https://kns.cnki.net/kcms2/article/abstract?v=hH4QDuxDhLQRj9-DA9ucYFg-ngL3vfP7d-gQQ52ONZ8mQUl1CgjRW258l-iFxCIVHvFUX4Fft4NvtjZBT_m94651vhmD8aWmkjBLi2NN_Xaeyi1DFPzRk6MsrIXNie4arjbnTbUMycYONVSwUFG6cTRQ8xucsJw1jKM43OZFyQW8QFPbKkMLEXKU-0IwAaeZ&uniplatform=NZKPT&language=CHS
CNKI-20260826104202735.enw	Thesis	东北小麦白粉病菌群体遗传结构与分子检测技术研究	迟文娟		2009		https://kns.cnki.net/kcms2/article/abstract?v=hH4QDuxDhLS79wEQVLjUlHiF_UEHL0ff9UJxpnbZXW4O7wNTiAMQRTbHqemuYpZ8zLVojvE8Sb-cvmQ8eS23BX2hYxuuZz1-RmxvpEMrVCrlVwCmLuDXX8QolLyhpHaqoAjsIW7sYI8poESJTKj_5uDQnWco1l6S2dwTx62u1wOAhtvxvb9rgkLFp6DDTGOX&uniplatform=NZKPT&language=CHS
CNKI-20260826104202735.enw	Journal Article	玉米灰斑病的诊断及防治	龚国淑 张敏 刘铭 申世安 徐琴	长江蔬菜	2009		https://kns.cnki.net/kcms2/article/abstract?v=hH4QDuxDhLS79wEQVLjUlHiF_UEHL0ffQf_RCb2pUCtSKgw4bYg1huMPzdUxcg4QffMnDFI07F_w59u_LfnG-cV7lXajKmtohTyIiGm0wiq7kyZqYRDCLTXAKn9fwppj2TfDLXymJBlxbkCUNdrqEjwE2txasM83abY0SEpgu6SVcRav0wDAcQ==&uniplatform=NZKPT&language=CHS
CNKI-20260826104202735.enw	Journal Article	麻疯树油对几种植物病原真菌的抑制活性	魏琴 罗锦洪 徐洲 周黎军 邓婺远 张萍	湖北农业科学	2009	10.14088/j.cnki.issn0439-8114.2009.05.016	https://link.cnki.net/doi/10.14088/j.cnki.issn0439-8114.2009.05.016
CNKI-20260826104202735.enw	Journal Article	抗核盘菌海洋放线菌的分离筛选及其抗菌作用测定	马桂珍 暴增海 浦寅芳	湖北农业科学	2009	10.14088/j.cnki.issn0439-8114.2009.05.018	https://link.cnki.net/doi/10.14088/j.cnki.issn0439-8114.2009.05.018
CNKI-20260826104202735.enw	Thesis	大蒜抗叶枯病体细胞无性系筛选体系研究	牛青		2009		https://kns.cnki.net/kcms2/article/abstract?v=hH4QDuxDhLTxDvgUG0FIJQsj9C5X-lmXT_UpsrG4O2vLKfYoibUZ9IojIVI3OB40iXZD_nL5ulBN_z-An6HizBroSi0q9DtA_PO22FzBtNrD92AOI5lyFABGPo5NvcXTdKbcUjRzU0GxszEirT4Us-lXHg09T_YWSR_wIOX6dicSZr361Lpp18qc0lsCl33H&uniplatform=NZKPT&language=CHS
CNKI-20260826104202735.enw	Thesis	青蒿内生菌的分离及其抑菌活性研究	田小曼		2009		https://kns.cnki.net/kcms2/article/abstract?v=hH4QDuxDhLTZWX3R8O54DRfJC9C7y9rlVIqC7lOGr6uSGu21e-rYKdEPlFe9yLvUg5-S_V2AB5j-_oWMijgSQGXTODWWODQoIOX7FTkd1H9r_mpKc1nt7JrWPfmFmUYDqDaCqFSlXqZJmv0120_Zbkjom0el1Nbu57hP9vSoGm_aEwgTh0yAbFQJw3yHeSAv&uniplatform=NZKPT&language=CHS
CNKI-20260826104202735.enw	Thesis	暗孢节菱孢菌对撑×绿杂交竹致病机理的研究	杨莉		2009		https://kns.cnki.net/kcms2/article/abstract?v=hH4QDuxDhLTZWX3R8O54DRfJC9C7y9rlVIqC7lOGr6uSGu21e-rYKWcPbq49z8gN_SuFV0QHAVFwlDzd6eHzOZwGt3vBO3IZollY87mfbInnHhyMcAhKsGzeBod8bon5XkuWiIHrAZ3Tpk_zD2HLHhYAMIQHEmiseBPbwWs8-Gs2JGQ0kAkK-sj6OTUcrll5&uniplatform=NZKPT&language=CHS
CNKI-20260826104202735.enw	Thesis	水稻纹枯病菌毒素的提纯、组分分析及钝化	孟令军		2009		https://kns.cnki.net/kcms2/article/abstract?v=hH4QDuxDhLS_C-KUmyQ5kGw0B21lpgh56xdUaOYpG5ZDDKFeEGdwEUrP2ym0qp41ebQTlQynrBAQ662_1ggKBVA-6NKhgibSch5D8bff10h9KqzJ4vD8vHxe94yG4rsC2HE4nA91VMc0SXZj0A5JDFi2zKaTCbvH8oHgCm6GvqNjJXw0Xm5Vtcf0val862UK&uniplatform=NZKPT&language=CHS
CNKI-20260826104202735.enw	Thesis	灰毡毛忍冬离体快繁及愈伤组织乙醇提取物抑菌效应的初步研究	蒋娜		2009		https://kns.cnki.net/kcms2/article/abstract?v=hH4QDuxDhLSc6cOG15beCX6S67M9Ejfw6hgmyoBaH0eLlzp-bO7c-jJyD4zuDuJLewe8RqL00rj7q9SHtl8PNqmkwHOBUXSv6tin1wVq-pCnkgEayaLLfyBHhJ83tJF02m830S8FJ-eWQkMuXhso8bMus67PyY8GyvfedD1qOD5lbNUvskRG3pSMXVcBmexd&uniplatform=NZKPT&language=CHS
CNKI-20260826104202735.enw	Journal Article	春播玉米品种粗缩病发生程度试验研究及防治	刘姝 张继余 宋朝玉	安徽农学通报(下半月刊)	2009		https://kns.cnki.net/kcms2/article/abstract?v=hH4QDuxDhLSkl8Ex1k8sr6BcUdlfFJO2IPgqqzH-sVKOS0pSPrXraNR6-4PJ1Jappd0K7krMzQtzHGrjX6xNmb4k3HLYZzkJSN4-TzmfaRf_UB96uuJFyxP7XmnCP7Dn_czw72Mu0cUllGGVrsv-lqSh2evTjRV8L81tUUvlPrpiNwIX65OCcQ==&uniplatform=NZKPT&language=CHS
CNKI-20260826104202735.enw	Journal Article	玉米弯孢菌叶斑病的发生及防治	王冬梅	现代农业科技	2009		https://kns.cnki.net/kcms2/article/abstract?v=hH4QDuxDhLQfaUhmE-szbqhNHTP1pJ5yhyOFC3l8CNNU4jai-crbIx9Jx0cRz_tOQUAXDWNQX1Oe75sxIS8m56Lznfu_4NEQ4_DdtK9pad1kjvJOBzPzhZU2L4RnnMhIR6UTD2BaWgusNvihNSWywfJsHt_n4mfh4JCQ4VtYCh0LZpljCuFZOw==&uniplatform=NZKPT&language=CHS
CNKI-20260826104202735.enw	Thesis	HMC毒素对专化寄主细胞凋亡的诱导作用	李秀丽		2009		https://kns.cnki.net/kcms2/article/abstract?v=hH4QDuxDhLREA-rgQKxieusi5hIs9N4DAZYTDCpo3e-Nn5bULgKcLpZgqPjAbgTNRxJ3QbGTK8usMQSvIiRHTnwRW8vAN_62keYDZo74BU0N0shtkQ7O3wyFnbQR6jetmyTqgjBtADTqBJYZiCYVTRPfMn56UZ1y0UXb0WYtIh36dXKb6YbsmmsGEAl_V0kV&uniplatform=NZKPT&language=CHS
CNKI-20260826104202735.enw	Journal Article	实时荧光定量PCR在植物病害中的应用	徐小刚 刘雅婷	中国农学通报	2009		https://kns.cnki.net/kcms2/article/abstract?v=hH4QDuxDhLS9tegs1zck0RdFMCAV6kx8F0-6EYZhRJbIoYW4SpdzON6FEbCgmCI9qm6oLQ6XUGyEZhBl7rOrpthYpA1Tt82YMlgt1fgHjbj1vwJTVL2oA3rGdk4OFuGJDjFLk3l6JZw0Lv5o_yaXpAcbxVerFyyWIoM1g0jfIJQNwzayRRfY2Q==&uniplatform=NZKPT&language=CHS
CNKI-20260826104202735.enw	Thesis	益生芽孢杆菌的筛选、鉴定及发酵条件优化的研究	曹晓敏		2009		https://kns.cnki.net/kcms2/article/abstract?v=hH4QDuxDhLR33ANMG9pjuskWm8a2BjKvjO7xb-uhXPKSVdasYqcl9B8me-mjv4p61lbvtIpcR_LImGGWyADY5eG9sl2HkL5UWPtft51MiLNL3baZ_ASVgr6wuQKLViu7uSpccLp4HAC6kOd7xOh1LDm8aFUC_gj1VX0_dXMhzQRA3AcrE6fseDWUSkGFHozO&uniplatform=NZKPT&language=CHS
CNKI-20260826104202735.enw	Thesis	微生物除草剂的筛选和多株菌剂的研究	杨云强		2009		https://kns.cnki.net/kcms2/article/abstract?v=hH4QDuxDhLR33ANMG9pjuskWm8a2BjKvjO7xb-uhXPKSVdasYqcl9H4vwIVXIms_qaqzEaroKNqouBOgoqYDWuG1Mt71rxJFQ83ub0Hnk_TlUC8Um2AkmqpJ53d5X2JFf6Qov1nx0oiYwERWlzxPCxRACiY5fYA9jZubq9xkUhEPRHseYyDaYvR67IAIYYPn&uniplatform=NZKPT&language=CHS
CNKI-20260826104202735.enw	Thesis	华重楼内生菌抗菌肽的分离纯化及其性质研究	程媛媛		2009		https://kns.cnki.net/kcms2/article/abstract?v=hH4QDuxDhLRjsi5jgz6c6rhV5QGKr37VIqgcx2f7Ow0q0aTcGgVEsN3HmyDMGsHmXVL7HlZEy1Csd17njcMS39ta5qpXQbxAjhDryvmvl7NeTaU4pSP7yAiicNGQhiVJrIfC65hFAod79A-fPdL9Bw8whJgzfslZ-mMDWoOZRqzSYRf3wq-vj2F8b8lM7AH2&uniplatform=NZKPT&language=CHS
CNKI-20260826104202735.enw	Journal Article	MALDI-TOF质谱技术分析与鉴定病原细菌研究	其布勒哈斯 田世民 邹明强 贺银凤 陈艳 赵贵明	微生物学通报	2009	10.13344/j.microbiol.china.2009.03.010	https://link.cnki.net/doi/10.13344/j.microbiol.china.2009.03.010
CNKI-20260826104202735.enw	Journal Article	德州市玉米褐斑病发生原因及防治对策	郑光辉 刘星华 李令伟 孟晓英	中国农村小康科技	2009		https://kns.cnki.net/kcms2/article/abstract?v=hH4QDuxDhLQUlvyS9BeRRtKJIw1iY3kMibkEvHKZbZkZ4xaOXcCRNk_dTeVSRuTne9GMPS80L9uk_saYdX9OPwhxbi1POMyp0NMQyTmv3qJ0460vYwMZgDZAimTgUXxihATuCiuHhQtYPLtMwyFx99HvuWmVslI6Hl3imPlyDP0orBkmfLwu5Q==&uniplatform=NZKPT&language=CHS
CNKI-20260826104202735.enw	Journal Article	穿破石抑菌活性初步研究	玉艳珍 邓业成 覃旭 张明 李丽芬 孔卓玮	农药	2009	10.16820/j.cnki.1006-0413.2009.03.025	https://link.cnki.net/doi/10.16820/j.cnki.1006-0413.2009.03.025
CNKI-20260826104202735.enw	Journal Article	香樟内生细菌抑制植物病原真菌及对纤维素利用初步研究	李欣龙 王涛 游玲 杨学贵 黄乃耀	西南大学学报(自然科学版)	2009	10.13718/j.cnki.xdzk.2009.02.011	https://link.cnki.net/doi/10.13718/j.cnki.xdzk.2009.02.011
CNKI-20260826104202735.enw	Journal Article	中药植物木防己抑菌活性初步研究	杨程	南方园艺	2009		https://kns.cnki.net/kcms2/article/abstract?v=hH4QDuxDhLTTmK7CD1hWKHPwg3nx2nsUDuLFoQkMstjxGzZNc1MuAeU0CuezxlBuebVFsqKdcVJozVNqej-JNRlaG6Vt6ss5NIdHd3A1EC4xXTTuvOdCagVHm0OBND8XXo5ZCmwbbqf3DNIdx8gWTwgJoPjJhWI_KN6q5g2PjVbL7jZrXdiVyA==&uniplatform=NZKPT&language=CHS
CNKI-20260826104202735.enw	Journal Article	抗植物病原真菌海洋细菌的抗菌作用研究	马桂珍 孔德平 王增池 暴增海 吕明生	吉林农业大学学报	2009	10.13327/j.jjlau.2009.01.003	https://link.cnki.net/doi/10.13327/j.jjlau.2009.01.003
CNKI-20260826104202735.enw	Journal Article	抗真菌海洋放线菌的分离筛选与抗菌机制研究	马桂珍 暴增海 浦寅芳	江苏农业科学	2009	10.15889/j.issn.1002-1302.2009.01.024	https://link.cnki.net/doi/10.15889/j.issn.1002-1302.2009.01.024
CNKI-20260826104202735.enw	Journal Article	苍耳叶提取物对植物病原真菌的抑菌活性	丁维成 纪明山 黄溢 扬威 宋月鹏 孟德超	江苏农业科学	2009	10.15889/j.issn.1002-1302.2009.01.033	https://link.cnki.net/doi/10.15889/j.issn.1002-1302.2009.01.033
CNKI-20260826104202735.enw	Journal Article	玉米粗缩病的症状分析及对策	郝书敏 张建香	种子世界	2009		https://kns.cnki.net/kcms2/article/abstract?v=hH4QDuxDhLSoc2Pktvw0fqXxMC9ytYZQpOXnZcv2HXtyxNn5QF1ja9iIxZzQc5lh8lbRs4q-eB9wgwU3rm3UrRTPFzlaqTaiPRo3rzUAK8yR8aFnRPzK3o401egohCCAPmZxapIzh4SYuoJi6-65fhhXLhC3Vh_KZO9aMxtn5gADNOD5R3RuoA==&uniplatform=NZKPT&language=CHS
CNKI-20260826104202735.enw	Journal Article	玉米褐斑病发生原因及防治对策	郑光辉 刘星华 孟晓英	农业知识	2009		https://kns.cnki.net/kcms2/article/abstract?v=hH4QDuxDhLTKHr-ve2vjEEbvCAbomYi9btlHCHS_LxtiYrOgSV_8bL6jjnR1lDBN6QhjOs81UrgxFLUwnGxVSV7LFcBboKrBSyBfcRunkFXgit_VH6ZcFCIwRNl6JKSO3pBw_G64yauu2-8wt8jOaWCxvyMBmAzlIIP0z9N3PKxko1cN8eeL9A==&uniplatform=NZKPT&language=CHS
CNKI-20260826104202735.enw	Journal Article	生姜茎腐病的发生规律及病原菌的分离测定	刘振伟 史秀娟	山东农业科学	2008	10.14083/j.issn.1001-4942.2008.09.040	https://link.cnki.net/doi/10.14083/j.issn.1001-4942.2008.09.040
CNKI-20260826104202735.enw	Journal Article	害虫管理中的生物合理性杀虫剂(上)	张翼翾	世界农药	2008		https://kns.cnki.net/kcms2/article/abstract?v=hH4QDuxDhLQ_m1m3zURndWAbZ9fIDQ235a537dVN-whL4dlcHeLj0M50v6cz0OoS7YXsfm3kSW_9DtrrSgoohzTAWtTVNanO97YgiPKVtfmT7-GNANK1Mgj2p9Sy0YRIyfgeY0m77Sg_lWVSda-dli9Whjel0Y863rKKg3pGi_Yu1FvJlrZ0nQ==&uniplatform=NZKPT&language=CHS
CNKI-20260826104202735.enw	Journal Article	玉米锈病的发病规律及防治对策	明充	杂粮作物	2008		https://kns.cnki.net/kcms2/article/abstract?v=hH4QDuxDhLQuIGEcwYhynzswi2eR62Vrle5o7yQ-XrfChwSG16POwPs9BG-nKgDGlLgqLGt_B3RGF6qdR7xS9PjFYow_CId2KXPwq89EmA8fdDqIEkxaiGvn3docO2fzFj3CqLPLGC5FBZykJv_n3PBPD5hwDN_Lza5jH6z_YrKJhyVmoy-Ugw==&uniplatform=NZKPT&language=CHS
CNKI-20260826104202735.enw	Thesis	双基因型玉米间作控制气传病害的生态生理基础	刘天学		2008		https://kns.cnki.net/kcms2/article/abstract?v=hH4QDuxDhLS_6f15MzSIKgrTwO6wn30cpBZ5nyOwu_eaAwvq2Tn4P2CuNoPMzrgwKAxdFHVitOo9lN7lbyuEsG-mNljKEeMyJS26tjszf4HZhtHfsebnPZS3U043j4J734bKoTcDriJwdmx3rjYABAhDcj8bzESwa8ol3sPa_rSbjnRiVqrK0vh2Dvi-RN2G&uniplatform=NZKPT&language=CHS
CNKI-20260826104202735.enw	Thesis	大蒜抗白腐病体细胞无性系变异筛选体系研究	张林青		2008		https://kns.cnki.net/kcms2/article/abstract?v=hH4QDuxDhLRApWEhhSXCgOhFYw6bJ5CS6sQXPGPhx_DEgqTpGjvgNtvmc0zN3sop9I_FeR4aFDhRYwiiFPQgtJxMsH6gbuj0ryb0AGP0efI4quphHOO34OhUygb86ovU7i3TTZq9hg6vvRPtjp84febmWMswvv7KDn-ryHUGl-2fSAbaG1Muk3Eqrgmw8W31&uniplatform=NZKPT&language=CHS
CNKI-20260826104202735.enw	Thesis	嗜热芽孢杆菌HS08及其耐高温中性蛋白酶的性质研究	黄光荣		2009		https://kns.cnki.net/kcms2/article/abstract?v=hH4QDuxDhLRlMssyLxJdaLg0kdchZeW2vWFWLY_-ObsyIpguB5pz_-bHhLDZ3tWryvANKWl7bhto8f5y3SFrvfhTAhdGqErM4hSpyYH71JG8n3euZsazBqZss3xV_aCacrwWyXnxMbOZ4EVs_qFR_Kvb-73moahF3Ivdshw2mJ1rMIwZD-SvCH-b5XsZodbH&uniplatform=NZKPT&language=CHS
CNKI-20260826104202735.enw	Journal Article	玉米链格孢菌叶枯病发生及综合防治技术	何建群 张润	云南农业科技	2008		https://kns.cnki.net/kcms2/article/abstract?v=hH4QDuxDhLRP7L5yoHuyaK0r4JJy7OsZyQeEzqn-LTpdLf7WLjqRknLq4uRlv-pmKlTbvNAryaDCSQ62sX6TuvhI3UmnLp8neA_1bpcCdOicqQ3ifyLHIflWhrIfod4CAhodTr1PPJoIbMI-8a_v0GnIsCyKAqCOnMmW3aaRt4TknklB2n-aKQ==&uniplatform=NZKPT&language=CHS
CNKI-20260826104202735.enw	Conference Proceedings	抗植物病原真菌海洋细菌的抗菌作用研究	马桂珍 孔德平 王增池 暴增海 吕明生		2008		https://kns.cnki.net/kcms2/article/abstract?v=hH4QDuxDhLSoQ8RhdPDZ7K_wOOD4fv0G8TTR_6FbbYANBoOE-kq60hADfy2blGXTQEDimKYsGlq1bZowDZivixaMO8E0gKrDO8QHQew90xb--jJIbL14lzoapdI25o5RPtOk27GIgJ8Zv_553xyxmNkHx62cILjlwIac-r8ZzefOsdht-pkGQqkiWB0vK6v3&uniplatform=NZKPT&language=CHS
CNKI-20260826104202735.enw	Journal Article	玉米黑粉病和玉米丝黑穗病的不同发生特点及有针对性的防治措施	杨福田	中国植保导刊	2008		https://kns.cnki.net/kcms2/article/abstract?v=hH4QDuxDhLTjg-7iKMEDBM7Nb8j5fuxMe5ta4F4laXcNz5swM-tkRnL-aaehBg5Zf3GJQxEjXgVT0CWhJlXTYKG6UDYsVQzqIeYUpq_qhrvgUm40_Pe0lfkurQlDIyOjTV3Atv-5hxH8r_xCt8uXz0tj07-O69Bcaqc3WsCpRS0yVuZoUS6qrQ==&uniplatform=NZKPT&language=CHS
CNKI-20260826104202735.enw	Journal Article	玉米新病害—鞘腐病研究初报	徐秀德 姜钰 王丽娟 董怀玉 胡兰 吕国忠 刘志恒	中国农业科学	2008		https://kns.cnki.net/kcms2/article/abstract?v=hH4QDuxDhLQaq8VwvRU0nmHdmzHUYbkENf2OWmvSaop8eKwS8ZR1MLvbjxmr_31fdNLXafxv_0BXw9-duM1mvgPVUU6FEG4PbZOSbHHU8EU6E-MEVy4Lc6ku1_IaZ_4DqQB5q9tqHtqB7eXviT0HOWkBKrp4WW3N0RTFMIMoK98sIgt4T3ROww==&uniplatform=NZKPT&language=CHS
CNKI-20260826104202735.enw	Conference Proceedings	抗生素溶杆菌13-1代谢产物粗提物的抑菌活性研究	魏兰芳 白学慧 姬广海 李玉慧		2008		https://kns.cnki.net/kcms2/article/abstract?v=hH4QDuxDhLSpO0j6NkWcltqlYRpDD1FWKXAkMMAth8duuMBNiI2_DLBY_IQRTE5GWLDFHaxieBCO7r6hV0N5DhSuyHRuQZfNAsEjIq68m-MgP2dS9ylw8PT_F9A1NwXNOeQtqzewxe4QXyUp3v4K178_333H-5OJDzXTJ4ChUAGwRPqNcJ55bH2sz7xK0fKU&uniplatform=NZKPT&language=CHS
CNKI-20260826104202735.enw	Conference Proceedings	我国植物病原腐霉的为害与种类	龙艳艳 韦继光 曹春梅 莫冰萍 潘秀湖		2008		https://kns.cnki.net/kcms2/article/abstract?v=hH4QDuxDhLQwkXE8Y84eMoVDc6OaYO_IbBzjOx3TZ_cZhwWcfokpFG_9FL2KtupATjqsSbaCZp87TR-jjff9-XijKyhWodFKHiPYbZHUIxpDkEU8YMuanNCxCie56ZfrDqzYf9vyEtQ-oAC_FLwfmT4mxcl1AM8jc1BDAXRfV7_bMOXlH9DtLnEumYEL37hd&uniplatform=NZKPT&language=CHS
CNKI-20260826104202735.enw	Conference Proceedings	河北省玉米苗期根腐病调查及其病原初探	纪莉景 孔令晓 王连生 栗秋生 陈丹		2008		https://kns.cnki.net/kcms2/article/abstract?v=hH4QDuxDhLQVGINnesCCOAyUMiQxD21zHGBhjmBtl5DRhs42nlY6wTfGPanxZtKGGVssZpmDk-w-NHKfyQAxRX11-guLirDBbrOG_fTsmiorT7AbSnOhSwq46inGCeCYwSe0Nw7a25POSgm4neyU_zeNshcZBe3ndEeUP8sRxNuxmpYTNVtYxTWs_iZDtQ53&uniplatform=NZKPT&language=CHS
CNKI-20260826104202735.enw	Conference Proceedings	玉米弯孢叶斑病菌Brn1的克隆与功能分析	姜雪 徐书法 王兵 刘力行 陈捷		2008		https://kns.cnki.net/kcms2/article/abstract?v=hH4QDuxDhLQVGINnesCCOAyUMiQxD21zHGBhjmBtl5DRhs42nlY6wTfGPanxZtKGRdG5lB3aVA0zlSVgdypvebXDZ5OFjTMB1v2yi99k9nMZwQ7THj30lzYT_m84f6dqQWHEz-qrx_2PqQtxXtw997HKJWfNHuoim4m9lts4jA0tEAugEKTtJ7uIBYsggbRL&uniplatform=NZKPT&language=CHS
CNKI-20260826104202735.enw	Journal Article	玉米茎腐病的发病机理与防治	尚大朋 司剑林	北京农业	2008		https://kns.cnki.net/kcms2/article/abstract?v=hH4QDuxDhLRJaj_ZM1fceP2Jx0pjjC8MqyDj2Ohw_ok8TUSYMhtyBAOZp-j1X_3f443rNIl6t4UmeaV_hke3XVnRSmKXVZeWAZJBW9YQ4X-_ZVLXNGNN7S6tzWrrssOC4jxqYCnnzZ_dbVu6aJLIeda4mArEiK0yX3qemjgkADRix7RugoGPNA==&uniplatform=NZKPT&language=CHS
CNKI-20260826104202735.enw	Journal Article	玉米粗缩病及玉米矮花叶病的识别与防治	何广田 万发龙 张勇	湖南农机	2008		https://kns.cnki.net/kcms2/article/abstract?v=hH4QDuxDhLSj1IvjL4xb7Tjn_m-6cH5TDzCI_LtN33sAnvUVv54e1vFrf5H2pZyTIXCkPsJw5E1-4s0cMn9tYP47f0ddkiOJ_EFK9kNlcCvFR6Hjb8vf96XvM_pAPzrJ9VqxY1AygiLhdP-8peUmDuhojB4OyrKCAVpudcjSORgoo1AwqapmiA==&uniplatform=NZKPT&language=CHS
CNKI-20260826104202735.enw	Journal Article	茶多酚对几种植物病原真菌的抑制作用及机理研究	汪金莲 邱业先 陈宏伟 陆恒 林晓红 马丽瑞	天然产物研究与开发	2008	10.16333/j.1001-6880.2008.04.034	https://link.cnki.net/doi/10.16333/j.1001-6880.2008.04.034
CNKI-20260826104202735.enw	Journal Article	玉米新病害——链格孢菌叶枯病发生及综合防治	何建群 张润	植物医生	2008	10.13718/j.cnki.zwys.2008.04.002	https://link.cnki.net/doi/10.13718/j.cnki.zwys.2008.04.002
CNKI-20260826104202735.enw	Journal Article	玉米大斑病的发生与防治	杜永发	农技服务	2008		https://kns.cnki.net/kcms2/article/abstract?v=hH4QDuxDhLT1iTnKZ7Hg_tFSLw616jzqSlo_d_XXtdcWVYaP9zZpYlPTKCeG-Nxw_YjCbVbY4gHKACHHyj62xU0_tv080t-o-wuxsGX4USrLnjuSl3wF2XRP6rBgS5xDhFLkxkkyYSW9QM-8WF3ywMfS6A4rA5UsRbGn4AYRMV5HPccotrU5XA==&uniplatform=NZKPT&language=CHS
CNKI-20260826104202735.enw	Journal Article	玉米粗缩病发生原因及综合防治技术	晏红英	安徽农学通报	2008	10.16377/j.cnki.issn1007-7731.2008.13.046	https://link.cnki.net/doi/10.16377/j.cnki.issn1007-7731.2008.13.046
CNKI-20260826104202735.enw	Conference Proceedings	玉米大斑病菌黑色素合成酶基因3hnr的克隆与功能分析	曹志艳 温雷蕾 刘士伟 董金皋		2008		https://kns.cnki.net/kcms2/article/abstract?v=hH4QDuxDhLSGYyVO6ANuBVGurvbVRcc4gl-dI3NosNpInXll-M6GttPSigQnj3AZbFCkgfxyejlCMcsdWHIDn3IZuqy4KIGjrRCXRRbDSCU3d-pegmF1eySXZ5glL_QL04mEGQDMS3M7e0VirW6bpQlyiB-lVhISiw2dsFKpAvtTaXQkz5c_rns25VmHHDSX&uniplatform=NZKPT&language=CHS
CNKI-20260826104202735.enw	Conference Proceedings	广东省鲜食玉米病害普查及其病原鉴定	郭跃华 李学文 郑卓辉 王振中		2008		https://kns.cnki.net/kcms2/article/abstract?v=hH4QDuxDhLT6XNzoECiEFa-zb6gxWztpNhYygoWuKpCgxIpEGs8I5E33xV8uCy5wA20Sw7KPxne5p65JK_6V3q-gw-ufKQMn3IDGIOrOtBloyk57-l2oQI0wTJmPlCrVjaJiJPgo_nrRGEnLCSgkiOMiHTw-QHShAUGuv4vgXJYjMC6wDsdq8jlh5C0nvCIi&uniplatform=NZKPT&language=CHS
CNKI-20260826104202735.enw	Conference Proceedings	玉米大斑病菌STKK2基因同源片段的克隆及其拷贝数验证	武晓波 董金皋		2008		https://kns.cnki.net/kcms2/article/abstract?v=hH4QDuxDhLTxbi3HaN3LF5FDhFVr9D0mxu53ZwyudPPYgSypdXGJX3-c18p-Ey9c8_h4Bo4HiEms5GeBfYO5JJMRTtqfZ1S7_RcSodEx67BIMpmlAIEI3_HZRwjsXPl2UFc6MbYidmMrOP1GESKzKITMPOdb1gWuOx72y4F6TY74YDpy75_lpS6YIbG8d8ci&uniplatform=NZKPT&language=CHS
CNKI-20260826104202735.enw	Conference Proceedings	玉米细菌干茎腐病的病原鉴定	曹慧英 王晓鸣 肖明纲		2008		https://kns.cnki.net/kcms2/article/abstract?v=hH4QDuxDhLRq1rxZOmFfPyP0BP_pBUS5dtSfSMEHxW-JXHQwtKmpOla41IHfngWL4Tf6PcTaxyuJoryYKGBj8PGyxe4f0jc08MMmrR70GE5iFHjBwFk-hGdHdOos2n-y_RHqRTKdvlC_RsZJNPqB24ymjBiz-ANe6AarKBetvIU1wvy1F8aOkBDnZjCmiUXy&uniplatform=NZKPT&language=CHS
CNKI-20260826104202735.enw	Conference Proceedings	华南地区一种新的水稻矮缩病的病原病毒鉴定	温锦君 李鹏 蔡德江 张曙光 周国辉		2008		https://kns.cnki.net/kcms2/article/abstract?v=hH4QDuxDhLTgZIINYcrzF1EubN6rLzLlGp1FBxolMErm6AJoykIN-dLrwonN-PoLHhRG88cS-eaJ4kQsUao_s3A_rjs53HTdtV2N5g_C2q6tKYXDWRP3-dPtPGDGgDkGhniLqHlI5QZZumWdGWMmN85dpbHdhzSrepryC3Nsbio9pArN7xZi5s96drRrxVjK&uniplatform=NZKPT&language=CHS
CNKI-20260826104202735.enw	Conference Proceedings	抗植物病原真菌海洋放线菌的分离筛选及其抗菌机制研究	马桂珍 暴增海		2008		https://kns.cnki.net/kcms2/article/abstract?v=hH4QDuxDhLTgZIINYcrzF1EubN6rLzLlGp1FBxolMErm6AJoykIN-dLrwonN-PoLgVjVpubvLax9Wsr9nGM0RnqPhnUVssxP5Jks51vcG-L4QMaPpe8r5GeYglYQWjgmkFME50YaIXYHNgmF5ZPgrbaWRpwN2TwpmgC97smrmwzeiPoeeRL6Y53Ju_b0SXXF&uniplatform=NZKPT&language=CHS
CNKI-20260826104202735.enw	Conference Proceedings	天津地区保护地番茄红粉病及其致病病原的研究	王勇 王万立 刘春艳 郝永娟		2008		https://kns.cnki.net/kcms2/article/abstract?v=hH4QDuxDhLQq6l6Qu65cBwD1RoHFwb4XoqqXYWH0GwOuCrEz8H7ItYm4dMxKYcA8Sx0XPjHOnhLbUcqQOkmArw73v5bg1A7ZCRtvoEORJt-LST_PPW4NLYv3KdKTluoMrxrBGo6FGzEmVYk5oRZ_q6LhcwqqAsdFSOfxCMLvQhUEwYtl9W4BNq0pRBVESG7_&uniplatform=NZKPT&language=CHS
CNKI-20260826104202735.enw	Journal Article	山核桃外果皮提取物抑菌活性的初步研究	苏秀 马良进 陈安良 张立钦	浙江林学院学报	2008		https://kns.cnki.net/kcms2/article/abstract?v=hH4QDuxDhLTkTeMXu9M1SYTdwHL2TAhEa_4pYdWHTXqvKUAeqPuxAd7Kte8PKw26eBErPgYbGe11n7VTEtZV9KHLMcIzi7yQGObL7rjLv6zO2kxpGdjAeb8FU9ChDY3oVyVXhqELm1mP2DXCDY-dWzGc1_9WRhG-HP-m9ZWz6XNGwHI_9j--dA==&uniplatform=NZKPT&language=CHS
CNKI-20260826104202735.enw	Journal Article	黄柏果实提取物对植物病原真菌的抑制作用	唐静 周立刚 周亚明 杜华 刘浩 郭泽建 王敬国	天然产物研究与开发	2008	10.16333/j.1001-6880.2008.03.010	https://link.cnki.net/doi/10.16333/j.1001-6880.2008.03.010
CNKI-20260826104202735.enw	Journal Article	香梨树腐烂病病原的生物学性状研究	王兰	石河子大学学报(自然科学版)	2008	10.13880/j.cnki.65-1174/n.2008.03.016	https://link.cnki.net/doi/10.13880/j.cnki.65-1174/n.2008.03.016
CNKI-20260826104202735.enw	Journal Article	向日葵列当粗提物对植物病原真菌的抑制作用	刘晓林 赵秀香 魏颖颖 高芬 宋影 吴元华	江苏农业科学	2008	10.15889/j.issn.1002-1302.2008.03.029	https://link.cnki.net/doi/10.15889/j.issn.1002-1302.2008.03.029
CNKI-20260826104202735.enw	Journal Article	玉米弯孢菌叶斑病菌ELISA检测方法的建立	刘卉秋 吴素文 曹远银 王玉坤 孙芳	江苏农业科学	2008	10.15889/j.issn.1002-1302.2008.03.041	https://link.cnki.net/doi/10.15889/j.issn.1002-1302.2008.03.041
CNKI-20260826104202735.enw	Journal Article	黄花草木樨提取物抑菌活性初探	杜晓峰 冯俊涛 冯岗 胡林峰 张兴	西北植物学报	2008		https://kns.cnki.net/kcms2/article/abstract?v=hH4QDuxDhLRH2I4uK9wl_ysFrh_CQF62jlKT2zpok8CDruARR0NlIebfwdlmJ3K6vG2m5Epx-LSTCfMN3ZECVZ1lqXJ7-vfS5uGcBtB80BNdJeo5xuL46OQkAhHc8w3lD4_r4t3Sa9QqpYEML0YF61cQNP2z87Ow-D-J4mzDLuq2scF5Uu0wSA==&uniplatform=NZKPT&language=CHS
CNKI-20260826104202735.enw	Thesis	桑树黄化型萎缩病病原及其响应蛋白的蛋白质组学研究	冀宪领		2008		https://kns.cnki.net/kcms2/article/abstract?v=hH4QDuxDhLR3M5TF68QHyv3CSJ85MF7qpNBzrAx4Uqvy0p_yu_hlBcF_CfI98eh8JxedQJWQ86JTKjJgcekzTBwE9S1avCPaVtl6McpYwYR6bMgroxxrx4271dMX7PBFXEq5aKIuY73YiRRNCdXkdCgF95nPJMLKZTVK2gRpg0Uu8pPDILKXINpmNDVaiTG3&uniplatform=NZKPT&language=CHS
CNKI-20260826104202735.enw	Thesis	河北省小麦全蚀病菌变种类型鉴定及其分子诊断技术研究	张秋娥		2008		https://kns.cnki.net/kcms2/article/abstract?v=hH4QDuxDhLQExpeJm9sdrml2KjnFbzxqiI2Z9sCRBmJ0qd-rGSAaKo0OwkAdfG3T3bHyv1w7N2PkmSHHxJxs4Dd1l1bP9qLVhG9UoCvJaWkNsU6PULGZQFSQiCVOSbhyDnwPw5KiBUxoMeHxmTelNpaxAmKOwKUqyInge_B4EzqkOCyiVbTa3LEh3IgnmYJS&uniplatform=NZKPT&language=CHS
CNKI-20260826104202735.enw	Thesis	调控玉米大斑病菌生长发育和致病性的CaM基因的克隆与功能分析	李志勇		2008		https://kns.cnki.net/kcms2/article/abstract?v=hH4QDuxDhLS-D21yI9C6HF4RuyolzSqTCDKO6XT-Awl8ZCR-twFxgv3bDj9m7p2nB9pLeZX3tUcRbb07ONc5kaP9X9wbaKJg1DW_-XSrmcq-fbyZ251yOsfuJ-dc7ClVSPjvMLI56FjqnP7BiT1jc9lf0tSUpRDNccmOzHpBuzHVTuQ7WFGtw4S9z1qBklUn&uniplatform=NZKPT&language=CHS
CNKI-20260826104202735.enw	Thesis	玉米大斑病菌G蛋白和磷脂酶C基因的克隆与功能分析	郝志敏		2008		https://kns.cnki.net/kcms2/article/abstract?v=hH4QDuxDhLTYFGRxuVufZDZVRwRrDbcBNIBAiI2AOGxNCjp54Ctqs4VRKrrn5xv1e-dVCkG62OIsvkzWEklrUkjb2kx4LRL-hTruBDKdBPMV2TJ0tvxfHZgLZblzVw8oFXL8wyb5Fpe99YCofi7YkhgRUzMTg232GkS1je8sPGklCNcTtiZpRq71MKruwHju&uniplatform=NZKPT&language=CHS
CNKI-20260826104202735.enw	Journal Article	发光杆菌NJ菌株的抑菌活性研究	马丽丽 台莲梅 许艳丽 李春杰 韩新华	植物保护	2008		https://kns.cnki.net/kcms2/article/abstract?v=hH4QDuxDhLQnzam5stn18GrU5FIj5RcpTk4mnVWloMQs6NarcSRGQTQOK7HHmNCeyuikRleLT2-ArwTiSrgVekAzDjM1qUrk6dOyP9b59VU6ZY19wma_z4LqXVRJt4hIvf3ytXhLHLBPx-gdM45wIeWRkpGJvHAX-mmyKDu20i2N3s3vW2ropA==&uniplatform=NZKPT&language=CHS
CNKI-20260826104202735.enw	Thesis	西洋参酚酸类化合物的化感作用及影响因子研究	杨家学		2009		https://kns.cnki.net/kcms2/article/abstract?v=hH4QDuxDhLRstaAffqORmbNoWypEKKpaSKfQaD7TN6Z4efEe73TOSXqBYab0DX9BznCxPa-3AuaQJQN2qU_OsAE1Z5BoSP6DRKRhmvAx74QTJr-EqxX8XPytylaNWFE9qEhRw9UGw-B6JBoKQyRlu_UtrruvX0l8Qd_nAmYaILwKiVZv-FeyToK5REbEarTQ&uniplatform=NZKPT&language=CHS
CNKI-20260826104202735.enw	Thesis	三种药用树脂基源植物内生真菌及诱导产血竭和沉香活性菌株的研究	龚利娟		2008		https://kns.cnki.net/kcms2/article/abstract?v=hH4QDuxDhLSlkZUID8nAzxvueOzwPMOl2eodZvo_qPg5V4aNQhPDaKtyhae6OY940IldIekuhdMdcJM9fZNC7VpoLPt43lhJE7OMjO-n3beFFfCd-icoTTibp62tLqnu0tN9iQwAECA3VCBKszuwdslDbMmn3PzDi9nB72-c89E25y5RCekICE3fGg6Xpqas&uniplatform=NZKPT&language=CHS
CNKI-20260826104202735.enw	Thesis	杀蚜蝉拟青霉菌株筛选、培养及其致病作用研究	李忠		2008		https://kns.cnki.net/kcms2/article/abstract?v=hH4QDuxDhLQgWaHXlf9RTdVO-2vFH3RWwiOz1vT3ktpc-A80K3XJ4uaM5arFHDYEGJQmTtjbYshSHy5i8z4UvpcPf4MazdgQZNDgkfLu8iCu5x069bLTpL_p5pjRXJi2eOR1dfIxjO3Q49sKubWqUjgG7sBlOweMcNk9z1S79R1X0cIpiEJnKY1PrgjIijKQ&uniplatform=NZKPT&language=CHS
CNKI-20260826104202735.enw	Thesis	卫矛科植物内生菌的分离及其农药生物活性研究	杨春平		2008		https://kns.cnki.net/kcms2/article/abstract?v=hH4QDuxDhLRARhuJCfHsah0-KOAlw511Qz2SsyFFBqCz8GGnj5vftmO-19GuxV5v_yeO_UUoXZVo1kBphA4bp92Q9fcu89B8ynjZDdLwZLhcUVwDxA7lNHDha9mpVUzcgBVrj7AEu-5vg2yPz6wLTvcJjEd51ECqe41-u1PnubMEst21xg-xV1VZBWtk0c8d&uniplatform=NZKPT&language=CHS
CNKI-20260826104202735.enw	Thesis	小麦全蚀病菌胞外β-1，3-葡聚糖酶的分离纯化及其在致病过程中的免疫标记定位	余永廷		2008		https://kns.cnki.net/kcms2/article/abstract?v=hH4QDuxDhLQReguTitMxEtOQpJvIhyfL7xmbThpFMdcIR0-SIJhZVF5ZNLUIALruoMFOVaE2Qs84RgsRRsMa5hW3nWlDP9dQrFjm7RAmhXPcOfc4Y1SHtNOqmQx05P2evRgMgedyRBZsYRcaNgS4tP5h47dRUBatDAGJHnSKBiemp-AjiLzxtiEWP4M61aiV&uniplatform=NZKPT&language=CHS
CNKI-20260826104202735.enw	Conference Proceedings	病原真菌玉米黑粉菌CYP51基因结构分析与功能研究	韩睿 张华 黎晨 张青叶 张劼 袁永泽 万坚 肖文精 刘德立		2008		https://kns.cnki.net/kcms2/article/abstract?v=hH4QDuxDhLSF0z2TpxgQ630Ck3vtIRWAibnKpYQHbSByfMP3ex2FuvB1MiUwSk1zRXOxS77NIwkBlYQzJakmofxdeuolq5wAmVt7p5w2ZC89CzIEXRGe_McmtJKebIKG4LLwqCER6SwkZu54Xl03uJSfROwg5vo0VnPlVqJ5wLHQEbTCWFYgMS7BwSdkqFa6&uniplatform=NZKPT&language=CHS
CNKI-20260826104202735.enw	Thesis	草莓根腐病菌致病物质的初步研究	李向彬		2008		https://kns.cnki.net/kcms2/article/abstract?v=hH4QDuxDhLS0kIhDhLDLtjUJ0_SKTKhVeW5qtXhBxZd-RmxW7cTR2HF_Dws_Gafov8RO8ICN6dwbXu7-euHq9mwYgVPE3aR-r4RDomSMQlIOC2y04KBER2x2zmJ052GfJIzAObs7xs8SPHDfs5qGCIZcoWDU3poSDf9RD1MsZe1iWAqsiWU7MSppqMUL1g8i&uniplatform=NZKPT&language=CHS
CNKI-20260826104202735.enw	Thesis	水浮莲（Pistia stratiotes L.）内生菌的分离及农作物致病菌拮抗菌株的筛选与鉴定	于蘋蘋		2008		https://kns.cnki.net/kcms2/article/abstract?v=hH4QDuxDhLS0kIhDhLDLtjUJ0_SKTKhVeW5qtXhBxZd-RmxW7cTR2NHDEY0NmCH5W9cDruwGjpQuINFlgH4yeb0fEXv5lUUpdKU_owWwpiJVOLNZRwYUkf1kMnxGhFalopTqoRp4bdCKCHj1ibETCa94dylC8xOQaqJxxSbKqDHfADYS5aRLS7G4Pozf_fhh&uniplatform=NZKPT&language=CHS
CNKI-20260826104202735.enw	Thesis	东祁连山高寒牧草内生细菌分离、鉴定及其生物学功能研究	满百膺		2008		https://kns.cnki.net/kcms2/article/abstract?v=hH4QDuxDhLRWNE6eJRs9S9arItawpam2XY_CgVAZuOF5NPisiyAL3gx9HyLJSGaxoLa2SzvQkFm4KQ3ulY7ANZwL7D8pOIsg6GrwW51GN8v0pbq-E_wEafwPVQow9VK8w853_s3lL-o0CgspmzBxe2nxMFH8PppBnzYAaLAVBgeqOCUg2oFobkz6fXvSSZqz&uniplatform=NZKPT&language=CHS
CNKI-20260826104202735.enw	Thesis	芦苇内生真菌的拮抗作用及生防效果初探	曹荣花		2008		https://kns.cnki.net/kcms2/article/abstract?v=hH4QDuxDhLRpOSy5nRLfIQDEFySOwfVilGipYdtJioIZnPpYKvF_UremMrtvzhp06jpxZlAHP7y_R7-nXB_ANK2DWOgsZeBL-kJUghfPT1tBm9Okkv6DD4GqHn2n-Dtk4eP9CwXT5HzC8gE1Q15ulJzHnf1ajjyvu19nhzh36q7WjuxMv8-X0lZmpp2T96gw&uniplatform=NZKPT&language=CHS
CNKI-20260826104202735.enw	Thesis	草茎点霉作为生物除草剂防除鸭跖草的潜力及环境生物安全评价	谷祖敏		2008		https://kns.cnki.net/kcms2/article/abstract?v=hH4QDuxDhLRs18Ez877xMg5GTxXeaIynl_scVDWP3ZEwZ1dQXqJUg-QZmPSyfTFG37wCz3y99crUTzN6NbcRzD2YfkmbKL2HCoEAjrn4r6X8htlUX7scvvdBRI_9_YsTeC6Bynvxz5k0auf1DRQYlYxCPIxzbFrjrG7Yu1n9jc1zP-fFSUa0iJQtEkA-Vk-i&uniplatform=NZKPT&language=CHS
CNKI-20260826104202735.enw	Thesis	轮枝镰孢及菌寄生真菌纤细齿梗孢蛋白激酶基因的克隆与功能分析	赵培宝		2008		https://kns.cnki.net/kcms2/article/abstract?v=hH4QDuxDhLSI-vIkJlS6O2o2IOTY5CAkTvnTJUnOOmIFFY5dv-MkeLOwz0g7aCjbClTQuHRIrIA2ju1LkNBiutHbJoGRh-s_4ogY2Df8EvMiFfdct_WIy6jlAlhy_m5k7RdxNeCU-LvMS4P5FFFHZ2XoHUo28dfTVpWJihguUQLrXqxXI_5D_AZXNjvtx5U7&uniplatform=NZKPT&language=CHS
CNKI-20260826104202735.enw	Thesis	小果博落回杀虫杀菌作用研究	冯岗		2008		https://kns.cnki.net/kcms2/article/abstract?v=hH4QDuxDhLQrfjjNzkRu9TBL_TGLkrq6nbT8DimnP0v0rW1lQeg1lZgoNujpFEYR5jU0J0Ac4Bwm46pxGmvkhWkvgNIRKdfnoFwGJ85EMi-Letg3ExCWTFPOghlBpe6MWnTOjuYueh9FMpQN2tqwPbHaw7tJMBz6QcpuX3ROMiJarp0Wq1IiewQWTc2F7_yh&uniplatform=NZKPT&language=CHS
CNKI-20260826104202735.enw	Thesis	除虫菊内生真菌分离、鉴定及其代谢产物抑菌活性研究	易晓华		2008		https://kns.cnki.net/kcms2/article/abstract?v=hH4QDuxDhLT_PFqbd7FqbX_wuwZUKBSUzy2twNgffQMNAP8FBLizM1z-dVw6AyKVi6Q9aIH4BCbGvA4hW78BJgqoeoVrDZ3PGJeRzYKmVBY8jvQW_aDWOYS8PBUvYw5XrysBB7B6Vv8F0lE2ov7ETf-k_GmW3WMiXlz8ofnNLCbygKu70eBulvg9UTVpQ66B&uniplatform=NZKPT&language=CHS
CNKI-20260826104202735.enw	Journal Article	玉米粗缩病的综合防治技术	王振学 王德民 史红志 刘计刚	农业知识	2008		https://kns.cnki.net/kcms2/article/abstract?v=hH4QDuxDhLRvLnG-a9_vpopRwMxJ3GLdk-B07PPWKNRzAI2BMz-17BiGXyh5aUjZ6WE12A0DNj61Y8DGW89hgD-sXDUbN_h6OFi4oKqj8MO3q1LwGsrweq9s9_Bds3Ur4J57tWld1XmNDN64y8HSSpMKLFP1NAhoAEnqxLreS65-7is9WgXU6w==&uniplatform=NZKPT&language=CHS
CNKI-20260826104202735.enw	Thesis	高羊茅褐斑病的病原学及防治技术研究	董伊丹		2008		https://kns.cnki.net/kcms2/article/abstract?v=hH4QDuxDhLSHQ_fWHNmRbeVCRmPNS8QGH-afF_64OJvb6RRh_prng_rnPWQYmwAC0pU-ZdnW7U46oY5zG4vCSLdtgmeGjcjH8vJTkZhQ4lv3N8PGaRm0DT37eQ-uN6PAlh2YxndNeYBE7iFZOL0Mk81ptzKyESRktvfNgtXnJ5bbItWHzsTyftnSBY5aM1bV&uniplatform=NZKPT&language=CHS
CNKI-20260826104202735.enw	Thesis	黄花草木樨杀菌活性成分研究	杜晓峰		2008		https://kns.cnki.net/kcms2/article/abstract?v=hH4QDuxDhLRm8LZPvrlg_y5yLnQeU162WgHEh-OaufXBvLIwW-u6U1xRkn2nibCTEmaXeyNsN1uzKEegf-A-yAd733rpVy88_PLFFusd0vAr_Tkx6uTVlaI-zXjZrRvAnnz8xNOidZAtAVg6DcnNrHuAqGyp_8alrvFY6HfDC05o_iLZn4rhMjlJ4-jQv8T3&uniplatform=NZKPT&language=CHS
CNKI-20260826104202735.enw	Thesis	土壤颉颃放线菌LH33-3的筛选、发酵及活性产物初步研究	刘欢		2008		https://kns.cnki.net/kcms2/article/abstract?v=hH4QDuxDhLRlV0FXyHpydCk1BjPprh1SRsbiHEHlN-0C22FxN8az4Q5tjZzVszXQiBrKDCD0Gp8G-61yHYB4ZsD5HLVIm_67_s2cqJYIKuHN896Gm8M48krdIg-hPgCkMD_D4i9JHLG9Ke9ALWecSv3ojLFk-z9y1NrbmShBXADiyCuBbCR59Qhvs-AIQTzL&uniplatform=NZKPT&language=CHS
CNKI-20260826104202735.enw	Thesis	土壤拮抗放线菌的分离及其抗菌活性筛选	王群利		2008		https://kns.cnki.net/kcms2/article/abstract?v=hH4QDuxDhLRlV0FXyHpydCk1BjPprh1SRsbiHEHlN-0C22FxN8az4XuZGS8adQ2kG43GhaqdO6kpvzhsOlPXxjf9CdaVtq28-WdkJYj-uleo8UI2vLeAVzoYc88o5HuzY0tDSdtkArD4MKzljv_8iScoG9ZWqxRkuNzYdRduKTNmw1kEbjl7QgaD8htF7ETu&uniplatform=NZKPT&language=CHS
CNKI-20260826104202735.enw	Thesis	昆虫病原线虫共生菌的鉴定、培养及其抑菌活性研究	方香玲		2008		https://kns.cnki.net/kcms2/article/abstract?v=hH4QDuxDhLQ4_j4eursS0bw11_fR9W5lAv1ZwNA_ZuGZxN_4Jq6uHzGli8TKz3r6SgBlZpr3BysW6IqnuxvSe16aWZBnmN6Qi-myHJD2QFAoUfp1V84wcR8WSkKc6rJ0RLCv4aaxAUkSlqgZQTLMxJMdZMCuUdkKn-pXHUeMlq5Lk8wZdZOa3FBquXcPhzbU&uniplatform=NZKPT&language=CHS
CNKI-20260826104202735.enw	Journal Article	玉米大斑病的发生与防治	张洋	杂粮作物	2008		https://kns.cnki.net/kcms2/article/abstract?v=hH4QDuxDhLQ-ATlfTSXRKLt3i6nno_uMEi1JkChB7RZdB5IWOOpnTV9Cc1avrNVgdoZfhO26C4ywSGlF0hm3fsCnXvlROS2KbdVFMdvmGYPjR--qk4-nmGRg9pphMJyEVIUgQjyl7blhLyBf4rw7v22c4wFHrmkGSl1ubOYVZcG4hQrGsudAIg==&uniplatform=NZKPT&language=CHS
CNKI-20260826104202735.enw	Thesis	营养及培养条件对大豆根腐病主要病原菌及其产毒的作用	马立功		2008		https://kns.cnki.net/kcms2/article/abstract?v=hH4QDuxDhLSNIeh12hXNK931tFUhj8IMAXoBkRSmvDOq9EESCRJX3wafwJjvY_jc9jS35ncMTXdd_p3HDbGc0e3hccO85Iio6RKiXk2DWb1uNuXAP5ftHQJEH2bf6XvIowvIpPWHdDWHsb0LcC_BBCGfbEXoE1_UYa54y7A0Qr7NRgKCgj63_KOSXCEB3pEp&uniplatform=NZKPT&language=CHS
CNKI-20260826104202735.enw	Journal Article	玉米粗缩病的发生及其防治	姚雪球 陆永良	上海农业科技	2008		https://kns.cnki.net/kcms2/article/abstract?v=hH4QDuxDhLT5Cqxvyjz2Nu34R5mNErqeNdE3YGQ3-ieHYczfHiwA8J4qdO25TZvBZsW7I6H_ijtqYGo-UAt5g2MaFZF82_22EypFywu9VU7GfgSj7vIDlg6P-6bZr3E_y_0mm-p1mPd0TqPyzCPUkkffUUz_VCZsSjfdYuL2HHWR_O_xB3GryA==&uniplatform=NZKPT&language=CHS
CNKI-20260826104202735.enw	Thesis	广西莪术和蓬莪术离体快繁及莪术油抑菌效应的初步研究	张丹媚		2008		https://kns.cnki.net/kcms2/article/abstract?v=hH4QDuxDhLTIGnuj0X-M3o8nIWf44eI7XR7N4agx3-h2GzW_1LMvBXnZWHkh6g-CTjzHYB6AZX5gXLYq9HlQshU1PE6TkGEchAkaxXxL0Hvd3EFtrmaGHbQm5ca2jdrRmLt9sOE8_-iLZA8Kbf8zge-pay6wSMDmQFS1w5jWlVRxwDrj5NqY5uWgtkNazKED&uniplatform=NZKPT&language=CHS
CNKI-20260826104202735.enw	Thesis	大豆锈菌致病力的研究	单连民		2008		https://kns.cnki.net/kcms2/article/abstract?v=hH4QDuxDhLTIGnuj0X-M3o8nIWf44eI7XR7N4agx3-hMTco8TvdypyRXHXDbTDCH-aBVaIKeYk5sA6P6-9bgVuLgChUR2FVsyYriKRIoSkiXETBJ51m9vNZR7uHFqNqAZkp2JDIguisNvV8d_Cegx1ZyTuZqmguZCSzfbQ8uLUDgwlkHMYaApV4gRb_Us-DV&uniplatform=NZKPT&language=CHS
CNKI-20260826104202735.enw	Thesis	蒿属植物粗提物杀虫和抑菌活性的初步研究	韩小冰		2008		https://kns.cnki.net/kcms2/article/abstract?v=hH4QDuxDhLRVoD8eA8rUMIIOzo4l9fSIFp7sTf-HIGGznvCjr1uxaNJRmmraadAbVjuv9OzrF1yLbS1h4MftR6J2knuUTKnNUgmx7FhU72sq-EC47yxmmTnGWVnxhSkVdGtOS1lQhbQNQe08im5S7soR4LApcStpBwW7oeQUupJbGUy4QJwX65Pp8XRueLPB&uniplatform=NZKPT&language=CHS
CNKI-20260826104202735.enw	Thesis	黄花蒿的抑菌活性及有效成分的初步分离研究	吴静		2008		https://kns.cnki.net/kcms2/article/abstract?v=hH4QDuxDhLSVKS3Jp0vtXStPr0dCJjzP8w_uVsv_TQoL5vx5liU-McwIJgyRgTDKkqkTMGkSmD317v5SkHLHpyH0t9PZ-FRevRjWuMTrxcKDlny-2O53iA5it-pz69tfL65Jj79tHnz1SYI1tCVL6naxkzToUvIGqUvtSKPPnoyWITzEZV7iDrKZ4CLxNc8a&uniplatform=NZKPT&language=CHS
CNKI-20260826104202735.enw	Journal Article	17种高原草地有毒植物对植物病原真菌生物活性的初步研究	周丽 高飞 滕云 侯太平	四川大学学报(自然科学版)	2008		https://kns.cnki.net/kcms2/article/abstract?v=hH4QDuxDhLTx2OT-2auG32uEXmV35vZDFe2f8S5zqTnxNEXrPCpmLnNleFbN9pgYTRk_2T4Bn0ZldFzZaoMacmYoLsVkjeT9_VVm3EHisyw9UHUeJwGZF1YNmRPLFuyYoBVo2pwskV-TUglyausyu6ftCEqIFTeuOS2K3kUMXoAL5SxsUyl0SQ==&uniplatform=NZKPT&language=CHS
CNKI-20260826104202735.enw	Journal Article	玉米矮花叶病及抗病毒基因工程研究进展	马丽	玉米科学	2008	10.13597/j.cnki.maize.science.2008.01.005	https://link.cnki.net/doi/10.13597/j.cnki.maize.science.2008.01.005
CNKI-20260826104202735.enw	Journal Article	广西莪术油抑制植物病原真菌活性的研究	张丹媚 李群 马丹炜 张丹妍 李锋	安徽大学学报(自然科学版)	2008		https://kns.cnki.net/kcms2/article/abstract?v=hH4QDuxDhLQe_ZsxkTMalEteVb6EBWPMeEWzmfBCsNKji8XiZ1pXtjtJTgEKV8BeEUsUmAY7Bk3BUBI-IXM2MeUrBrx21T-ZvNjhLOjXPlXkZafr_CaGIOpByZXy5cSzowC5p3zc0rE_uH8a99bq3cJh-0iPc2z6l8dT34dHDUqdj_joUBWhYg==&uniplatform=NZKPT&language=CHS
CNKI-20260826104202735.enw	Journal Article	玉米丝黑穗病的综合防治	杨健 郭晋襄	山西农业科学	2007		https://kns.cnki.net/kcms2/article/abstract?v=hH4QDuxDhLQ7lCzQmMD35jaxWcdon-NUcZN5C8UJvFilfG24hi5DxVsei10PK0t_fhouswX3pzGUMyrS2rWOdghpZxV694GLJt1-DQVYSvnmG0IRcex4Lb2iGUVa570aBbbUdGpHmxbJz-oDI0J4Q6mP_PVG7UrEMMUnG4ZMwoc8nzl8Of_gVQ==&uniplatform=NZKPT&language=CHS
CNKI-20260826104202735.enw	Journal Article	左旋松油醇对植物病原菌的抑菌活性研究	赖开平 叶一强 韦志明 王桂英 杨宏权	化工技术与开发	2007		https://kns.cnki.net/kcms2/article/abstract?v=hH4QDuxDhLQqPN6E72F33OcXaSdhXZgko_jmdqf-tcJwdYuaVUYHdbDsJvBJPgw6McWnsirC2MipsOQI3mUsZ2zKlJsEktUdaY8KWslGDOBAt8hpxPScp24Hz50cQ-fGC4SOLE4zTSEfj716XB8ZdaXppT0J8Mm_gt0-0L5KdoUNRPCpyFguvw==&uniplatform=NZKPT&language=CHS
CNKI-20260826104202735.enw	Journal Article	玉米霜霉病的侵染源与防治	黄天明	广西植保	2007		https://kns.cnki.net/kcms2/article/abstract?v=hH4QDuxDhLTQYjfW-LH0gWeJIrzP1S5ObyCxbpBmHc3zEBM2KqWs3asHdWA6M3pi5beb5A346FWNmDt1Htu43_viPS2h8RPou3PLeF4MlUf3clbph3SZupmML7pSkti_RVoxgVaHVvU5arU9a6XAukpBSzNZ68D4spdtql8C5RzEH8HHdcZq9Q==&uniplatform=NZKPT&language=CHS
CNKI-20260826104202735.enw	Journal Article	杜仲皮蛋白对植物病原真菌的抑制作用	刘世会 赵德刚 宋宝安	农药	2007	10.16820/j.cnki.1006-0413.2007.12.020	https://link.cnki.net/doi/10.16820/j.cnki.1006-0413.2007.12.020
CNKI-20260826104202735.enw	Journal Article	弹性蛋白酶产生菌的分离鉴定和发酵条件研究	方尚玲 吉园	食品科学	2007		https://kns.cnki.net/kcms2/article/abstract?v=hH4QDuxDhLRLHlihAKF7KYHaXJD_WaE46qkzZhLXeT2VnZOVBouNa1-a3l0Na2mA8LDIqyMvyJmfsOsrYwhqTkU8UkAYdkjlYtFmFgmBHgj0puVzQeZayj0JskLpEZHLJ1v-R_kVML3da57RtgcNAIrBHb5R3iIYVlxJHbTzC0YjV_I0YOhFOg==&uniplatform=NZKPT&language=CHS
CNKI-20260826104202735.enw	Journal Article	饲料中病原微生物的鉴定技术	井婧 李静 李绍钰	饲料研究	2007	10.13557/j.cnki.issn1002-2813.2007.11.011	https://link.cnki.net/doi/10.13557/j.cnki.issn1002-2813.2007.11.011
CNKI-20260826104202735.enw	Journal Article	草坪常见病虫害鉴别与防治	何勇	安徽农业科学	2007	10.13989/j.cnki.0517-6611.2007.30.049	https://link.cnki.net/doi/10.13989/j.cnki.0517-6611.2007.30.049
CNKI-20260826104202735.enw	Journal Article	山东省玉米病毒病病原鉴定与防治研究	尚佑芬 赵玖华 王升吉 路兴波 孙红炜 杨崇良	玉米科学	2007	10.13597/j.cnki.maize.science.2007.05.001	https://link.cnki.net/doi/10.13597/j.cnki.maize.science.2007.05.001
CNKI-20260826104202735.enw	Journal Article	玉米粗缩病发生规律及防治措施	孙留民 席孟玲	河南农业	2007		https://kns.cnki.net/kcms2/article/abstract?v=hH4QDuxDhLTb3geVTtexFrfgn3kr8ZVMQis0o9oj3gfnVNDKnW4XOudZ_kV5rj57YUrRfQfgCBIt-d3UDgdCywXjfiImWBtHSq1n5F7YZE9h7xaXqjG2uyTcQTafODtvU4KgdiNrozApIZMRXz8SbmwjsPSUUoTmfztyypStktyPweb6kh1iGQ==&uniplatform=NZKPT&language=CHS
CNKI-20260826104202735.enw	Journal Article	黄花蒿(Artemisia annua L.)提取物对两种病原真菌的生物活性	吴静 丁伟 张永强 郭文明	农药	2007	10.16820/j.cnki.1006-0413.2007.10.024	https://link.cnki.net/doi/10.16820/j.cnki.1006-0413.2007.10.024
CNKI-20260826104202735.enw	Journal Article	玉米苗枯病的发生与研究进展	宋朝玉 张继余 张清霞 高峻岭 王圣健	玉米科学	2007	10.13597/j.cnki.maize.science.2007.s1.003	https://link.cnki.net/doi/10.13597/j.cnki.maize.science.2007.s1.003
CNKI-20260826104202735.enw	Journal Article	玉米粗缩病的发生及预防	赵永涛 申富民	麦类文摘(种业导报)	2007		https://kns.cnki.net/kcms2/article/abstract?v=hH4QDuxDhLTU22guS_hC57jCxVNCc_5F3RsyuMwUOI5T0DG9xxswxIvt905kfjJo9cL9mLlIKtubqvteUnm9UXHcR_8heldsQdUr-bAs0_z11MDgPepb1YIXRjmnz72kAH2gxfPN3wYXsHptRLoNqZXAAU8SOCC8lQy5RMBEw7AOzlkV4qVrnA==&uniplatform=NZKPT&language=CHS
CNKI-20260826104202735.enw	Journal Article	玉米粗缩病毒病在阜新地区发生情况及防治建议	王丽娟 徐秀德 姜钰 董怀玉 蔡忠杰	辽宁农业科学	2007		https://kns.cnki.net/kcms2/article/abstract?v=hH4QDuxDhLTHXZyasFUOfWvKgOGDD7nWabMDMvTDgJCeUnxqHiGqjzbQnEwUx-JCEgMyYYYQsdhNAjZpqVNExkBRAA6NOO07v7-Mxn3uI7rRHZKKMEz0LssdIDh0lWkg208yBssj_X1EFj33XwAofV2-EgcENr5RWHLBd8quwgGFovxF1DJWlA==&uniplatform=NZKPT&language=CHS
CNKI-20260826104202735.enw	Journal Article	茶多酚对几种植物病原真菌的抑制作用	汪金莲 邱业先 陈宏伟 陆恒 林晓红	江苏农业科学	2007	10.15889/j.issn.1002-1302.2007.04.017	https://link.cnki.net/doi/10.15889/j.issn.1002-1302.2007.04.017
CNKI-20260826104202735.enw	Journal Article	玉米大斑病发病规律及防治技术	郭厚文	河北农业科学	2007	10.16318/j.cnki.hbnykx.2007.04.005	https://link.cnki.net/doi/10.16318/j.cnki.hbnykx.2007.04.005
CNKI-20260826104202735.enw	Journal Article	玉米小斑病症状及防治技术	李红梅 单光展	河北农业科学	2007	10.16318/j.cnki.hbnykx.2007.04.009	https://link.cnki.net/doi/10.16318/j.cnki.hbnykx.2007.04.009
CNKI-20260826104202735.enw	Journal Article	河西走廊玉米新病害——玉米顶腐病	刘忠元	农业科技与信息	2007	10.15979/j.cnki.cn62-1057/s.2007.08.010	https://link.cnki.net/doi/10.15979/j.cnki.cn62-1057/s.2007.08.010
CNKI-20260826104202735.enw	Journal Article	15种植物病原真菌培养滤液除草活性初步筛选	白莹莹 魏松红 刘大旻 尹晓东 刘冰 何志勇	植物保护	2007		https://kns.cnki.net/kcms2/article/abstract?v=hH4QDuxDhLTv6au26D-7Gf4ctRbgbamiMOvXXUP74KeoDZeZD0FnOCBo-3A8AoOqCwKIslFdorfaTkpMrCv1kdzyYcLKi1CwfzceFj7f3Fe07peJlC3tOTf4ZOweX4j9HD2xp9V_Oz7DTvu6RV9IhEGp7AKO5rhQIcAz471VRNHIsGrWpZqyKw==&uniplatform=NZKPT&language=CHS
CNKI-20260826104202735.enw	Journal Article	玉米粗缩病发生规律及防治方法	虞旭娟	上海农业科技	2007		https://kns.cnki.net/kcms2/article/abstract?v=hH4QDuxDhLQt5XpH5tumteyYdFEymtb0ZYXGRUsRoVnUU8l-2H9ZQsKHkmKIVKUMLXcb1qjguB8qHaLGuOhzgO_F6MCoeSJ_W2RkhUVcEyXOjxfhaETVjyaV25hVsZyK0oDgX3mFC_XrXIKt_i_JQx7d2QFtUgGP3bOnr2sbONwWjMoX8YocYA==&uniplatform=NZKPT&language=CHS
CNKI-20260826104202735.enw	Conference Proceedings	沙角衣藻的抗菌活性研究	兰利琼 卿人韦 吴巧玉 周密 刘翔 刘佳 刘萍 耿晓娟 傅华龙		2007		https://kns.cnki.net/kcms2/article/abstract?v=hH4QDuxDhLSw8kaqBcP-gKn4GHuMqQK7Dbamlz01AXkzY3-bbiH1XweH00-JbVN2ugStE2i86JJwNFpeHEDk-c5xg-yBxHkGhe9_pWFpvzvyJvNAwq5erLSgU3fz7UGwnA2ckX62XHmr5kwBKc2F9AlEsQiJM2LBim1i23uEMnmMD9WnLmYyiU-3VfcFtEV7&uniplatform=NZKPT&language=CHS
CNKI-20260826104202735.enw	Journal Article	冬青卫矛内生真菌2QR1菌株代谢产物的杀菌活性	李会玲 杨春平 武金占 邵彦坡 姬志勤	西北农林科技大学学报(自然科学版)	2007	10.13207/j.cnki.jnwafu.2007.06.028	https://link.cnki.net/doi/10.13207/j.cnki.jnwafu.2007.06.028
CNKI-20260826104202735.enw	Thesis	中国不同生态地区禾谷镰刀菌种群分化及遗传多样性分析	纪莉景		2007		https://kns.cnki.net/kcms2/article/abstract?v=hH4QDuxDhLSKCnDXcpV3NTVTXj93XNq2zzThKO8HQloy7U465a8KKF_K3NG01asDypEO0rLDP0_FWvdSe-kokE69__X3cdVXGtCm8mNUtSX_37JE19jJrbmvpEhaPb35KAi6sZ3NuGHN3o3AGiXIevh9sMnhSE9_mSjt-CDjh-JqfPMN0ib9xRteqmBDvHht&uniplatform=NZKPT&language=CHS
CNKI-20260826104202735.enw	Journal Article	伊犁河谷地区玉米疯顶病发生及防治	付文君 夏正汉 陈蓉 李勤忠	新疆农业科学	2007		https://kns.cnki.net/kcms2/article/abstract?v=hH4QDuxDhLTgBHn7U-0W6RKlKYl96R-tJwFXV_iAcTSUAxaWQ-5k9PJcroTWc_qGhdN5jaganMHMMUerpgQ9z9V0vZVMwGos2w5Fz0xEJh07zU_2B9BHPna6gFTfcK82fF5btPwLqpFcssofjh00xbpvPOEUqidJSf38ZKcc_jHV7le58XBzZA==&uniplatform=NZKPT&language=CHS
CNKI-20260826104202735.enw	Journal Article	深松土壤病原真菌数量分布对玉米病害发生趋势的影响	宋淑云 晋齐鸣 张伟 李红 沙洪林 苏前富 王立新 隋晶	玉米科学	2007	10.13597/j.cnki.maize.science.2007.03.032	https://link.cnki.net/doi/10.13597/j.cnki.maize.science.2007.03.032
CNKI-20260826104202735.enw	Thesis	生防细菌菌株A的分离鉴定及其抗真菌物质理化性质研究	成丽霞		2007		https://kns.cnki.net/kcms2/article/abstract?v=hH4QDuxDhLSxSfDSQvyY34bI-R2PUBNMoup4VTitHwPY7LPBbg5oaqm2dQ9YIx8iQ02bAAk7AKEZm9PtuYpblgIp42Q8gnsjfeE2LBEqSPArDa9ekxK-xX19eL7_nrfgbGdJtY9XxsR_3yFT6GNatziZVpeUqjh9ObrNzNa5OgNRmao_fWYTSvaFcnEtt7Lr&uniplatform=NZKPT&language=CHS
CNKI-20260826104202735.enw	Thesis	油菜内生枯草芽孢杆菌BY-2的定殖生态、抗菌机制和防治菌核病的研究	江木兰		2007		https://kns.cnki.net/kcms2/article/abstract?v=hH4QDuxDhLRNh-XoU36QYXm47FrLnwquzd9lXFR1Jib90tBCQNDaUWYxBIjJgiLeAAA4ys0pr8Pk9VLsiaSL15-WRInGeZlNcB1NCDqYK-s5mt5XpE22sZL8Xm1pTVjiRsUG1A4JEQGHtDHQOmKpogLwsdWiihCtFsUUnEWL02EPvNOPHK1I-n7dDbkP_-16&uniplatform=NZKPT&language=CHS
CNKI-20260826104202735.enw	Thesis	大蒜紫斑病病菌生物学特性及粗毒素培养条件研究	沈永杰		2007		https://kns.cnki.net/kcms2/article/abstract?v=hH4QDuxDhLRSCrtD_vw1roB9BSsh_WI62_H_BZIX9r_TnitDgd1x9hJA8j8l6cQuPDvBC2EJCb6mtHsOhNiRzJdEF6N16W0Y1-Iai731c7wUB9_Z7RalYxf2nuOw1WgD6rO-4m7oPRdW9MHt2a_9GOwtzCGcL_kXg5UXQvmBTHKRvWXS3FAcw4KopMXLDoaJ&uniplatform=NZKPT&language=CHS
CNKI-20260826104202735.enw	Thesis	大蒜叶枯病病原生物学及病菌毒素培养条件研究	张志强		2007		https://kns.cnki.net/kcms2/article/abstract?v=hH4QDuxDhLTzblKvBQ7BN41mOicDSUQWlPCe13UrQR-q0Wr-se85dlaRKTvMmcLIaF9Sy1crdjdSB1UkjbioIUSm3qCP_gBs9bYGe0FMlTcNZJEZq8tCmoLJYgkt98YUE0REgvKQx5puJnb2CFmrv8CS3ByXTckbcoAcPIBtnqJzf1ZdUQhuGftzMdI1D4TU&uniplatform=NZKPT&language=CHS
CNKI-20260826104202735.enw	Thesis	狗牙根弯孢霉叶斑病的病原学研究	贾凤姣		2007		https://kns.cnki.net/kcms2/article/abstract?v=hH4QDuxDhLTzblKvBQ7BN41mOicDSUQWlPCe13UrQR-q0Wr-se85dv9SEXmxjajZs7UkyIaN7gcIy93pCUK2OQ-5m9pZ9WSS-w2bxi10ED9qFKgPjdQ9UcA-6Ayj_JuBlV9JvjYZW-RLlJWJfvNb-kDLFgXLRijLLndOiwZ4rCoTpgSPtCrA0s3kQ6HTarow&uniplatform=NZKPT&language=CHS
CNKI-20260826104202735.enw	Thesis	长白山有毒植物提取液对几种病原菌抑制作用的生物活性研究	申晓慧		2007		https://kns.cnki.net/kcms2/article/abstract?v=hH4QDuxDhLS32rf9jBW52qPJTQqw6yICiPXDqXs96lGWl4hTMbVCURZrB4Qggh4chVuC4fiwUVk2gXWkG0g6QDfcgOoCsNg1F2RUw5xBt0OWXm0vu3ag9SzSlmZOEjAxhhdimQYiUJNKom_6qsOE8JSw8rZgnmIca72adVg821f2ImVQly5qX6RIdzaqiSJg&uniplatform=NZKPT&language=CHS
CNKI-20260826104202735.enw	Journal Article	低能量玉米引发的断奶仔猪水肿病	何川 李慧显 李建玲	河南畜牧兽医(综合版)	2007		https://kns.cnki.net/kcms2/article/abstract?v=hH4QDuxDhLTaMaCJEDXmMDqdgOPIrDE6N1eT0u7WF-WB4zfiPnQ30filsx-6pp-WegMOG-oEO9k0TKU8R4wx24LeC8zYkrrun4s6ybCcBQ89IVlTuM0L7XUj_aVBakjpE-lFFIyVjwo4GforP1JNlmEgJFy_-574Jbft8Hr0ShhteJ4qUH3yCQ==&uniplatform=NZKPT&language=CHS
CNKI-20260826104202735.enw	Thesis	辣根植物杀虫杀菌活性精油的提取及应用研究	吴华		2007		https://kns.cnki.net/kcms2/article/abstract?v=hH4QDuxDhLS7cekjlu10JxNTUgvTnEvAhBF3IRvY0-7a8uyouz4dpI-xTrVUYJeCaj4U6sBhzU54YYRrfhsQUlIeoO_9VMyuL-b2C5Nw4xITgwQ98jr3AA6gNvVyKhuguQ5iSgPzEv-iQIX6Dw5qqYNvyP3inOfBbOwxvjgWwdAC2wF5npbFTAM8QNkbj4T2&uniplatform=NZKPT&language=CHS
CNKI-20260826104202735.enw	Thesis	灰葡萄孢毒素的产生条件及其对番茄植株的致病作用	魏伶俐		2007		https://kns.cnki.net/kcms2/article/abstract?v=hH4QDuxDhLTiV4DuoVTGMLViyJMQg0fko13Ae2Ms7hsyATpR4_CqpPh4b6qhmIzi5LxAbMVw0OPFAgrajaYIX8jN8WK79xhMjjnVWBPfP2TVEq0oBPFn-oQjBEKMyZUSAJif5SeEXc3K7XidHGgANFG5x266u2i8alJtEa26S6FGbGGKxX6zlS51OmKS8noH&uniplatform=NZKPT&language=CHS
CNKI-20260826104202735.enw	Thesis	梨抗黑星病突变体离体筛选	赵竑博		2007		https://kns.cnki.net/kcms2/article/abstract?v=hH4QDuxDhLTiV4DuoVTGMLViyJMQg0fko13Ae2Ms7hsyATpR4_CqpBoD0RBQju2An8Wv4MNDH_EucCw_6t2JpC9jNqj06Mg319ADp-66ZTEXTKaBe0KQxjgmgTxX8lklSL-x-5IiPFO0sNdpNJmVJPLLjB1TJwjRK8LlskdvCr8yWZ3-Ngy4Ax4pmWw2dIx5&uniplatform=NZKPT&language=CHS
CNKI-20260826104202735.enw	Thesis	拮抗菌株B02的鉴定及产生拮抗物质培养基和发酵条件的研究	丁翠珍		2007		https://kns.cnki.net/kcms2/article/abstract?v=hH4QDuxDhLSKUk0x9CHkW5eYyvT5yUhZWbemdohAGkbGHS04KAd5Bagc5PVTk9YCL52YdH5zi_joQHIroC24U4P0yjMGJEvVMVqw5BYiWStKgwVKwnJGYCqQ9lAIJXLZs5ujcZCPX65aq8QSNxdG6m9eXMiPkFIsRE3sHGF-FSPNfnLLMAdLIYu9MpIdJGJb&uniplatform=NZKPT&language=CHS
CNKI-20260826104202735.enw	Thesis	芽孢杆菌B21菌株的生物学特性及其拮抗物质分离纯化研究	潘文道		2007		https://kns.cnki.net/kcms2/article/abstract?v=hH4QDuxDhLSyX_rqiQd8zMK8D_NTW3yZlHXyvK3aocCcE0i70K_onDprOq2oyJKEK4RyDKepT_J-NeB2W9xqq6YvZ1HDlrLUfugBVjYOYpKOO-kWM8MpohUrDCdyMSwSH9RYzEB4C6ssLstqnHvnb7k24zQkowmeBmDWk-SXwdNDKVuv732y0LZiJEwVc--O&uniplatform=NZKPT&language=CHS
CNKI-20260826104202735.enw	Journal Article	周口市玉米锈病发生原因与防治对策	孟爱民 殷仲卿	中国农技推广	2007		https://kns.cnki.net/kcms2/article/abstract?v=hH4QDuxDhLRw6YJN_WqsDSG9LzeyPjkDDfwg6Azo3fTbzm6vcw4NKH89sv9y0L6qhW2cFYhdm4oI5zFxaYGmGfT_V7kANjrpRU7oAEt86Cmp548c6XaP3ho7TPQgyfsm0HxvgcM0peSxg7RuBchjUG3wzfdv1R56T54GvMtzIjQODjR-ZlwMxQ==&uniplatform=NZKPT&language=CHS
CNKI-20260826104202735.enw	Journal Article	海洋放线菌I10菌株发酵产物抗菌活性及其初步分类鉴定	方丽萍 龙建友 姬志勤	西北农林科技大学学报(自然科学版)	2007	10.13207/j.cnki.jnwafu.2007.04.026	https://link.cnki.net/doi/10.13207/j.cnki.jnwafu.2007.04.026
CNKI-20260826104202735.enw	Thesis	山核桃外果皮提取物抑菌杀虫活性研究	苏秀		2007		https://kns.cnki.net/kcms2/article/abstract?v=hH4QDuxDhLQwAKlc62JkCgpHulmYWp3MMrjF5eU11V6i1vaO1STNBczgnx_Jkl7UDFDyU8cKDHWbuvj5HhJYSPrQlg8H6Dk64NGhdYyYG_EZ1H6lD-9Ic4daD4Gdmud8nNBvYnCUUwHuVLkT1_KUly5SN1NAj-9vTJP9Y-PHCz7ItLjDvvu_wCc7J-ByoVfu&uniplatform=NZKPT&language=CHS
CNKI-20260826104202735.enw	Thesis	高原草地有毒植物对植物病原菌抑菌活性的初步研究	周丽		2007		https://kns.cnki.net/kcms2/article/abstract?v=hH4QDuxDhLQvE1yNTCkl-WFALMhdgqpytkkq7Ilgs2XWbIOz66xKh1nG3ouY8Iue6_Maq0bW7uSkTWx4y09GJ0deRl8938YTrer7nepsN2LWeGOtqsFgnyG1pWVdY169SkQ1dpxUmUSmIMwontxjNjnw_tDAk5KY8sX8n8LJhh-WnBo1CUodYFlBLAYfh3fD&uniplatform=NZKPT&language=CHS
CNKI-20260826104202735.enw	Thesis	玉米粗缩病抗病位点的分子标记定位	王飞		2007		https://kns.cnki.net/kcms2/article/abstract?v=hH4QDuxDhLSrPO-5NDIGXGpeMO4M6g7-YhX_RO0tX2Bt26OZF4j2Q2ND3V3FVk723IHq91c7LmMi3Bq49620f-ZrimBx9ycsGZ5GcmoHVIMfcAjYVoIO7_SoTkolIt8UKmrUy0V9AVzcefBPLytm9udVTDH1B69ZXKSwFGL9Op8ryqF42O1cWF6DtTwWf_yn&uniplatform=NZKPT&language=CHS
CNKI-20260826104202735.enw	Journal Article	5种植物病原真菌粗毒素防除草坪杂草的筛选	白莹莹 魏松红 尹晓东 刘冰 何志勇	农药	2007	10.16820/j.cnki.1006-0413.2007.04.024	https://link.cnki.net/doi/10.16820/j.cnki.1006-0413.2007.04.024
CNKI-20260826104202735.enw	Journal Article	胡桃醌及其衍生物5,8-二羟基-1,4-萘醌抑菌活性研究	全炳武 李翔国 玄伟 刘海峰 田官荣 Park HoYong	植物保护	2007		https://kns.cnki.net/kcms2/article/abstract?v=hH4QDuxDhLSjHWWuOPrUgvkvDWuF8H78OSJmuz11J8IghOMoKf3imLpYpeOCsjCx-VzJ4-ztK0ofhm5mYh4SUijWfD7oxbXBz6xle5eUZ09PMQRrF2gyUGLAKMGPdOphYb6FHmFrJXcH4w839hC8JFHqh5WlDAv_8AruPsjlhnS1nPLL7VU8_A==&uniplatform=NZKPT&language=CHS
CNKI-20260826104202735.enw	Thesis	小麦赤霉菌拮抗细菌的鉴定、发酵条件及抗菌物质的初步研究	代焕梅		2007		https://kns.cnki.net/kcms2/article/abstract?v=hH4QDuxDhLR9gQ-rUldOS3wmqxVi4X24OYyr2pPaIyt3eyC8XxjlB9rxsqwdZChG9V9dbwm7O9zxYU7Qkn9Yj2Mk9c-sIyIcYNka73N6G-g8fgjqdf20hkuu37SQNQVry_-b-lwB3ic7k8CiG1vhGLtdSiRCekKTeIUUGqrmjParPMpMKObl1CgHxb6sELHY&uniplatform=NZKPT&language=CHS
CNKI-20260826104202735.enw	Thesis	洋葱伯克氏菌在重要禾本科作物根围的多样性及其致病性研究	张立新		2007		https://kns.cnki.net/kcms2/article/abstract?v=hH4QDuxDhLTVOwv5qdpzBhDRJfIXkjEuDn_WSGYRLeK_fdyT0iDc9diz6biBZsrr6Uz1bu242xLbtD2oyOgPbYhAKMmlB-3bZhavrwj55q4wOQ3kdwRluoGswV9ir5raKzo3zlgFR7_LAqsWObCqib2imPDhpIEb1ic33Wi46Vd9emyHMj6nw95VAzBfE4Dp&uniplatform=NZKPT&language=CHS
CNKI-20260826104202735.enw	Thesis	利用植物抗体中和真菌毒素DON及提高赤霉病抗性的研究	林德书		2007		https://kns.cnki.net/kcms2/article/abstract?v=hH4QDuxDhLTVOwv5qdpzBhDRJfIXkjEuxkvoezeEbZLDm3KNawOOtrkd5JWB6c47yaCgNZfoK3l6rT0BKtkkAlc4JKacVpWYmOMeTrHmnOTO8ZxyM2EnHa10lBAdUK5y8OxBAroHytrUfAMlX2ILYg308RZgOOuufjI8xRikHMEcpPtFwRF3r0fbdL3CZyQs&uniplatform=NZKPT&language=CHS
CNKI-20260826104202735.enw	Journal Article	苦皮藤内生真菌As菌株代谢产物抑菌活性初步研究	邹强 龙建友 姬志勤 魏少鹏 黄伟平 吴文君	西北农业学报	2007		https://kns.cnki.net/kcms2/article/abstract?v=hH4QDuxDhLQ1aJ1vSGXVb8732diYGP6LmogdR5blIpPG7qSBitmh9BYoXQyDje82jLYv01xDDYD1S9EbvkELWfPVlTM31uWkWVa1v_RO0RXGtxhJ-2fjr8kzTAl9s93mM0bJNW3bNEUX_mO7n3XFfnQG_6PJJY8cPlV8OEw1j1hgwBwG2ynEuA==&uniplatform=NZKPT&language=CHS
CNKI-20260826104202735.enw	Journal Article	3株抗植物病原真菌的海洋细菌的分离筛选	暴增海 蒋茜	河南农业科学	2007	10.15933/j.cnki.1004-3268.2007.03.013	https://link.cnki.net/doi/10.15933/j.cnki.1004-3268.2007.03.013
CNKI-20260826104202735.enw	Journal Article	玉米细菌性条斑病病原细菌的鉴定	高岩 胡白石 王福祥 刘凤权 许志刚	江苏农业学报	2007		https://kns.cnki.net/kcms2/article/abstract?v=hH4QDuxDhLSlI7Fx4w0HESSU2pq9TvGA73v42MP9JzyOHOFUUvZGreOoMofoWod6hgQEneXT8FJnZN0tqqIyrGQ9Cko92z-kF4bQ1vBXvb2mbwmpAWbi9nvBjiE-0CFL8JCvjIXgGjcl_no0ihK31V0RB3v-e8ZyTsIT9MA8MlNqxXmaVmJvlg==&uniplatform=NZKPT&language=CHS
CNKI-20260826104202735.enw	Journal Article	共生菌高毒力菌株的筛选及其抗逆性的研究	王欢 丛斌 董辉 钱海涛	沈阳农业大学学报	2007		https://kns.cnki.net/kcms2/article/abstract?v=hH4QDuxDhLSVUm8MW-hOgJQSudRkdu1DQRtHsM_vigZDVyDj3ZzPTmb5riwMVMBGZ3JHHb2066XwZkuM4Yf0uKpf2foWNy6xePWJZLXcLSuje8I4JwEMoIVIU2qmslpnbOMpOLZnMbtouJmMwF6Igtfg1hft6PTZHvh3wLFYWyfSnKCFQlyKaA==&uniplatform=NZKPT&language=CHS
CNKI-20260826104202735.enw	Journal Article	中华真地鳖抗菌物质的抑菌活性测定	索相敏 陆秀君 董建臻 李静 宋萍 赵瑞君 付利燕	中国生物防治	2007	10.16409/j.cnki.2095-039x.2007.01.014	https://link.cnki.net/doi/10.16409/j.cnki.2095-039x.2007.01.014
CNKI-20260826104202735.enw	Journal Article	拮抗性类芽孢杆菌F53菌株的固体发酵条件研究	温小娟 闫淑珍 刘维红 沈萍 汪勇	安徽农业科学	2007	10.13989/j.cnki.0517-6611.2007.02.071	https://link.cnki.net/doi/10.13989/j.cnki.0517-6611.2007.02.071
CNKI-20260826104202735.enw	Journal Article	条斑型玉米圆斑病病原鉴定及其生物学特性研究	孙广宇 王琴 张荣 毛琦	植物病理学报	2006	10.13926/j.cnki.apps.2006.06.003	https://link.cnki.net/doi/10.13926/j.cnki.apps.2006.06.003
CNKI-20260826104202735.enw	Journal Article	玉米核糖体失活蛋白对3种微生物生长抑制作用的研究	郭燕姣 王静云 王林华 陆秀华 姜国勇	莱阳农学院学报	2006		https://kns.cnki.net/kcms2/article/abstract?v=hH4QDuxDhLRLnkPH1Lr2RY59nleeUeV0H5-LPv3RIgwoSAYcwruLwrP9XW3rYHI8cO3AbKZyo727l66uEb_MmLM2LPb1k4euVhRQlFdxExZSjhiyYQomxn-e8O30xQCKi9pOFwweq8yKisOBlC-EupL0_CnoPNNSuXdxdOHVBxeaRxJWkFpxCg==&uniplatform=NZKPT&language=CHS
CNKI-20260826104202735.enw	Journal Article	浅谈当前玉米茎腐病的发生为害与防治对策	谭桂凤	农业科技通讯	2006		https://kns.cnki.net/kcms2/article/abstract?v=hH4QDuxDhLRFlNwTdnEGkF1lgE-YRgp7FFDgiBSRyT3lSiCXKWvRl90RTLqQtOqykNzAj8bjcT6VUk_FfbWiGDH8ud4WgdqyapmoNMEnhXPYH04N-okJzeEKkrCB_mixwgK7E1Vs7SNh1cNwz5HEwkGmFQfNaaCDZtIyIqx43fGvQSb-Pj8bfw==&uniplatform=NZKPT&language=CHS
CNKI-20260826104202735.enw	Journal Article	一株高产几丁质酶细菌对植物病原真菌的抑制作用研究	古丽皮艳 黄丽丽 康振生	西北农业学报	2006		https://kns.cnki.net/kcms2/article/abstract?v=hH4QDuxDhLR8Y70SD8LMxG9OidKkPitg67ZIpjjcO2E1I4GSZpbapM2St4GmMnmtnfM5F9ECWd3HOSDfDXun6qMhmxzZ6RalVrf6xLHj-dvQsQgM2iH-IjDX30oyCAu52O1OAUUBdg3kAvsCNoPlwOYUItGlIk7P3N0hbshSh80jdor2hEg88w==&uniplatform=NZKPT&language=CHS
CNKI-20260826104202735.enw	Journal Article	粘帚霉不同菌株发酵液对4种植物病原真菌分生孢子萌发的影响	马桂珍 刘云鹤 暴增海 杨文兰 王伟霞	河南农业科学	2006	10.15933/j.cnki.1004-3268.2006.11.017	https://link.cnki.net/doi/10.15933/j.cnki.1004-3268.2006.11.017
CNKI-20260826104202735.enw	Journal Article	玉米粗缩病抗性遗传和育种研究进展	陈艳萍 张彦兵 孟庆长 袁建华	江苏农业科学	2006	10.15889/j.issn.1002-1302.2006.06.024	https://link.cnki.net/doi/10.15889/j.issn.1002-1302.2006.06.024
CNKI-20260826104202735.enw	Journal Article	辣椒疮痂病综合防治技术	程伯瑛 赵廷昌 孙福在 牛玉山 李文斌	中国农村科技	2006		https://kns.cnki.net/kcms2/article/abstract?v=hH4QDuxDhLTWIhjmmxyqvy4N3UD5QXyQFxHxH3DNXlb0PR0EnB22Wr9UYWWFTFfB7Rr0bGALBBBj02VJgxh2dPY6sooPlmhLY85pFsozqQgjQzfamDmDHgKsvwRCWAepYWfiosLcwMj7JDOS2b6rdw_vibH9scGAaPZqiGemouWG4-_Cznl_OQ==&uniplatform=NZKPT&language=CHS
CNKI-20260826104202735.enw	Journal Article	蛋白酶产生菌的筛选及酶学性质研究	于宏伟 栗志丹 郝珊珊 贾英民	农产品加工(学刊)	2006		https://kns.cnki.net/kcms2/article/abstract?v=hH4QDuxDhLShLBudXzzr_i4n2SgeUNl49Zu1IdLSkkvgnxZaEJ2rmcFY5v9B7N1oiqQTCogHgjpYZPHlKbDXQ9XVx0_STKCj0Pr7VApO3yee_cKNJCmjwbmHgzSNtUJJJnbPkvb4ntY0bl_rxZWOLepBKAdyH4kx7A6ug2wkYwP2gUfiUb9r0w==&uniplatform=NZKPT&language=CHS
CNKI-20260826104202735.enw	Journal Article	牛至油对几种植物病原真菌的抑制作用	周锦霞 吴彬 罗杨 魏琴 李群	西南师范大学学报(自然科学版)	2006	10.13718/j.cnki.xsxb.2006.05.034	https://link.cnki.net/doi/10.13718/j.cnki.xsxb.2006.05.034
CNKI-20260826104202735.enw	Conference Proceedings	玉米核糖体失活蛋白对3种微生物生长抑制作用的研究	郭燕姣 王静云 王林华 陆秀华 姜国勇		2006		https://kns.cnki.net/kcms2/article/abstract?v=hH4QDuxDhLSU3YQQ4zXXxiev9OVOxkPkNV2TISqy0kkwkMV7an7QfazZ024iqp1Mr9kva2wMxjsFf30dw40RURcVzH36EIldtdBaU1HycZCQSRy69RDxViK3zOFWXhXhtVPfCybWJMIHDKSo7El_oq3HzN8SkJsRojlO5uepRNBC6hxvp24u0IooMpYOLMGL&uniplatform=NZKPT&language=CHS
CNKI-20260826104202735.enw	Conference Proceedings	核盘菌非寄主抗性的初步研究	郭学兰 董彩华 Martin Barbetti 王德虎 刘胜毅		2006		https://kns.cnki.net/kcms2/article/abstract?v=hH4QDuxDhLSU3YQQ4zXXxiev9OVOxkPkNV2TISqy0kmAbxwP7bhpj-ioflsXd77dzKCFoZknrw3KVYHvX4-Ujoyxi40Dbk1Azf5CYqQkgrTr2CmQTarN25uG-7KyyNmw2GuC1gSYLPkkyWrOxuDBqj80Ipl_HhPhtRJUNy0WrDvQXwfMaTMgAy0CJtolApCK&uniplatform=NZKPT&language=CHS
CNKI-20260826104202735.enw	Journal Article	植物病原毒素	何凡 范鸿雁 华敏	热带农业科学	2006		https://kns.cnki.net/kcms2/article/abstract?v=hH4QDuxDhLROeCOOK-iSzNQ9_4wBMUJZppOB65cptsvpss4hSprx1NbiOcnh_asU4h8q70Rrg89VXh0O65AAZ322dE5Im4Z5Cyl6fSw5Yd2je6kXDyIQqNJtaMqkWN_EGHvScxHQe41OjzWajyDJKPPurLxLrN4rgXTeTUUmH1okDqr_5i9GJg==&uniplatform=NZKPT&language=CHS
CNKI-20260826104202735.enw	Journal Article	玉米制种田纹枯病的危害和防治	文信连	作物杂志	2006		https://kns.cnki.net/kcms2/article/abstract?v=hH4QDuxDhLRY-kCtjoEPmcGI_g3oOKbIUz5mVg52RPakpfKkrvkmYzqqlwn8FUrXHeAtpRKh_rAnZ7OUCWrYQ2uqJhefhgu5MYVAQI0QMnggek5uktdHRB_SQn-kV8bNE0-jktC8KeQ0peIbDgfiqwi0hceBXWEw20SQErmn4wQtWOrkW-8y9w==&uniplatform=NZKPT&language=CHS
CNKI-20260826104202735.enw	Journal Article	玉米细菌性茎腐病发生的原因及防治	李国利 于艳娟 李楠 王学臣	天津农林科技	2006	10.16013/j.cnki.1002-0659.2006.03.013	https://link.cnki.net/doi/10.16013/j.cnki.1002-0659.2006.03.013
CNKI-20260826104202735.enw	Thesis	玉米大斑病菌黑色素性质与功能研究	曹志艳		2006		https://kns.cnki.net/kcms2/article/abstract?v=hH4QDuxDhLQQ7W9k9r0H0DMHySAeRBrFyGObxyDoYmM1R_HOxV3RTJXBIDfaZnMHO6CivjqnBohDT2oYo79RyzmtBMkToHVjPznlkhKfPelUgkw1v1dlTeqqk4_rnC97uwL0UzY-Od4iuQzLOGqdTCy_75NJqudKAGD0PWQB2KIw7mewn0WaC3Jde1RAlFTb&uniplatform=NZKPT&language=CHS
CNKI-20260826104202735.enw	Thesis	套袋苹果黑点病初步研究及甘蔗花叶病毒HC-pro基因克隆与蛋白原核表达	郝兴安		2006		https://kns.cnki.net/kcms2/article/abstract?v=hH4QDuxDhLQQBfIcWqLTRTbOka_D0cfCELxrAx5uL7jvBBI2Cr5QbUoCcWIhGfB01D8SMRjMiRN4A6HO7KuoVbDRWP9BwaVZ0GyqGtLfpF5KxKg4v_V9t3_iyzsuKMLK2hSjzDd4XmZqxO3uRsJk252oimscvOeQRakezvzTFjR5Cr5HCd6JccA7hB93QWeC&uniplatform=NZKPT&language=CHS
CNKI-20260826104202735.enw	Thesis	玉米条斑型圆斑病病原菌的鉴定和生物学特性研究	王琴		2006		https://kns.cnki.net/kcms2/article/abstract?v=hH4QDuxDhLRMQLlnav7ADXlizeGL4vO4aZlVJ3dJi_xlNru4tHexqggtULexsOGK3YhCSacWmU-wKPFUJ2LqejobI6Fu-o522xkYUxvMQj6kyOIbCQXGwyi749Y62dRp59pXzD_05C3qR5YaZugPoq366rMoYy-DrqQKoOlCHqJ6G7WLMW2jYMyrhe6tpHai&uniplatform=NZKPT&language=CHS
CNKI-20260826104202735.enw	Thesis	陕西猕猴桃细菌性溃疡病的生物防治初步研究	盛存波		2006		https://kns.cnki.net/kcms2/article/abstract?v=hH4QDuxDhLQYabn_VMfYP2LF8wR9PHoxJCTUmvsQYuFh4dKmxjQuWm1GZsJ30WSw0uMXwaJdwcR4U2DUuEHCQkPqC3gC6Zhmu9DK-fzi1OddiAgMf5wml5_l8OIqo8reOPm70WmPZLVF0bVl8mFb3G4yVQZz5oKXdEeqmZffzyOQK-4qAVAfBMvSCado9Isw&uniplatform=NZKPT&language=CHS
CNKI-20260826104202735.enw	Thesis	月腺大戟杀菌活性成分及其衍生合成研究	陈学文		2006		https://kns.cnki.net/kcms2/article/abstract?v=hH4QDuxDhLQYabn_VMfYP2LF8wR9PHoxJCTUmvsQYuFh4dKmxjQuWi04AtTyf2wAD4G82HsPrG7hUVI5itFQ-nnKNtzCLjQEHZ2de3Vr8LzE9lVm8CFSLF6HJk1XsUAbv4mtRpuvB1TmhR5iliGKDzEQuzPswYOaGzfnzJzbgINuK2ziTryHzyaQ3f9KE3RV&uniplatform=NZKPT&language=CHS
CNKI-20260826104202735.enw	Thesis	芽孢杆菌Q-12的鉴定及其抗菌活性物质的研究	王军华		2006		https://kns.cnki.net/kcms2/article/abstract?v=hH4QDuxDhLSaTETCL2yEnNQrhv7mfoA8CpWWpupJYDcraQpOWV-TheE_q4rMB9XC16BAeVUckqL37lk6QrXCJXI9614XBSF7w9tyaRQUy9-HUUMEYRQTLMt9slLDiJLEi-ATV9aUbveIph9l5sQ1XDXMhnDs71cW5Kquhr5tO47JTm5XH4w6aD3gMh_yGbLt&uniplatform=NZKPT&language=CHS
CNKI-20260826104202735.enw	Thesis	大丽轮枝菌毒素对棉花黄萎病抗性的诱导	范尉尉		2006		https://kns.cnki.net/kcms2/article/abstract?v=hH4QDuxDhLTqcctsNsYiQk_Dur23RANUMCtCzeGF03_igL7-aNVKHWTtEy4Uebb5Tn5hZ00uj8Ty3D827Xr-RDV1RHs4Og8_MLCu14cp3BBQpxffh4Hl438cJZYh-4pNP1SkTEpdFUEB97T4lJJ16v2n_iM-7xoDUrbFqcYNL318UZk8BRB0v5zYE6dMC6El&uniplatform=NZKPT&language=CHS
CNKI-20260826104202735.enw	Thesis	枯草芽孢杆菌TU100的发酵条件以及抗菌物质的研究	赵瑞		2006		https://kns.cnki.net/kcms2/article/abstract?v=hH4QDuxDhLTw1eBWsXKteSX_SHvmB9we31W6Ja225l4RrOaxOeGhO3MBqWNhmPdf4tsoEav53V-kavPJEVlItJ0b0lm8cl-1yfuY_OM1PDvAx6APXNxBr6DkiTCJXpc9cptKpIPO5Up2EoNSFwOZR9CIeYujoSuDucHTYMNVYXYgYgsnD3ozJ0MNx9jwwsKP&uniplatform=NZKPT&language=CHS
CNKI-20260826104202735.enw	Thesis	球孢白僵菌原生质体遗传转化研究及其杀虫相关基因的分离	马德良		2006		https://kns.cnki.net/kcms2/article/abstract?v=hH4QDuxDhLSc0ACFEka_BF_BU2oLYrrb6ANK_rLGsZPQ90vhn3OXfaZEH5o9AYhnKvVYTj-ixuKEqeD0stqmDb0fDDmZ_XcJF3snP44fcE4ldSoIL7kFLBySkeGJ7Su-tACWZ6oB4R9vQizc6NpLeGcS6MU26KfbwwlOBNMTyapI2P4k_vXYA-rdHiq4sHST&uniplatform=NZKPT&language=CHS
CNKI-20260826104202735.enw	Thesis	新月弯孢菌营养体亲和群研究	余霞		2006		https://kns.cnki.net/kcms2/article/abstract?v=hH4QDuxDhLQQqqQEkdzpnHqlpVVMgbBqW0LLRQ2ZBB8OumoStwQ-oym6BxGAJ0sQdQy2CtpPvF5oLP92bs2K-V5XHQna87MDScd96hJHoj_wBj_Agc8OaCrqi9zF8u_dBxeBtB1GA8WOesXqgIXf_sygbMvEzLS0SelzGMfsnO33YBuK7cdHpVsIM5UenT_a&uniplatform=NZKPT&language=CHS
CNKI-20260826104202735.enw	Thesis	利用病原菌毒素筛选抗根腐病苜蓿（Medicago sativa L.）的研究	刘海波		2006		https://kns.cnki.net/kcms2/article/abstract?v=hH4QDuxDhLQQqqQEkdzpnHqlpVVMgbBqW0LLRQ2ZBB8OumoStwQ-oxI8S1o1PoWiikDXKSSequAcCyXkqHim1PfknwgHRjUZYUpIb-w5V9qe0B7WAWrMPveqTaQaaJ-0icrdiyksEgjBV3tEocACXPV65JPL4R4lyqvFsuvCoZY9aYcfS01D6sET35nNEOou&uniplatform=NZKPT&language=CHS
CNKI-20260826104202735.enw	Journal Article	玉米粗缩病的研究进展	秦国正 王飞	山东农业科学	2006	10.14083/j.issn.1001-4942.2006.03.048	https://link.cnki.net/doi/10.14083/j.issn.1001-4942.2006.03.048
CNKI-20260826104202735.enw	Thesis	长白山有毒植物提取物及核桃楸两种单体的抑菌活性研究	李翔国		2006		https://kns.cnki.net/kcms2/article/abstract?v=hH4QDuxDhLQs0948xYBSS5xzd7eTmerz6RiAPbJwT7tcg_qrv8uzq-oDM8T2w4brPbKWdJz19g5yg8HuioYicywMAjPLB5AD9PE4gUJJhXpLR6wINxg2P374gCxR3WI7aycw3eSjzxHjyCu4B9vf3bmplCI6VSyC5MEYa7plBSyXG37644LKAwaUUdkRFS_d&uniplatform=NZKPT&language=CHS
CNKI-20260826104202735.enw	Thesis	立枯丝核菌AG1-IA诱导玉米差异表达基因的研究	张志明		2006		https://kns.cnki.net/kcms2/article/abstract?v=hH4QDuxDhLQs0948xYBSS5xzd7eTmerzf1ZZaJCfXtIhE80_lhyX4MxxtyDphsfcFwRZD7so0Sim5nEya-r9IwU06CXjQSNdA_sM-r3LPbEwjOcR2CUq_5OqqtQcSBeVhS6I2f6UT3RivvqyWk0wCKfRMk5od7oxBJkR_B6pTMSY6DiOcLDt8oKj5T98JtnY&uniplatform=NZKPT&language=CHS
CNKI-20260826104202735.enw	Thesis	植物病原真菌CYP51的克隆表达及多克隆抗体的制备	张山		2006		https://kns.cnki.net/kcms2/article/abstract?v=hH4QDuxDhLT7WlfpA23p20Rm3lGW0TOdirETP-Q8vh_yzlMbUbHyP9z5FZsQVu7ip_v2Hg1_qqmrS2UlX_qH6VdpKJBRKui35wqDDrge97HYvKG76V8Pp6GNzhoGR2k_m_X4yafYrpjli2aWZr1xA4kNaha_gM-ObmDYwMduUr_s0jFjY38ZJ_lGkzMAy23w&uniplatform=NZKPT&language=CHS
CNKI-20260826104202735.enw	Thesis	银系无机抗菌制剂和丝柏油醇用于防病种衣剂的研究	孙超		2006		https://kns.cnki.net/kcms2/article/abstract?v=hH4QDuxDhLSzMKRhu9rxjVEhbmR7Rj1BaoIET3XeeG0gkT0jI-xSmG1hU60DAa_RDmuazGD97_Vm0ejxV7ESmkRZlyCATHfhCjp0r86AJgvNT83t4rS7pFGzmn-s9zNDQ93RYYj_irT--sv4BjD9r_AWzFl3V3bnC6xcgLNrfykY741QdKoV8cpLcbxZMBDl&uniplatform=NZKPT&language=CHS
CNKI-20260826104202735.enw	Thesis	牛乳中芽孢杆菌的动态变化及部分生物学特性的研究	韩永霞		2006		https://kns.cnki.net/kcms2/article/abstract?v=hH4QDuxDhLQFyfRcKaD-b2vY572DQwrlQD1atJhkeJAtuOrKHu_E0Jub22oFtZy6d7731QggEynkSEjKZ-iuPeK2x_csGTyvOMBNUqkDzIq-Sn8fM75FzArQIlICt7NM7QmuUF8Ijou9ZiHnw02uqKJep6wGAys0ke3yqJ9qwf8Prm2oEiEzTAl6VgE-EILt&uniplatform=NZKPT&language=CHS
CNKI-20260826104202735.enw	Thesis	高产木聚糖酶芽孢杆菌的分离筛选及其酶性质研究	秦玉花		2006		https://kns.cnki.net/kcms2/article/abstract?v=hH4QDuxDhLR2ceaMkXvs7KsZW90LWhd2Ylp8TCz7KN2bGOwdPEfj0O3EEazQKDF6yfqPfKkeLaE4u46W9HBAi8SAb3BwEb1lMmilpYFpZVGpgp7cZKxyZFemQJduvrnehenYzPFrD0z3SnJOMt3OZUHibrTtvMRsZLoH0KT5016pCAmNjl2JGmpmE1N4ZgBn&uniplatform=NZKPT&language=CHS
CNKI-20260826104202735.enw	Journal Article	玉米鼠耳病及其介体二点叶蝉研究进展	李小珍 刘映红 青玲 李雪燕	生态学报	2006		https://kns.cnki.net/kcms2/article/abstract?v=hH4QDuxDhLTM24hBYyUYy7bkQhASCh2qQI88i3RmAgHoGVusPZFu4F3Ar9_VpZpHgWaFoFzWZlrLrMuecvUopBht1B7YCFz8TLGstntQKq0ExIg1afhBPDZliNFut5q_pLYY06mHp8oBK6akEokezYI02LBpjLb07DrHXfi4V89HBhnhUhVZJQ==&uniplatform=NZKPT&language=CHS
CNKI-20260826104202735.enw	Journal Article	宁康霉素对植物病原真菌的抑制作用	刘丽 胡江春 李晓茹 张仲良 薛德林 马成新 王书锦	沈阳农业大学学报	2006		https://kns.cnki.net/kcms2/article/abstract?v=hH4QDuxDhLT6_0_5i83webfphQ64gy34VmH2QhZz07xZ5ZLULzWOwHkYLllCevyWAogZ5rRYjES8ajAvxx_8yjkcZwT0XFiq2Zzv7MHRX14AP52CqInYL9ZYuqyvc6rjAS6Jj2lPPtp4j5_5xSKXnrwP7xpSooj74nnGr5FLDw3lKeefIUYu4g==&uniplatform=NZKPT&language=CHS
CNKI-20260826104202735.enw	Journal Article	玉米细菌性茎腐病鉴别与防治	郑雅楠 吕国忠 杨宇 庄敬华	安徽农业科学	2006	10.13989/j.cnki.0517-6611.2006.10.056	https://link.cnki.net/doi/10.13989/j.cnki.0517-6611.2006.10.056
CNKI-20260826104202735.enw	Journal Article	菊苣根提取物的抑菌活性研究	徐雅梅 呼天明 张存莉 吴洪新 杨亚丽	西北植物学报	2006		https://kns.cnki.net/kcms2/article/abstract?v=hH4QDuxDhLTi8npLQf-7yhSAq91El4dUqQlSd2c-cKhypCj-eslicJmV_cliDy3EXVGY1Jd2DNYSW-dqldOzDsZAsg9CiRhiCzIVYRf4Hx_hdOy_BhvhV0z04tjsKt4jiW8ywuUXEc-B2YEHDuwCGZixmEikLCKf3p4TMhTFLswWH4vxz5K-vw==&uniplatform=NZKPT&language=CHS
CNKI-20260826104202735.enw	Journal Article	油樟油对植物病原真菌活性的抑制作用	魏琴 李群 罗扬 吴彬	中国油料作物学报	2006		https://kns.cnki.net/kcms2/article/abstract?v=hH4QDuxDhLRdezEHEb6ezIN27eMkpgi_-JIX6HHkdFmYjf150TFWb69goIsV2z1MU_jM0I8S1548vOiAhT6bqGQ01ZBK_cN5HioxGzxHJX6qy_RUqZcQAqcFUgP6kJzV9lKmimg_v_uOYK2jxwWluS8xCNyppcvoKGl-MU1GUde_Bq7mYQ6RGw==&uniplatform=NZKPT&language=CHS
CNKI-20260826104202735.enw	Journal Article	延胡索、白头翁提取液的离体抑菌作用测定	申晓慧 李翔国 刘海峰 全炳武 田官龙	延边大学农学学报	2006	10.13478/j.cnki.jasyu.2006.01.009	https://link.cnki.net/doi/10.13478/j.cnki.jasyu.2006.01.009
CNKI-20260826104202735.enw	Journal Article	新农抗天山菌素的杀虫抑菌活性	胡珍娣 林壁润 谢双大 徐汉虹	植物保护学报	2006	10.13802/j.cnki.zwbhxb.2006.01.015	https://link.cnki.net/doi/10.13802/j.cnki.zwbhxb.2006.01.015
CNKI-20260826104202735.enw	Journal Article	昆虫病原线虫共生菌杀虫毒素对亚洲玉米螟幼虫的杀虫活性	王欢 丛斌 栾军波 于娟娟 董辉 钱海涛	农业系统科学与综合研究	2006		https://kns.cnki.net/kcms2/article/abstract?v=hH4QDuxDhLQKprbROZ3jDEd5NFzsxJH-DotiJCbxqFxjh_xWEZajE2OvSw_ziTw7veXMJpLL3zypdiuWdbnGNYnqfMbIe7Sb9lKysPRg8i-9aYWRVp32KDrinTiIZ_cKodbb9L41ZRKXFWAMrNvJHZM8BFoVAJFFq_h-oMkbRvc9DXMo2Nor5w==&uniplatform=NZKPT&language=CHS
CNKI-20260826104202735.enw	Journal Article	玉米细菌性病害及其防治策略	郑雅楠 王晓鸣 吕国忠	作物杂志	2006	10.16035/j.issn.1001-7283.2006.01.031	https://link.cnki.net/doi/10.16035/j.issn.1001-7283.2006.01.031
CNKI-20260826104202735.enw	Journal Article	植物病原真菌拮抗放线菌的筛选	李丽梅 纪明山 王新一 李新	安徽农业科学	2006	10.13989/j.cnki.0517-6611.2006.04.060	https://link.cnki.net/doi/10.13989/j.cnki.0517-6611.2006.04.060
CNKI-20260826104202735.enw	Journal Article	不同生态型拟南芥对植物病原真菌的抗病性	刘颖超 邢继红 翁巧云 董金皋	河北农业大学学报	2006		https://kns.cnki.net/kcms2/article/abstract?v=hH4QDuxDhLS_dNVUQ9AE8emplDoSHf5dvC-rNmwgV2N7TqUoFM2C0WkdGd_oxS2VGafzNm4Idl0DoofbOTIrZiZ-W9reHTGfq96kZdEVCgdcs5CXvLaZ663Yu5Z8hFeUU4JpL8D_q9BLa1_7Jug9qeAdV07z3kQQjrqfPAnXOQRPvsmNyatQBg==&uniplatform=NZKPT&language=CHS
CNKI-20260826104202735.enw	Journal Article	4种植物提取物对植物病原菌的抑菌作用	李丽娜 纪明山 李艳丽 杨春喜 宿宗艳	农药	2006	10.16820/j.cnki.1006-0413.2006.01.023	https://link.cnki.net/doi/10.16820/j.cnki.1006-0413.2006.01.023
CNKI-20260826104202735.enw	Journal Article	生防细菌BMY-1对几种植物病原真菌的抑制作用	暴增海,马桂珍,杨文兰,齐惠霞	中国植保导刊	2005		https://kns.cnki.net/kcms2/article/abstract?v=hH4QDuxDhLT0ndF42-3Ms9d3_sHshs9vCSeiNm5E9cMIYFYf4CGJ5MGlAdvFkYgnOnXZjjAFYaRm3v1WCorBkUndzk0MQR01xg4JHjU8s2kMEOfm9Cuj2-m_Can9bScWI7ICM7_Mx9AqjoVNELlo6IoZTQCKYfmK0b4FyHs-z3gmTG1Ef188EA==&uniplatform=NZKPT&language=CHS
CNKI-20260826104202735.enw	Journal Article	鹿白色念珠菌感染的诊断	张新成 陆慧君 孙智勇 李研东 梁焕春 邓旭明	吉林畜牧兽医	2005		https://kns.cnki.net/kcms2/article/abstract?v=hH4QDuxDhLTwYLqNpJ-8b-o1pI_uxdXE9p05ODZ6Q2HyIx0C1PI3CLQGEfuxeKtKETDIYfFB_7pUyz8PlIsSITu7YZTs0Bae_UsEEkHivwfUF7hzXfDMBRuIfVm4Yl1XUBbRMlGlQvbCn1OxZb8zf5vwcchzxltLcphTzVuNIuGbjpTzfnlVzQ==&uniplatform=NZKPT&language=CHS
CNKI-20260826104202735.enw	Journal Article	新兽药研制管理办法		北方牧业	2005		https://kns.cnki.net/kcms2/article/abstract?v=hH4QDuxDhLRuwGOHWxjkcd1bNhj2E6_mtBj7tukjT3lYM1nXTb3SoJJT-5t8igiyXjdNoJqNB8AGLruPx55JytgGlbPikuarzHUCyTr6pj_9I_FaRam-zywWOJ8BRVRlvhP0rNr0dBbM1lnM1-u__3neEyphPlTVAmcrgtKkXUupag7ipQLxxQ==&uniplatform=NZKPT&language=CHS
CNKI-20260826104202735.enw	Conference Proceedings	重要植物病原生物分子检测技术及试剂盒研制	郑小波 王源超 胡白石 刘凤权 郭坚华 徐建华 林茂松		2005		https://kns.cnki.net/kcms2/article/abstract?v=hH4QDuxDhLSjG9kek3L-tBJIzAYlog8kY08KFavk1ujDZUqEEUWAB7l8HdGLPJc7p6UjnNwrAwHZ1Pd25LGNiyLxWA6NJskyYjc9tuXUEGx_0VGmmUOBmHZNSUFjmMQKgw0eY9OgNjVhA1I9omVe78ZzFdlt7stGCDHRI7k31S8MPjBTcbbp4A7VDam59lJA&uniplatform=NZKPT&language=CHS
CNKI-20260826104202735.enw	Journal Article	玉米丝黑穗病大发生原因分析	赵跃华,王秀萍,程晋清	山西农业	2005		https://kns.cnki.net/kcms2/article/abstract?v=hH4QDuxDhLSjG9kek3L-tBJIzAYlog8kgutufcGXPqzvXBmPPsoIaWoYaszOjF70_Ct4D9jT-krR58ic63JdVTNu_sGgKbvXnz8mF8yPfe_QHW8prDTTMbR5wLPRwB2qksbD3Bu9vpcOeSSJlV0rCCtoHnTFa8YyBoA017CtsZRzUdR-F-4Ipw==&uniplatform=NZKPT&language=CHS
CNKI-20260826104202735.enw	Journal Article	植病经济与病害生态治理	谢联辉,林奇英,徐学荣	中国农业大学学报	2005		https://kns.cnki.net/kcms2/article/abstract?v=hH4QDuxDhLRUJ9c70bfnr6E_tb0yVBU7OJprvHufCKjt3DbEyxwgF1YLPqrQ0reUFgDuHXfSmPMKAcC5CWxRJak_hWvDt6GeQK_pV4_FHDY1SiF0lgYgMYz8OiabYUkgOboYNlZDKyf39op4AXN8VMeFVzqjn7hwSMP4nVPSkHuYpSJx7FwAMA==&uniplatform=NZKPT&language=CHS
CNKI-20260826104202735.enw	Journal Article	东北地区农田主要杂草的病原真菌及其地理分布	潘丽梅,白容霖,刘伟成,王文众,李宏宇,胡汉桥	吉林农业大学学报	2005	10.13327/j.jjlau.2005.04.006	https://link.cnki.net/doi/10.13327/j.jjlau.2005.04.006
CNKI-20260826104202735.enw	Thesis	百日草链格孢菌毒素的生产、分离、纯化和鉴定及其作为微生物源除草剂潜力的研究	李荣金		2005		https://kns.cnki.net/kcms2/article/abstract?v=hH4QDuxDhLQCMt49l51d9MzO63bkzsPglW4HbPE6BQXy6fgXp0gnGireaRVf3qKYDUAZ4lPN0X2YW-rt34bvHMr7glNq7kev0NlLlj1jFM6bYr1Xafg7Qb2670JPxkPUPsvESNT2ppd5O7b19yH_CDi_-pWs3xumTlEUyoy7qXDnauqRFePL1scQas_D8Xpg&uniplatform=NZKPT&language=CHS
CNKI-20260826104202735.enw	Journal Article	10种中药植物对4种植物病原真菌的生物活性研究	陈仕江,丁伟,杨帮,吴孝波	西南农业学报	2005	10.16213/j.cnki.scjas.2005.03.019	https://link.cnki.net/doi/10.16213/j.cnki.scjas.2005.03.019
CNKI-20260826104202735.enw	Conference Proceedings	化学药剂防治玉米病毒病田间效果	尚佑芬 史修珂 王精勇 赵玖华 路兴波 王升吉		2005		https://kns.cnki.net/kcms2/article/abstract?v=hH4QDuxDhLR8CFPU4I0DnJ3KBnKeUE1eIRGOagfFDzLm806DjZd1QYe4JM0bocy0oIbOs7ctRWRLJU5WtflhYD6TXr_B3yeX9QDjkHrSU70ymwwYiKXaOjpwibtovmQMj0VXEnYo-a9oBcn5xaUuCJMhV95mQ7MQxMBkHz57dKZyYGSsi1Do7g2yxYce36b_&uniplatform=NZKPT&language=CHS
CNKI-20260826104202735.enw	Journal Article	植物抗真菌病害基因及其应用研究	夏启中,张明菊	武汉职业技术学院学报	2005		https://kns.cnki.net/kcms2/article/abstract?v=hH4QDuxDhLT2js_IT0810VnoErLHEcG3WNh5VIPl0NgZ0OO3ee1vgoTdIKiGAUnYqi8zCQIAD7qrMtyroYYhKgLSOqYI1_Kg-BAMfUTcgsBDYA2Uj75Qx8GGMBuF5RMwEzognSNk7cfMd8LsEFuwGmBEfi8oO-StTn3uzUk7FiyzK4lwNPCbqg==&uniplatform=NZKPT&language=CHS
CNKI-20260826104202735.enw	Journal Article	蛇床子素对植物病原菌抑制效果的测定	黄昌华,杨天武,肖凤平,林开春	华中农业大学学报	2005	10.13300/j.cnki.hnlkxb.2005.03.010	https://link.cnki.net/doi/10.13300/j.cnki.hnlkxb.2005.03.010
CNKI-20260826104202735.enw	Journal Article	携菌赤眼蜂防治亚洲玉米螟效果的研究	孙光芝,张俊杰,阮长春	吉林农业科学	2005	10.16423/j.cnki.1003-8701.2005.03.002	https://link.cnki.net/doi/10.16423/j.cnki.1003-8701.2005.03.002
CNKI-20260826104202735.enw	Journal Article	消息信使		中国禽业导刊	2005		https://kns.cnki.net/kcms2/article/abstract?v=hH4QDuxDhLQMxJ7LtodWzcMTiDbkynmmpuuOGbKPQqL6RqSmfYgx_3YzBlK8H6tvKniObWw-Gpbfo9fctPbzeanHD9rS_O-4gODRl084DEupz51W9XQ2AKq9qdSmFBKgTTpz9hcUkjLzuusjKG9mtDP0zt1dfAJpdj8y9TTG2kPwHDGLyVEq7w==&uniplatform=NZKPT&language=CHS
CNKI-20260826104202735.enw	Thesis	木霉菌的生物学和生化特性及防治草莓病害的研究	朱虹		2005		https://kns.cnki.net/kcms2/article/abstract?v=hH4QDuxDhLSGyPtE_Y4G0IEpv97MHpt8NrxSqGG8xaahzH7dTJgtNj2-2ACZeREr-JagFYXMdhp1FXO1BVVXHvsX9bDtLklJ3hSN0qVr8oMUogbISgmzd74YZGj74MVwS0lNKAMBYVskepMNdFWxIXUuA26he5rhuKVJnI7PrQ1l6ZexOlsLugE3qifNqTHl&uniplatform=NZKPT&language=CHS
CNKI-20260826104202735.enw	Thesis	蜡样芽孢杆菌A-47增效因子的筛选及增效机制初探	焦文沁		2005		https://kns.cnki.net/kcms2/article/abstract?v=hH4QDuxDhLRy8Vf_srD-vid8ibSX51pfaYUzvY0ujE0xROv2ig9yY48YhpW6CXEcLDH-t0fau1fUyfSVS2EBHT6cQTeFDiK5B6FUKnP6I31FXnTRKjylOykRfay4M0nCSYG7SfqtmoqJS5mNdp8UZCC8yNEDwNMyMLua9F5-onnH5pFTsAKQl-iDnA1XQCiG&uniplatform=NZKPT&language=CHS
CNKI-20260826104202735.enw	Thesis	木聚糖酶产生菌的选育、酶学性质及xynA基因的克隆表达	崔月明		2005		https://kns.cnki.net/kcms2/article/abstract?v=hH4QDuxDhLRy8Vf_srD-vid8ibSX51pfaYUzvY0ujE0xROv2ig9yYyY75Yxjli1k9CKt4Z1yu0J6_MbFcpA5OeNTPaL_JV40lrc6_Me5_DDWh31UK9PKIQINN6FTS-gsPAnY_cnRJO7znPusQ48s4X6Z3FoUepM-LjnpJ3sRco8g6pUCSZDhO7aqHxgUZw5a&uniplatform=NZKPT&language=CHS
CNKI-20260826104202735.enw	Thesis	辣椒抗疫病体细胞无性系变异筛选技术研究	齐飞		2005		https://kns.cnki.net/kcms2/article/abstract?v=hH4QDuxDhLTsgDbgrn0UARwGN6YT-xtLDc1O8INwNbWKP3KzO6G_13joOfy_bLKrOXhiE5a6Ll68PSHQsqNAUpIx0jOsgaObp4Zq3yL--NjoZMkwOPcib2YT59j3efCA_kWM4GLQsDr3WssKTBuQ3grM-6vZxwQ8ltMCjaWyV34yzryyZbEVFC8xgSzVtdfl&uniplatform=NZKPT&language=CHS
CNKI-20260826104202735.enw	Thesis	青枯假单胞菌拮抗微生物的筛选、鉴定及发酵条件的研究	冉红艳		2005		https://kns.cnki.net/kcms2/article/abstract?v=hH4QDuxDhLSrx5jHGdGkEr51yDyiA-vB981vv_gAnnoJ_f0-89JVMpgLWaPbBX3H7m_O203AWtuTkNEav73BL3bikylnB2cSzRp11hd65khfjIL_rvvygb9EudYhNLEruUkZMEFTN3NdhcTXe6qbC666wy-Sc4xsk7QeqKrgJm_ylPweTamlg0wzIRUid2JB&uniplatform=NZKPT&language=CHS
CNKI-20260826104202735.enw	Thesis	芽孢杆菌WSHB04-02发酵法生产碱性果胶酶研究	张健红		2005		https://kns.cnki.net/kcms2/article/abstract?v=hH4QDuxDhLSrx5jHGdGkEr51yDyiA-vB981vv_gAnnoJ_f0-89JVMg2WhxTa4l5sPbyMEcYdq0bjZkYHqcHLGWR7StyWnIf0YK34WyMmOxZtwRj7bxqNMw6Rjyji9FZDwzGMtJl0egl9iwzUaLa7sGk_Ab89OTpVppaJ2lWO2mzNkpJ-tzF21X80BrEh-UAh&uniplatform=NZKPT&language=CHS
CNKI-20260826104202735.enw	Journal Article	我国水稻黑条矮缩病和玉米粗缩病研究进展	陈声祥 张巧艳	植物保护学报	2005	10.13802/j.cnki.zwbhxb.2005.01.020	https://link.cnki.net/doi/10.13802/j.cnki.zwbhxb.2005.01.020
CNKI-20260826104202735.enw	Other Article	江苏省玉米粗缩病病原病毒的RT-PCR检测	吴淑华		2005-01-01		
CNKI-20260826104202735.enw	Other Article	我国水稻黑条矮缩病和玉米粗缩病病原、发生规律及其持续控制技术	陈剑平		2005-01-01		
CNKI-20260826104202735.enw	Journal Article	产中性蛋白酶菌株B4发酵条件的研究	肖怀秋,林亲录,李玉珍,赵谋明	食品与机械	2004	10.13652/j.issn.1003-5788.2004.05.006	https://link.cnki.net/doi/10.13652/j.issn.1003-5788.2004.05.006
CNKI-20260826104202735.enw	Journal Article	玉米矮花叶病病原河北株系的分子鉴定和外壳蛋白基因的序列分析	吴志明,赵和,王云逸,温春秀,谢晓亮	河北农业大学学报	2004		https://kns.cnki.net/kcms2/article/abstract?v=hH4QDuxDhLTn-ZHruomobocBOJeXNWlCPnQcQB46g4WNjLdyzkH1KeHS8HpxksnPlZS3hDdSIpRKAZSfU-0Xzmo4KfsotlJwfdRmFpOj1FZe_S3kPZqjM6regAMbDwMZcrrDsQhg0BxX3zDP7IH77DQjv3728U2mStP3AxD15HsZ_50sCBt-AQ==&uniplatform=NZKPT&language=CHS
CNKI-20260826104202735.enw	Journal Article	麻疯树毒蛋白(curcin)的抗真菌活性研究	魏琴,廖毅,周黎军,周锦霞,王胜华,陈放	中国油料作物学报	2004		https://kns.cnki.net/kcms2/article/abstract?v=hH4QDuxDhLSEEkY_DOZBkI9ft2XUi6sjzNnPHZu13RnZtmbX0SokrDkG8L2ntfye7NqDIj9a2SGvPuFFwJ2uFEpvfeElMWsiJIOT80AzEEcLbHaWuizgOPQuvT2fISmXDAPfLUcvluOzPfVYg9GVEDK_hCGUwAh3h28_p7fHBPimftjEU39q2Q==&uniplatform=NZKPT&language=CHS
CNKI-20260826104202735.enw	Journal Article	玉米矮花叶病毒生物学特征研究概述	景岚,姚学慧	榆林学院学报	2004		https://kns.cnki.net/kcms2/article/abstract?v=hH4QDuxDhLT7XfYCLVa8Yv3C7rz4KXUdVeAzk_AJ6z_f5E4E65kYaPonY-_wsXlrgzwn9kNSQ0JYiotDl9_mSkCBXV1OKfUWM3QbqEku1wB6XNAe6xaOD5TlxK-fu9mAPiOxjZ9tUU7RUoILArPLalhm24RqPWfXkWyj985Dusepx8ZJsKyXUg==&uniplatform=NZKPT&language=CHS
CNKI-20260826104202735.enw	Journal Article	贵州辣椒疫病病原鉴定及生物学特性研究	杨学辉,肖崇刚,袁洁	西南农业大学学报(自然科学版)	2004	10.13718/j.cnki.xdzk.2004.04.010	https://link.cnki.net/doi/10.13718/j.cnki.xdzk.2004.04.010
CNKI-20260826104202735.enw	Journal Article	玉米叶枯病的发生与防治	薛秋生,李英,田宝库	现代化农业	2004		https://kns.cnki.net/kcms2/article/abstract?v=hH4QDuxDhLS3Vf2bFdx8gGpsYRHQfYhDWXOzOctIDYhcJND3W8tnQkl4xo6Mq5SXrVPkaOPojYft3VOFT3Q_JDmuc_dZd-v4Z-xb2-ZAhLi20lx8z9kelo-wGZOGwtQ98wqyjZMMs0IR50w7nXr4ic2N_xKy2FcYrP8glCP1_gbT8AZ8aNhpDQ==&uniplatform=NZKPT&language=CHS
CNKI-20260826104202735.enw	Conference Proceedings	昆虫病原线虫共生菌的杀虫活性	王欢 丛斌 孟亚莉 韩冰		2004		https://kns.cnki.net/kcms2/article/abstract?v=hH4QDuxDhLSFdOrzxReSBKi_p_-FXNZQ-l6MAQGlglda3GWIxLSyM8zBi1MaRguoz85njiewtcEdfPy_9kdsKrt5adx8PiT3_5r7eNnjvB_h6DERudjSmz9qhZxVVyAyj9hBcXK7-bSvYhG1mLSTibguqZ_bXWWc_7tMyxMq09wK7wUC1bu1q-gKoowzo370&uniplatform=NZKPT&language=CHS
CNKI-20260826104202735.enw	Conference Proceedings	植物病原真菌毒素研究进展	肖计玲 温变英 李文英		2004		https://kns.cnki.net/kcms2/article/abstract?v=hH4QDuxDhLQpXYuliVRep6WAQxtW2O8_LvQrJnF4hzxLd06fwEd470G5sfmzl387PrIVeyV_SGzbT9F1eeDflaJvTin_bg-SAbAtuvAJ9MPWdGyGrV-Y7XckwC3CKM_O3OfzyOKu8gqlNVzfgmSqZHVz2LjPqCsZm3EzIzHNfDDhStc4ViVAwmcaOV-hghAd&uniplatform=NZKPT&language=CHS
CNKI-20260826104202735.enw	Conference Proceedings	一种引起禾谷类作物矮缩病病原的鉴定	张恒木 沈嘉乐 陈剑平		2004		https://kns.cnki.net/kcms2/article/abstract?v=hH4QDuxDhLQpXYuliVRep6WAQxtW2O8_LvQrJnF4hzxLd06fwEd470G5sfmzl387WFMaGa8OIwXbQoq-UaFYRQkAdbaywAeZvpwiNoId551z2Zbnfv4scDSuILPzEC2PBYT-B_nAp-cO-RxmGdubJ2PtLOBmn0MjX-_Fh1WIIRGSsLopDvWAkGt2Z2JXanVL&uniplatform=NZKPT&language=CHS
CNKI-20260826104202735.enw	Conference Proceedings	武夷菌素对病原真菌的抑制效果	石义萍 曾洪梅		2004		https://kns.cnki.net/kcms2/article/abstract?v=hH4QDuxDhLSvunNpIhvg9_mRGI7_MHmcwhUvkfvdjD1w7PfsDYMvStJJNV6LZGLzY4aQc6-UOhXP-5QW1ZaqdTUsGyj8sYTzKHaEl-BALMeD6foUwkU6bkWWiefYiAMLLPO57TqjyAR8CFOiuDVZlvBZApOuQEaghzMMZgPe8lmmV8u87FnGbC83yURVvLL6&uniplatform=NZKPT&language=CHS
CNKI-20260826104202735.enw	Journal Article	玉米粗缩病病原和控制技术及其应用研究进展	周益军	江苏农业学报	2004		https://kns.cnki.net/kcms2/article/abstract?v=hH4QDuxDhLQTb9MbCQWKXvQU54jBdSxblv2t3jl5IacyYSrfQmDMHYA3uQXHWfoe2Oy1ouHoJHgSjzSlRE0P3iOJCSMUQymT9GHVSnWLE-P4q4it7FlNZbFzcOf6pRwpl_hMDLDDuc6wb0DlNIM-4mjN--H6Gxnx8baVIR5vUl7VIo4xzqt5bg==&uniplatform=NZKPT&language=CHS
CNKI-20260826104202735.enw	Thesis	玉米大斑病菌MAPK基因的克隆和功能分析	范永山		2004		https://kns.cnki.net/kcms2/article/abstract?v=hH4QDuxDhLQzHdupKQA-ZLW9mJVpdipHCJIU1BoLvlQNsKI-uwWaZgEyKfm_uExMSOV2M0igyNvrehX5dc13uXXHpNM39TCPdEw65ftsEuNdwyLN4DNCqsZW8NsGE3FcLP8sQGDicgIwys9ZTcSXwFi2LGPC-vTTcpWGR-L20E_CavQ08ui5lVwadLGD81ML&uniplatform=NZKPT&language=CHS
CNKI-20260826104239790.enw	Thesis	灰葡萄孢生物活性代谢产物的研究	王惠		2004		https://kns.cnki.net/kcms2/article/abstract?v=hH4QDuxDhLTqKfP8Au6jzM18TRePBB--QYViCLaXqpUHU4G028XkeDRAxlTyfk6RxhSUQy-ErAu_qVo8qdOcj2uvGq4m4rBg9dlxithu6irYdpXAcjhUJzrw2LEoytjCD69DRYbUEicjI7k7ghg0GxH3BO_l-QjFsOZQf3UdUwrD5FIJzafU8q2BDK3VWbRe&uniplatform=NZKPT&language=CHS
CNKI-20260826104239790.enw	Thesis	马铃薯抗晚疫病体细胞无性系变异筛选技术研究	邢宇俊		2004		https://kns.cnki.net/kcms2/article/abstract?v=hH4QDuxDhLTHr8eNVLuWXCzOsEHAPo5lhbXg70y0lIgMH0LYr4t2F4FAk1lDwsqmhHq9Vexn7YkqrDK00ldhpHoRmdm0o7HdWGDE3o0dK1SR3nANWWf1BkXiQBkqkJ4Ek48OGI6EiccSJ-5JHL2H0hLgRYDOuQ_sEwsKgAR_8fmDCgglVTGH3pX4DSnvqqT9&uniplatform=NZKPT&language=CHS
CNKI-20260826104239790.enw	Thesis	玉米弯孢菌叶斑病病原的群体结构及玉米资源的抗性研究	龚国淑		2004		https://kns.cnki.net/kcms2/article/abstract?v=hH4QDuxDhLQUyEsfDOwlWz8rh-tjoDLbBGjukpdbZuv2IhPJXA3rvCd0vVdrBB1xDPx7Wbthk8-Rt5KfPU7wR1zjsk0d4l8wOY_DLH9vjMEbZXQLm1iRNm15ZIx9VPxVyavVKcZX66MHBqPPreI5ulOtfxaF43NUqRjY9yp1YkNIYUjHlt1SrUejDRwOb1u-&uniplatform=NZKPT&language=CHS
CNKI-20260826104239790.enw	Journal Article	白色念珠菌性乳房炎的诊治	贾玉萍,周东顺,赵宏坤	动物科学与动物医学	2004		https://kns.cnki.net/kcms2/article/abstract?v=hH4QDuxDhLROmpeR-WxgveFKfWRhYKXAGSCnWDGX5IOXobrD-fvcI1CrtDGPIo564eBnngv6T1t41b6XHYNM48xMq5-XtJDws81brTnp-HCRO7l9xe1MPndeq7AQl8q5SeNINdo05Ag5zE4KwUq2WrmsaVPOoXWB39TVjyIMQpUw3z79wRD7xw==&uniplatform=NZKPT&language=CHS
CNKI-20260826104239790.enw	Thesis	玉米鼠耳病病原鉴定及检测系统建立	李雪燕		2004		https://kns.cnki.net/kcms2/article/abstract?v=hH4QDuxDhLT63ERDQUkCasXtRtavNEQQVPyg8RmmUak_L8fnKx1sqnNykWbjqcJBgu7fFYm206l4DNX1x1vR4XmKZgbhSuN2LzrsEg6BpIHL1Y1OtyD-toaTD3HbRmZvoQEhclg8tEc63EXKsStPA4EF2UsGkraoJKa05HyrWMSlEa0ORLbbspwHnn7XTrBI&uniplatform=NZKPT&language=CHS
CNKI-20260826104239790.enw	Journal Article	鹧鸪念珠菌病的病原分离与鉴定	孙金福,张中华	畜牧与兽医	2004		https://kns.cnki.net/kcms2/article/abstract?v=hH4QDuxDhLRYLDHHiUubUkkxZootZBfFesylO-oL2NSbgxa7NfCuwIhIHQI7FXCIaaVKYdHsl90z8zE_oN92htN8DDbJ7Z3FwQT24WMU4MoxRxL-WrlYWhM-qYX_JtCbMktcmLUIoeCU2jkfgPJJ3-FG7tdnAXQPSy4o5Ghcj09RkLmo27gRLQ==&uniplatform=NZKPT&language=CHS
CNKI-20260826104239790.enw	Journal Article	不同诱导因素对玉米大斑病菌附着胞产生的影响	范永山,曹志艳,谷守芹,董金皋	中国农业科学	2004		https://kns.cnki.net/kcms2/article/abstract?v=hH4QDuxDhLTxFFeZjk4mWd1Uqt-IMMZHk_Mgbu-OnI3ZqumgjuDJ8HhuAUB-PzdN1Lk6ymfxoTEQ9pljp-6h6gSzXI60nREvBQqGZ3nosK04ikWfs-jPzm2GfXjqpKeGycIjTnocsKlY7lbapMbEQDaegsqsP_CG98gdKOeZ8kAQgZXjx51q9g==&uniplatform=NZKPT&language=CHS
CNKI-20260826104239790.enw	Thesis	中国长蠕孢属和弯孢属的分类研究暨北方地区主要杂草丝孢菌病原调查	张猛		2004		https://kns.cnki.net/kcms2/article/abstract?v=hH4QDuxDhLRpvKNqz7aV96ScFoXq1rreKiMtWbons-IB7HPsjqZ8Ea2t8Ltrkfyy_Ud3_FOtgihoghmILUuFTY6cW472Ry4xLdlKrx8C-SkLd5k4i-l_cRy5wL5oqhWqp2SEScKcFsE64fSnFlk6xHV6LzGuPmv4u9SQ42FdUum2GjUQaWdtK_nqB9YkQpHx&uniplatform=NZKPT&language=CHS
CNKI-20260826104239790.enw	Thesis	昆虫病原线虫共生细菌高毒力菌株的筛选及杀虫活性物质的研究	孟亚莉		2004		https://kns.cnki.net/kcms2/article/abstract?v=hH4QDuxDhLRuB8iqpz6Jx60bFHRfnbGuH2L0JGs0SmMLIwirsVBhrk22_suTn160ISWa5bvrNGTSBCf2K1aobIeR1cnj5IvQNtaBHDCBAO_HySOgtvptzPWg4s4G-kYGo892dDGNR800jWFfppn_fZAjhXQzuCihDlw0-J0s5nLTAoPlof_9E-AoVXGXVIVY&uniplatform=NZKPT&language=CHS
CNKI-20260826104239790.enw	Thesis	植物病原菌拮抗微生物的筛选、鉴定及拮抗机理研究	谢晶		2004		https://kns.cnki.net/kcms2/article/abstract?v=hH4QDuxDhLSFC0N__DzEHxy4JCVntyxYrDrKHrioAf6PgDwpH2lNcEYst3jX_KR4OqXX5t_DbT5toZNSQcG5_nV72ZE2LGq2j8lM_jCgLV6zAcmj3RkG41lFy2RY_bI_VO6sHMbsAtTgrUSjXzm1Bvgv0uPbsZZAEKyPs5cp79WCqRe1OkjasKAQjLDcntod&uniplatform=NZKPT&language=CHS
CNKI-20260826104239790.enw	Thesis	麻疯树（Jatropha curcas）种子抗真菌蛋白及相关基因的分离、表达研究	魏琴		2004		https://kns.cnki.net/kcms2/article/abstract?v=hH4QDuxDhLSC8Qa8UZ4MqgPHWvSNrRI0_j7mkAv3f859ScOPaRHaiuSNQZ2pW6t5w7tLxhfPSR6ByScVsplBxSf7zw0Nk3qZo8xWhMgOAaWywE2CBh748x0_9WW3kySeJREzQcW0tmkm7OLeshUMqj5NSEEHKoUimKXJNMRR5rZdhv0G-cvQ3C29P5_UCuGr&uniplatform=NZKPT&language=CHS
CNKI-20260826104239790.enw	Journal Article	赤眼蜂载菌方式筛选及田间防治玉米螟效果	孙光芝,张俊杰,阮长春,李大军	吉林农业大学学报	2004	10.13327/j.jjlau.2004.02.006	https://link.cnki.net/doi/10.13327/j.jjlau.2004.02.006
CNKI-20260826104239790.enw	Journal Article	昆虫病原线虫共生菌对玉米螟幼虫的杀虫活性	孟亚莉,丛斌,王欢,韩冰	沈阳农业大学学报	2004		https://kns.cnki.net/kcms2/article/abstract?v=hH4QDuxDhLQEbUoL_E3VL5flGABfUM6418r4HasR1bbqJiLal4e9PQovNQ5fk2OkKi-iKWoFtqbrsV1mHrwx9XvXqwujh5r4jLBT6fpNdZnljdve9wBhLXieLP0zDkTlQpluPR7VSjcUh2IKxuxi2pCVsARnHUSCqNUePWRss9Sfd9jGeqXbUA==&uniplatform=NZKPT&language=CHS
CNKI-20260826104239790.enw	Journal Article	玉米丝黑穗病研究现状及防治对策	白艳凤	中国林副特产	2004	10.13268/j.cnki.fbsic.2004.02.033	https://link.cnki.net/doi/10.13268/j.cnki.fbsic.2004.02.033
CNKI-20260826104239790.enw	Journal Article	玉米繁制种穗腐病的发生与防治	赵玉江	种子科技	2004		https://kns.cnki.net/kcms2/article/abstract?v=hH4QDuxDhLQEBJewl4hyekrV7jkb0gzhUllSTAR7ctqFL2HUU_KUAre4ooKHl3krv4zR_fw8nMVTd0yUc1G4Sb321u2yPLw8SUOZNpBbdf1vBXxpTXID0HuSfKhqvwU0nxgUPdUR5XFUkExRQXNC3UJFbCAYZyKPuM-rW_yNoZDKaIfbs2h5cg==&uniplatform=NZKPT&language=CHS
CNKI-20260826104239790.enw	Journal Article	蝇蛆几丁低聚糖抑菌作用的初步研究	韦新葵,雷朝亮	中国农业科学	2004		https://kns.cnki.net/kcms2/article/abstract?v=hH4QDuxDhLQPHwdb6_fatrjvNE5FxxuzqGr0r1Fk7Sb193bbXMZuvhVrSclU2GpU94_f2z2U0dYOw6IxXf88Li60kh7h9xBVZ3cuA1Gz9R0nYpfr0aAv_U5HBVpeZBFl5oitgJjOAQxQghUMRJOL4RlmIvQ85nJgfEKCS98xx-uGaL60WXqZAw==&uniplatform=NZKPT&language=CHS
CNKI-20260826104239790.enw	Thesis	番茄防病内生细菌ZB-6的初步研究	赵健		2004		https://kns.cnki.net/kcms2/article/abstract?v=hH4QDuxDhLQiXZiw5WhpqkXEpOby9rDOZkdLRwldijASbTGa4cgh0Iy0LOnPXm22ST9d44Hg-V3EuFC5p2a1E9j4d_-zynQze5hgQIXmNxPvq0RLc9GgBPmA3NxYbpdiuSaDkMrNLeL2EiXe9xe-ELWKmtHnPu2_AtOBmlSzR1RK5c0-W7FWcyev5_p0G6Ln&uniplatform=NZKPT&language=CHS
CNKI-20260826104239790.enw	Journal Article	国内一种玉米新病害——玉米黑腐病	陈兴全,何永宏,刘云龙,李琰聪,刘关江,段光文	植物检疫	2004	10.19662/j.cnki.issn1005-2755.2004.02.007	https://link.cnki.net/doi/10.19662/j.cnki.issn1005-2755.2004.02.007
CNKI-20260826104239790.enw	Journal Article	昆虫病原线虫防治玉米螟试验	孙瑞红,李爱华	山东农业科学	2004	10.14083/j.issn.1001-4942.2004.02.025	https://link.cnki.net/doi/10.14083/j.issn.1001-4942.2004.02.025
CNKI-20260826104239790.enw	Journal Article	灰葡萄孢毒素的生物活性测定和除草活性成分分离研究	王惠,董金皋,商鸿生	中国农业科学	2004		https://kns.cnki.net/kcms2/article/abstract?v=hH4QDuxDhLSnXxZvRizNGqy_21aWa1DbgxGHROSWGevU1VHIHkuZcdIM8xUJhqPvHpDnAPOSlcEwv9NymigSuVYUM6GIidwQLF9TusnRQHu3qGKYkctO6sWhChmbLhYQVBwiPb2ep-F--JzkcjHMCqru5Kvp02P7sc5qKNp6gBTtw38uj02Qhg==&uniplatform=NZKPT&language=CHS
CNKI-20260826104239790.enw	Journal Article	植物系统获得抗性激活剂筛选方法探讨	倪长春,沈宙	现代农药	2004		https://kns.cnki.net/kcms2/article/abstract?v=hH4QDuxDhLQbOX0iUIRmLpVHq5GgxxREMYCJUhivoD06PLcZ3Vm3EnDLVK0HGfsuyV8gajDLrwOX1Czfj58qZ3ybFZWesA_9cJlMcpWLg-VPxoQRc-TYqi2AmXaM3vLdslAnC2-9QryvBhXeVjBzi952wO6j_kIxlJkoWJOnYqnl4WtyqMjVwA==&uniplatform=NZKPT&language=CHS
CNKI-20260826104239790.enw	Journal Article	不同昆虫寄主对昆虫病原线虫共生菌的敏感性比较	李秀花,王勤英,陆秀君,李国勋	昆虫知识	2004		https://kns.cnki.net/kcms2/article/abstract?v=hH4QDuxDhLTJrFnW_9MuZvqbO9a9zVv8fcmZFvLWCbNqBUnwLmRPUGfoOlFhUlrQk5XeJy-rTCzzfE6uYTP9_lzm6Bfg6npyhn6yxaNJuXeeDwZbCAk_m2Mc01pE2TTEyPehJg5dBzaFd1uC3UIJpfkSlN2xkxZNLln5ojHdCGfOeAGcowtRGw==&uniplatform=NZKPT&language=CHS
CNKI-20260826104239790.enw	Journal Article	丹皮酚的磺化、产物鉴定及抑菌作用的比较	吴晓慧,吴国荣,张卫明,顾龚平,沙莎,王习达	南京师大学报(自然科学版)	2003		https://kns.cnki.net/kcms2/article/abstract?v=hH4QDuxDhLT5bY-v6esTkt4lNFbAfIGuG5T6Kuo0Ue7ozY7OJMDnZrbujOYs21zOUrvZm5lbfVAhNP-PXi3lmTJJYWB2b3Aa5gvjMVve4u6OWly5hZLHku_ESWHD4Nt1t-lYXIRd45PF65pBNXGYo0d-JgyoO-VW5lF515lCUzJAZJduaIdZtA==&uniplatform=NZKPT&language=CHS
CNKI-20260826104239790.enw	Conference Proceedings	河北玉米矮花叶病病原分离物的分子鉴定	吴志明 王云逸 温春秀 谢晓亮		2003		https://kns.cnki.net/kcms2/article/abstract?v=hH4QDuxDhLQPwWiLHxZKT0d-9WT88KBZhm9v3PfinwZVQHjIxWQKU-Z9ec3Gtu1u_SwdT7_nH7FxTNVRQPQwbxfxmyzbHecv9y9cueZY7maH2RiYOjmizE1NJ7LSgruzclqf-HF0vpL4q0oUzbLpG7NMikrFaYYh6uIREOlD2kfSX_Psqp9JD2Yb3K_OenVg&uniplatform=NZKPT&language=CHS
CNKI-20260826104239790.enw	Conference Proceedings	昆明玉米矮花叶病病原初步研究	兰平秀 马琨玲 李凡 苏晓霞 孔宝华 陈海如		2003		https://kns.cnki.net/kcms2/article/abstract?v=hH4QDuxDhLQ8Yuxv8Da08erDCr2_8vr4kT3iRcxj4iJM8C3lRRGK6VBvhGo3nfxvNwY5v3sg6dGq2kbrizy9ZY90XkvUeB9pzcEMM_T6cpwu8rw-VKtExotH3i23rK38p_A_ZRPa8dchk2BOb_nkg_YIzd9fpCz_vnQqVj7ST0EHbNF2-GpS-jWTnloDne0h&uniplatform=NZKPT&language=CHS
CNKI-20260826104239790.enw	Journal Article	沿淮地区玉米病害初步鉴定	王波,史玲莉	安徽农学通报	2003	10.16377/j.cnki.issn1007-7731.2003.05.037	https://link.cnki.net/doi/10.16377/j.cnki.issn1007-7731.2003.05.037
CNKI-20260826104239790.enw	Thesis	中国植物保护科学技术发展战略研究	戴小枫		2003		https://kns.cnki.net/kcms2/article/abstract?v=hH4QDuxDhLQdloztpT4u_hZlLmb3JooRLT7_pZ1OSQaxy9-jCgyfDng3H86WTQNbQe4tjzyAp0vUuyUQRYnk_vEJIxrjVG5ez1K2vu1bHf71ZmuC1g3WqArqZfdkZeCyoCMLh9CkzPi7W_YafceV8m1P84XYn-I8z-4S2_4EZv3BN8agzJ6bpmnIU--W2-gj&uniplatform=NZKPT&language=CHS
CNKI-20260826104239790.enw	Journal Article	我国12省市玉米矮花叶病病原鉴定及病毒致病性测定	蒋军喜,陈正贤,李桂新,周雪平	植物病理学报	2003	10.13926/j.cnki.apps.2003.04.005	https://link.cnki.net/doi/10.13926/j.cnki.apps.2003.04.005
CNKI-20260826104239790.enw	Journal Article	山东省玉米病毒病病原研究初报	尚佑芬,王升吉,赵玖华,路兴波,孙红炜,杨崇良	山东农业科学	2003	10.14083/j.issn.1001-4942.2003.04.004	https://link.cnki.net/doi/10.14083/j.issn.1001-4942.2003.04.004
CNKI-20260826104239790.enw	Conference Proceedings	冀东地区玉米叶部病害病原真菌的分离与鉴定	暴曾海 马桂珍 杨文兰 齐惠霞		2003		https://kns.cnki.net/kcms2/article/abstract?v=hH4QDuxDhLT2opt0X3fzZ2K7GCDmBZB6ZQX3ON2IxxAZ2VO2AMuceGU49WYhEMcFuAv1AAfjawmvHtYB6Rm5UhdTI5xNNrMmS-3b6WRkI4BxIQ8zem82RYvqryG9dtAMjltzdToUXZoUbuiG6htJXgEuRZQW8I5JEB2Vsc4pGM0tguOHM9JBfS2dU4c3t1VQ&uniplatform=NZKPT&language=CHS
CNKI-20260826104239790.enw	Journal Article	草地早熟禾和高羊茅病原丝核菌的物种鉴定	张敬泽,商鸿生	草业学报	2003		https://kns.cnki.net/kcms2/article/abstract?v=hH4QDuxDhLQSC1YQMO5KApxgCU13KAbujz5NEFp-a8qhEdL-5n43nYITEiQqSfyT0DpBP18t6OqQAParj9_vZB4YWRQomlXsyErEtnvgiFV5b46PaLBfBfwH8zF78A7dMoCkAKVXQWCBwFrvHUv4QKKXi2hcrWkU3siXLaTIpzmkAQTdpz1xwg==&uniplatform=NZKPT&language=CHS
CNKI-20260826104239790.enw	Journal Article	灰葡萄孢及其毒素的生物活性测定	王惠,张凤云,董金皋,商鸿生	西北农林科技大学学报(自然科学版)	2003	10.13207/j.cnki.jnwafu.2003.04.033	https://link.cnki.net/doi/10.13207/j.cnki.jnwafu.2003.04.033
CNKI-20260826104239790.enw	Thesis	烟草低头黑病菌毒素及其作用特性研究	房保海		2003		https://kns.cnki.net/kcms2/article/abstract?v=hH4QDuxDhLQfJ-PsMlRqeeYMwD-3oaPBALTHo-2UjCPMV7ynXJdptABKOC3yBQYwKeGJE2ocxktQ1IIU6kYyPNSwc8LWWXfdGP1NnUi9R5Ob0NT51NutPbtD7mtNlqQbLAHxEeX1DHCl1V-rz_RJCG3KGhY8d0A26PbBzMX0dGCZHAqsXjgbYT1RL-sFZDIh&uniplatform=NZKPT&language=CHS
CNKI-20260826104239790.enw	Thesis	瑞香狼毒等植物抑菌活性初步研究	邵红军		2003		https://kns.cnki.net/kcms2/article/abstract?v=hH4QDuxDhLSZFp2pKzkibhGMqbjzhzgFFWtp7FZnDavW_Pj9mModC-kEdqttQ7nDROe9fFu5spqXwYSg7CfYlgAbju2XaFyJf1JeECis_zfMLS4g39CX-6q4Iq2Yr97Zpf4z3utPezFX609Aoq0UAAHarJkx6aL9CetCkilWdmVc-dJyxwMs9d5pgTrRVA5c&uniplatform=NZKPT&language=CHS
CNKI-20260826104239790.enw	Thesis	玉米不同品种（系）抗感玉米粗缩病毒与生理生化关系的研究	梁琼		2003		https://kns.cnki.net/kcms2/article/abstract?v=hH4QDuxDhLTaZSVwF5l1_01loKt_7h4jYnr6nnhrgLQL3nK8MZxv7eo9lUT4w9qSCBdzPcmMQkSGFdDkBOkTzUZ8GTm1zmOvCNVkwGTJtSFxauBtrDl1SELTma2RAE_wle_Lyn6hCOdFDVspKL9WXKrpVe0eJ-aXICQTEqJ7RBMDyc9j4zE6HtZl7j3o_Juz&uniplatform=NZKPT&language=CHS
CNKI-20260826104239790.enw	Thesis	松针褐斑病菌（Lecanosticta acicola）毒素致病作用的细胞学研究	张芹		2003		https://kns.cnki.net/kcms2/article/abstract?v=hH4QDuxDhLQTipAVBuJc7aD97fsk1X57Zd2IqbQmvJHsYaNwxOEfzOSripo8nMI87qUqpVUT1unadMaD-UwOT2lwGFNANH7p3774F9240FrY9tb4Tfd4BQVk02CfHM7NHFEcE-u8WwldWNXE4Y76WMzAj_ufi0xYoS4vcVggzLDB46QcGlJxmRJBAZA34w8d&uniplatform=NZKPT&language=CHS
CNKI-20260826104239790.enw	Thesis	枯斑拟盘多毛孢菌毒素的研究	朱天辉		2003		https://kns.cnki.net/kcms2/article/abstract?v=hH4QDuxDhLSBFajAPw0nP0pWD5kSEAtxKCRPgKkmBbHlW8YS1jUke3vaTo9ZYuc1_aKXPTwJ5oU6yyogaij3_Cdrb6jLyKqgNNZ7lGcT8I71i0FaxaDBCRbykM_dNjNtU-1ovebOmYUtagSbuRGOinNuct3zPNv7fiiviKpO03jX-_11-PksBCgv7F-F0a2e&uniplatform=NZKPT&language=CHS
CNKI-20260826104239790.enw	Journal Article	科技前沿	王丽	北方牧业	2003		https://kns.cnki.net/kcms2/article/abstract?v=hH4QDuxDhLQGG456uLi4-uhb4z0qKBVFnowZntxPMekE4GNHKrhu36ylIR1rcIoFWly7jzwCheMQda0cN-5Vas-vYZ4kMEpE6AecoGAxofZXOi_gVSOs6s_ZO59R-Ylw73gDLIFyOkKlkBuKMFxxg1e6QpbpYUjYwdSH_hgx3qcAWQ0eJMitsQ==&uniplatform=NZKPT&language=CHS
CNKI-20260826104239790.enw	Thesis	实时荧光PCR检测玉米细菌性枯萎病菌（Pantoea stewartii subsp.stewartii）的研究	漆艳香		2003		https://kns.cnki.net/kcms2/article/abstract?v=hH4QDuxDhLQHU52gb9Eg5QYyJRBZ2-wRbHLnIsHJ8p7A1sPFjmrhQzVJmjjfiwX6VBKUAy7IrRF7HueBeVMap2cUUPEklnRuOtdfhqTOSt3L4ph4ijW6t5rrXgWbRxqcvzOExCW06RHp9nytB10PBrV_cgWQVJSfpVX3L7yHZdz0o6phe-S3uFqR0oZpOKkF&uniplatform=NZKPT&language=CHS
CNKI-20260826104239790.enw	Thesis	大豆根腐病菌（Fusarium oxysporum）毒素及其对大豆根部致病作用的研究	台莲梅		2003		https://kns.cnki.net/kcms2/article/abstract?v=hH4QDuxDhLQWvoELoz8BAn2BBM7VWQ_JbFLA_dX_-lYQ-ntcI5fMXYDm8zyMatn4j6XdsFmZ_7mv7WvAPg0WdtJYWBa2HVPI9zpGfrHTnSZ15OaIzOQNpKggJUWApcMpGq8Juw8GB4bTvujxqYz39I4b38ytYOXNQeeqnjji3QpmBzt6NbAHjjOoKBoapkM0&uniplatform=NZKPT&language=CHS
CNKI-20260826104239790.enw	Thesis	玉米小斑病菌C小种致病特性及HMC毒素对细胞骨架微丝分布影响的研究	陈颖		2003		https://kns.cnki.net/kcms2/article/abstract?v=hH4QDuxDhLTu1oxrMSB-J8p2p1o4sE5bAL4xxBnmpMVopFRM8bTawfP_06F-8KpgyEkiwPLPU0-b-HM6uJw6vRzv6g-WrjPFjGfVIiK4IJJjP1jTkkkFjl_8bFOhlnlDkdfryy6b7AdJb0qSE5kMFohfvdqAKuavzlEHd8P03z_iKFNyWtWOOes1-LEdxh1u&uniplatform=NZKPT&language=CHS
CNKI-20260826104239790.enw	Thesis	立枯丝核菌毒素的产生及与致病力的关系	张华东		2003		https://kns.cnki.net/kcms2/article/abstract?v=hH4QDuxDhLR37ofE0CPrZnmyoShJO1stZ4ulPol4rpc-lqyslu-I37GZFF40J6GqmyBPV7lM8Kfbg2bPW83sbH4jrko-Fte1J2HuptBg7sLRGZCex685CwnfJftznhdMzj73uPF9AOqTYXxEDCB4XshS0nkIen6BypJlG7d_SbHbAiVy1eaRAho72DpOjsRn&uniplatform=NZKPT&language=CHS
CNKI-20260826104239790.enw	Journal Article	普通植物病理学课程理论与实践的教学改革	陈立杰,严雪瑞,段玉玺,傅俊范	高等农业教育	2003	10.13839/j.cnki.hae.2003.04.023	https://link.cnki.net/doi/10.13839/j.cnki.hae.2003.04.023
CNKI-20260826104239790.enw	Thesis	辣椒内生枯草芽孢杆菌（Bacillus subtilis）防病促生作用的研究	何红		2003		https://kns.cnki.net/kcms2/article/abstract?v=hH4QDuxDhLQYuJGCyamMjojbaHnKxZ--P3lZtG_ele_TePyGp_cAZj4kPP8dVld3rNyt41yU6p7r5iM8oLFznRbwNqKrZGGKfXRHDfuASHchFIXX367VZBRts47NFguP5nvEEyIezx6ExU6sf3mRIKWzTItJc0xZmrDbefY6mXNVOOAxgNVzPO_1rtuixfEi&uniplatform=NZKPT&language=CHS
CNKI-20260826104239790.enw	Journal Article	袋栽菇发菌期控病害八措施		农业科技与信息	2003		https://kns.cnki.net/kcms2/article/abstract?v=hH4QDuxDhLTSElGKoaRfS06c2v9HLSkYMZmPfZhZWqUkww-uWo-CDvpn1IWKlML6erNYKWBEX95AUfFpDoNoMNhc0Qghn2RyKoZ7T3EdDEWjbk1Sg6oE5peAFuX1DR_TpCx_nS9_uYVbkxBC-xyN9zlv-5XZYU8gTj9GQh0o0p1YDTcwqoUUwg==&uniplatform=NZKPT&language=CHS
CNKI-20260826104239790.enw	Journal Article	玉米苗枯病在聊城地区的发生现状与综合防治	赵培宝,任爱芝	杂粮作物	2003		https://kns.cnki.net/kcms2/article/abstract?v=hH4QDuxDhLTHtLZtEfi7WX3kDjELQdv-sJ4J14HWjrw4LVr5Cg-ZpavziaMf0E4mtgxlZQwkZP7HPeUiVPnxPmCnaeUDHnLx2tWbJN-FM2KCFAU7a0zG53Hh9QcT_snKHDvNghqoMrdEM1m5VXEdHLsBKGOPpgpO_FUTlSXaVyDY9_NINUPf1w==&uniplatform=NZKPT&language=CHS
CNKI-20260826104239790.enw	Other Article	玉米穗腐病病原及其毒素研究	任金平		2003-01-01		
CNKI-20260826104239790.enw	Journal Article	玉米镰刀菌性穗腐及其抗病性测定方法	文成敬,陈晓娟,陈文瑞	四川农业大学学报	2002	10.16036/j.issn.1000-2650.2002.04.005	https://link.cnki.net/doi/10.16036/j.issn.1000-2650.2002.04.005
CNKI-20260826104239790.enw	Journal Article	华南地区17个农作物病原真菌菌株间拮抗作用的初步研究	方羽生,陈艺华,杨卫华,张洪玲,赵军,卓侃	云南农业大学学报	2002	10.16211/j.issn.1004-390x(n).2002.04.018	https://link.cnki.net/doi/10.16211/j.issn.1004-390x(n).2002.04.018
CNKI-20260826104239790.enw	Journal Article	柔弱无枝孢(Acladium tenellum)引起的玉米新病害研究	陈兴全,何永宏,刘云龙,李琰聪,刘关江,段光文	云南农业大学学报	2002	10.16211/j.issn.1004-390x(n).2002.04.020	https://link.cnki.net/doi/10.16211/j.issn.1004-390x(n).2002.04.020
CNKI-20260826104239790.enw	Thesis	玉米与新月弯孢菌互作的组织病理学研究	王兰		2002		https://kns.cnki.net/kcms2/article/abstract?v=hH4QDuxDhLTxI9jX2mdcAXwyLQkb2GkHlJfs0RJceViuQF3CC5a9irGhLndscnq2HWO2jRWsqfKs2aOhpXl8_uZdogfEKS_mtQEgAHq8Z1KuHsau6q95V0tIOLogyQBvwdPOUNnwkY87kWsRfRerL731T-mwZlxi1FtUChQfZT8duccYrpcrw1biJ4wFAH42&uniplatform=NZKPT&language=CHS
CNKI-20260826104239790.enw	Journal Article	植物病原真菌毒素结合蛋白研究现状	王朝华,董金皋	中国农业科学	2002		https://kns.cnki.net/kcms2/article/abstract?v=hH4QDuxDhLQCMbTILOBQmnDbgIC-sV3M6lfR5PkJShPRobdnqO9spHG-Sqy13h2hA3p12YwPOe09DnLk_9x2CYRHrfLtyqCRcDezqccNRmMVSucOg76ZisP0AeZXv_YoofOVCJbhpn6L2jU9NNyogVotnxncIFQydaNM9B-1wA71yvXMZPqpEg==&uniplatform=NZKPT&language=CHS
CNKI-20260826104239790.enw	Journal Article	山西省辣椒疮痂病病原鉴定、发生规律和防效研究	程伯瑛,赵廷昌,孙福在,牛玉山,李文斌	华北农学报	2002		https://kns.cnki.net/kcms2/article/abstract?v=hH4QDuxDhLQxcVektjfOXYKZx-WOS2_z_x74NqqwGe2XHUZlo-80ZKMxvlPGQSlbQ8QlX3RDHRv_2tvwxuDSd4PxEq8ujC_BjxR5SBnBpNmgfbo7YoQnVRTWz8Rw_Kxdne16HlMy-JjZuQLpXBSgFPl_-u0gThApa1esMdws8Sw9V-rmsselxA==&uniplatform=NZKPT&language=CHS
CNKI-20260826104239790.enw	Journal Article	湖北省玉米纹枯病病原丝核菌的种类和致病性	肖炎农,李建生,郑用链,徐尚忠,于广洋	菌物系统	2002	10.13346/j.mycosystema.2002.03.021	https://link.cnki.net/doi/10.13346/j.mycosystema.2002.03.021
CNKI-20260826104239790.enw	Journal Article	高粱红条病病原的分子鉴定	蒋军喜,周雪平,石银鹿	浙江大学学报(农业与生命科学版)	2002		https://kns.cnki.net/kcms2/article/abstract?v=hH4QDuxDhLRMmrTleiLFCrm8vQAr58okLlpPfqiJDsWzm7FZHioAaxOYkqwF1p_OCtsPLnINx2MI54qUBNRYtEOV8pQHDgEhHOuo98siBr2VWGJC35Ve7nx_RXys-b9OGDBRhJM154BDlMMnriZV4ZdwwTkFClZo9OVc0Lj0Ji3vu1S_DrAbXA==&uniplatform=NZKPT&language=CHS
CNKI-20260826104239790.enw	Journal Article	玉米细菌性茎腐病的发生与防治	李巧芝,高明,王自伟,高清珍,罗秦岳	河南农业科学	2002	10.15933/j.cnki.1004-3268.2002.06.025	https://link.cnki.net/doi/10.15933/j.cnki.1004-3268.2002.06.025
CNKI-20260826104239790.enw	Thesis	玉米大斑病菌特异性毒素组分的纯化及化学结构	王朝华		2002		https://kns.cnki.net/kcms2/article/abstract?v=hH4QDuxDhLSLSabUG7iPICQC5LW-U0m7UWCfJ5vdkEe3LgIUPCKRZnu9p-YXIlTC60cIV4AGJzNlXEeKL3bUydVbq3wcKRpQ5q-Kgv-FuXqNWvBjKXUE0srim_bXBP6WgVohq3s_dL2bkUElFS4VU7UESUTMCFk-z_mxAch7ORkSzOO7VLeHbgkm_8xwMOl9&uniplatform=NZKPT&language=CHS
CNKI-20260826104239790.enw	Thesis	稗草病原菌的生物学评价和利用研究	段桂芳		2002		https://kns.cnki.net/kcms2/article/abstract?v=hH4QDuxDhLQ-F9mNKAL15jSh4_FUJr47doh3fKLE4Q4D4FZZngAnw8hJb1oXGYliRKoyIw5vY9wnT3uW7LOanotNeLmC27MDmALFmUEaLEqYFhrhJeWp5lnwooMM5HYXeo0q0D7-6yVN9ULo_9p6HW-lGLUavAmH3WrFhoi3bpjOVIRtXgSUEg3VBqlUcirw&uniplatform=NZKPT&language=CHS
CNKI-20260826104239790.enw	Thesis	小麦全蚀病菌致病性分化与致病基因GMK1核苷酸序列比较的研究	梁慎		2002		https://kns.cnki.net/kcms2/article/abstract?v=hH4QDuxDhLQ79DoG-GkmXBA-7VVfe51QxkQhbeTrIQfqH4FFqxpoxJB7PGDO6PGdFe25MUwNwFrQcKIx_jgtB4FwikHZAexNjmF1scxnuOCFsg8WHYkJF03jxMDxjCzLRK-FxNdwLScnCc6dhMR8BytUGzXrS1wHd3uryFGqSE5-bCc0ae3mf-Ip-2Vk7ou8&uniplatform=NZKPT&language=CHS
CNKI-20260826104239790.enw	Journal Article	我国玉米主产区亚洲玉米螟越冬幼虫天敌调查	何康来,王振营,文丽萍,白树雄,刘科宏,周大荣	中国生物防治	2002	10.16409/j.cnki.2095-039x.2002.02.001	https://link.cnki.net/doi/10.16409/j.cnki.2095-039x.2002.02.001
CNKI-20260826104239790.enw	Thesis	玉米矮花叶病病原鉴定、检测及外壳蛋白基因变异研究	蒋军喜		2002		https://kns.cnki.net/kcms2/article/abstract?v=hH4QDuxDhLSxk0aBfWAYnj_6kqfAaXi9y6swCTc3CeOEuwV8AsqPIgo1HjY-0Y6kPT8dRgRyaAO6kzSJO6KLta9a_WSEOFnoRNbF9IpV3p46OdWWT9cvbJhQVmfhOg_qJEFJSTvQNcoxFMXzuCx77Fy1R46fAHk3vpdMWKNBM4KiBtCAPVL6iKbvUnCF7SWI&uniplatform=NZKPT&language=CHS
CNKI-20260826104239790.enw	Thesis	壳聚糖诱导植物抗病反应及机制研究	廖春燕		2002		https://kns.cnki.net/kcms2/article/abstract?v=hH4QDuxDhLSdiBJZlpJ0qwphGO_Yx0dm6k_ayPOwjQf6pqpzq70oysk0ua1XLywYG7Tq2OxK5zFcJjH9U96nKQyECeJ16LcGHQJUzI_H6vsRfrxRZW_FBNCyfaTWUfzDVZhw2Je7G6G74k_DApeLy5HNC4NMIhciB_s94GtpR4xBuo4e-65h_b8zYYEUkA5l&uniplatform=NZKPT&language=CHS
CNKI-20260826104239790.enw	Thesis	枯斑盘多毛孢菌生物学特性及毒素的研究	罗孟军		2002		https://kns.cnki.net/kcms2/article/abstract?v=hH4QDuxDhLR9Z9GcTZtxWMYtxUvIK-hlwZjlyYNvvoaxI4J4qvYjmcgLRirLH-iIaeK_ARtpJs22CKmgIYVpP4iVeghfyzh8ZBCFKLW2F1J0Xo4xbPR5C5nVzzH0X5-WXwU1UA21ZoQQsfBXUSUvSMo3fT51Iye7TR53MsMpSLtlyILpWLqP8SUI1PuSgNDF&uniplatform=NZKPT&language=CHS
CNKI-20260826104239790.enw	Thesis	玉米弯孢菌叶斑病菌检测技术及遗传多样性研究	宁红		2002		https://kns.cnki.net/kcms2/article/abstract?v=hH4QDuxDhLTBmXOzbVkGSCv9INFYqouy-FrI6v3k2_K6UmyD62vfc4l6cCP_7hM6qe5nv8KplTfxRrfthbMqir_vUkBbE7NQxwXEEcFjadkbKtN9Pa-7hlxsVvMUeZjlry9IxecyHX-UmCnf8MLrdwpaqubmvA4Jm4jK9zikxcf9RUhpEQhr3xjkVfAEdDaP&uniplatform=NZKPT&language=CHS
CNKI-20260826104239790.enw	Conference Proceedings	玉米矮花叶病毒河南分离物的分子鉴定	赵玉 王锡锋 周广和		2002		https://kns.cnki.net/kcms2/article/abstract?v=hH4QDuxDhLRG6U6hZV-0z41stn3cbDw_1KcXkVah5hIG7WGNOWpjpAmv4t4-2Gbbe07wDveOfOUJzzQQ1OOvTlNGZnSE0WEdK4yYTD1r0uSl8tV2ZyHfVcmJU9DsrKe7yUbAEb2zs1hV4qKjXyfUGAEnm14tQa-LvyYH-QYjckrLOsUFY9L5Rt18OLmxO4Zj&uniplatform=NZKPT&language=CHS
CNKI-20260826104239790.enw	Thesis	HMC毒素对玉米CMS与N细胞质线粒体结构和功能的影响	郝丽梅		2002		https://kns.cnki.net/kcms2/article/abstract?v=hH4QDuxDhLQVL7gmbyvkz1t-viKOE44alJNlFAjdrmYi2JVoiO793fyHpUYzh2e68UdXcOlfXNnmN4-T_UggyfFNuyDTUOCjPU8ElBWsLC3RuCL0-YGHd1xk4s2NKqmHIqOMziwAM3zagtuBSbRZNwYNMEmu1qWOiHA6UCSV5_8znkl5G1zzyBiscTljfFL7&uniplatform=NZKPT&language=CHS
CNKI-20260826104239790.enw	Journal Article	武威市玉米苗期叶枯病病原及发生特点	唐峻岭,殷峰,杨芳兰	植物医生	2002	10.13718/j.cnki.zwys.2002.01.020	https://link.cnki.net/doi/10.13718/j.cnki.zwys.2002.01.020
CNKI-20260826104239790.enw	Journal Article	玉米粗缩病毒及抗病策略	谭振波 张敬原 刘昕 曹鸣庆	植物保护学报	2002	10.13802/j.cnki.zwbhxb.2002.01.017	https://link.cnki.net/doi/10.13802/j.cnki.zwbhxb.2002.01.017
CNKI-20260826104239790.enw	Journal Article	β-葡聚糖酶高产菌株BS9418F的选育及其发酵条件的研究	费笛波,冯观泉,李孝辉,钱玉英	微生物学杂志	2002		https://kns.cnki.net/kcms2/article/abstract?v=hH4QDuxDhLT84f5POAGMLFlqU8zPfEi34jgJSFLHRyfmR3GabJX1bkRk75KWZalmeJe9ePTCNdtHySzRnXZ7hTd7Eaay__l4ox1w40SAZiWL-6WrnXJvu68ybxmlYSRrzjLeFe_Gb8VUxXs5Yiy5_ItDOIcVl-_dj7gI_Wk1YH8ZZ3xFsquDxA==&uniplatform=NZKPT&language=CHS
CNKI-20260826104239790.enw	Other Article	玉米粗缩病病原和控制技术及其应用研究	周益军		2002-01-01		
CNKI-20260826104239790.enw	Journal Article	放线菌对4种病原真菌的拮抗作用初探	方羽生,杨卫华,张洪玲,刘琼光,黄华林,赵军,卓侃,丘麒	广东农业科学	2001	10.16768/j.issn.1004-874x.2001.05.015	https://link.cnki.net/doi/10.16768/j.issn.1004-874x.2001.05.015
CNKI-20260826104239790.enw	Conference Proceedings	嗜线虫杆菌代谢物对植物病原真菌的抑制作用	陆秀君 王勤英 张霞 崔娜 李国勋		2001		https://kns.cnki.net/kcms2/article/abstract?v=hH4QDuxDhLR40Ylm1qfYs_SmmW1AM5jMG1kVfMJ07u02-u06tQHav3F0nwps-rlLbAJREWxzZZ09FDmo_S-W9Ne8mzcs_vxmuYYdAkMKKQ2BgsyDyCaat_dfS37iXPr7gSKnOPy-EOzvbyQkgyx8cWQAh2uDwL7gECCG1CgAnEUN8CDEWWqj8rww9kl1u_0d&uniplatform=NZKPT&language=CHS
CNKI-20260826104239790.enw	Journal Article	浙江甘蔗花叶病病原初步鉴定	陈炯,杨建平,程晔,陈剑平	植物病理学报	2001	10.13926/j.cnki.apps.2001.03.014	https://link.cnki.net/doi/10.13926/j.cnki.apps.2001.03.014
CNKI-20260826104239790.enw	Journal Article	植物病原真菌毒素	罗孟军,朱天辉	四川林业科技	2001	10.16779/j.cnki.1003-5508.2001.03.014	https://link.cnki.net/doi/10.16779/j.cnki.1003-5508.2001.03.014
CNKI-20260826104239790.enw	Journal Article	植物抗真菌病害基因工程研究进展	易自力,周朴华,朱雅安	作物研究	2001	10.16848/j.cnki.issn.1001-5280.2001.03.023	https://link.cnki.net/doi/10.16848/j.cnki.issn.1001-5280.2001.03.023
CNKI-20260826104239790.enw	Journal Article	玉米根际细菌中PGPR的筛选及初步鉴定	丁延芹,杜秉海	土壤肥料	2001		https://kns.cnki.net/kcms2/article/abstract?v=hH4QDuxDhLQDQWIy2ySxua3lQ1o8LvKbAy9gO17kBRLLhhDZ2dL6M87sjzZjvr7drk6u0EjcUp15-Iyolys6uq-3HChpLZBR48kEHnu7mKdmRf53OOKnZ3xrS8f0KQuPE3bdpM8d2Nk3AyPmV8V3mybUSscp59t2j6cDX1N431ppF03Dk7yE2w==&uniplatform=NZKPT&language=CHS
CNKI-20260826104239790.enw	Thesis	玉米弯孢叶斑病菌生理分化及分子生物学研究	鄢洪海		2001		https://kns.cnki.net/kcms2/article/abstract?v=hH4QDuxDhLRejx5p7L53B6N_VzrogAFbeps1lZYlAkoAsF2-o3VarRmEk8f2KiqC4JDpFDFF2T_47L6F6GekpGNTnNKJ-_UNFJynuCUAXxZH7b1KwDb3RfN8Br8z7tmgcz8jz2cBlvbPIYCN0Wd4Rw9v5X4404XsaW_SH2yUwkFDt7VOD2E4Z1881M_DZbRC&uniplatform=NZKPT&language=CHS
CNKI-20260826104239790.enw	Thesis	李瑟组镰孢霉的遗传研究	周晓云		2001		https://kns.cnki.net/kcms2/article/abstract?v=hH4QDuxDhLRUAVIWXxKA-fMnuyvHZza5ReFwBvdszR2MPpNV4nuE0jns6dUxN8w6fm0WZQDAMmOJOdThdTu811IKFfO4-Q0cLbGIrgST8gcjYsOd2xRu7GqrTuEt0PA_MXSWbyFMD7tvrit651c4NcIdMsAg14bYOkO8JvPI5jDOaW-fY5xlrzOkIGZC4Pqc&uniplatform=NZKPT&language=CHS
CNKI-20260826104239790.enw	Journal Article	高粱病毒病的病原及防治对策	周尤凡,张成双	植保技术与推广	2001		https://kns.cnki.net/kcms2/article/abstract?v=hH4QDuxDhLTZP1uLgtB3YGhN01PEJ20ayjy0B5K1RUvwByngg4s4Cd42hX5p61oO-1PyumX6lbSAAt_PG4lOnJWf9oZig9x32LK7oG9tVIteMZsTjQzoCXrHUNuonkhYPtWDIJH9ZSjE29ZoW74iT1R_pupxo5xHZQS1idOSMYnMDu_-nO16kA==&uniplatform=NZKPT&language=CHS
CNKI-20260826104239790.enw	Thesis	根据抗病基因保守区克隆小麦抗病基因及小麦抗赤霉病基因双单倍体作图群体的构建	秦跟基		2001		https://kns.cnki.net/kcms2/article/abstract?v=hH4QDuxDhLSfDA8HrJjthHV6iW1ZqDxM6zp5VaawlG_z08W4bdYYeFwte4N2kfYpCXvq-ixMmnDStfLakZEhTDBq8KfXJ__lk8iQy1xvSrhYHeZynRDaTpbeV9_386FVTzm12bsZE9Bv_jqhRIdeifIRH2pSrWOl9chxY6pnjRCqX458fzfEbU1SUlq5ohFE&uniplatform=NZKPT&language=CHS
CNKI-20260826104239790.enw	Thesis	草坪草褐斑病病原鉴定及化学防治研究	陈海波		2001		https://kns.cnki.net/kcms2/article/abstract?v=hH4QDuxDhLRlxUnQHpoL52nXFue8jurqotfArmA_i258qwCp544Db_8PUrwhn2f1N8DYoIItr2eaYvX-tDFm29JJFo-0sVuf0-nHdWaj8bw2p8IukDF3xDi1XTteoEqOP6td_AJrvsPVC5-n9EsWShpKcWv1CunyRaqHI4iktFDz0VF8wZoMnYo31LpjUQIR&uniplatform=NZKPT&language=CHS
CNKI-20260826104239790.enw	Journal Article	玉米须提取物对食品腐败菌及致病菌抑制作用的研究(英文)	纪丽莲,谭仁祥	生命科学研究	2001	10.16605/j.cnki.1007-7847.2001.01.014	https://link.cnki.net/doi/10.16605/j.cnki.1007-7847.2001.01.014
CNKI-20260826104239790.enw	Journal Article	植物病原菌毒素研究进展	张淑珍	黑龙江农业科学	2001		https://kns.cnki.net/kcms2/article/abstract?v=hH4QDuxDhLQBJQ-HFtzDCYH-IMcZVVRBU-a-dwCvc5xaOnz0jkmh1-NyCBWu0_j0j7-TuRdxJ_qWkkUjyxNpGVNdBWSA5L095kYhuFlJ6_C6NvRQKDrX7f7Vq1WUYnqH36oSeezhKhAVjhAVMl9Wd7VjgDFlAAVMWDqLr0UbRBR5DCHa_pvozw==&uniplatform=NZKPT&language=CHS
CNKI-20260826104239790.enw	Journal Article	制种田玉米矮花叶病毒病的发生与防治	杨琦,王德伟	杂粮作物	2001		https://kns.cnki.net/kcms2/article/abstract?v=hH4QDuxDhLR4oSWNVBLU9KmauJ3TbUo6GlKoI2PoAOmMFjB4BJ-K6W_3gZNUxmUgEMf4kln4BLBqNdenW6rmnydebmVgVDJP1iVM8BJd6NPP-teJumL_Cm_ztW4vrJer65Y8k2XEX2eUgFEkNN-dVNr0snGoU9Pw4by5IxFuL0XOr1u15dUK1w==&uniplatform=NZKPT&language=CHS
CNKI-20260826104239790.enw	Journal Article	高毒力昆虫病原线虫共生细菌菌株的筛选及其杀虫活性的检测	王立霞,潘映红,杨怀文,黄大昉	昆虫学报	2000	10.16380/j.kcxb.2000.s1.015	https://link.cnki.net/doi/10.16380/j.kcxb.2000.s1.015
CNKI-20260826104239790.enw	Journal Article	江苏省玉米粗缩病病原病毒的RT-PCR检测	吴淑华,王朝辉,范永坚,周益军,程兆榜,张文荟	农业生物技术学报	2000		https://kns.cnki.net/kcms2/article/abstract?v=hH4QDuxDhLTWzTWS9It4LFEjGFtp_RL727kxJX_ngXNbcH6LtCZ3nX2fc_XN4PSZ537DUviTe3WogiFYUWv9anwsB-6eLK42dUAhlw84jSBLU59B5cSLXfosHLlmDbDeFfBtotYVLmjuh5WcO0-zGB14tqiksdsVE_pMgEjYXWGKFQ1F8ini5A==&uniplatform=NZKPT&language=CHS
CNKI-20260826104239790.enw	Journal Article	玉米纹枯病的发生规律与综合防治技术	姜林平,徐晓东,刘淑卿,叶春生,唐立海,张燕,陈济军	玉米科学	2000	10.13597/j.cnki.maize.science.2000.s1.031	https://link.cnki.net/doi/10.13597/j.cnki.maize.science.2000.s1.031
CNKI-20260826104239790.enw	Journal Article	玉米杂交制种中大斑病和小斑病的发生与防治	谢瑞礼	湖北农业科学	2000	10.14088/j.cnki.issn0439-8114.2000.06.010	https://link.cnki.net/doi/10.14088/j.cnki.issn0439-8114.2000.06.010
CNKI-20260826104239790.enw	Conference Proceedings	利用斯氏线虫对玉米螟的大田防治效果	刘广燎 王恩佳 李运南 陆小军 韩日畴 李秋剑 何向阳 刘秀玲 曹莉		2000		https://kns.cnki.net/kcms2/article/abstract?v=hH4QDuxDhLRcoLTfUKBK9h5F3ta--pUsc1CMiYMBf6n2CgYjpodxCIGBhQ63QUcP34PB5dW7U5QPJCLNqqZ46-sJF-5jEeg8_q9pQxSlaWhBgPIx5O416NAPlv5zcMv-3el6931KrcIYQeBhGkAn8VGcaTytdEF4YfNCpIEymn7YbHQZGWZpMzj7DVWTyHOw&uniplatform=NZKPT&language=CHS
CNKI-20260826104239790.enw	Journal Article	玉米纹枯病的发生危害和防治对策	王怀训,蔡春菊,王开运	农药	2000	10.16820/j.cnki.1006-0413.2000.11.021	https://link.cnki.net/doi/10.16820/j.cnki.1006-0413.2000.11.021
CNKI-20260826104239790.enw	Journal Article	陕西省玉米弯孢菌叶斑病的诊断及病原鉴定	朱明旗,赵利平,郝兴安	陕西农业科学(自然科学版)	2000		https://kns.cnki.net/kcms2/article/abstract?v=hH4QDuxDhLSu-SoH5RdLahjqEjQhwMCYbRgnxWq1LplI6I8ZUu2XXYtx4Kxqpbfb_CL7NneqrJsXi8mLIpaZ3gvL7Hm77gu4GgvuAl9Z8fWu6RIRkTKwxx8XL1xO7XmTV564q_6j82KH311COywRQkLdYfH7msuGuhXG7eyeNTyKOWc-6PTqLQ==&uniplatform=NZKPT&language=CHS
CNKI-20260826104239790.enw	Journal Article	苏丹草小斑病病原鉴定	吴大椿,张传清,吴小刚	湖北农学院学报	2000		https://kns.cnki.net/kcms2/article/abstract?v=hH4QDuxDhLTqMx7UhcnsbeUfKnl1gEPsBG1Us6iKPgccLXCyoN0nSwD9eZYruoY0F6hbE4QjAMFcwNU9GU3J3MV8L-9G12PSs_Ei5IRWBxF6J_OX5IrMD7s2OKvMfmlRQaEltJSAkozzK_11hvjUG8VwmEwZQHavQPrIO1LXCtUlt5Vny1pRzA==&uniplatform=NZKPT&language=CHS
CNKI-20260826104239790.enw	Thesis	黑龙江省玉米青枯病发生规律与防治研究	梅丽艳		2000		https://kns.cnki.net/kcms2/article/abstract?v=hH4QDuxDhLRm8imZo3oHJWfQvIfvGUejV96TYQig8uYv4NFNp7vxJW2mEZYaw3D6MuNsNXQNTxVzgBIJhgaFFhe2xS3w5Mep2nVXxOzd7vR64X8GgDrxrUqBpXjGC3RnDXESx5SnKgZdtoBqYmt0L5aFkDAwo_3gbvOT2aKJs8RrEPYJEBcMqecsPFUGjjci&uniplatform=NZKPT&language=CHS
CNKI-20260826104239790.enw	Journal Article	盐城地区玉米粗缩病成灾规律及防治技术体系研究进展	成长庚,韦春彬,姜春义,丁志宽,戴爱国,陈洪新	植保技术与推广	2000		https://kns.cnki.net/kcms2/article/abstract?v=hH4QDuxDhLTLEN5Sd6ZxUcUklbFZ4gEckETKbbsncJlXkVMp-21TR9p8tpgAMHKq5n1vqxvl7gM-fLuQqG0GiBNUJ5TujSUgIvJiWZtwyupt5p7GPB1t_ELrrsZlyucRCfweaHYg9OQkHZVYnDUJysuR41zEmioUe0iiG1uTyQY639JwquIPUw==&uniplatform=NZKPT&language=CHS
CNKI-20260826104239790.enw	Thesis	水稻旱育秧苗立枯病病原鉴定、致病机理及治理研究	高同春		2000		https://kns.cnki.net/kcms2/article/abstract?v=hH4QDuxDhLT7m9cJwotUOrKRzceNb-WrdF1mVZFoMOzyP3wXV2H0eLP7591wvrW-WKGGvJjDi6qMWPUmdWUnccAwI7Htuk1eMF4n3q7HAR8PIBTivgL0DmCMXPGUW1DXH4GDK5DFJlXubdyFxzX-Z8QR8jZGsSYboq5dApzOpz3Q1D2MjI4JLGkmnAXskNqZ&uniplatform=NZKPT&language=CHS
CNKI-20260826104239790.enw	Journal Article	山西省玉米病害的发生现状及防治对策	王富荣,石秀清,石银鹿	玉米科学	2000	10.13597/j.cnki.maize.science.2000.03.024	https://link.cnki.net/doi/10.13597/j.cnki.maize.science.2000.03.024
CNKI-20260826104239790.enw	Journal Article	一种新病原引起的玉米霜霉病研究初报	陈兴全,何永宏	云南农业大学学报	2000	10.16211/j.issn.1004-390x(n).2000.03.033	https://link.cnki.net/doi/10.16211/j.issn.1004-390x(n).2000.03.033
CNKI-20260826104239790.enw	Journal Article	养禽信息		山东家禽	2000		https://kns.cnki.net/kcms2/article/abstract?v=hH4QDuxDhLTbQqTmN6yPjSsCX1y1WbxHd3Jdj2gUN9q-Pb-kR2Rg84Xtju1dpgYB7TtvKnTablAVyjbr2X8oVS-DVhc3U5dd46eANtXaIn250jUIlwB-lgrqSepMuRg_V2i8Igo363DnV94_uGYGwohJdrQoMYjigarbEkAceZrnN4xk9fdVqA==&uniplatform=NZKPT&language=CHS
CNKI-20260826104239790.enw	Journal Article	环球科技		科学新闻	2000		https://kns.cnki.net/kcms2/article/abstract?v=hH4QDuxDhLQAAK6Eyvv1OGXVC_A3Pg76-SZruE4jChuMRL42cwSsRt0UaNaSj3aJ7_qCl43aSPFJWQF_tioxuiWSIwdfxuC5V8OhNq8BcjTn30QKU902grTprZ2wqI5o9lB2fFeZeLvriggzE_DCnfbhi8vV2pyRfo1sV21xo4vpaMicaZpaew==&uniplatform=NZKPT&language=CHS
CNKI-20260826104239790.enw	Journal Article	防治玉米茎基腐病有新法	王乾	农村百事通	2000	10.19433/j.cnki.1006-9119.2000.14.030	https://link.cnki.net/doi/10.19433/j.cnki.1006-9119.2000.14.030
CNKI-20260826104239790.enw	Conference Proceedings	一种新病原引起的玉米霜霉病研究初报	陈兴全 何永宏		2000		https://kns.cnki.net/kcms2/article/abstract?v=hH4QDuxDhLQp4vRABVbApwQpEpzVhVLB7hU8OElx8VMl4c0asDO3SX0_JVsJMjI_-KtznrSAAtPV3BjhUahKdFWETPx14HdN0AvINsr-KKa2nUmGF3eHzSFkGsZkowU9iov_BMHlhnCR9Ct5nfJeqHvGXxBlL0x5UJ0JJ9g-oQWwuDdQIAOL-EDkupnkTXjK&uniplatform=NZKPT&language=CHS
CNKI-20260826104239790.enw	Journal Article	玉米纹枯病的发生为害和防治对策	王怀训,蔡春菊,王开运	植保技术与推广	2000		https://kns.cnki.net/kcms2/article/abstract?v=hH4QDuxDhLQpVH1NgtXCU-KYS9XjnsV7j2Zu4SefLOd_hM66-9cteomHZiEk98Syn_MKszQmTul2h5j9LCfYRuQv8WC9xPQQbUk1JL6HniMEEGaGpPtZLg2QYsXZ2DkFXcU0SQE0Fverx_LJqynZfdmwmdrekuOikjTsqRL_u9bcoVHut9uY_Q==&uniplatform=NZKPT&language=CHS
CNKI-20260826104239790.enw	Thesis	玉米弯孢菌叶斑病病原菌遗传多样性分析和玉米种质抗病性鉴定	焦志亮		2000		https://kns.cnki.net/kcms2/article/abstract?v=hH4QDuxDhLQvYxRzUfYSJvN6Y7Xqgea_1Yr-XTewhy4FQ6lOHar3oepH0zJYQMCGe0_ppdv7jveZVzaM0srlRPPejwOSQ6D_8uvSStIB0dUby65aGm1ojLHaRJPIZHIA8G_5CFm8YGoDX8xKw5x03JuX_69vIBLF9cwp2l3gt5BtPZFvwUBm21JMQvn6rIPq&uniplatform=NZKPT&language=CHS
CNKI-20260826104239790.enw	Journal Article	我国攻克玉米“疑难杂症”		世界热带农业信息	2000		https://kns.cnki.net/kcms2/article/abstract?v=hH4QDuxDhLRh51Qidb2o-z8DYaQlnOQ2f9vSgdeP0Os8vXk0TQYHVjVXT4IurdZp4v-1jUIgZder4Cc-MHQx5jm48XuueFdWyYf65p3AXMhF35aym2vSuCONXP1OXPvf52Ru8_Mh_KHeoLAf5jNFkKDeNa9ayukZm5EcQCa-oRKmv2GdUaicdw==&uniplatform=NZKPT&language=CHS
CNKI-20260826104239790.enw	Journal Article	玉米粗缩病和水稻黑条矮缩病的发生及防治对策	许红	湖北植保	2000		https://kns.cnki.net/kcms2/article/abstract?v=hH4QDuxDhLTWx4c7afuDKiWF-UXFuAsFgHTN8U-Txg8OXriEsDdTHSfH--NbOrkcZOo6i5w5b0TXLqhr-2qh4VjDZbYbiOfLDvJOzwQwiHjR_8FZfrVDJZ0_u85U79gSWy-NgypNr81L5EPLu5Ksq6hiL7PhqAoh3qgbh3vx1ebTROPGsPrm9w==&uniplatform=NZKPT&language=CHS
CNKI-20260826104239790.enw	Journal Article	玉米茎腐病病原研究现状	康萍芝,陈企村	宁夏农林科技	2000		https://kns.cnki.net/kcms2/article/abstract?v=hH4QDuxDhLTnyWmKLDumAsV376SwK14MNW5Sb_VzBFwhk-YgFF4roTuHQMqH2EnwEMsnbfpdwa4lpA8Ufm7d8H3bfhfd0HOFpE3AR0pST42sFCli5YEZhU-6WKarTw_8iI-NSPEmO7sgeY2Q1Wb8iD4h6YzD-yyFCTYGVZoFcdjbaIKJcHA4KQ==&uniplatform=NZKPT&language=CHS
CNKI-20260826104239790.enw	Journal Article	陕西玉米病毒病及流行因素研究	陈志杰,张淑莲,张美荣,吴云峰	植物病理学报	1999	10.13926/j.cnki.apps.1999.04.011	https://link.cnki.net/doi/10.13926/j.cnki.apps.1999.04.011
CNKI-20260826104239790.enw	Journal Article	植物病原真菌及食用菌病毒研究及进展	胡开辉,陈体强	福建农业学报	1999	10.19303/j.issn.1008-0384.1999.s1.043	https://link.cnki.net/doi/10.19303/j.issn.1008-0384.1999.s1.043
CNKI-20260826104239790.enw	Other Article	我国玉米茎基腐病病原及其防治技术研究	吴全安		1999-12-01		
CNKI-20260826104239790.enw	Journal Article	玉米杂交种穗粒腐病原鉴定	李洪连 张新 袁红霞 李健强	植物保护学报	1999	10.13802/j.cnki.zwbhxb.1999.04.004	https://link.cnki.net/doi/10.13802/j.cnki.zwbhxb.1999.04.004
CNKI-20260826104239790.enw	Journal Article	B95-7P菌株的抑菌效果及生物学效应初探	陈祥付,程小虎,毕公中,程国旺,孙澎	安徽农业科学	1999	10.13989/j.cnki.0517-6611.1999.05.026	https://link.cnki.net/doi/10.13989/j.cnki.0517-6611.1999.05.026
CNKI-20260826104239790.enw	Journal Article	异小杆线虫对亚洲玉米螟越冬代幼虫的侵染力	丛斌,王秋实,朱辰煜,杨长城,王洪平,乔飞	沈阳农业大学学报	1999		https://kns.cnki.net/kcms2/article/abstract?v=hH4QDuxDhLRlgoZLbxLChrVj6xHfMxXy9I3GrVQ69CJ7jGN4Y37CTo_HzwQul7y8p775-flZ8A5ELn6ZzKLImg9Ui-zh9SDGYZL1UYLh_faatZz-rPT2UFPcHbAhxnxG7NGAWqePN_DYkevhaoJTJXjCPyV2zt2jatFk78w9fI3WDyE6z8skSw==&uniplatform=NZKPT&language=CHS
CNKI-20260826104239790.enw	Journal Article	食品卫生		中国医学文摘.卫生学	1999		https://kns.cnki.net/kcms2/article/abstract?v=hH4QDuxDhLRDD0YQd5YJhY1XXbJL1XJ6uNvuiYIOdj0H2dodwoH9_B0PrSemr-FohBIjqNkmiErh8WhflZkyFNHKhdCinr9-I7BWgKtrsskxrxlMPyT7F7dTLF4v3tCT2KUCo5db0m_RNkDCNY6qcf1dRWkZ9up0VYH4pSOGCCOnXVcnl-UWOQ==&uniplatform=NZKPT&language=CHS
CNKI-20260826104239790.enw	Journal Article	鲁西夏玉米病毒病流行危害及其综合防治途径	孙广勤,柳善平,陈子俊	玉米科学	1998	10.13597/j.cnki.maize.science.1998.s1.032	https://link.cnki.net/doi/10.13597/j.cnki.maize.science.1998.s1.032
CNKI-20260826104239790.enw	Journal Article	江苏省玉米病毒病研究Ⅰ.玉米粗缩病的发生与病原初步鉴定	周益军,范永坚,程兆榜,吴淑华,侯庆树,王诗白	江苏农业学报	1998		https://kns.cnki.net/kcms2/article/abstract?v=hH4QDuxDhLQqICMuzahyapzH-AM0wrDzOSOcpQOfVuQobY56ukYFhofg25_zS0J-_E1kkTMeFA3UKE1heFHY9mJLiFNHPqFGixp_6sMlSLngWXkKcvyDjZ9pbyXHuW9COlkEz7cyQ0IAPf5rEdkv5fMQPg4HdDD9DzNbNPkMVXENbdboreCD2w==&uniplatform=NZKPT&language=CHS
CNKI-20260826104239790.enw	Journal Article	酒泉地区玉米青枯病病原研究初报	杨仁义	甘肃农业科技	1998		https://kns.cnki.net/kcms2/article/abstract?v=hH4QDuxDhLTI-JfbDOu9C2wh_BtYdycyVRjTnlwcgXCGDTKDHG24Ssr0KtDRXugnrHx-wVinB_Fc31lt015obq1Ryrz9ikGGvHOmz0Nb09JARS66tj4DfK32ZO4akB6rEdJMp5ne2xJo1jLZ8BBxwR82R-KjBTl7_spY7RGyQNprATvgYprETw==&uniplatform=NZKPT&language=CHS
CNKI-20260826104239790.enw	Journal Article	玉米青枯病病原分离及防治试验	张培坤,李石初	植物保护	1998		https://kns.cnki.net/kcms2/article/abstract?v=hH4QDuxDhLTDdgnJt9i-iokJgwLXdDT0s7Qnw9RZfsvsNyP85dTdJ11s3ybS7RaBeeG1YDE6tU3RlwCeV0bYkTuq0g30O7gHNSs5al4tMihZ6rA4b3-FPt31c28q94utTVClwkEPGkIIDG1sQn-EcRODpB5t9GtQl5Q-bB4mQ6gnqWuyJkqz9g==&uniplatform=NZKPT&language=CHS
CNKI-20260826104239790.enw	Journal Article	玉米青枯病病原腐霉菌的分离方法	李石初	广西植保	1998		https://kns.cnki.net/kcms2/article/abstract?v=hH4QDuxDhLTR1XGi3wWoSAqC8fVQPqZRqR24dgbwmY1vbCmQFf0TQ3f6SB3srlWp5pP2uxCnquOPyuLu-ur0H4nvr5cKqY5MkKIXEk9hjFudLSr7Z8tA5Mj2Z8zGSwsex9tOcRlD9bCzQhJfzDbBfrsoPxGRMLBKkQaL8mqMReO7XiynOnaOnw==&uniplatform=NZKPT&language=CHS
CNKI-20260826104239790.enw	Journal Article	玉米青枯病病原菌代谢产物的生物学效应	陈绍江,宋同明,吴全安	中国农业大学学报	1997		https://kns.cnki.net/kcms2/article/abstract?v=hH4QDuxDhLQeGeRMQOs16JUykX6MHnN72Eug5bs29E4Czk_rU17hubY_lPEYUKGaU2iKY30Y251X5CIauUudcGAopzL_ShUNf5263wL-m6JnS87VhInYHeXwY7ZCHmTsy3zFAqSsOO3VdroUMMoqtSjC5ZomJ5Zj0VpPkMEXZg3TzjxdDnM6tw==&uniplatform=NZKPT&language=CHS
CNKI-20260826104239790.enw	Journal Article	玉米青枯病病原腐霉对其伴生镰刀菌的影响	陈绍江,宋同明,吴全安	植物病理学报	1997	10.13926/j.cnki.apps.1997.03.015	https://link.cnki.net/doi/10.13926/j.cnki.apps.1997.03.015
CNKI-20260826104239790.enw	Journal Article	寄主选择性植物病原真菌的毒素化学	董金皋,李正平	微生物学通报	1997	10.13344/j.microbiol.china.1997.04.018	https://link.cnki.net/doi/10.13344/j.microbiol.china.1997.04.018
CNKI-20260826104239790.enw	Journal Article	吉林省玉米穗腐病病原真菌中镰刀菌毒素的研究	胡南,章红	玉米科学	1997	10.13597/j.cnki.maize.science.1997.02.020	https://link.cnki.net/doi/10.13597/j.cnki.maize.science.1997.02.020
CNKI-20260826104239790.enw	Journal Article	玉米纹枯病病原及生物学特性研究	吴大椿,方守国,余知和	湖北农学院学报	1997		https://kns.cnki.net/kcms2/article/abstract?v=hH4QDuxDhLTL6gkMELzrwFyxegZX60tGXIENBujLS6SpuxLRu8L3SR98OevypcjJAP65jixQlmZBtD-ZNrKMzMinHkocUVHhymx7gHSx6IOJ9ip4UExLirLKwJ_eQZV1F9K08v9IIRq_Xgz2at0uBeb5dQSS8uaDRKpIckuyvGYoDmYMj62-qg==&uniplatform=NZKPT&language=CHS
CNKI-20260826104239790.enw	Journal Article	昆虫微粒子病原种类及寄主	刘仕贤	广东农业科学	1997	10.16768/j.issn.1004-874x.1997.01.012	https://link.cnki.net/doi/10.16768/j.issn.1004-874x.1997.01.012
CNKI-20260826104239790.enw	Journal Article	仔猪黄红白痢的防治	刘思琛	畜牧兽医科技信息	1997		https://kns.cnki.net/kcms2/article/abstract?v=hH4QDuxDhLS_xrokkLIAXQgCQkXv_a2Ffd393cFuHw2m1Aaw04jvlJ5PpcwXZUOlEBQZ9IC6zDIpi9FXuyb6PQ3FksixkfREPILglPofD4EKVFsoBjv1BL-EMuhNoAqTeJ0-Djqow_Hlkx09ieKCsFt1qaGq12M1hfJfLyUxnnVRb2CLbWY13A==&uniplatform=NZKPT&language=CHS
CNKI-20260826104239790.enw	Conference Proceedings	苏北地区玉米病毒病害的发生与病原初步鉴定	周益军 范永坚 王振荣 程兆榜 吴淑华 侯庆树 陈恩甫		1996		https://kns.cnki.net/kcms2/article/abstract?v=hH4QDuxDhLRYct6b3dNKgUUvnz2aIOC_MrbbuJeHQoQqyxL-yZNdmQ9-xqpUREBtpbCz2m9K-z9RFzZ650Uj-9jSgwBd4ItbN17OrGDTG5YPJrWgpTbPf8nKMN8zvcUoTfDgbv7l0NC-GQ2rWauyP1vtJ7H0O1O9vh8td6fTAKaodp8GgYDcXfgXFMqDSP6Q&uniplatform=NZKPT&language=CHS
CNKI-20260826104239790.enw	Conference Proceedings	香港生物防治简况	韩诗畴 刘文惠		1996		https://kns.cnki.net/kcms2/article/abstract?v=hH4QDuxDhLQyLCMHc5b38bkwEMUme5xomTLTBDCL6TBc-CV-3XAXsyqsLbd0ZIi4l1tQQmi1gWDt_LibdlMZBVs7G0dDa0F7xWLYaVqZukn9Zqtx6-ntZ82jjMm3dYn93TJGm7I6OEYK27RrxhWA0nbuERX4g5BMF1F3yQ7nZNoH9FgILvwqgkr4znCacEW3&uniplatform=NZKPT&language=CHS
CNKI-20260826104239790.enw	Journal Article	玉米大、小斑病病原菌分类地位的变化	孙广宇,张荣	植物保护	1996		https://kns.cnki.net/kcms2/article/abstract?v=hH4QDuxDhLQotYSGYuK7tRKxPcPbmJUP2ZGyZI8m10VHreosHkqcsoSZkZxDz-i4o7x8rFpTJzMQrTT4f5qy0r7gWyjopQkPXBlj4MJUSVcNYNzcCQfqc5gj_rtKKtooEq_i7bJBuUSSHlS6jfdDtGDAdCC6bIhv3DiG0YMxyPfRvOnISdN-YA==&uniplatform=NZKPT&language=CHS
CNKI-20260826104239790.enw	Journal Article	玉米青枯病发生调查与病原鉴定初报	张培坤,吴全安,李石初	广西植保	1996		https://kns.cnki.net/kcms2/article/abstract?v=hH4QDuxDhLQJsLDkZhG-R116zkRFVDA-_XCk7T2zZU4n9C4ccjTNPaAXGF1Ww1VhvfWQ-Zo8RJkh5fnBbO31QZ7Rac_Pq87uL2__-Y0EMes3LF2nQXFl-4dY27Rlu4Ta88PmW2DGUk1l6HnMdJlcgO38HqJWqdGRBoJBdGVo6RDvtPBphl9UZg==&uniplatform=NZKPT&language=CHS
CNKI-20260826104239790.enw	Journal Article	玉米青枯病病原菌代谢产物的生物学效应分析(简报)	陈绍江,宋同明,吴全安	中国农业大学学报	1996		https://kns.cnki.net/kcms2/article/abstract?v=hH4QDuxDhLR7tqVRdsVbHNctL0RPHsrU4obYwyB4ejcm7g_-45Vn5t9RdL_pdaIsfH66L6KKsoBZyE1CHm9B4rMIsq_TCRZTXKfHwitDNqmF5vxAWWH4gRIdym8703H1MAf2SDzPYam7fZUiQSBXu3JkYWDCEWMXOz4Cz6-L9KwJWAZhdzixNg==&uniplatform=NZKPT&language=CHS
CNKI-20260826104239790.enw	Journal Article	促生菌对青贮玉米根圈微生物的影响	刁治民	草业科学	1996		https://kns.cnki.net/kcms2/article/abstract?v=hH4QDuxDhLScX8hN9XcVsXO9VuTorntCcTixiO-h23-Q-ItPIOARLFmfnDBEXrLrgNn8TfTZdUaJNXDMgPK2ctPHUYFXtRQmAOJ8-KizoRiMqb9wq5XYFlV4fEXnY7jsDUNrXi9ng4WwKd4HPNvwmbEh43WBUOzIdcBbnwm8RmnYgS4B8FeC1A==&uniplatform=NZKPT&language=CHS
CNKI-20260826104239790.enw	Journal Article	36-1菌对植物病原真菌的拮抗性	王明祖 周华众 付艳平 王传华	中国生物防治	1996	10.16409/j.cnki.2095-039x.1996.01.006	https://link.cnki.net/doi/10.16409/j.cnki.2095-039x.1996.01.006
CNKI-20260826104239790.enw	Journal Article	吉林省玉米苗病发生为害及病原真菌种类调查	任金平，吴新兰，庞志超，张秀文，刘煜才	玉米科学	1995	10.13597/j.cnki.maize.science.1995.s1.003	https://link.cnki.net/doi/10.13597/j.cnki.maize.science.1995.s1.003
CNKI-20260826104239790.enw	Journal Article	吉林省玉米镰刀菌穗腐病和茎腐病病原菌传染循环研究	任金平，吴新兰，孙秀华	玉米科学	1995	10.13597/j.cnki.maize.science.1995.s1.009	https://link.cnki.net/doi/10.13597/j.cnki.maize.science.1995.s1.009
CNKI-20260826104239790.enw	Journal Article	吉林省玉米茎腐病病原菌种类的分布	姜晶春，孙秀华，张春山，孙亚杰，尹志，胡吉成	玉米科学	1995	10.13597/j.cnki.maize.science.1995.s1.019	https://link.cnki.net/doi/10.13597/j.cnki.maize.science.1995.s1.019
CNKI-20260826104239790.enw	Journal Article	玉米花粉粒与蚕微粒子孢子相似性的初步观察	陈敏	蚕学通讯	1995		https://kns.cnki.net/kcms2/article/abstract?v=hH4QDuxDhLTskG2cdfFsboO5k1ge3c8pQOSgyyYkzBQWCJxM5cF_aC0OzxY03pMiDqFJoqofukl2WKoxPFbXTsBOC3aSja0UX3N3_K8aGc_k-SpYb4E6gmcTkbHiOPmTUqwGN0BtKOspgGLZTjfTWw4k_N4dJ-yMCX6Gygfofo74hobq5BnLfg==&uniplatform=NZKPT&language=CHS
CNKI-20260826104239790.enw	Journal Article	蝉拟青霉J-PC菌株的固体发酵及对菜青虫的病原性测定	柴一秋	中国生物防治	1995	10.16409/j.cnki.2095-039x.1995.04.007	https://link.cnki.net/doi/10.16409/j.cnki.2095-039x.1995.04.007
CNKI-20260826104239790.enw	Journal Article	几种植物病原真菌致病毒素的初步研究（Ⅰ）	康绍兰，刘国胜，董金泉，邓福友，张浩，黄梧芳	河北农业大学学报	1995		https://kns.cnki.net/kcms2/article/abstract?v=hH4QDuxDhLSxwTBoYy5qNT4zwfq4tVk0CLVpdiOqeMUVgZGaM1Bur7-vyvWMz_uKwIC6iNJJzht5x19z5bCDSYgYWZMTZuhhd8ScFxtitzz96uOgcHNB96LTpzeCW72BtHzm4brDswK-SOZ1my5vjRs05mwPKs0AfBO6INfbzLE2MHOxHwU7dQ==&uniplatform=NZKPT&language=CHS
CNKI-20260826104239790.enw	Journal Article	寄主选择性植物病原真菌毒素致病机制研究现状	王江柱，董金皋	河北农业大学学报	1995		https://kns.cnki.net/kcms2/article/abstract?v=hH4QDuxDhLTno5pMGV7oaj7aySX5g9xCBGGXwXLAJT0IlfoBFeJwQRERy6L-0dDkGXfVhRHPm-pKp0TWHVGQjs8WIbsegFaSzHfVe6gZMGFuGJvbZSUzwlOF5Cqte6O0-cuyey3qFUT8qFk8SKc7Y6BFL3869RHxJVmL7Gb6tPu2SgBRjz4zdQ==&uniplatform=NZKPT&language=CHS
CNKI-20260826104239790.enw	Journal Article	我国北方玉米全蚀病菌变种类型研究	姚健民,李秀琴	植物病理学报	1995	10.13926/j.cnki.apps.1995.02.010	https://link.cnki.net/doi/10.13926/j.cnki.apps.1995.02.010
CNKI-20260826104239790.enw	Journal Article	抗青枯生防菌拮抗物性质的初步研究	郭坚华，潘登明，任欣正	南京农业大学学报	1995		https://kns.cnki.net/kcms2/article/abstract?v=hH4QDuxDhLTAMfGwVpbHxZSllHKMYlS4vY6lZFGL3yxJTDssI_lxawTmWA1VeR1avRVCZigM7SIG28k9zOd9WMmO3b7VS-KPKKRLC8RhUnNEl0OffROCGZ4-wHeDTNNNsIZ8feEOV_RWhRTmGDcaOSjXy9C2akWFvbzVY1wrW0Yr0WCmlaKE7g==&uniplatform=NZKPT&language=CHS
CNKI-20260826104239790.enw	Journal Article	玉米黄斑病研究Ⅰ·病原菌鉴定	赵来顺，田学军，李玉琴，张志铭	河北农业大学学报	1995		https://kns.cnki.net/kcms2/article/abstract?v=hH4QDuxDhLRlr2I09cUddKSCtj7HoNcbAlob3dhctSfhDU3PlQxraIAY8fmsPdojh93NXoXYHWCQyPgiaE0tc2b0aAdbIAlZcUWnC_6die_i2nFgs12c3uqnTBTyW2sj_prodH7wVPZo2l0k5TB_10BnenbFAGoY9_kc-sE3qLC4gBzqZKPv_w==&uniplatform=NZKPT&language=CHS
CNKI-20260826104239790.enw	Journal Article	KL－天然活性剂对提高绿僵菌白僵菌毒力的研究ⅡKL对白僵菌绿僵菌防治害虫的增效作用	康冀川，刘爱英，梁宗琦	贵州农学院学报	1995	10.15958/j.cnki.sdnyswxb.1995.01.006	https://link.cnki.net/doi/10.15958/j.cnki.sdnyswxb.1995.01.006
CNKI-20260826104239790.enw	Journal Article	香茅花叶病的发生及病原鉴定	黄朝豪,李增平,谢昌平,吴继林,郝秉中	热带作物学报	1994		https://kns.cnki.net/kcms2/article/abstract?v=hH4QDuxDhLRPALaQJ7WrSFe9xgYSd2HejPzXXWV5KCpp3G7PaQK1-KR3So9dNmtNwa7EU5DQmS3EPI_Vd2h_3uVNXGSkZQYU48v7UfVMwcx1_Kj6XzAn74or85ynkJfSmtKda0qqfO6HEjkXqa5LOesUmifFN3qK3d_oARoRAUHG6dP4ZZ0PwQ==&uniplatform=NZKPT&language=CHS
CNKI-20260826104239790.enw	Journal Article	植物病原线虫短体属种类的研究	方羽生，尹淦	华南师范大学学报(自然科学版)	1994		https://kns.cnki.net/kcms2/article/abstract?v=hH4QDuxDhLQoih1mklH2266FIAUJnikXzoXxnrIet3_9Z-NP45D5zOJLdmGTHmB2FSZh3Pe4JMxDa2ZtNyo8DUYYQOpwLFoYFyLI_R9-niFZSmrT8bTRwpmqeA5jfkinpZaIuMteFQVwOPDFmKnytXnvzvxJGI14KthfQnBVZH15b-dYFq2nPQ==&uniplatform=NZKPT&language=CHS
CNKI-20260826104239790.enw	Journal Article	玉米茎腐病病原对玉米苗期致病性研究	晋齐鸣,卢宗志,潘顺法,姜晶春	玉米科学	1994	10.13597/j.cnki.maize.science.1994.01.019	https://link.cnki.net/doi/10.13597/j.cnki.maize.science.1994.01.019
CNKI-20260826104239790.enw	Journal Article	玉米茎腐病原及栽培与发病关系	罗畔池,张成和,刘爱国,王月恋,张小青,孔令晓,霍志清,刘庆义	华北农学报	1993		https://kns.cnki.net/kcms2/article/abstract?v=hH4QDuxDhLTDkMxUQG2sQ58sJ0AfRGdhug1TzvfPNKppFdeOtMxVPY3vp19jDo6Pdmqzi76ZKQSDeblLd_ssyYB83WNcmESuIDL4lFVzKCEWmnHNcud8LDTmAjh48OQNYFFuHnkMPJmCEsnE4TjjkvXHBWBvveC-BnBpFyLW31xLzYKrH5k9fA==&uniplatform=NZKPT&language=CHS
CNKI-20260826104239790.enw	Journal Article	温州市郊杂交水稻矮化病研究——Ⅰ.传播介体、寄主、症状及病原形态	陈声祥 余舰斌 秦文胜 刘力 高东明 徐静 王一风	中国病毒学	1993		https://kns.cnki.net/kcms2/article/abstract?v=hH4QDuxDhLRVKksWNSvaFvZvsQ1JuR_WVCWGMt-GTSyD6bIIXfW0LW2BbWKr6FvlKSfi8AWvWxJ6mrAvnlLLq4H5jnKgNjrCWn8qOtqHotnncm5abGFQfAxJ1jyAWGVT8nl3Lvpzwvgg-Y3cMWUeGaz1WxSkWZ7XCnCaw6DTP0WUHu1rsqDYyg==&uniplatform=NZKPT&language=CHS
CNKI-20260826104239790.enw	Journal Article	钙调素拮抗剂及钙螯合剂对玉米大斑病病原孢子萌发的影响	高志强,程增书	华北农学报	1993		https://kns.cnki.net/kcms2/article/abstract?v=hH4QDuxDhLRXo2_uymFQWrLJwpoDlgx4XX02IS030Q9AnD7b_yyKQ_g8MKiMVsKzkWU7ljR3lzd7c5tFfJlWjM49NKXtZJhR_rExbcb-IfGIvK98Kw4pud9h-lqMJMZZGlk-cgt2Okb7cr-DY-Frr557y2FMWngWcTxr8mRirQNbFD7ghYpgXQ==&uniplatform=NZKPT&language=CHS
CNKI-20260826104239790.enw	Journal Article	玉米茎腐病病原和品种抗病性鉴定接种方法的研究	姜晶春,潘顺法,晋齐鸣,尹志,孙伟	玉米科学	1993	10.13597/j.cnki.maize.science.1993.02.022	https://link.cnki.net/doi/10.13597/j.cnki.maize.science.1993.02.022
CNKI-20260826104239790.enw	Journal Article	亚洲玉米螟的天敌	翟保平	国外农学.植物保护	1993	10.13718/j.cnki.zwys.1993.02.004	https://link.cnki.net/doi/10.13718/j.cnki.zwys.1993.02.004
CNKI-20260826104239790.enw	Journal Article	江苏省几种作物丝核菌交互致病性的聚类分析	夏正俊,顾本康,李清铣	植物病理学报	1993	10.13926/j.cnki.apps.1993.01.007	https://link.cnki.net/doi/10.13926/j.cnki.apps.1993.01.007
CNKI-20260826104239790.enw	Journal Article	玉米霜霉病病原及发病规律研究	李大明 谢正元 沈积仁	甘肃农业科技	1993		https://kns.cnki.net/kcms2/article/abstract?v=hH4QDuxDhLSiw1MnQKBAFXeZ8ymPWewUENUS__CtXj7qkeAzaiopgugybVWDmbxEsNKzKvgujUbNyPwmDaeSGczJKsNFZkmhQujZB_P2lmvZjMNTfczE3vzVQ_z71YTd5b64UIOnpXjzBiKXPqc0HwswbOm6Rva7oV56o7Bx-9gJ38FWPFRnJw==&uniplatform=NZKPT&language=CHS
CNKI-20260826104239790.enw	Journal Article	玉米苗枯病研究获重大成果	陈苏根	今日科技	1993		https://kns.cnki.net/kcms2/article/abstract?v=hH4QDuxDhLRBkZj-dJq5L5W6xyrnSEorJRhnAyQRWI_vkPyT_dwD-47HCCwE6SodlWly58DHrJnvng68F1iZPa8nOKnStoKUzrDH5yWgSJ_b43lvTLmcNzZD2ZwPyH5X1scqmC9ZkTM23zOdItGcSo5jJXtCItrNFcRhgohEyoJ3nwv2iXVP9g==&uniplatform=NZKPT&language=CHS
CNKI-20260826104239790.enw	Journal Article	玉米根腐线虫病的病原鉴定和致病性研究	高学彪,程瑚瑞,方中达	南京农业大学学报	1992		https://kns.cnki.net/kcms2/article/abstract?v=hH4QDuxDhLTRpkoglahxhwIaBYP_huszUURVVVxn_y4V-i4PlqYBAlChtbIU_d6SoRZgBa-LgcnynFe0KwrQ8q8LeNya7b_EzUhkX4vKMlhmn1-d-stkC-HSvOGa5ek7Fa6gYH_GAIgg9_P8HGnrd54PbuP7QTkGMRKsCkxsertSI2tx0hqLsA==&uniplatform=NZKPT&language=CHS
CNKI-20260826104239790.enw	Journal Article	昆虫病原线虫对亚洲玉米螟防治的研究	廖学东 邵广凤 刘佑	天津农林科技	1992	10.16013/j.cnki.1002-0659.1992.04.015	https://link.cnki.net/doi/10.16013/j.cnki.1002-0659.1992.04.015
CNKI-20260826104239790.enw	Journal Article	植物病原真菌原生质体培养和遗传转化	黄大昉 彭于发	高技术通讯	1992		https://kns.cnki.net/kcms2/article/abstract?v=hH4QDuxDhLSHd8ze3j-AMP-FNKbQhdqGenLdPVUj7J8W7vKLF8swdbR0faRXwzI6WVvhun0FJlYTr9tzHISVecZB2wEh7MejQPi3tFBDrn5eXun7eQ_aPnZ5SfyHccXJe2E7dETKZtQx78PqFRWcuRPjioJxGfNfdGMcdTDGfjfQ27b8-u5xw95_NFq6R97B&uniplatform=NZKPT&language=CHS
CNKI-20260826104239790.enw	Journal Article	玉米根腐线虫病的病原鉴定和致病性研究	高学彪,程瑚瑞,方中达	植物病理学报	1992	10.13926/j.cnki.apps.1992.01.025	https://link.cnki.net/doi/10.13926/j.cnki.apps.1992.01.025
CNKI-20260826104239790.enw	Journal Article	钙调素拮抗剂对玉米大斑病病原孢子萌发的影响	高志强	植物病理学报	1992	10.13926/j.cnki.apps.1992.01.031	https://link.cnki.net/doi/10.13926/j.cnki.apps.1992.01.031
CNKI-20260826104239790.enw	Journal Article	玉米黑束病研究病害症状与病原生理特性的研究	孟有儒 张保善	云南农业大学学报	1992	10.16211/j.issn.1004-390x(n).1992.01.007	https://link.cnki.net/doi/10.16211/j.issn.1004-390x(n).1992.01.007
CNKI-20260826104239790.enw	Journal Article	对玉米茎腐病病原分离技术问题的几点看法	张春山,雷平	植物保护	1992		https://kns.cnki.net/kcms2/article/abstract?v=hH4QDuxDhLRMLpPnoQB4E0Nqc4f72TjCYy11NU19tKp4oBmo4UWGTjxCV6rHd5DqFQdJ723zGv59bcErocp8QAe_qHOnsrKM9gk5LoK7b_E7w8K9gJN1OyxIxxvZjfpYK1EUwfQ_k6kgjvS6fYGd_azqhBW8_ZdaStf-yVcPTckg8foCgrBBoQ==&uniplatform=NZKPT&language=CHS
CNKI-20260826104239790.enw	Journal Article	浙江玉米苗期根腐病病原研究简报	张欣炳,林福呈,沈杰	植物病理学报	1991	10.13926/j.cnki.apps.1991.03.020	https://link.cnki.net/doi/10.13926/j.cnki.apps.1991.03.020
CNKI-20260826104239790.enw	Journal Article	植物病原真菌毒素的研究现状	章元寿	真菌学报	1991	10.13346/j.mycosystema.1991.03.001	https://link.cnki.net/doi/10.13346/j.mycosystema.1991.03.001
CNKI-20260826104239790.enw	Conference Proceedings	利用工程重组草生欧文氏菌CSH1065防治作物真菌病害herbicolin质粒基因组接合转移及抗真菌活性测定	郭翼奋 梁再群 黄洪 武东繁 赵扬		1991		https://kns.cnki.net/kcms2/article/abstract?v=hH4QDuxDhLRJbenI4MSJ5RC81Y9_lvVvVr79Eonkksu2ZyXAU4nF8QElxm17mRn5qrYAVeNVIpmS2uIa1iW0JGhhHGHvZg-eArzOk0tUtin5NZkoIJO1xNHyN7SHpMlwR1ik1qJy1zz3hVEigGiq3-axMUaXQGSulGI1Ey6j3H71Qmu3VqeSebDhgDXRr5dm&uniplatform=NZKPT&language=CHS
CNKI-20260826104239790.enw	Journal Article	植物病原真菌毒素研讨会将在南京农大召开	章元寿	植物保护	1991		https://kns.cnki.net/kcms2/article/abstract?v=hH4QDuxDhLSxGGc_MepTB8jDoTiyW6wkKp_Awq7zIvXzJiejQew5A7khVwW360Z-i8WqNxrz4H2K3BSFrlOqa32ZFDhKdzWqQQy3_v9RKYjjTErjaTQjgMq5ggD14LsLg2VQ9UKUe_dEiyfI9WdRXljnjFkKyH49LK448HpTrzQpbzT4gSpSLQ==&uniplatform=NZKPT&language=CHS
CNKI-20260826104239790.enw	Journal Article	北京地区玉米青枯病病原与发生条件的调查研究	吴全安,朱小阳,李怡琳	植物保护	1990		https://kns.cnki.net/kcms2/article/abstract?v=hH4QDuxDhLQHMqdCFw_xvZcj4w-pA-z71peVSrz16EdwydpdkosESpcZl5ujd7EJpaJ34VuqIQXsPUsZSvHsTn57V_Qix59ZQfcV24ujT8PMeKPItLVBWDx0uVxBkr6LBQGkoj05Fxz7vVog5yV73YxfPW5yvrWu7dbrv9NdRSAnJ6n_q8L1Gg==&uniplatform=NZKPT&language=CHS
CNKI-20260826104239790.enw	Journal Article	山西玉米病害研究概述	石银鹿 王富荣	山西农业科学	1990		https://kns.cnki.net/kcms2/article/abstract?v=hH4QDuxDhLQ9dFUZ9xOppbVA14jRRT0CGlRmrL283dhBaCJtMkVilbrUVmz_v7ekYRzeIeuziQngrK2FmZY_wRisKfQSJ1hN64rsRQKnXwGMXcNyeUZC8Nxl4FW91F2cw3A_OkUwTZpOSX2zvgidvTyQUQ3q5XewqMWjuJ_OFEpRmow2zkNbUg==&uniplatform=NZKPT&language=CHS
CNKI-20260826104239790.enw	Journal Article	硒的生物学效应及动物缺硒病发病机理的研究	史言,徐忠宝,曲鸿章,石发庆,康世良,韩永达,徐春青,王书林,付有丰,夏德山,孙先忠,彭煜	畜牧兽医学报	1989		https://kns.cnki.net/kcms2/article/abstract?v=hH4QDuxDhLSuMB-3uuXrfk0OCla7zzo5EyHYJMZSGpgabFnhRwp1klKFp60RrBl_b1mpFHyPcthZ11O4JK5suxvc4n0_1nm6Nm9CridGpzc1KTMGYOrNSP_QN0pprUKu_RTtzGV0A4xQ7Z4zlxW0DTTkihDVirsoZl1O57YBkGIJtRlkththoA==&uniplatform=NZKPT&language=CHS
CNKI-20260826104239790.enw	Journal Article	水稻品种对细菌性基腐病的抗性及病原细菌致病力分化的研究	王金生 姚革 方中达	植物保护学报	1989	10.13802/j.cnki.zwbhxb.1989.03.010	https://link.cnki.net/doi/10.13802/j.cnki.zwbhxb.1989.03.010
CNKI-20260826104239790.enw	Journal Article	室内快速鉴别玉米抗小斑病方法研究简报	董金皋	植物保护	1989		https://kns.cnki.net/kcms2/article/abstract?v=hH4QDuxDhLR6O7sRFav_uOSELhUSgx0e2cUnRlGkrdhNfrAAhRo-ViI00P_CCsfbj8ndQ5xBi7AK2YWf2rKj6jVnlyquq8k-y2ZZq0RNjXHLcdhCeB0XFEwyBdA1oGDpQaDx5md_SNNDQb4jqRUdF729XRQLsNT8gHsaALDmX8ifqEZWcdyAiA==&uniplatform=NZKPT&language=CHS
CNKI-20260826104239790.enw	Journal Article	君子兰细菌性软腐病病原细菌的研究	王金生,胡方平,方中达	南京农业大学学报	1988		https://kns.cnki.net/kcms2/article/abstract?v=hH4QDuxDhLQioRhSMyV89Nr4GEK9YtRWB8hTkdP0bx-b7GOsfkaZ5KHPAfFmDzgVvBYh6rYQHEWL5KCpTTGGp1U5jtcsyWiBvJ4yKhU7ueuM_BJcCUfPia8o17oDPCrJgwUsUEzBkZui32TC98NaZKHkndttsKj5mnkvNqESCD7O45ibDqDNlQ==&uniplatform=NZKPT&language=CHS
CNKI-20260826104239790.enw	Journal Article	江苏几种作物病原丝核菌生物学特性的研究	李清铣 夏正俊	江苏农学院学报	1988	10.16872/j.cnki.1671-4652.1988.03.005	https://link.cnki.net/doi/10.16872/j.cnki.1671-4652.1988.03.005
CNKI-20260826104239790.enw	Journal Article	山西北中部玉米青枯病病原菌及其致病性	付玉红 张银双	山西农业科学	1988		https://kns.cnki.net/kcms2/article/abstract?v=hH4QDuxDhLRdBxKG0ZoOFMqKoCpTGKa-LjSHSu6tRAJbEuGmnu--rMpQXTEpdMJY-v-GZKGp76O50ijPhxcJOdTtA1buH7qOUWl8GeSUhEw_5oPACFFbNlZqV1IuiUZKHUQPblIBzA0o8KGi5BKFK1cfMCb8blRtMg2b3NoYYGWEXhMbh2IGJg==&uniplatform=NZKPT&language=CHS
CNKI-20260826104239790.enw	Journal Article	马霉玉米中毒	辛德颐	中国兽医杂志	1988		https://kns.cnki.net/kcms2/article/abstract?v=hH4QDuxDhLQYC0r1IFZtfxVbpWWkbeH00hsjRYRr8p1pW3XAJ_Xwy07HKcASL_rs50ztfpearnaBptnDlY1RUKNqVnUm04IXiX7l2jxwDwQTzsMRIW1tJ8nQKni5XdtW8Qgjyh32esrdqpyoHMDEO2fA0RrCW9r7ym5WcAFHwb6rBVo6OPd6Ow==&uniplatform=NZKPT&language=CHS
CNKI-20260826104239790.enw	Journal Article	东北玉米茎腐病病原的研究	白金铠 尹志 胡吉成	植物保护学报	1988	10.13802/j.cnki.zwbhxb.1988.02.006	https://link.cnki.net/doi/10.13802/j.cnki.zwbhxb.1988.02.006
CNKI-20260826104239790.enw	Journal Article	关于玉米茎腐病防治研究的探讨	胡吉成	吉林农业科学	1988	10.16423/j.cnki.1003-8701.1988.02.001	https://link.cnki.net/doi/10.16423/j.cnki.1003-8701.1988.02.001
CNKI-20260826104239790.enw	Journal Article	山西玉米茎腐病病原种类及其复合侵染的研究	高卫东 鲍金草 赵晋荣	山西农业大学学报	1987	10.13842/j.cnki.issn1671-8151.1987.02.010	https://link.cnki.net/doi/10.13842/j.cnki.issn1671-8151.1987.02.010
CNKI-20260826104239790.enw	Journal Article	一种能保护幼苗免遭真菌侵袭的菌株	马亚敏	生物技术通报	1987	10.13560/j.cnki.biotech.bull.1985.1987.05.013	https://link.cnki.net/doi/10.13560/j.cnki.biotech.bull.1985.1987.05.013
CNKI-20260826104239790.enw	Journal Article	江苏省蚕桑学会1985年年会论文摘要(或题录)(下)		江苏蚕业	1986		https://kns.cnki.net/kcms2/article/abstract?v=hH4QDuxDhLSHX3t7qxF6CITHppF5xKEuuWSHwYtD-3ZWCnYbnupy59zXnWWgZrdtTkQNME_8WX-ZbOVGadY-kuX9CoFi3KMuQqt_nlQg17li2QCEpu9pdnpyQS2VOQeLEtFbUpJwnN4vjP8SGD_PcnfAdftRHZ15IhvGJOvAmNrGZ9W7mlt4HA==&uniplatform=NZKPT&language=CHS
CNKI-20260826104239790.enw	Journal Article	法国农林害虫病原微生物的研究与应用概况	殷凤呜	广东林业科技	1986		https://kns.cnki.net/kcms2/article/abstract?v=hH4QDuxDhLT-X3IQUn-leFIEd3QQE-BXkc28bzOMC3MSqmGMA1TQuinjYnCPJmHU2dfKODYXYNUKfDi6AWw-H-kH1K4_WjZnE5KE3UOTz_JVKqBc_h029vW9mciFxDcfl7m8717Tcfm-ESX5XqMw1aKIC3pJ8h7-3nb4_-tXTHpukNyjExll8w==&uniplatform=NZKPT&language=CHS
CNKI-20260826104239790.enw	Journal Article	玉米茎基腐病的研究	李跃 孙树权	山西农业大学学报	1986	10.13842/j.cnki.issn1671-8151.1986.02.013	https://link.cnki.net/doi/10.13842/j.cnki.issn1671-8151.1986.02.013
CNKI-20260826104239790.enw	Journal Article	玉米矮缩花叶病病原的初步研究	侯明生,王铨茂,王国平	湖北农业科学	1985	10.14088/j.cnki.issn0439-8114.1985.06.008	https://link.cnki.net/doi/10.14088/j.cnki.issn0439-8114.1985.06.008
CNKI-20260826104239790.enw	Journal Article	香荚兰疫霉病病原鉴定	杨雄飞,孙宝芝	云南热作科技	1985	10.16005/j.cnki.tast.1985.01.006	https://link.cnki.net/doi/10.16005/j.cnki.tast.1985.01.006
CNKI-20260826104239790.enw	Journal Article	水稻细菌性基腐病的病原菌及其致病性的研究	王金生 韦忠民 方中达	植物病理学报	1984	10.13926/j.cnki.apps.1984.03.002	https://link.cnki.net/doi/10.13926/j.cnki.apps.1984.03.002
CNKI-20260826104239790.enw	Journal Article	玉米丝黑穗病的病原生物学特性研究	张超冲 戴肇英 周志权	广西农学院学报	1984		https://kns.cnki.net/kcms2/article/abstract?v=hH4QDuxDhLQRzP3r8l-ur8SaPilvqXFZEtohgllRLqMiWrmbb4jQ6CK9vnWHaogZlrk887MHr2WsOAgcdcN3m5Sq4i7_9LTZ0HYWaeb16l3Mtkk4B2q9OWjEEA_-CtEnf9u9Efr0iSQQR_b20IPuqxk21FWVfaFpI6KJaRSwZ5BsUgn_g0QDCw==&uniplatform=NZKPT&language=CHS
CNKI-20260826104239790.enw	Journal Article	关中地区玉米青枯病病原及致病性研究初报	马秉元 李亚玲 段双科	陕西农业科学	1984		https://kns.cnki.net/kcms2/article/abstract?v=hH4QDuxDhLTxd6cHxMtGg1ej_S4CuOZn7_QC8_uAMUUiKnkDZ5Q2Pm17JfVqgbwX5EYiBgetbj_cGgNRRdpNwWR6mdQ3BhNFixIM8TPI3Yrq9OcSryxFNaCvnlZMV1IvJZtzrGGQDvwC4vhFeS_iN2ARHSvVWrORw8yHZMnMlWLQP04HzBv93w==&uniplatform=NZKPT&language=CHS
CNKI-20260826104239790.enw	Journal Article	植物螺原体病原	朱本明	上海农业科技	1984		https://kns.cnki.net/kcms2/article/abstract?v=hH4QDuxDhLRiExmfQU4lm1xAF3L2GZO7NOPeos7RtdRFSj5uroCXMYhskzkJilQh6vY118jXFPRRKtfN-ydnumWZUYLjj4L1cDm7KTHQGGhAzv9UKx1om2zO5ZrUsxIoBvJhErT0rfVq1iCnxDyeYmP3xecBRRm6QztFOo83ZwCqzvOwTmjBoQ==&uniplatform=NZKPT&language=CHS
CNKI-20260826104239790.enw	Journal Article	关于玉米杂交种抗瘤黑粉病的研究	陈通翘 朱定莹	四川农业科技	1984		https://kns.cnki.net/kcms2/article/abstract?v=hH4QDuxDhLSRyKf1uX-WpgBghQjsULcdYmNs3j4gl8b64CCozMENYlTrC1EOLIS8ZuERDFzDJLl6UHzdvPLxSWXQWNT0zyaTE6lohb5KXylGP8pdbP_aUWH2sdJPfY2q6LcMRMv4BXQz1K5lFynieAcDqPGyMeBvbk2Wy2pIR43twIaG-u0Xhg==&uniplatform=NZKPT&language=CHS
CNKI-20260826104239790.enw	Journal Article	日本警惕侵入的重要细菌病	小林敏郎 末次哲雄 马桂椿	植物检疫	1983	10.19662/j.cnki.issn1005-2755.1983.04.023	https://link.cnki.net/doi/10.19662/j.cnki.issn1005-2755.1983.04.023
CNKI-20260826104239790.enw	Journal Article	有关绿矮和黄化复合症的大麦病株电子显微镜研究	沈菊英,陈作义,杨本荣	Acta Biochimica et Biophysica Sinica	1983		https://kns.cnki.net/kcms2/article/abstract?v=hH4QDuxDhLRDfxPF7nnGTFG-sZ9b4x4gaUOerjVBVGWJqdxeDVhAiY2bz8y2cRLRrWSr4py6KMmushd5DmWjkx-h_SUI5stDOKhJ0pzA6ceS1KfJwltNXPPC7DAwoBcOBr_7GgXaGaqAj0Ng3xXOLIrGDPt7MsjaWvW_JaqvE7fLNVFr8MWLFw==&uniplatform=NZKPT&language=CHS
CNKI-20260826104239790.enw	Journal Article	广西玉米青枯病调查研究初报	张超冲 李锦茂	广西农业科学	1983		https://kns.cnki.net/kcms2/article/abstract?v=hH4QDuxDhLSV5xbmCMjr8dZaMcilsz-H0jdJ3s_Y3rR3vopZSJOt6uJDreNfl_9K0sSmB9OBbGpgbykoEXTcNwpHHzifLqV2OzqZU6JUbGjuB5QP4KxkQPPS4nuSqiisu1ln3ebYVLu2WGeMsZ7s49snh4cTzv7FTapvYFLeb8DNiGf7XKzGUA==&uniplatform=NZKPT&language=CHS
CNKI-20260826104239790.enw	Journal Article	玉米细菌性枯萎病选择性培养基——黑色素培养基	郭翼奋 梁再群 俞大绂	微生物学报	1982	10.13343/j.cnki.wsxb.1982.04.005	https://link.cnki.net/doi/10.13343/j.cnki.wsxb.1982.04.005
CNKI-20260826104239790.enw	Journal Article	关于石家庄地区玉米粗缩病病原的类型问题	马文元	植物保护	1982		https://kns.cnki.net/kcms2/article/abstract?v=hH4QDuxDhLR9oMctmqi-D_-JUhvLGjAl-6drIrM6sU-31BGiTvDIb4zDlPUZ-otMdAHMsjbDDkGMFcc1SDsJb6Eh3WnNXgK7QXBxudeIlFP_nmGH6EUINQeRFRyOdOa6WuzDSBWZPOc7C23ZucnWjqwTSD7UP1JUROiDVGFjyyzIsJWl-ypcPg==&uniplatform=NZKPT&language=CHS
CNKI-20260826104239790.enw	Journal Article	玉米丝黑穗病的发生规律和防治措施探讨	杨臣瑾	贵州农业科学	1982		https://kns.cnki.net/kcms2/article/abstract?v=hH4QDuxDhLQ9P7DN90ZAfU68YAoCm5dlJOWmZ4GddWgB-azPpzOCATz62sliyQXrdtsUB-SGkPouB4sRaAk8YovMBOI7zW2M525BtSexJWp-q1ZNdItpRIq28a-nL_92uFTpeQdEc6d_pQcrjHtIiMetPBSCfD6vUPAx6wOrFrRbF4Q-4AL0bA==&uniplatform=NZKPT&language=CHS
CNKI-20260826104239790.enw	Journal Article	从进口玉米分离玉米细菌性枯萎病菌的选择性培养基	郭翼奋,梁再群,俞大绂	科学通报	1981		https://kns.cnki.net/kcms2/article/abstract?v=hH4QDuxDhLQ0POo2X5BUDUn84e9U01iY8zX3eGxoQy7mvr2epnOdKWShBtlFTP1giIkTiII-8i5gnhCyDiPGUe7gJY6fzTN9BL0uZnY6p-CTPNTGILZjpE4wiFN7CRcpgq9xt_DNc3ISD-bwezDXu8HrpO32W_2uCsJc4Gw6Rt1-pjLpXr4yLg==&uniplatform=NZKPT&language=CHS
CNKI-20260826104239790.enw	Journal Article	我国禾谷类病毒病的病原问题——Ⅷ.玉米粗缩病病原的研究	龚祖埙,沈菊英,陈巽祯,刘信义	Acta Biochimica et Biophysica Sinica	1981		https://kns.cnki.net/kcms2/article/abstract?v=hH4QDuxDhLQ_e3BhdFAkl7Jnzwj1-82cY09i_agsIn0RZGLczEtUu49VmBF4rxUmBqhdGIp25ZqE-ia_dkX3VvEPbSQQZRUXjiBX019Qot411eXjgZvbkOnThpu2gKlpnvM1Wd6gWsrfVKoC_hFrrrCSKAXzp1RGExpSVPokjB7Nr8YcIKGU0g==&uniplatform=NZKPT&language=CHS
CNKI-20260826104239790.enw	Journal Article	小麦丛矮病研究之二关于小麦丛矮病的病原病毒问题	杨莉 林志亮 梅汝鸿 蔡祝南 裘维蕃 傅仓生	植物保护学报	1979	10.13802/j.cnki.zwbhxb.1979.01.003	https://link.cnki.net/doi/10.13802/j.cnki.zwbhxb.1979.01.003
CNKI-20260826104239790.enw	Journal Article	水平抗病性(Horizontal Resistance)	R.A.鲁宾逊	云南农业科技	1975		https://kns.cnki.net/kcms2/article/abstract?v=hH4QDuxDhLRa8x72KAU3CLkAapc4Yc5m1kpV7WcfaEcBvd28P3PyOt86Kuou4yydR8nBqjfK_1itgaE_-Qj1SLpkt6G_oh5PvEX88wICE8WFcPOktFT9kE6VYB0jp6RA5a60t3gbsIhbTZh2HmtSyZ8C7nrQ75pCrVnAZW7dEeuF1u3YnfdVmQ==&uniplatform=NZKPT&language=CHS
CNKI-20260826104239790.enw	Journal Article	疑似馬腦脊髓炎病原研究Ⅱ病毒和發病的关系	方时杰 孟庆波 楊孟平	畜牧兽医学报	1962		https://kns.cnki.net/kcms2/article/abstract?v=hH4QDuxDhLRtsLPrzcxC7YE2YzEkcZ4Z8rT9-uHHaFSFJKfOiiEkGE-zlbi9xfVTzdwkE3vZScg1fl3encQV7ZoyuGmL5Pszc9COz-CINc6U_jqvaRRieIEUdnaw5nfNAjxazClXlOmnNOZeyw33rzYIgjQuox4NseUZc26Qn5ijBd0lCff7Eg==&uniplatform=NZKPT&language=CHS
CNKI-20260826104239790.enw	Journal Article	“疑似马脑脊髓炎”流行病学调查和病原讨论Ⅱ.病毒和发病关系	方时杰 胡嘉骥 孟庆波 杨孟平	中国畜牧学杂志	1959		https://kns.cnki.net/kcms2/article/abstract?v=hH4QDuxDhLSZ2y3ZFYjezlBIN5y08iXyb9n8ciQw5ZOJBDmmF5gqjxQl70eO3k3lWoY3a771pPeUy60LMrCXiHM72o7EV7MKB4u35AurF8R1srXqtuDynCmfmh_M8MQkq-qacGnaE2N55yBTuYCHqEDkj8TiW32gC0ykrUrZBd6EH7eMqrPKBw==&uniplatform=NZKPT&language=CHS
CNKI-20260826104239790.enw	Journal Article	“凝似馬腦脊髓炎”流行病學調查報告和病原討論——Ⅰ.霉玉米和發病的關系	方時杰 孟庆波 胡嘉驥 楊孟平 呂林森	中国兽医学杂志	1958		https://kns.cnki.net/kcms2/article/abstract?v=hH4QDuxDhLQlK-TpRPdUQ3_4r_YAl-aDYh26QyEXDhPkeg6zWxaZiWwm0lxvmV1HzK69317OAXdoalZbIhFcQNORCXSHmR0bnwsbvQ4qaELQVD0-Qf1XS6fbTp14xePJAr5pr8EclQMbb_znl1GLajjj3wtOBMy8W8tEkTW6Ypcks0w5wWe1AQ==&uniplatform=NZKPT&language=CHS
CNKI-20260826104239790.enw	Journal Article	疑似馬脑脊髓炎病原研究Ⅰ.霉玉米和發病的关系	方时杰 孟庆波 胡嘉骥 楊孟平 呂林森	畜牧兽医学报	1957		https://kns.cnki.net/kcms2/article/abstract?v=hH4QDuxDhLT-oz6GP96f-2kOdlOn-ACkbb5EAFV4pcPs6-diXAO3wxzjqCAOWj8mHeKJ1xr7ktn7VWYsoFb1_MhkmIPB0u3xbp7aqAPKE5pn87pKvTwF7kV1Ij3ij8ENQLvl9Lia_RQgzeu2F72Fx7QR5QpWUA935u0DttdpU2oajOGU6Xt8lQ==&uniplatform=NZKPT&language=CHS
