seqid	category	marker	length	gc_pct
MPDB000001	Bacteria	16S rRNA	1009	53.82
MPDB000002	Bacteria	16S rRNA	901	54.61
MPDB000003	Bacteria	16S rRNA	1147	54.93
MPDB000004	Bacteria	16S rRNA	1366	54.61
MPDB000005	Bacteria	16S rRNA	1330	54.81
MPDB000006	Bacteria	16S rRNA	1438	55.01
MPDB000007	Bacteria	16S rRNA	1221	54.95
MPDB000008	Bacteria	16S rRNA	1097	54.33
MPDB000009	Bacteria	16S rRNA	1008	54.37
MPDB000010	Bacteria	16S rRNA	1088	54.23
MPDB000011	Bacteria	16S rRNA	1317	54.75
MPDB000012	Bacteria	16S rRNA	1392	54.81
MPDB000013	Bacteria	16S rRNA	1385	54.87
MPDB000014	Bacteria	16S rRNA	262	55.73
MPDB000015	Bacteria	16S rRNA	902	55.54
MPDB000016	Bacteria	16S rRNA	1012	52.08
MPDB000017	Bacteria	16S rRNA	1365	54.87
MPDB000018	Bacteria	16S rRNA	1313	54.61
MPDB000019	Bacteria	16S rRNA	1388	54.76
MPDB000020	Bacteria	16S rRNA	1402	55.06
MPDB000021	Bacteria	16S rRNA	1402	54.92
MPDB000022	Bacteria	16S rRNA	1420	54.86
MPDB000023	Bacteria	16S rRNA	807	53.28
MPDB000024	Bacteria	16S rRNA	1061	55.51
MPDB000025	Bacteria	16S rRNA	1008	55.36
MPDB000026	Bacteria	16S rRNA	1311	54.69
MPDB000027	Bacteria	16S rRNA	1290	54.57
MPDB000028	Bacteria	16S rRNA	1292	54.72
MPDB000029	Bacteria	16S rRNA	479	55.74
MPDB000030	Bacteria	16S rRNA	330	57.27
MPDB000031	Bacteria	16S rRNA	976	55.23
MPDB000032	Bacteria	16S rRNA	1346	54.83
MPDB000033	Bacteria	16S rRNA	1441	55.24
MPDB000034	Bacteria	16S rRNA	1097	54.42
MPDB000035	Bacteria	16S rRNA	976	55.23
MPDB000036	Bacteria	16S rRNA	867	54.79
MPDB000037	Bacteria	16S rRNA	1084	55.17
MPDB000038	Bacteria	16S rRNA	405	54.07
MPDB000039	Bacteria	16S rRNA	1392	55.03
MPDB000040	Bacteria	16S rRNA	1410	55.11
MPDB000041	Bacteria	16S rRNA	1392	54.96
MPDB000042	Bacteria	16S rRNA	1393	54.99
MPDB000043	Bacteria	16S rRNA	1393	54.99
MPDB000044	Bacteria	16S rRNA	1382	53.18
MPDB000045	Bacteria	16S rRNA	523	53.35
MPDB000046	Bacteria	16S rRNA	722	52.49
MPDB000047	Bacteria	16S rRNA	1370	55.26
MPDB000048	Bacteria	16S rRNA	1370	55.4
MPDB000049	Bacteria	16S rRNA	1371	55.22
MPDB000050	Bacteria	16S rRNA	1370	55.4
MPDB000051	Bacteria	16S rRNA	1370	55.18
MPDB000052	Bacteria	16S rRNA	1363	56.27
MPDB000053	Bacteria	16S rRNA	1362	55.95
MPDB000054	Bacteria	16S rRNA	1363	56.13
MPDB000055	Bacteria	16S rRNA	1363	56.13
MPDB000056	Bacteria	16S rRNA	463	56.37
MPDB000057	Bacteria	16S rRNA	462	56.06
MPDB000058	Bacteria	16S rRNA	462	56.28
MPDB000059	Bacteria	16S rRNA	462	56.06
MPDB000060	Bacteria	16S rRNA	1371	54.85
MPDB000061	Bacteria	16S rRNA	1370	54.96
MPDB000062	Bacteria	16S rRNA	1372	54.66
MPDB000063	Bacteria	16S rRNA	1371	54.85
MPDB000064	Bacteria	16S rRNA	1370	54.82
MPDB000065	Bacteria	16S rRNA	1372	54.96
MPDB000066	Bacteria	16S rRNA	1363	55.32
MPDB000067	Bacteria	16S rRNA	1449	54.73
MPDB000068	Bacteria	16S rRNA	1458	54.94
MPDB000069	Bacteria	16S rRNA	413	53.03
MPDB000070	Bacteria	16S rRNA	414	53.14
MPDB000071	Bacteria	16S rRNA	1340	54.7
MPDB000072	Bacteria	16S rRNA	1453	55.13
MPDB000073	Bacteria	16S rRNA	1484	54.58
MPDB000074	Bacteria	16S rRNA	1499	54.77
MPDB000075	Bacteria	16S rRNA	1509	54.94
MPDB000076	Bacteria	16S rRNA	1498	54.94
MPDB000077	Bacteria	16S rRNA	1522	54.8
MPDB000078	Bacteria	16S rRNA	1458	55.01
MPDB000079	Bacteria	16S rRNA	1443	51.21
MPDB000080	Bacteria	16S rRNA	157	56.05
MPDB000081	Bacteria	16S rRNA	770	51.69
MPDB000082	Bacteria	16S rRNA	737	50.88
MPDB000083	Bacteria	16S rRNA	1400	55.14
MPDB000084	Bacteria	16S rRNA	1401	55.17
MPDB000085	Bacteria	16S rRNA	1372	55.03
MPDB000087	Bacteria	16S rRNA	808	53.96
MPDB000088	Bacteria	16S rRNA	809	53.89
MPDB000089	Bacteria	16S rRNA	1351	53.96
MPDB000090	Bacteria	16S rRNA	1344	54.17
MPDB000091	Bacteria	16S rRNA	1365	54.14
MPDB000092	Bacteria	16S rRNA	1364	54.11
MPDB000093	Bacteria	16S rRNA	1366	54.17
MPDB000094	Bacteria	16S rRNA	1330	54.14
MPDB000095	Bacteria	16S rRNA	1355	54.02
MPDB000096	Bacteria	16S rRNA	1311	54.0
MPDB000097	Bacteria	16S rRNA	1350	54.07
MPDB000098	Bacteria	16S rRNA	1324	54.08
MPDB000099	Bacteria	16S rRNA	290	55.52
MPDB000100	Bacteria	16S rRNA	1227	54.44
MPDB000101	Bacteria	16S rRNA	660	49.24
MPDB000102	Bacteria	16S rRNA	1479	54.29
MPDB000103	Bacteria	16S rRNA	1007	53.43
MPDB000104	Bacteria	16S rRNA	949	51.84
MPDB000105	Bacteria	16S rRNA	951	54.57
MPDB000106	Bacteria	16S rRNA	964	54.05
MPDB000107	Bacteria	16S rRNA	780	53.33
MPDB000108	Bacteria	16S rRNA	958	53.76
MPDB000109	Bacteria	16S rRNA	703	53.63
MPDB000110	Bacteria	16S rRNA	974	53.08
MPDB000111	Bacteria	16S rRNA	974	52.87
MPDB000112	Bacteria	16S rRNA	939	53.46
MPDB000113	Bacteria	16S rRNA	849	52.18
MPDB000114	Bacteria	16S rRNA	976	52.25
MPDB000115	Bacteria	16S rRNA	962	52.6
MPDB000116	Bacteria	16S rRNA	671	53.35
MPDB000117	Bacteria	16S rRNA	957	52.56
MPDB000118	Bacteria	16S rRNA	952	52.84
MPDB000119	Bacteria	16S rRNA	949	53.74
MPDB000120	Bacteria	16S rRNA	935	53.16
MPDB000121	Bacteria	16S rRNA	363	53.99
MPDB000122	Bacteria	16S rRNA	881	52.67
MPDB000123	Bacteria	16S rRNA	930	52.8
MPDB000124	Bacteria	16S rRNA	933	51.66
MPDB000125	Bacteria	16S rRNA	910	53.41
MPDB000126	Bacteria	16S rRNA	1050	54.48
MPDB000127	Bacteria	16S rRNA	1120	54.2
MPDB000128	Bacteria	16S rRNA	1258	53.26
MPDB000129	Bacteria	16S rRNA	1478	55.89
MPDB000130	Bacteria	16S rRNA	451	56.98
MPDB000131	Bacteria	16S rRNA	448	56.92
MPDB000132	Bacteria	16S rRNA	454	57.05
MPDB000133	Bacteria	16S rRNA	451	56.98
MPDB000134	Bacteria	16S rRNA	438	57.31
MPDB000135	Bacteria	16S rRNA	450	56.89
MPDB000136	Bacteria	16S rRNA	273	56.04
MPDB000137	Bacteria	16S rRNA	452	56.86
MPDB000138	Bacteria	16S rRNA	1478	55.89
MPDB000139	Bacteria	16S rRNA	1479	54.09
MPDB000140	Bacteria	16S rRNA	917	52.89
MPDB000141	Bacteria	16S rRNA	584	52.91
MPDB000142	Bacteria	16S rRNA	584	53.6
MPDB000143	Bacteria	16S rRNA	584	53.08
MPDB000144	Bacteria	16S rRNA	584	53.08
MPDB000145	Bacteria	16S rRNA	584	53.25
MPDB000146	Bacteria	16S rRNA	584	53.6
MPDB000147	Bacteria	16S rRNA	1383	54.01
MPDB000148	Bacteria	16S rRNA	960	53.44
MPDB000149	Bacteria	16S rRNA	837	55.08
MPDB000150	Bacteria	16S rRNA	1467	55.28
MPDB000151	Bacteria	16S rRNA	1467	55.35
MPDB000152	Bacteria	16S rRNA	1105	53.94
MPDB000153	Bacteria	16S rRNA	1385	54.95
MPDB000154	Bacteria	16S rRNA	709	55.29
MPDB000155	Bacteria	16S rRNA	709	57.4
MPDB000156	Bacteria	16S rRNA	421	54.39
MPDB000157	Bacteria	16S rRNA	709	55.57
MPDB000158	Bacteria	16S rRNA	699	55.22
MPDB000159	Bacteria	16S rRNA	700	55.14
MPDB000160	Bacteria	16S rRNA	709	55.43
MPDB000161	Bacteria	16S rRNA	699	55.22
MPDB000162	Bacteria	16S rRNA	699	55.08
MPDB000163	Bacteria	16S rRNA	689	55.01
MPDB000164	Bacteria	16S rRNA	709	55.43
MPDB000165	Bacteria	16S rRNA	709	55.43
MPDB000166	Bacteria	16S rRNA	689	55.44
MPDB000167	Bacteria	16S rRNA	699	55.22
MPDB000168	Bacteria	16S rRNA	216	55.56
MPDB000169	Bacteria	16S rRNA	558	54.12
MPDB000170	Bacteria	16S rRNA	1410	54.96
MPDB000171	Bacteria	16S rRNA	1285	54.24
MPDB000172	Bacteria	16S rRNA	973	54.37
MPDB000173	Bacteria	16S rRNA	853	54.16
MPDB000174	Bacteria	16S rRNA	823	53.71
MPDB000175	Bacteria	16S rRNA	822	54.62
MPDB000176	Bacteria	16S rRNA	1485	55.02
MPDB000177	Bacteria	16S rRNA	1482	54.99
MPDB000178	Bacteria	16S rRNA	1025	54.54
MPDB000179	Bacteria	16S rRNA	560	55.71
MPDB000180	Bacteria	16S rRNA	650	55.38
MPDB000181	Bacteria	16S rRNA	898	54.9
MPDB000182	Bacteria	16S rRNA	1482	55.2
MPDB000183	Bacteria	16S rRNA	1494	55.15
MPDB000184	Bacteria	16S rRNA	1494	55.22
MPDB000185	Bacteria	16S rRNA	1488	55.24
MPDB000186	Bacteria	16S rRNA	1494	55.15
MPDB000187	Bacteria	16S rRNA	1404	54.84
MPDB000188	Bacteria	16S rRNA	499	52.1
MPDB000189	Bacteria	16S rRNA	315	50.79
MPDB000190	Bacteria	16S rRNA	1413	54.78
MPDB000191	Bacteria	16S rRNA	1406	54.77
MPDB000192	Bacteria	16S rRNA	1503	54.09
MPDB000193	Bacteria	16S rRNA	1503	53.96
MPDB000194	Bacteria	16S rRNA	175	56.0
MPDB000195	Bacteria	16S rRNA	1498	54.14
MPDB000196	Bacteria	16S rRNA	780	53.21
MPDB000197	Bacteria	16S rRNA	1491	53.86
MPDB000198	Bacteria	16S rRNA	889	55.34
MPDB000199	Bacteria	16S rRNA	846	56.38
MPDB000200	Bacteria	16S rRNA	877	55.99
MPDB000201	Bacteria	16S rRNA	959	55.68
MPDB000202	Bacteria	16S rRNA	920	56.09
MPDB000203	Bacteria	16S rRNA	953	55.93
MPDB000204	Bacteria	16S rRNA	887	55.58
MPDB000205	Bacteria	16S rRNA	239	54.39
MPDB000206	Bacteria	16S rRNA	900	55.33
MPDB000207	Bacteria	16S rRNA	698	53.87
MPDB000208	Bacteria	16S rRNA	743	54.37
MPDB000209	Bacteria	16S rRNA	620	54.03
MPDB000210	Bacteria	16S rRNA	655	55.57
MPDB000211	Bacteria	16S rRNA	1008	54.66
MPDB000212	Bacteria	16S rRNA	1420	55.85
MPDB000213	Bacteria	16S rRNA	954	55.03
MPDB000214	Bacteria	16S rRNA	901	55.16
MPDB000215	Bacteria	16S rRNA	946	55.81
MPDB000216	Bacteria	16S rRNA	949	54.9
MPDB000217	Bacteria	16S rRNA	1033	54.7
MPDB000218	Bacteria	16S rRNA	971	54.89
MPDB000219	Bacteria	16S rRNA	996	54.82
MPDB000220	Bacteria	16S rRNA	988	54.86
MPDB000221	Bacteria	16S rRNA	967	54.91
MPDB000222	Bacteria	16S rRNA	1035	54.78
MPDB000223	Bacteria	16S rRNA	972	54.84
MPDB000224	Bacteria	16S rRNA	1034	54.64
MPDB000225	Bacteria	16S rRNA	972	54.94
MPDB000226	Bacteria	16S rRNA	972	54.73
MPDB000227	Bacteria	16S rRNA	1042	54.61
MPDB000228	Bacteria	16S rRNA	1694	52.72
MPDB000229	Bacteria	16S rRNA	1402	55.21
MPDB000230	Bacteria	16S rRNA	773	56.27
MPDB000231	Bacteria	16S rRNA	1043	55.9
MPDB000232	Bacteria	16S rRNA	1376	55.89
MPDB000233	Bacteria	16S rRNA	1531	55.78
MPDB000234	Bacteria	16S rRNA	775	53.42
MPDB000235	Bacteria	16S rRNA	1092	54.12
MPDB000236	Bacteria	16S rRNA	725	56.28
MPDB000237	Bacteria	16S rRNA	1559	55.48
MPDB000238	Bacteria	16S rRNA	549	55.56
MPDB000239	Bacteria	16S rRNA	923	54.71
MPDB000240	Bacteria	16S rRNA	120	52.5
MPDB000241	Bacteria	16S rRNA	1533	55.19
MPDB000242	Bacteria	16S rRNA	1472	55.23
MPDB000243	Bacteria	16S rRNA	1423	55.38
MPDB000244	Bacteria	16S rRNA	469	56.5
MPDB000245	Bacteria	16S rRNA	469	56.29
MPDB000246	Bacteria	16S rRNA	469	56.29
MPDB000247	Bacteria	16S rRNA	734	54.63
MPDB000248	Bacteria	16S rRNA	732	53.96
MPDB000249	Bacteria	16S rRNA	1418	55.64
MPDB000250	Bacteria	16S rRNA	716	56.56
MPDB000251	Bacteria	16S rRNA	1472	55.43
MPDB000252	Bacteria	16S rRNA	732	56.69
MPDB000253	Bacteria	16S rRNA	1464	55.05
MPDB000254	Bacteria	16S rRNA	1408	55.82
MPDB000255	Bacteria	16S rRNA	751	56.32
MPDB000256	Bacteria	16S rRNA	970	55.67
MPDB000257	Bacteria	16S rRNA	970	55.46
MPDB000258	Bacteria	16S rRNA	904	56.53
MPDB000259	Bacteria	16S rRNA	1433	55.69
MPDB000260	Bacteria	16S rRNA	1467	54.06
MPDB000261	Bacteria	16S rRNA	1467	54.12
MPDB000262	Bacteria	16S rRNA	1467	54.19
MPDB000263	Bacteria	16S rRNA	1467	54.4
MPDB000264	Bacteria	16S rRNA	1467	53.78
MPDB000265	Bacteria	16S rRNA	1363	54.51
MPDB000266	Bacteria	16S rRNA	1497	54.04
MPDB000267	Bacteria	16S rRNA	535	51.78
MPDB000268	Bacteria	16S rRNA	536	51.87
MPDB000269	Bacteria	16S rRNA	1025	53.17
MPDB000270	Bacteria	16S rRNA	1025	54.24
MPDB000271	Bacteria	16S rRNA	1025	54.05
MPDB000272	Bacteria	16S rRNA	1025	54.34
MPDB000273	Bacteria	16S rRNA	964	54.36
MPDB000274	Bacteria	16S rRNA	1025	53.95
MPDB000275	Bacteria	16S rRNA	1025	54.34
MPDB000276	Bacteria	16S rRNA	1025	53.76
MPDB000277	Bacteria	16S rRNA	1025	54.73
MPDB000278	Bacteria	16S rRNA	1075	53.77
MPDB000279	Bacteria	16S rRNA	780	55.0
MPDB000280	Bacteria	16S rRNA	1034	53.48
MPDB000281	Bacteria	16S rRNA	1499	52.1
MPDB000282	Bacteria	16S rRNA	1263	52.1
MPDB000283	Bacteria	16S rRNA	1428	54.2
MPDB000284	Bacteria	16S rRNA	1200	55.0
MPDB000285	Bacteria	16S rRNA	589	53.99
MPDB000286	Bacteria	16S rRNA	929	49.73
MPDB000287	Bacteria	16S rRNA	882	52.38
MPDB000288	Bacteria	16S rRNA	885	53.56
MPDB000289	Bacteria	16S rRNA	1169	50.04
MPDB000290	Bacteria	16S rRNA	1107	53.93
MPDB000291	Bacteria	16S rRNA	1289	52.83
MPDB000292	Bacteria	16S rRNA	1029	52.38
MPDB000293	Bacteria	16S rRNA	1519	54.71
MPDB000294	Bacteria	16S rRNA	749	55.41
MPDB000295	Bacteria	16S rRNA	1370	55.33
MPDB000296	Bacteria	16S rRNA	1402	54.85
MPDB000297	Bacteria	16S rRNA	1388	54.61
MPDB000298	Bacteria	16S rRNA	1433	54.92
MPDB000299	Bacteria	16S rRNA	976	53.79
MPDB000300	Bacteria	16S rRNA	1462	54.79
MPDB000301	Bacteria	16S rRNA	1125	55.64
MPDB000302	Bacteria	16S rRNA	1127	55.63
MPDB000303	Bacteria	16S rRNA	1125	55.73
MPDB000304	Bacteria	16S rRNA	1127	55.72
MPDB000305	Bacteria	16S rRNA	1119	54.96
MPDB000306	Bacteria	16S rRNA	1121	55.58
MPDB000307	Bacteria	16S rRNA	1125	55.38
MPDB000308	Bacteria	16S rRNA	1124	55.07
MPDB000309	Bacteria	16S rRNA	1123	55.3
MPDB000310	Bacteria	16S rRNA	1124	55.69
MPDB000311	Bacteria	16S rRNA	1124	55.52
MPDB000312	Bacteria	16S rRNA	699	56.22
MPDB000313	Bacteria	16S rRNA	699	56.22
MPDB000314	Bacteria	16S rRNA	678	55.6
MPDB000315	Bacteria	16S rRNA	677	55.54
MPDB000316	Bacteria	16S rRNA	1196	54.85
MPDB000317	Bacteria	16S rRNA	949	55.32
MPDB000318	Bacteria	16S rRNA	1224	54.98
MPDB000319	Bacteria	16S rRNA	779	55.2
MPDB000320	Bacteria	16S rRNA	1269	54.85
MPDB000321	Bacteria	16S rRNA	1269	54.77
MPDB000322	Bacteria	16S rRNA	1269	54.77
MPDB000323	Bacteria	16S rRNA	680	56.47
MPDB000324	Bacteria	16S rRNA	1531	54.67
MPDB000325	Bacteria	16S rRNA	1430	55.24
MPDB000326	Bacteria	16S rRNA	1217	54.81
MPDB000327	Bacteria	16S rRNA	1211	54.75
MPDB000328	Bacteria	16S rRNA	762	30.45
MPDB000329	Bacteria	16S rRNA	974	32.65
MPDB000330	Bacteria	16S rRNA	980	67.35
MPDB000331	Bacteria	16S rRNA	262	31.3
MPDB000332	Bacteria	16S rRNA	265	70.94
MPDB000333	Bacteria	16S rRNA	3315	63.2
MPDB000334	Bacteria	16S rRNA	1014	54.14
MPDB000335	Bacteria	16S rRNA	1389	54.5
MPDB000336	Bacteria	16S rRNA	1388	55.04
MPDB000337	Bacteria	16S rRNA	4042	46.14
MPDB000338	Bacteria	16S rRNA	1464	54.3
MPDB000339	Bacteria	16S rRNA	1467	54.33
MPDB000340	Bacteria	16S rRNA	7741	44.85
MPDB000341	Bacteria	16S rRNA	1031	53.44
MPDB000342	Bacteria	16S rRNA	765	52.42
MPDB000343	Bacteria	16S rRNA	1000	42.9
MPDB000344	Bacteria	16S rRNA	1020	53.92
MPDB000345	Bacteria	16S rRNA	1080	60.37
MPDB000346	Bacteria	16S rRNA	676	52.96
MPDB000347	Bacteria	16S rRNA	1464	54.64
MPDB000348	Bacteria	16S rRNA	1464	54.58
MPDB000349	Bacteria	16S rRNA	1464	54.58
MPDB000350	Bacteria	16S rRNA	1464	54.44
MPDB000351	Bacteria	16S rRNA	1464	54.37
MPDB000352	Bacteria	16S rRNA	1464	54.37
MPDB000353	Bacteria	16S rRNA	1471	54.38
MPDB000354	Bacteria	16S rRNA	1115	55.25
MPDB000355	Bacteria	16S rRNA	1464	54.37
MPDB000356	Bacteria	16S rRNA	1464	54.3
MPDB000357	Bacteria	16S rRNA	1387	54.72
MPDB000358	Bacteria	16S rRNA	1411	54.78
MPDB000359	Bacteria	16S rRNA	437	55.15
MPDB000360	Bacteria	16S rRNA	1269	54.37
MPDB000361	Bacteria	16S rRNA	1269	54.14
MPDB000362	Bacteria	16S rRNA	1068	55.06
MPDB000363	Bacteria	16S rRNA	166	53.61
MPDB000364	Bacteria	16S rRNA	565	56.46
MPDB000365	Bacteria	16S rRNA	988	51.72
MPDB000366	Bacteria	16S rRNA	731	55.81
MPDB000367	Bacteria	16S rRNA	1368	54.24
MPDB000368	Bacteria	16S rRNA	1165	54.08
MPDB000369	Bacteria	16S rRNA	1156	54.24
MPDB000370	Bacteria	16S rRNA	1209	54.18
MPDB000371	Bacteria	16S rRNA	1229	54.52
MPDB000372	Bacteria	16S rRNA	1453	54.09
MPDB000373	Bacteria	16S rRNA	759	56.26
MPDB000374	Bacteria	16S rRNA	878	54.56
MPDB000375	Bacteria	16S rRNA	759	56.26
MPDB000376	Bacteria	16S rRNA	758	56.2
MPDB000377	Bacteria	16S rRNA	956	53.14
MPDB000378	Bacteria	16S rRNA	1065	53.15
MPDB000379	Bacteria	16S rRNA	425	52.0
MPDB000380	Bacteria	16S rRNA	2024	54.79
MPDB000381	Bacteria	16S rRNA	1119	56.03
MPDB000382	Bacteria	16S rRNA	683	56.52
MPDB000383	Bacteria	16S rRNA	700	54.0
MPDB000384	Bacteria	16S rRNA	1358	55.82
MPDB000385	Bacteria	16S rRNA	1417	55.61
MPDB000386	Bacteria	16S rRNA	1423	55.38
MPDB000387	Bacteria	16S rRNA	1408	55.54
MPDB000388	Bacteria	16S rRNA	1356	55.83
MPDB000389	Bacteria	16S rRNA	1391	55.64
MPDB000390	Bacteria	16S rRNA	1404	55.84
MPDB000391	Bacteria	16S rRNA	1383	55.39
MPDB000392	Bacteria	16S rRNA	615	52.85
MPDB000393	Bacteria	16S rRNA	868	54.38
MPDB000394	Bacteria	16S rRNA	600	54.17
MPDB000395	Bacteria	16S rRNA	120	55.0
MPDB000396	Bacteria	16S rRNA	1499	54.04
MPDB000397	Bacteria	16S rRNA	420	55.48
MPDB000398	Bacteria	16S rRNA	1330	54.89
MPDB000399	Bacteria	16S rRNA	1332	54.88
MPDB000400	Bacteria	16S rRNA	1445	54.05
MPDB000401	Bacteria	16S rRNA	665	55.04
MPDB000402	Bacteria	16S rRNA	437	56.06
MPDB000403	Bacteria	16S rRNA	1394	54.81
MPDB000404	Viruses	genome	2701	49.24
MPDB000405	Viruses	genome	2690	48.51
MPDB000406	Viruses	genome	2689	49.54
MPDB000407	Viruses	genome	2685	48.27
MPDB000408	Viruses	genome	2673	48.22
MPDB000409	Viruses	genome	2684	49.07
MPDB000410	Viruses	genome	2685	48.49
MPDB000411	Viruses	genome	2685	49.09
MPDB000412	Viruses	genome	2683	48.23
MPDB000413	Viruses	genome	2684	48.21
MPDB000414	Viruses	genome	2685	48.94
MPDB000415	Viruses	genome	2684	48.47
MPDB000416	Viruses	genome	2685	49.01
MPDB000417	Viruses	genome	2684	48.17
MPDB000418	Viruses	genome	2684	48.66
MPDB000419	Viruses	genome	2684	48.1
MPDB000420	Viruses	genome	2684	48.25
MPDB000421	Viruses	genome	2685	49.05
MPDB000422	Viruses	genome	2685	48.38
MPDB000423	Viruses	genome	2685	48.98
MPDB000424	Viruses	genome	2686	48.96
MPDB000425	Viruses	genome	2684	48.81
MPDB000426	Viruses	genome	2684	48.62
MPDB000427	Viruses	genome	2685	48.53
MPDB000428	Viruses	genome	2685	48.64
MPDB000429	Viruses	genome	2684	48.51
MPDB000430	Viruses	genome	2684	48.29
MPDB000431	Viruses	genome	2685	48.9
MPDB000432	Viruses	genome	2686	48.25
MPDB000433	Viruses	genome	2682	47.95
MPDB000434	Viruses	genome	2684	49.03
MPDB000435	Viruses	genome	2684	48.29
MPDB000436	Viruses	genome	2685	48.94
MPDB000437	Viruses	genome	2684	48.21
MPDB000438	Viruses	genome	2687	49.57
MPDB000439	Viruses	genome	2687	49.5
MPDB000440	Viruses	genome	2686	49.59
MPDB000441	Viruses	genome	2687	49.5
MPDB000442	Viruses	genome	2687	49.53
MPDB000443	Viruses	genome	2687	49.5
MPDB000444	Viruses	genome	2687	49.53
MPDB000445	Viruses	genome	2688	48.18
MPDB000446	Viruses	genome	2688	48.03
MPDB000447	Viruses	genome	1936	34.66
MPDB000448	Viruses	genome	1900	34.47
MPDB000449	Viruses	genome	1802	36.13
MPDB000450	Viruses	genome	1929	34.99
MPDB000451	Viruses	genome	1920	33.85
MPDB000452	Viruses	genome	1801	36.42
MPDB000453	Viruses	genome	2882	51.8
MPDB000454	Viruses	genome	2879	52.45
MPDB000455	Viruses	genome	2879	52.41
MPDB000456	Viruses	genome	2882	51.77
MPDB000457	Viruses	genome	2880	51.74
MPDB000458	Viruses	genome	2879	52.1
MPDB000459	Viruses	genome	2879	52.0
MPDB000460	Viruses	genome	2880	52.5
MPDB000461	Viruses	genome	2882	52.46
MPDB000462	Viruses	genome	2879	52.76
MPDB000463	Viruses	genome	2879	52.76
MPDB000464	Viruses	genome	2879	52.76
MPDB000465	Viruses	genome	4436	50.47
MPDB000466	Viruses	genome	4436	50.43
MPDB000467	Viruses	genome	4436	50.43
MPDB000468	Viruses	genome	4437	50.39
MPDB000469	Viruses	genome	4436	50.34
MPDB000470	Viruses	genome	4388	50.25
MPDB000471	Viruses	genome	4436	50.18
MPDB000472	Viruses	genome	4437	50.26
MPDB000473	Viruses	genome	4425	50.37
MPDB000474	Viruses	genome	4436	50.32
MPDB000475	Viruses	genome	4436	50.41
MPDB000476	Viruses	genome	4436	50.41
MPDB000477	Viruses	genome	4435	50.35
MPDB000478	Viruses	genome	4436	50.47
MPDB000479	Viruses	genome	4436	50.54
MPDB000480	Viruses	genome	4436	50.43
MPDB000481	Viruses	genome	4426	50.29
MPDB000482	Viruses	genome	4404	50.25
MPDB000483	Viruses	genome	4436	50.47
MPDB000484	Viruses	genome	4436	50.45
MPDB000485	Viruses	genome	4436	50.43
MPDB000486	Viruses	genome	4436	50.43
MPDB000487	Viruses	genome	4435	50.42
MPDB000488	Viruses	genome	4436	50.41
MPDB000489	Viruses	genome	4428	50.43
MPDB000490	Viruses	genome	4436	50.5
MPDB000491	Viruses	genome	4426	50.25
MPDB000492	Viruses	genome	4401	50.22
MPDB000493	Viruses	genome	4430	50.47
MPDB000494	Viruses	genome	4450	50.31
MPDB000495	Viruses	genome	4427	50.42
MPDB000496	Viruses	genome	4423	50.33
MPDB000497	Viruses	genome	4436	50.41
MPDB000498	Viruses	genome	4397	50.26
MPDB000499	Viruses	genome	4394	50.09
MPDB000500	Viruses	genome	4395	50.22
MPDB000501	Viruses	genome	4377	50.22
MPDB000502	Viruses	genome	4390	50.07
MPDB000503	Viruses	genome	4391	50.15
MPDB000504	Viruses	genome	4393	50.24
MPDB000505	Viruses	genome	4393	50.24
MPDB000506	Viruses	genome	4393	50.22
MPDB000507	Viruses	genome	4436	50.29
MPDB000508	Viruses	genome	9499	40.64
MPDB000509	Viruses	genome	9458	40.19
MPDB000510	Viruses	genome	9402	39.48
MPDB000511	Viruses	genome	9526	40.42
MPDB000512	Viruses	genome	9563	41.18
MPDB000513	Viruses	genome	9538	40.45
MPDB000514	Viruses	genome	9225	40.67
MPDB000515	Viruses	genome	9497	40.53
MPDB000516	Viruses	genome	9450	40.71
MPDB000517	Viruses	genome	9491	40.55
MPDB000518	Viruses	genome	9394	40.52
MPDB000519	Viruses	genome	9415	40.57
MPDB000520	Viruses	genome	9413	40.37
MPDB000521	Viruses	genome	9204	40.42
MPDB000522	Viruses	genome	9444	40.66
MPDB000523	Viruses	genome	9430	40.72
MPDB000524	Viruses	genome	9461	40.41
MPDB000525	Viruses	genome	9454	40.45
MPDB000526	Viruses	genome	9391	40.37
MPDB000527	Viruses	genome	9372	40.44
MPDB000528	Viruses	genome	9431	40.47
MPDB000529	Viruses	genome	9395	40.44
MPDB000530	Viruses	genome	9440	40.38
MPDB000531	Viruses	genome	9515	40.57
MPDB000532	Viruses	genome	9499	40.52
MPDB000533	Viruses	genome	9610	40.56
MPDB000534	Viruses	genome	9514	40.93
MPDB000535	Viruses	genome	9575	42.16
MPDB000536	Viruses	genome	9576	41.92
MPDB000537	Viruses	genome	9576	41.94
MPDB000538	Viruses	genome	9598	42.08
MPDB000539	Viruses	genome	9520	41.69
MPDB000540	Viruses	genome	9522	41.67
MPDB000541	Viruses	genome	9511	41.58
MPDB000542	Viruses	genome	9487	41.69
MPDB000543	Viruses	genome	9520	41.63
MPDB000544	Viruses	genome	9482	41.65
MPDB000545	Viruses	genome	9491	41.71
MPDB000546	Viruses	genome	9575	41.71
MPDB000547	Viruses	genome	9492	41.66
MPDB000548	Viruses	genome	9484	41.33
MPDB000549	Viruses	genome	9527	41.7
MPDB000550	Viruses	genome	9494	41.68
MPDB000551	Viruses	genome	9539	41.57
MPDB000552	Viruses	genome	9509	41.99
MPDB000553	Viruses	genome	9545	41.94
MPDB000554	Viruses	genome	9536	42.1
MPDB000555	Viruses	genome	9530	42.33
MPDB000556	Viruses	genome	9535	42.11
MPDB000557	Viruses	genome	9575	41.66
MPDB000558	Viruses	genome	9509	40.91
MPDB000559	Viruses	genome	9587	41.75
MPDB000560	Viruses	genome	9580	41.68
MPDB000561	Viruses	genome	9584	41.68
MPDB000562	Viruses	genome	9590	41.4
MPDB000563	Viruses	genome	9588	41.97
MPDB000564	Viruses	genome	9596	41.72
MPDB000565	Viruses	genome	9596	41.64
MPDB000566	Viruses	genome	9591	41.7
MPDB000567	Viruses	genome	9620	41.29
MPDB000568	Viruses	genome	9574	42.04
MPDB000569	Viruses	genome	9616	40.24
MPDB000570	Viruses	genome	9609	40.46
MPDB000571	Viruses	genome	9557	41.79
MPDB000572	Viruses	genome	9558	41.68
MPDB000573	Viruses	genome	9561	41.77
MPDB000574	Viruses	genome	9570	41.84
MPDB000575	Viruses	genome	9604	40.36
MPDB000576	Viruses	genome	9563	41.84
MPDB000577	Viruses	genome	9577	41.8
MPDB000578	Viruses	genome	2867	44.4
MPDB000579	Viruses	genome	3234	47.34
MPDB000580	Viruses	genome	2109	48.08
MPDB000581	Viruses	genome	3389	45.18
MPDB000582	Viruses	genome	2204	47.64
MPDB000583	Viruses	genome	3038	45.42
MPDB000584	Viruses	genome	3354	46.09
MPDB000585	Viruses	genome	3045	45.42
MPDB000586	Viruses	genome	2202	47.91
MPDB000587	Viruses	genome	3511	42.64
MPDB000588	Viruses	genome	2984	43.13
MPDB000589	Viruses	genome	2542	41.66
MPDB000590	Viruses	genome	4094	51.2
MPDB000591	Viruses	genome	4094	51.2
MPDB000592	Viruses	genome	4988	50.88
MPDB000593	Viruses	genome	5563	52.49
MPDB000594	Viruses	genome	4891	50.48
MPDB000595	Viruses	genome	5634	50.8
MPDB000596	Viruses	genome	5635	50.68
MPDB000597	Viruses	genome	5563	50.87
MPDB000598	Viruses	genome	5641	50.97
MPDB000599	Viruses	genome	5635	50.7
MPDB000600	Viruses	genome	5646	50.81
MPDB000601	Viruses	genome	5644	50.76
MPDB000602	Viruses	genome	5642	50.8
MPDB000603	Viruses	genome	5624	50.94
MPDB000604	Viruses	genome	5604	50.68
MPDB000605	Viruses	genome	5646	50.78
MPDB000606	Viruses	genome	5637	50.65
MPDB000607	Viruses	genome	5642	50.71
MPDB000608	Viruses	genome	5637	50.79
MPDB000609	Viruses	genome	5642	50.94
MPDB000610	Viruses	genome	5642	50.44
MPDB000611	Viruses	genome	5642	50.43
MPDB000612	Viruses	genome	5642	50.78
MPDB000613	Viruses	genome	5642	50.78
MPDB000614	Viruses	genome	5642	50.82
MPDB000615	Viruses	genome	5644	50.6
MPDB000616	Viruses	genome	5641	50.61
MPDB000617	Viruses	genome	5641	50.58
MPDB000618	Viruses	genome	5625	50.77
MPDB000619	Viruses	genome	5642	50.76
MPDB000620	Viruses	genome	5642	50.96
MPDB000621	Viruses	genome	5642	50.87
MPDB000622	Viruses	genome	5642	50.85
MPDB000623	Viruses	genome	5599	50.31
MPDB000624	Viruses	genome	5596	50.3
MPDB000625	Viruses	genome	5593	50.37
MPDB000626	Viruses	genome	5593	50.44
MPDB000627	Viruses	genome	5601	49.99
MPDB000628	Viruses	genome	5596	50.54
MPDB000629	Viruses	genome	5606	50.11
MPDB000630	Viruses	genome	5599	50.15
MPDB000631	Viruses	genome	5599	50.42
MPDB000632	Viruses	genome	5613	50.2
MPDB000633	Viruses	genome	5596	50.57
MPDB000634	Viruses	genome	5606	50.82
MPDB000635	Viruses	genome	1798	34.71
MPDB000636	Viruses	genome	3162	36.94
MPDB000637	Viruses	genome	2186	33.9
MPDB000638	Viruses	genome	1870	33.74
MPDB000639	Viruses	genome	6990	30.5
MPDB000640	Viruses	genome	6990	30.44
MPDB000641	Viruses	genome	6990	30.49
MPDB000642	Viruses	genome	13782	40.49
MPDB000643	Viruses	genome	13782	40.49
MPDB000644	Viruses	genome	5273	47.75
MPDB000645	Viruses	genome	5694	47.21
MPDB000646	Viruses	genome	5694	47.28
MPDB000647	Viruses	genome	5694	47.42
MPDB000648	Viruses	genome	5687	47.07
MPDB000649	Viruses	genome	5700	47.19
MPDB000650	Viruses	genome	5668	47.37
MPDB000651	Viruses	genome	5694	47.1
MPDB000652	Viruses	genome	5693	47.08
MPDB000653	Viruses	genome	5661	47.39
MPDB000654	Viruses	genome	5702	47.0
MPDB000655	Viruses	genome	5693	47.23
MPDB000656	Viruses	genome	5692	47.03
MPDB000657	Viruses	genome	5690	47.08
MPDB000658	Viruses	genome	5693	47.22
MPDB000659	Viruses	genome	5692	47.26
MPDB000660	Viruses	genome	5686	47.57
MPDB000661	Viruses	genome	5696	47.17
MPDB000662	Viruses	genome	5657	47.57
MPDB000663	Viruses	genome	5685	47.3
MPDB000664	Viruses	genome	5688	47.75
MPDB000665	Viruses	genome	5694	47.47
MPDB000666	Viruses	genome	5702	46.9
MPDB000667	Viruses	genome	5686	47.1
MPDB000668	Viruses	genome	5694	46.86
MPDB000669	Viruses	genome	5688	47.1
MPDB000670	Viruses	genome	5694	47.3
MPDB000671	Viruses	genome	5685	47.34
MPDB000672	Viruses	genome	5694	47.21
MPDB000673	Viruses	genome	5692	47.1
MPDB000674	Viruses	genome	5694	47.31
MPDB000675	Viruses	genome	5689	47.39
MPDB000676	Viruses	genome	5694	47.19
MPDB000677	Viruses	genome	5694	47.21
MPDB000678	Viruses	genome	5694	47.12
MPDB000679	Viruses	genome	5688	46.59
MPDB000680	Viruses	genome	5574	47.36
MPDB000681	Viruses	genome	5564	47.54
MPDB000682	Viruses	genome	5846	47.72
MPDB000683	Viruses	genome	5641	50.65
MPDB000684	Viruses	genome	5641	50.58
MPDB000685	Viruses	genome	5612	49.93
MPDB000686	Viruses	genome	9611	39.88
MPDB000687	Viruses	genome	9613	39.62
MPDB000688	Viruses	genome	9613	39.82
MPDB000689	Viruses	genome	9613	39.45
MPDB000690	Viruses	genome	9613	39.86
MPDB000691	Viruses	genome	9613	39.77
MPDB000692	Viruses	genome	9613	40.06
MPDB000693	Viruses	genome	9613	39.7
MPDB000694	Viruses	genome	9613	39.56
MPDB000695	Viruses	genome	9613	39.93
MPDB000696	Viruses	genome	9613	39.33
MPDB000697	Viruses	genome	9613	39.57
MPDB000698	Viruses	genome	9613	39.13
MPDB000699	Viruses	genome	9613	38.93
MPDB000700	Viruses	genome	9613	38.97
MPDB000701	Viruses	genome	9613	39.33
MPDB000702	Viruses	genome	9613	39.28
MPDB000703	Viruses	genome	9613	38.66
MPDB000704	Viruses	genome	9613	39.2
MPDB000705	Viruses	genome	9613	39.08
MPDB000706	Viruses	genome	9611	39.37
MPDB000707	Viruses	genome	9611	39.82
MPDB000708	Viruses	genome	12651	41.65
MPDB000709	Viruses	genome	2846	49.68
MPDB000710	Viruses	genome	2846	49.72
MPDB000711	Viruses	genome	2846	49.65
MPDB000712	Viruses	genome	2842	49.79
MPDB000713	Viruses	genome	12133	47.07
MPDB000714	Viruses	genome	12170	46.99
MPDB000715	Viruses	genome	12133	47.07
MPDB000716	Viruses	genome	13800	39.48
MPDB000717	Viruses	genome	13800	39.48
MPDB000718	Viruses	genome	3516	38.25
MPDB000719	Viruses	genome	2377	38.87
MPDB000720	Viruses	genome	2183	37.29
MPDB000721	Viruses	genome	3338	35.95
MPDB000722	Viruses	genome	2357	36.87
MPDB000723	Viruses	genome	2223	36.17
MPDB000724	Viruses	genome	9410	44.46
MPDB000725	Viruses	genome	9370	44.56
MPDB000726	Viruses	genome	9369	44.54
MPDB000727	Viruses	genome	9311	44.54
MPDB000728	Viruses	genome	9381	45.14
MPDB000729	Viruses	genome	9367	44.73
MPDB000730	Viruses	genome	9359	44.52
MPDB000731	Viruses	genome	9373	44.69
MPDB000732	Viruses	genome	9344	44.75
MPDB000733	Viruses	genome	9375	44.79
MPDB000734	Viruses	genome	9384	44.55
MPDB000735	Viruses	genome	9364	44.88
MPDB000736	Viruses	genome	9300	44.73
MPDB000737	Viruses	genome	9364	44.62
MPDB000738	Viruses	genome	9364	44.69
MPDB000739	Viruses	genome	9370	44.75
MPDB000740	Viruses	genome	9293	44.85
MPDB000741	Viruses	genome	9325	44.69
MPDB000742	Viruses	genome	9374	44.69
MPDB000743	Viruses	genome	9362	44.82
MPDB000744	Viruses	genome	9384	44.62
MPDB000745	Viruses	genome	9373	44.7
MPDB000746	Viruses	genome	9375	44.5
MPDB000747	Viruses	genome	9359	44.63
MPDB000748	Viruses	genome	9368	44.63
MPDB000749	Viruses	genome	9355	44.68
MPDB000750	Viruses	genome	9370	44.85
MPDB000751	Viruses	genome	9364	44.84
MPDB000752	Viruses	genome	9384	44.82
MPDB000753	Viruses	genome	9384	44.7
MPDB000754	Viruses	genome	9384	44.75
MPDB000755	Viruses	genome	9344	44.72
MPDB000756	Viruses	genome	9381	44.64
MPDB000757	Viruses	genome	9370	45.04
MPDB000758	Viruses	genome	9384	44.65
MPDB000759	Viruses	genome	9311	44.51
MPDB000760	Viruses	genome	9373	44.83
MPDB000761	Viruses	genome	9359	44.66
MPDB000762	Viruses	genome	9264	44.88
MPDB000763	Viruses	genome	9381	44.88
MPDB000764	Viruses	genome	9302	45.17
MPDB000765	Viruses	genome	9424	44.79
MPDB000766	Viruses	genome	9384	45.27
MPDB000767	Viruses	genome	9874	41.36
MPDB000768	Viruses	genome	9865	41.44
MPDB000769	Viruses	genome	9779	42.12
MPDB000770	Viruses	genome	9780	42.16
MPDB000771	Viruses	genome	1867	43.01
MPDB000772	Viruses	genome	1840	43.21
MPDB000773	Viruses	genome	1868	43.04
MPDB000774	Viruses	genome	1867	43.28
MPDB000775	Viruses	genome	1845	42.87
MPDB000776	Viruses	genome	1845	42.49
MPDB000777	Viruses	genome	1845	42.71
MPDB000778	Viruses	genome	1845	43.2
MPDB000779	Viruses	genome	1846	42.96
MPDB000780	Viruses	genome	1840	43.15
MPDB000781	Viruses	genome	1868	42.83
MPDB000782	Viruses	genome	1868	42.93
MPDB000783	Viruses	genome	1868	43.09
MPDB000784	Viruses	genome	9626	39.15
MPDB000785	Viruses	genome	9624	38.99
MPDB000786	Viruses	genome	9624	38.71
MPDB000787	Viruses	genome	9621	38.95
MPDB000788	Viruses	genome	9624	38.89
MPDB000789	Viruses	genome	9624	38.64
MPDB000790	Viruses	genome	9624	38.77
MPDB000791	Viruses	genome	9624	39.22
MPDB000792	Viruses	genome	9624	38.93
MPDB000793	Viruses	genome	9587	39.3
MPDB000794	Viruses	genome	9629	39.14
MPDB000795	Viruses	genome	9585	39.39
MPDB000796	Viruses	genome	9624	39.35
MPDB000797	Viruses	genome	9624	39.39
MPDB000798	Viruses	genome	9627	39.57
MPDB000799	Viruses	genome	9651	39.53
MPDB000800	Viruses	genome	9641	39.17
MPDB000801	Viruses	genome	9652	38.76
MPDB000802	Viruses	genome	9624	39.3
MPDB000803	Viruses	genome	9613	39.31
MPDB000804	Viruses	genome	880	39.2
MPDB000805	Viruses	genome	1562	37.39
MPDB000806	Viruses	genome	720	36.67
MPDB000807	Viruses	genome	12381	46.11
MPDB000808	Viruses	genome	12426	46.12
MPDB000809	Viruses	genome	12426	46.12
MPDB000810	Viruses	genome	4293	54.3
MPDB000811	Viruses	genome	4293	54.3
MPDB000812	Viruses	genome	11784	43.57
MPDB000813	Viruses	genome	11898	42.76
MPDB000814	Viruses	genome	11974	42.85
MPDB000815	Viruses	genome	11935	43.01
MPDB000816	Viruses	genome	11786	43.64
MPDB000817	Viruses	genome	11832	42.24
MPDB000818	Viruses	genome	3167	37.51
MPDB000819	Viruses	genome	2651	38.33
MPDB000820	Viruses	genome	2176	32.49
MPDB000821	Viruses	genome	1928	35.48
MPDB000822	Viruses	genome	1900	34.53
MPDB000823	Viruses	genome	1798	35.6
MPDB000824	Viruses	genome	4500	32.24
MPDB000825	Viruses	genome	3815	34.02
MPDB000826	Viruses	genome	3618	31.98
MPDB000827	Viruses	genome	3571	34.28
MPDB000828	Viruses	genome	1797	35.56
MPDB000829	Viruses	genome	1797	35.5
MPDB000830	Viruses	genome	1797	35.56
MPDB000831	Viruses	genome	6366	61.73
MPDB000832	Viruses	genome	6337	61.56
MPDB000833	Viruses	genome	6366	61.73
MPDB000834	Fungi	ITS	543	49.54
MPDB000835	Fungi	ITS	587	49.23
MPDB000836	Fungi	ITS	502	50.2
MPDB000837	Fungi	ITS	528	49.62
MPDB000838	Fungi	ITS	502	50.0
MPDB000839	Fungi	ITS	492	48.78
MPDB000840	Fungi	ITS	492	49.59
MPDB000841	Fungi	ITS	491	49.69
MPDB000842	Fungi	ITS	481	49.9
MPDB000843	Fungi	ITS	417	47.24
MPDB000844	Fungi	ITS	537	49.72
MPDB000845	Fungi	ITS	491	49.69
MPDB000846	Fungi	ITS	478	50.0
MPDB000847	Fungi	ITS	347	48.99
MPDB000848	Fungi	ITS	487	49.69
MPDB000849	Fungi	ITS	553	49.73
MPDB000850	Fungi	ITS	545	49.91
MPDB000851	Fungi	ITS	509	49.12
MPDB000852	Fungi	ITS	482	50.21
MPDB000853	Fungi	ITS	1642	50.24
MPDB000854	Fungi	ITS	493	48.88
MPDB000855	Fungi	ITS	497	49.3
MPDB000856	Fungi	ITS	514	49.81
MPDB000857	Fungi	ITS	526	49.24
MPDB000858	Fungi	ITS	401	46.38
MPDB000859	Fungi	ITS	518	50.77
MPDB000860	Fungi	ITS	532	51.88
MPDB000861	Fungi	ITS	476	50.21
MPDB000862	Fungi	ITS	786	50.13
MPDB000863	Fungi	ITS	503	49.3
MPDB000864	Fungi	ITS	547	49.36
MPDB000865	Fungi	ITS	498	50.6
MPDB000866	Fungi	ITS	479	50.31
MPDB000867	Fungi	ITS	468	50.21
MPDB000868	Fungi	ITS	516	50.0
MPDB000869	Fungi	ITS	538	49.81
MPDB000870	Fungi	ITS	531	49.53
MPDB000871	Fungi	ITS	504	49.8
MPDB000872	Fungi	ITS	502	49.4
MPDB000873	Fungi	ITS	503	48.91
MPDB000874	Fungi	ITS	506	49.21
MPDB000875	Fungi	ITS	483	49.69
MPDB000876	Fungi	ITS	477	52.41
MPDB000877	Fungi	ITS	598	54.52
MPDB000878	Fungi	ITS	638	53.76
MPDB000879	Fungi	ITS	651	53.76
MPDB000880	Fungi	ITS	594	54.88
MPDB000881	Fungi	ITS	539	55.47
MPDB000882	Fungi	ITS	560	54.46
MPDB000883	Fungi	ITS	473	57.29
MPDB000884	Fungi	ITS	495	56.77
MPDB000885	Fungi	ITS	497	56.74
MPDB000886	Fungi	ITS	572	55.42
MPDB000887	Fungi	ITS	497	56.14
MPDB000888	Fungi	ITS	487	56.47
MPDB000889	Fungi	ITS	581	55.59
MPDB000890	Fungi	ITS	580	55.52
MPDB000891	Fungi	ITS	581	54.91
MPDB000892	Fungi	ITS	582	54.64
MPDB000893	Fungi	ITS	511	56.36
MPDB000894	Fungi	ITS	330	52.73
MPDB000895	Fungi	ITS	599	54.26
MPDB000896	Fungi	ITS	480	56.46
MPDB000897	Fungi	ITS	535	56.82
MPDB000898	Fungi	ITS	500	56.6
MPDB000899	Fungi	ITS	544	55.33
MPDB000900	Fungi	ITS	585	54.7
MPDB000901	Fungi	ITS	602	54.98
MPDB000902	Fungi	ITS	498	56.43
MPDB000903	Fungi	ITS	523	56.02
MPDB000904	Fungi	ITS	450	57.11
MPDB000905	Fungi	ITS	552	55.62
MPDB000906	Fungi	ITS	510	55.69
MPDB000907	Fungi	ITS	642	53.89
MPDB000908	Fungi	ITS	544	56.25
MPDB000909	Fungi	ITS	583	53.52
MPDB000910	Fungi	ITS	584	54.97
MPDB000911	Fungi	ITS	493	54.97
MPDB000912	Fungi	ITS	580	56.55
MPDB000913	Fungi	ITS	553	55.15
MPDB000914	Fungi	ITS	579	54.75
MPDB000915	Fungi	ITS	568	55.99
MPDB000916	Fungi	ITS	601	55.41
MPDB000917	Fungi	ITS	531	55.74
MPDB000918	Fungi	ITS	573	54.8
MPDB000919	Fungi	ITS	479	58.04
MPDB000920	Fungi	ITS	503	58.25
MPDB000921	Fungi	ITS	579	56.99
MPDB000922	Fungi	ITS	584	57.02
MPDB000923	Fungi	ITS	233	54.94
MPDB000924	Fungi	ITS	497	58.35
MPDB000925	Fungi	ITS	509	58.74
MPDB000926	Fungi	ITS	862	56.61
MPDB000927	Fungi	ITS	851	56.64
MPDB000928	Fungi	ITS	862	56.61
MPDB000929	Fungi	ITS	864	56.71
MPDB000930	Fungi	ITS	856	56.54
MPDB000931	Fungi	ITS	858	56.53
MPDB000932	Fungi	ITS	857	56.59
MPDB000933	Fungi	ITS	855	56.49
MPDB000934	Fungi	ITS	865	56.65
MPDB000935	Fungi	ITS	866	56.47
MPDB000936	Fungi	ITS	748	54.81
MPDB000937	Fungi	ITS	1053	54.99
MPDB000938	Fungi	ITS	863	56.43
MPDB000939	Fungi	ITS	865	56.53
MPDB000940	Fungi	ITS	861	56.56
MPDB000941	Fungi	ITS	859	56.46
MPDB000942	Fungi	ITS	858	56.53
MPDB000943	Fungi	ITS	853	56.62
MPDB000944	Fungi	ITS	854	56.56
MPDB000945	Fungi	ITS	805	55.53
MPDB000946	Fungi	ITS	857	56.48
MPDB000947	Fungi	ITS	867	56.52
MPDB000948	Fungi	ITS	857	56.36
MPDB000949	Fungi	ITS	550	57.64
MPDB000950	Fungi	ITS	586	57.17
MPDB000951	Fungi	ITS	481	58.63
MPDB000952	Fungi	ITS	515	57.67
MPDB000953	Fungi	ITS	552	57.97
MPDB000954	Fungi	ITS	492	58.94
MPDB000955	Fungi	ITS	312	54.49
MPDB000956	Fungi	ITS	537	57.73
MPDB000957	Fungi	ITS	539	57.7
MPDB000958	Fungi	ITS	594	58.08
MPDB000959	Fungi	ITS	530	57.92
MPDB000960	Fungi	ITS	533	57.97
MPDB000961	Fungi	ITS	523	57.93
MPDB000962	Fungi	ITS	530	57.92
MPDB000963	Fungi	ITS	740	48.51
MPDB000964	Fungi	ITS	521	47.6
MPDB000965	Fungi	ITS	606	48.51
MPDB000966	Fungi	ITS	606	48.84
MPDB000967	Fungi	ITS	600	48.5
MPDB000968	Fungi	ITS	604	48.34
MPDB000969	Fungi	ITS	463	47.52
MPDB000970	Fungi	ITS	575	47.65
MPDB000971	Fungi	ITS	609	46.8
MPDB000972	Fungi	ITS	482	46.89
MPDB000973	Fungi	ITS	576	46.18
MPDB000974	Fungi	ITS	518	46.33
MPDB000975	Fungi	ITS	562	47.15
MPDB000976	Fungi	ITS	593	47.05
MPDB000977	Fungi	ITS	567	46.21
MPDB000978	Fungi	ITS	566	47.17
MPDB000979	Fungi	ITS	529	46.12
MPDB000980	Fungi	ITS	569	47.1
MPDB000981	Fungi	ITS	459	47.49
MPDB000982	Fungi	ITS	485	47.63
MPDB000983	Fungi	ITS	508	45.47
MPDB000984	Fungi	ITS	485	48.25
MPDB000985	Fungi	ITS	579	46.8
MPDB000986	Fungi	ITS	561	47.06
MPDB000987	Fungi	ITS	502	47.21
MPDB000988	Fungi	ITS	603	46.93
MPDB000989	Fungi	ITS	557	47.22
MPDB000990	Fungi	ITS	505	47.13
MPDB000991	Fungi	ITS	563	46.0
MPDB000992	Fungi	ITS	497	48.29
MPDB000993	Fungi	ITS	539	46.94
MPDB000994	Fungi	ITS	536	46.46
MPDB000995	Fungi	ITS	571	46.06
MPDB000996	Fungi	ITS	545	47.71
MPDB000997	Fungi	ITS	577	47.14
MPDB000998	Fungi	ITS	550	47.45
MPDB000999	Fungi	ITS	542	47.42
MPDB001000	Fungi	ITS	501	47.9
MPDB001001	Fungi	ITS	469	47.33
MPDB001002	Fungi	ITS	573	47.99
MPDB001003	Fungi	ITS	545	47.16
MPDB001004	Fungi	ITS	546	47.25
MPDB001005	Fungi	ITS	543	47.51
MPDB001006	Fungi	ITS	543	47.33
MPDB001007	Fungi	ITS	542	47.23
MPDB001008	Fungi	ITS	489	47.44
MPDB001009	Fungi	ITS	515	48.54
MPDB001010	Fungi	ITS	487	48.25
MPDB001011	Fungi	ITS	487	48.25
MPDB001012	Fungi	ITS	502	47.61
MPDB001013	Fungi	ITS	481	47.82
MPDB001014	Fungi	ITS	479	48.02
MPDB001015	Fungi	ITS	476	47.69
MPDB001016	Fungi	ITS	601	49.42
MPDB001017	Fungi	ITS	601	48.75
MPDB001018	Fungi	ITS	491	48.27
MPDB001019	Fungi	ITS	471	47.98
MPDB001020	Fungi	ITS	491	47.05
MPDB001021	Fungi	ITS	481	47.82
MPDB001022	Fungi	ITS	601	49.25
MPDB001023	Fungi	ITS	471	47.77
MPDB001024	Fungi	ITS	586	47.61
MPDB001025	Fungi	ITS	476	47.69
MPDB001026	Fungi	ITS	410	46.59
MPDB001027	Fungi	ITS	503	47.71
MPDB001028	Fungi	ITS	492	47.76
MPDB001029	Fungi	ITS	549	47.72
MPDB001030	Fungi	ITS	428	47.66
MPDB001031	Fungi	ITS	189	50.26
MPDB001032	Fungi	ITS	219	48.86
MPDB001033	Fungi	ITS	487	47.64
MPDB001034	Fungi	ITS	546	50.55
MPDB001035	Fungi	ITS	529	46.69
MPDB001036	Fungi	ITS	474	49.16
MPDB001037	Fungi	ITS	582	47.08
MPDB001038	Fungi	ITS	521	47.41
MPDB001039	Fungi	ITS	634	55.36
MPDB001040	Fungi	ITS	631	54.83
MPDB001041	Fungi	ITS	609	54.84
MPDB001042	Fungi	ITS	637	55.57
MPDB001043	Fungi	ITS	615	54.31
MPDB001044	Fungi	ITS	639	55.71
MPDB001045	Fungi	ITS	472	52.97
MPDB001046	Fungi	ITS	624	54.97
MPDB001047	Fungi	ITS	638	54.86
MPDB001048	Fungi	ITS	629	55.17
MPDB001049	Fungi	ITS	629	55.17
MPDB001050	Fungi	ITS	559	56.17
MPDB001051	Fungi	ITS	679	57.0
MPDB001052	Fungi	ITS	634	55.21
MPDB001053	Fungi	ITS	638	54.39
MPDB001054	Fungi	ITS	616	55.36
MPDB001055	Fungi	ITS	430	53.95
MPDB001056	Fungi	ITS	618	54.53
MPDB001057	Fungi	ITS	679	55.67
MPDB001058	Fungi	ITS	639	55.09
MPDB001059	Fungi	ITS	674	54.6
MPDB001060	Fungi	ITS	520	41.54
MPDB001061	Fungi	ITS	632	55.38
MPDB001062	Fungi	ITS	642	55.3
MPDB001063	Fungi	ITS	637	55.1
MPDB001064	Fungi	ITS	632	55.38
MPDB001065	Fungi	ITS	638	55.49
MPDB001066	Fungi	ITS	631	55.31
MPDB001067	Fungi	ITS	290	54.48
MPDB001068	Fungi	ITS	658	54.86
MPDB001069	Fungi	ITS	640	54.53
MPDB001070	Fungi	ITS	640	55.94
MPDB001071	Fungi	ITS	215	45.12
MPDB001072	Fungi	ITS	317	52.05
MPDB001073	Fungi	ITS	320	51.56
MPDB001074	Fungi	ITS	298	52.68
MPDB001075	Fungi	ITS	318	51.89
MPDB001076	Fungi	ITS	327	51.99
MPDB001077	Fungi	ITS	202	47.52
MPDB001078	Fungi	ITS	306	51.96
MPDB001079	Fungi	ITS	613	55.95
MPDB001080	Fungi	ITS	613	42.9
MPDB001081	Fungi	ITS	520	55.58
MPDB001082	Fungi	ITS	505	48.91
MPDB001083	Fungi	ITS	539	49.91
MPDB001084	Fungi	ITS	541	49.35
MPDB001085	Fungi	ITS	552	48.73
MPDB001086	Fungi	ITS	555	49.01
MPDB001087	Fungi	ITS	542	49.08
MPDB001088	Fungi	ITS	543	49.54
MPDB001089	Fungi	ITS	553	49.19
MPDB001090	Fungi	ITS	538	49.44
MPDB001091	Fungi	ITS	552	49.64
MPDB001092	Fungi	ITS	558	49.46
MPDB001093	Fungi	ITS	551	49.73
MPDB001094	Fungi	ITS	557	49.91
MPDB001095	Fungi	ITS	538	48.88
MPDB001096	Fungi	ITS	537	49.53
MPDB001097	Fungi	ITS	554	49.82
MPDB001098	Fungi	ITS	536	49.25
MPDB001099	Fungi	ITS	547	49.54
MPDB001100	Fungi	ITS	539	49.72
MPDB001101	Fungi	ITS	555	49.37
MPDB001102	Fungi	ITS	559	49.02
MPDB001103	Fungi	ITS	551	50.27
MPDB001104	Fungi	ITS	552	49.82
MPDB001105	Fungi	ITS	550	49.27
MPDB001106	Fungi	ITS	556	49.82
MPDB001107	Fungi	ITS	556	50.54
MPDB001108	Fungi	ITS	558	50.0
MPDB001109	Fungi	ITS	553	49.55
MPDB001110	Fungi	ITS	551	49.55
MPDB001111	Fungi	ITS	552	49.64
MPDB001112	Fungi	ITS	540	49.44
MPDB001113	Fungi	ITS	549	49.54
MPDB001114	Fungi	ITS	541	49.17
MPDB001115	Fungi	ITS	538	49.63
MPDB001116	Fungi	ITS	551	48.82
MPDB001117	Fungi	ITS	540	49.63
MPDB001118	Fungi	ITS	538	49.26
MPDB001119	Fungi	ITS	538	49.07
MPDB001120	Fungi	ITS	505	49.11
MPDB001121	Fungi	ITS	471	48.2
MPDB001122	Fungi	ITS	489	49.08
MPDB001123	Fungi	ITS	500	49.0
MPDB001124	Fungi	ITS	524	49.05
MPDB001125	Fungi	ITS	571	46.23
MPDB001126	Fungi	ITS	569	46.05
MPDB001127	Fungi	ITS	575	46.09
MPDB001128	Fungi	ITS	573	46.77
MPDB001129	Fungi	ITS	456	45.83
MPDB001130	Fungi	ITS	552	46.38
MPDB001131	Fungi	ITS	437	46.22
MPDB001132	Fungi	ITS	1337	49.21
MPDB001133	Fungi	ITS	1280	49.22
MPDB001134	Fungi	ITS	576	45.66
MPDB001135	Fungi	ITS	577	46.1
MPDB001136	Fungi	ITS	560	46.79
MPDB001137	Fungi	ITS	575	45.91
MPDB001138	Fungi	ITS	549	45.36
MPDB001139	Fungi	ITS	721	47.43
MPDB001140	Fungi	ITS	502	46.02
MPDB001141	Fungi	ITS	572	46.33
MPDB001142	Fungi	ITS	541	45.84
MPDB001143	Fungi	ITS	547	45.89
MPDB001144	Fungi	ITS	531	45.76
MPDB001145	Fungi	ITS	559	40.97
MPDB001146	Fungi	ITS	533	45.59
MPDB001147	Fungi	ITS	527	45.54
MPDB001148	Fungi	ITS	540	46.3
MPDB001149	Fungi	ITS	457	46.39
MPDB001150	Fungi	ITS	561	46.17
MPDB001151	Fungi	ITS	505	45.74
MPDB001152	Fungi	ITS	514	45.72
MPDB001153	Fungi	ITS	509	46.37
MPDB001154	Fungi	ITS	532	46.24
MPDB001155	Fungi	ITS	535	46.36
MPDB001156	Fungi	ITS	489	46.42
MPDB001157	Fungi	ITS	528	46.4
MPDB001158	Fungi	ITS	547	46.25
MPDB001159	Fungi	ITS	514	45.53
MPDB001160	Fungi	ITS	550	46.36
MPDB001161	Fungi	ITS	477	45.28
MPDB001162	Fungi	ITS	573	46.07
MPDB001163	Fungi	ITS	586	45.73
MPDB001164	Fungi	ITS	552	46.01
MPDB001165	Fungi	ITS	545	45.5
MPDB001166	Fungi	ITS	839	47.79
MPDB001167	Fungi	ITS	558	46.06
MPDB001168	Fungi	ITS	518	43.82
MPDB001169	Fungi	ITS	541	46.03
MPDB001170	Fungi	ITS	569	46.22
MPDB001171	Fungi	ITS	530	45.85
MPDB001172	Fungi	ITS	533	46.53
MPDB001173	Fungi	ITS	537	46.18
MPDB001174	Fungi	ITS	571	46.06
MPDB001175	Fungi	ITS	524	47.14
MPDB001176	Fungi	ITS	539	45.64
MPDB001177	Fungi	ITS	426	45.77
MPDB001178	Fungi	ITS	457	45.08
MPDB001179	Fungi	ITS	530	45.85
MPDB001180	Fungi	ITS	528	45.83
MPDB001181	Fungi	ITS	528	46.02
MPDB001182	Fungi	ITS	536	45.9
MPDB001183	Fungi	ITS	530	45.85
MPDB001184	Fungi	ITS	456	45.18
MPDB001185	Fungi	ITS	429	45.69
MPDB001186	Fungi	ITS	499	45.49
MPDB001187	Fungi	ITS	532	46.62
MPDB001188	Fungi	ITS	532	46.62
MPDB001189	Fungi	ITS	604	47.52
MPDB001190	Fungi	ITS	579	46.29
MPDB001191	Fungi	ITS	570	46.32
MPDB001192	Fungi	ITS	572	46.15
MPDB001193	Fungi	ITS	544	46.32
MPDB001194	Fungi	ITS	532	46.05
MPDB001195	Fungi	ITS	484	46.49
MPDB001196	Fungi	ITS	470	46.38
MPDB001197	Fungi	ITS	528	46.02
MPDB001198	Fungi	ITS	524	45.99
MPDB001199	Fungi	ITS	540	46.11
MPDB001200	Fungi	ITS	519	45.66
MPDB001201	Fungi	ITS	594	48.48
MPDB001202	Fungi	ITS	517	46.23
MPDB001203	Fungi	ITS	513	46.39
MPDB001204	Fungi	ITS	428	45.09
MPDB001205	Fungi	ITS	431	45.71
MPDB001206	Fungi	ITS	497	46.68
MPDB001207	Fungi	ITS	549	45.54
MPDB001208	Fungi	ITS	564	46.28
MPDB001209	Fungi	ITS	367	46.05
MPDB001210	Fungi	ITS	488	47.13
MPDB001211	Fungi	ITS	541	47.5
MPDB001212	Fungi	ITS	713	49.37
MPDB001213	Fungi	ITS	772	49.48
MPDB001214	Fungi	ITS	658	49.54
MPDB001215	Fungi	ITS	312	49.68
MPDB001216	Fungi	ITS	492	48.37
MPDB001217	Fungi	ITS	521	47.98
MPDB001218	Fungi	ITS	483	48.03
MPDB001219	Fungi	ITS	410	46.1
MPDB001220	Fungi	ITS	380	45.26
MPDB001221	Fungi	ITS	300	43.33
MPDB001222	Fungi	ITS	546	46.89
MPDB001223	Fungi	ITS	546	46.89
MPDB001224	Fungi	ITS	542	48.15
MPDB001225	Fungi	ITS	562	47.69
MPDB001226	Fungi	ITS	580	47.93
MPDB001227	Fungi	ITS	572	47.9
MPDB001228	Fungi	ITS	540	48.33
MPDB001229	Fungi	ITS	538	47.96
MPDB001230	Fungi	ITS	541	48.06
MPDB001231	Fungi	ITS	517	46.23
MPDB001232	Fungi	ITS	442	46.83
MPDB001233	Fungi	ITS	498	45.18
MPDB001234	Fungi	ITS	570	46.14
MPDB001235	Fungi	ITS	377	46.68
MPDB001236	Fungi	ITS	448	46.88
MPDB001237	Fungi	ITS	508	46.06
MPDB001238	Fungi	ITS	551	46.82
MPDB001239	Fungi	ITS	517	46.62
MPDB001240	Fungi	ITS	532	45.49
MPDB001241	Fungi	ITS	574	46.17
MPDB001242	Fungi	ITS	536	46.64
MPDB001243	Fungi	ITS	521	46.64
MPDB001244	Fungi	ITS	577	46.1
MPDB001245	Fungi	ITS	481	47.4
MPDB001246	Fungi	ITS	495	46.67
MPDB001247	Fungi	ITS	525	46.67
MPDB001248	Fungi	ITS	527	47.06
MPDB001249	Fungi	ITS	525	46.86
MPDB001250	Fungi	ITS	522	46.36
MPDB001251	Fungi	ITS	1003	48.65
MPDB001252	Fungi	ITS	1115	48.61
MPDB001253	Fungi	ITS	511	46.58
MPDB001254	Fungi	ITS	555	45.59
MPDB001255	Fungi	ITS	541	46.4
MPDB001256	Fungi	ITS	552	45.65
MPDB001257	Fungi	ITS	556	45.68
MPDB001258	Fungi	ITS	518	46.14
MPDB001259	Fungi	ITS	489	46.01
MPDB001260	Fungi	ITS	576	46.35
MPDB001261	Fungi	ITS	575	46.09
MPDB001262	Fungi	ITS	529	46.69
MPDB001263	Fungi	ITS	468	46.79
MPDB001264	Fungi	ITS	445	46.97
MPDB001265	Fungi	ITS	443	46.5
MPDB001266	Fungi	ITS	450	46.44
MPDB001267	Fungi	ITS	533	44.84
MPDB001268	Fungi	ITS	519	46.05
MPDB001269	Fungi	ITS	421	47.03
MPDB001270	Fungi	ITS	546	47.07
MPDB001271	Fungi	ITS	580	45.69
MPDB001272	Fungi	ITS	502	47.41
MPDB001273	Fungi	ITS	542	45.57
MPDB001274	Fungi	ITS	553	47.02
MPDB001275	Fungi	ITS	585	47.52
MPDB001276	Fungi	ITS	568	47.36
MPDB001277	Fungi	ITS	703	48.65
MPDB001278	Fungi	ITS	705	49.08
MPDB001279	Fungi	ITS	707	48.66
MPDB001280	Fungi	ITS	708	49.01
MPDB001281	Fungi	ITS	536	47.57
MPDB001282	Fungi	ITS	563	47.6
MPDB001283	Fungi	ITS	541	49.35
MPDB001284	Fungi	ITS	511	47.36
MPDB001285	Fungi	ITS	339	45.43
MPDB001286	Fungi	ITS	439	47.38
MPDB001287	Fungi	ITS	521	47.6
MPDB001288	Fungi	ITS	533	46.72
MPDB001289	Fungi	ITS	542	46.86
MPDB001290	Fungi	ITS	459	47.71
MPDB001291	Fungi	ITS	434	47.47
MPDB001292	Fungi	ITS	499	46.69
MPDB001293	Fungi	ITS	527	45.54
MPDB001294	Fungi	ITS	540	47.22
MPDB001295	Fungi	ITS	575	47.3
MPDB001296	Fungi	ITS	569	47.63
MPDB001297	Fungi	ITS	571	47.64
MPDB001298	Fungi	ITS	442	46.61
MPDB001299	Fungi	ITS	557	47.22
MPDB001300	Fungi	ITS	516	57.95
MPDB001301	Fungi	ITS	571	47.29
MPDB001302	Fungi	ITS	358	46.65
MPDB001303	Fungi	ITS	539	46.94
MPDB001304	Fungi	ITS	540	47.59
MPDB001305	Fungi	ITS	539	47.5
MPDB001306	Fungi	ITS	538	47.4
MPDB001307	Fungi	ITS	552	47.1
MPDB001308	Fungi	ITS	557	47.22
MPDB001309	Fungi	ITS	568	47.36
MPDB001310	Fungi	ITS	350	49.71
MPDB001311	Fungi	ITS	546	47.99
MPDB001312	Fungi	ITS	605	47.6
MPDB001313	Fungi	ITS	528	47.35
MPDB001314	Fungi	ITS	402	46.77
MPDB001315	Fungi	ITS	503	47.51
MPDB001316	Fungi	ITS	553	47.2
MPDB001317	Fungi	ITS	538	53.16
MPDB001318	Fungi	ITS	540	52.41
MPDB001319	Fungi	ITS	515	53.01
MPDB001320	Fungi	ITS	513	53.02
MPDB001321	Fungi	ITS	437	52.4
MPDB001322	Fungi	ITS	437	52.17
MPDB001323	Fungi	ITS	560	52.5
MPDB001324	Fungi	ITS	565	52.57
MPDB001325	Fungi	ITS	547	52.47
MPDB001326	Fungi	ITS	556	52.88
MPDB001327	Fungi	ITS	308	56.17
MPDB001328	Fungi	ITS	509	53.24
MPDB001329	Fungi	ITS	250	60.4
MPDB001330	Fungi	ITS	512	52.93
MPDB001331	Fungi	ITS	475	52.0
MPDB001332	Fungi	ITS	456	52.19
MPDB001333	Fungi	ITS	497	53.32
MPDB001334	Fungi	ITS	517	52.8
MPDB001335	Fungi	ITS	586	52.39
MPDB001336	Fungi	ITS	527	52.75
MPDB001337	Fungi	ITS	587	52.64
MPDB001338	Fungi	ITS	523	52.96
MPDB001339	Fungi	ITS	545	52.48
MPDB001340	Fungi	ITS	547	52.47
MPDB001341	Fungi	ITS	254	51.18
MPDB001342	Fungi	ITS	278	62.59
MPDB001343	Fungi	ITS	524	55.15
MPDB001344	Fungi	ITS	620	51.77
MPDB001345	Fungi	ITS	606	52.15
MPDB001346	Fungi	ITS	218	48.62
MPDB001347	Fungi	ITS	526	52.85
MPDB001348	Fungi	ITS	566	53.0
MPDB001349	Fungi	ITS	479	51.36
MPDB001350	Fungi	ITS	552	52.9
MPDB001351	Fungi	ITS	584	52.05
MPDB001352	Fungi	ITS	570	52.63
MPDB001353	Fungi	ITS	547	52.83
MPDB001354	Fungi	ITS	253	49.8
MPDB001355	Fungi	ITS	535	52.9
MPDB001356	Fungi	ITS	528	53.03
MPDB001357	Fungi	ITS	575	52.7
MPDB001358	Fungi	ITS	568	51.76
MPDB001359	Fungi	ITS	218	48.62
MPDB001360	Fungi	ITS	543	44.57
MPDB001361	Fungi	ITS	544	44.3
MPDB001362	Fungi	ITS	518	44.98
MPDB001363	Fungi	ITS	517	44.87
MPDB001364	Fungi	ITS	518	44.59
MPDB001365	Fungi	ITS	518	44.59
MPDB001366	Fungi	ITS	519	45.47
MPDB001367	Fungi	ITS	517	44.49
MPDB001368	Fungi	ITS	521	44.72
MPDB001369	Fungi	ITS	519	44.89
MPDB001370	Fungi	ITS	521	44.91
MPDB001371	Fungi	ITS	517	44.1
MPDB001372	Fungi	ITS	519	45.09
MPDB001373	Fungi	ITS	518	44.98
MPDB001374	Fungi	ITS	516	44.77
MPDB001375	Fungi	ITS	516	44.57
MPDB001376	Fungi	ITS	505	44.75
MPDB001377	Fungi	ITS	491	45.01
MPDB001378	Fungi	ITS	514	44.36
MPDB001379	Fungi	ITS	508	44.49
MPDB001380	Fungi	ITS	506	46.05
MPDB001381	Fungi	ITS	442	44.12
MPDB001382	Fungi	ITS	1172	46.59
MPDB001383	Fungi	ITS	428	45.09
MPDB001384	Fungi	ITS	516	45.54
MPDB001385	Fungi	ITS	514	46.3
MPDB001386	Fungi	ITS	417	45.8
MPDB001387	Fungi	ITS	418	45.69
MPDB001388	Fungi	ITS	517	44.29
MPDB001389	Fungi	ITS	505	44.75
MPDB001390	Fungi	ITS	504	44.84
MPDB001391	Fungi	ITS	541	44.73
MPDB001392	Fungi	ITS	542	44.28
MPDB001393	Fungi	ITS	513	44.64
MPDB001394	Fungi	ITS	508	44.29
MPDB001395	Fungi	ITS	520	44.81
MPDB001396	Fungi	ITS	493	44.22
MPDB001397	Fungi	ITS	477	44.86
MPDB001398	Fungi	ITS	482	44.81
MPDB001399	Fungi	ITS	497	44.87
MPDB001400	Fungi	ITS	560	46.07
MPDB001401	Fungi	ITS	550	44.73
MPDB001402	Fungi	ITS	553	44.67
MPDB001403	Fungi	ITS	427	51.52
MPDB001404	Fungi	ITS	427	51.99
MPDB001405	Fungi	ITS	427	51.76
MPDB001406	Fungi	ITS	504	52.38
MPDB001407	Fungi	ITS	509	53.05
MPDB001408	Fungi	ITS	506	51.98
MPDB001409	Fungi	ITS	515	51.46
MPDB001410	Fungi	ITS	511	52.64
MPDB001411	Fungi	ITS	507	52.47
MPDB001412	Fungi	ITS	579	47.15
MPDB001413	Fungi	ITS	567	46.91
MPDB001414	Fungi	ITS	572	46.85
MPDB001415	Fungi	ITS	568	47.01
MPDB001416	Fungi	ITS	568	46.83
MPDB001417	Fungi	ITS	570	46.84
MPDB001418	Fungi	ITS	707	48.37
MPDB001419	Fungi	ITS	571	47.11
MPDB001420	Fungi	ITS	710	47.32
MPDB001421	Fungi	ITS	560	47.14
MPDB001422	Fungi	ITS	569	47.1
MPDB001423	Fungi	ITS	574	47.21
MPDB001424	Fungi	ITS	576	47.57
MPDB001425	Fungi	ITS	509	46.76
MPDB001426	Fungi	ITS	539	46.75
MPDB001427	Fungi	ITS	545	47.16
MPDB001428	Fungi	ITS	439	46.7
MPDB001429	Fungi	ITS	560	47.32
MPDB001430	Fungi	ITS	545	47.52
MPDB001431	Fungi	ITS	516	47.09
MPDB001432	Fungi	ITS	516	47.48
MPDB001433	Fungi	ITS	537	47.49
MPDB001434	Fungi	ITS	447	46.76
MPDB001435	Fungi	ITS	753	44.89
MPDB001436	Fungi	ITS	500	49.0
MPDB001437	Fungi	ITS	508	46.65
MPDB001438	Fungi	ITS	605	46.78
MPDB001439	Fungi	ITS	564	47.16
MPDB001440	Fungi	ITS	543	47.51
MPDB001441	Fungi	ITS	609	46.63
MPDB001442	Fungi	ITS	448	46.65
MPDB001443	Fungi	ITS	608	46.71
MPDB001444	Fungi	ITS	457	46.39
MPDB001445	Fungi	ITS	471	45.86
MPDB001446	Fungi	ITS	709	47.25
MPDB001447	Fungi	ITS	527	45.54
MPDB001448	Fungi	ITS	520	51.35
MPDB001449	Fungi	ITS	534	47.0
MPDB001450	Fungi	ITS	510	46.86
MPDB001451	Fungi	ITS	549	48.27
MPDB001452	Fungi	ITS	450	46.89
MPDB001453	Fungi	ITS	689	48.91
MPDB001454	Fungi	ITS	523	47.42
MPDB001455	Fungi	ITS	586	54.95
MPDB001456	Fungi	ITS	586	54.61
MPDB001457	Fungi	ITS	588	55.44
MPDB001458	Fungi	ITS	588	54.59
MPDB001459	Fungi	ITS	580	55.34
MPDB001460	Fungi	ITS	583	55.4
MPDB001461	Fungi	ITS	536	55.97
MPDB001462	Fungi	ITS	513	48.93
MPDB001463	Fungi	ITS	577	54.94
MPDB001464	Fungi	ITS	613	54.98
MPDB001465	Fungi	ITS	595	57.31
MPDB001466	Fungi	ITS	575	55.3
MPDB001467	Fungi	ITS	562	56.05
MPDB001468	Fungi	ITS	570	55.44
MPDB001469	Fungi	ITS	560	55.89
MPDB001470	Fungi	ITS	568	55.46
MPDB001471	Fungi	ITS	622	55.14
MPDB001472	Fungi	ITS	595	54.79
MPDB001473	Fungi	ITS	589	55.18
MPDB001474	Fungi	ITS	564	56.03
MPDB001475	Fungi	ITS	522	55.94
MPDB001476	Fungi	ITS	604	54.14
MPDB001477	Fungi	ITS	643	54.43
MPDB001478	Fungi	ITS	595	55.13
MPDB001479	Fungi	ITS	558	58.06
MPDB001480	Fungi	ITS	602	55.15
MPDB001481	Fungi	ITS	593	55.65
MPDB001482	Fungi	ITS	583	54.89
MPDB001483	Fungi	ITS	592	56.42
MPDB001484	Fungi	ITS	593	54.97
MPDB001485	Fungi	ITS	484	57.02
MPDB001486	Fungi	ITS	621	54.91
MPDB001487	Fungi	ITS	613	54.81
MPDB001488	Fungi	ITS	582	54.81
MPDB001489	Fungi	ITS	577	54.94
MPDB001490	Fungi	ITS	554	55.23
MPDB001491	Fungi	ITS	883	54.7
MPDB001492	Fungi	ITS	663	53.85
MPDB001493	Fungi	ITS	548	55.47
MPDB001494	Fungi	ITS	512	56.25
MPDB001495	Fungi	ITS	245	61.63
MPDB001496	Fungi	ITS	598	54.85
MPDB001497	Fungi	ITS	585	55.38
MPDB001498	Fungi	ITS	545	54.68
MPDB001499	Fungi	ITS	545	54.5
MPDB001500	Fungi	ITS	521	53.74
MPDB001501	Fungi	ITS	500	55.0
MPDB001502	Fungi	ITS	484	54.34
MPDB001503	Fungi	ITS	582	53.78
MPDB001504	Fungi	ITS	492	55.49
MPDB001505	Fungi	ITS	517	55.51
MPDB001506	Fungi	ITS	515	54.76
MPDB001507	Fungi	ITS	512	55.08
MPDB001508	Fungi	ITS	488	54.3
MPDB001509	Fungi	ITS	499	54.51
MPDB001510	Fungi	ITS	450	55.78
MPDB001511	Fungi	ITS	499	54.11
MPDB001512	Fungi	ITS	499	54.91
MPDB001513	Fungi	ITS	479	54.7
MPDB001514	Fungi	ITS	541	54.34
MPDB001515	Fungi	ITS	521	54.13
MPDB001516	Fungi	ITS	552	51.09
MPDB001517	Fungi	ITS	500	50.8
MPDB001518	Fungi	ITS	555	52.07
MPDB001519	Fungi	ITS	535	51.21
MPDB001520	Fungi	ITS	542	51.85
MPDB001521	Fungi	ITS	543	51.93
MPDB001522	Fungi	ITS	537	51.4
MPDB001523	Fungi	ITS	536	51.31
MPDB001524	Fungi	ITS	533	51.03
MPDB001525	Fungi	ITS	534	51.31
MPDB001526	Fungi	ITS	538	51.3
MPDB001527	Fungi	ITS	536	51.49
MPDB001528	Fungi	ITS	530	51.13
MPDB001529	Fungi	ITS	532	51.32
MPDB001530	Fungi	ITS	534	51.12
MPDB001531	Fungi	ITS	538	51.49
MPDB001532	Fungi	ITS	532	51.32
MPDB001533	Fungi	ITS	538	51.67
MPDB001534	Fungi	ITS	538	51.49
MPDB001535	Fungi	ITS	537	51.21
MPDB001536	Fungi	ITS	539	51.58
MPDB001537	Fungi	ITS	531	51.22
MPDB001538	Fungi	ITS	536	51.31
MPDB001539	Fungi	ITS	532	51.13
MPDB001540	Fungi	ITS	532	51.5
MPDB001541	Fungi	ITS	538	51.49
MPDB001542	Fungi	ITS	536	51.31
MPDB001543	Fungi	ITS	533	51.41
MPDB001544	Fungi	ITS	541	51.76
MPDB001545	Fungi	ITS	534	51.5
MPDB001546	Fungi	ITS	531	51.22
MPDB001547	Fungi	ITS	543	51.75
MPDB001548	Fungi	ITS	539	51.58
MPDB001549	Fungi	ITS	539	51.76
MPDB001550	Fungi	ITS	531	51.04
MPDB001551	Fungi	ITS	534	51.5
MPDB001552	Fungi	ITS	533	51.22
MPDB001553	Fungi	ITS	534	51.31
MPDB001554	Fungi	ITS	535	51.4
MPDB001555	Fungi	ITS	537	51.77
MPDB001556	Fungi	ITS	537	51.4
MPDB001557	Fungi	ITS	533	51.22
MPDB001558	Fungi	ITS	564	52.13
MPDB001559	Fungi	ITS	566	55.3
MPDB001560	Fungi	ITS	518	55.79
MPDB001561	Fungi	ITS	495	54.95
MPDB001562	Fungi	ITS	534	56.18
MPDB001563	Fungi	ITS	482	55.81
MPDB001564	Fungi	ITS	535	55.51
MPDB001565	Fungi	ITS	538	55.58
MPDB001566	Fungi	ITS	533	55.53
MPDB001567	Fungi	ITS	535	55.51
MPDB001568	Fungi	ITS	534	55.81
MPDB001569	Fungi	ITS	537	55.49
MPDB001570	Fungi	ITS	534	55.62
MPDB001571	Fungi	ITS	535	55.7
MPDB001572	Fungi	ITS	535	55.7
MPDB001573	Fungi	ITS	533	55.53
MPDB001574	Fungi	ITS	535	55.51
MPDB001575	Fungi	ITS	534	55.62
MPDB001576	Fungi	ITS	535	55.7
MPDB001577	Fungi	ITS	535	55.33
MPDB001578	Fungi	ITS	537	55.49
MPDB001579	Fungi	ITS	547	56.12
MPDB001580	Fungi	ITS	534	55.43
MPDB001581	Fungi	ITS	529	55.2
MPDB001582	Fungi	ITS	543	55.43
MPDB001583	Fungi	ITS	530	55.47
MPDB001584	Fungi	ITS	543	55.62
MPDB001585	Fungi	ITS	535	55.33
MPDB001586	Fungi	ITS	536	55.6
MPDB001587	Fungi	ITS	531	55.37
MPDB001588	Fungi	ITS	539	55.29
MPDB001589	Fungi	ITS	546	55.49
MPDB001590	Fungi	ITS	532	55.26
MPDB001591	Fungi	ITS	537	55.49
MPDB001592	Fungi	ITS	531	55.18
MPDB001593	Fungi	ITS	533	55.53
MPDB001594	Fungi	ITS	555	56.04
MPDB001595	Fungi	ITS	548	55.47
MPDB001596	Fungi	ITS	543	55.25
MPDB001597	Fungi	ITS	264	39.77
MPDB001598	Fungi	ITS	648	43.67
MPDB001599	Fungi	ITS	666	43.09
MPDB001600	Fungi	ITS	635	43.15
MPDB001601	Fungi	ITS	559	52.59
MPDB001602	Fungi	ITS	560	52.32
MPDB001603	Fungi	ITS	602	46.84
MPDB001604	Fungi	ITS	600	46.67
MPDB001605	Fungi	ITS	597	46.9
MPDB001606	Fungi	ITS	621	47.99
MPDB001607	Fungi	ITS	601	46.76
MPDB001608	Fungi	ITS	481	46.15
MPDB001609	Fungi	ITS	556	46.94
MPDB001610	Fungi	ITS	576	46.88
MPDB001611	Fungi	ITS	605	47.27
MPDB001612	Fungi	ITS	601	47.25
MPDB001613	Fungi	ITS	633	47.08
MPDB001614	Fungi	ITS	587	46.68
MPDB001615	Fungi	ITS	583	46.83
MPDB001616	Fungi	ITS	585	46.84
MPDB001617	Fungi	ITS	588	47.11
MPDB001618	Fungi	ITS	587	46.68
MPDB001619	Fungi	ITS	594	46.46
MPDB001620	Fungi	ITS	386	46.11
MPDB001621	Fungi	ITS	150	48.67
MPDB001622	Fungi	ITS	372	45.97
MPDB001623	Fungi	ITS	603	47.26
MPDB001624	Fungi	ITS	610	46.56
MPDB001625	Fungi	ITS	613	46.66
MPDB001626	Fungi	ITS	596	46.64
MPDB001627	Fungi	ITS	548	47.26
MPDB001628	Fungi	ITS	466	46.14
MPDB001629	Fungi	ITS	548	47.08
MPDB001630	Fungi	ITS	588	48.64
MPDB001631	Fungi	ITS	546	47.44
MPDB001632	Fungi	ITS	527	46.87
MPDB001633	Fungi	ITS	201	43.28
MPDB001634	Fungi	ITS	606	47.03
MPDB001635	Fungi	ITS	540	47.22
MPDB001636	Fungi	ITS	588	46.94
MPDB001637	Fungi	ITS	743	48.59
MPDB001638	Fungi	ITS	536	46.83
MPDB001639	Fungi	ITS	526	45.82
MPDB001640	Fungi	ITS	635	46.3
MPDB001641	Fungi	ITS	629	46.42
MPDB001642	Fungi	ITS	624	46.15
MPDB001643	Fungi	ITS	591	46.36
MPDB001644	Fungi	ITS	577	47.66
MPDB001645	Fungi	ITS	598	47.16
MPDB001646	Fungi	ITS	556	47.84
MPDB001647	Fungi	ITS	549	48.09
MPDB001648	Fungi	ITS	542	47.79
MPDB001649	Fungi	ITS	554	47.83
MPDB001650	Fungi	ITS	535	47.29
MPDB001651	Fungi	ITS	534	47.57
MPDB001652	Fungi	ITS	536	47.57
MPDB001653	Fungi	ITS	526	47.15
MPDB001654	Fungi	ITS	530	47.17
MPDB001655	Fungi	ITS	555	48.11
MPDB001656	Fungi	ITS	562	47.69
MPDB001657	Fungi	ITS	559	47.94
MPDB001658	Fungi	ITS	562	47.69
MPDB001659	Fungi	ITS	535	47.48
MPDB001660	Fungi	ITS	528	47.16
MPDB001661	Fungi	ITS	533	47.09
MPDB001662	Fungi	ITS	510	47.84
MPDB001663	Fungi	ITS	518	47.88
MPDB001664	Fungi	ITS	549	47.54
MPDB001665	Fungi	ITS	477	47.38
MPDB001666	Fungi	ITS	476	47.48
MPDB001667	Fungi	ITS	476	47.48
MPDB001668	Fungi	ITS	497	47.69
MPDB001669	Fungi	ITS	528	47.16
MPDB001670	Fungi	ITS	536	45.71
MPDB001671	Fungi	ITS	528	46.97
MPDB001672	Fungi	ITS	533	45.22
MPDB001673	Fungi	ITS	529	47.07
MPDB001674	Fungi	ITS	530	47.17
MPDB001675	Fungi	ITS	530	46.98
MPDB001676	Fungi	ITS	531	47.27
MPDB001677	Fungi	ITS	441	46.49
MPDB001678	Fungi	ITS	529	47.45
MPDB001679	Fungi	ITS	527	41.37
MPDB001680	Fungi	ITS	526	46.77
MPDB001681	Fungi	ITS	526	46.77
MPDB001682	Fungi	ITS	390	46.15
MPDB001683	Fungi	ITS	332	45.78
MPDB001684	Fungi	ITS	554	46.57
MPDB001685	Fungi	ITS	530	47.36
MPDB001686	Fungi	ITS	495	47.07
MPDB001687	Fungi	ITS	528	47.35
MPDB001688	Fungi	ITS	528	46.78
MPDB001689	Fungi	ITS	451	47.67
MPDB001690	Fungi	ITS	519	46.82
MPDB001691	Fungi	ITS	531	47.08
MPDB001692	Fungi	ITS	527	47.25
MPDB001693	Fungi	ITS	387	46.51
MPDB001694	Fungi	ITS	530	42.83
MPDB001695	Fungi	ITS	530	47.17
MPDB001696	Fungi	ITS	489	43.97
MPDB001697	Fungi	ITS	553	46.11
MPDB001698	Fungi	ITS	526	47.53
MPDB001699	Fungi	ITS	478	46.65
MPDB001700	Fungi	ITS	491	47.86
MPDB001701	Fungi	ITS	449	47.66
MPDB001702	Fungi	ITS	483	47.83
MPDB001703	Fungi	ITS	536	46.46
MPDB001704	Fungi	ITS	357	41.74
MPDB001705	Fungi	ITS	453	45.7
MPDB001706	Fungi	ITS	424	40.57
MPDB001707	Fungi	ITS	482	43.98
MPDB001708	Fungi	ITS	426	47.42
MPDB001709	Fungi	ITS	537	46.93
MPDB001710	Fungi	ITS	537	46.93
MPDB001711	Fungi	ITS	536	46.27
MPDB001712	Fungi	ITS	435	54.25
MPDB001713	Fungi	ITS	354	49.44
MPDB001714	Fungi	ITS	571	52.71
MPDB001715	Fungi	ITS	527	53.32
MPDB001716	Fungi	ITS	632	51.42
MPDB001717	Fungi	ITS	410	56.59
MPDB001718	Fungi	ITS	577	52.34
MPDB001719	Fungi	ITS	573	52.36
MPDB001720	Fungi	ITS	558	52.33
MPDB001721	Fungi	ITS	570	52.81
MPDB001722	Fungi	ITS	558	52.15
MPDB001723	Fungi	ITS	563	53.11
MPDB001724	Fungi	ITS	572	52.27
MPDB001725	Fungi	ITS	576	52.43
MPDB001726	Fungi	ITS	571	52.19
MPDB001727	Fungi	ITS	572	52.62
MPDB001728	Fungi	ITS	537	54.0
MPDB001729	Fungi	ITS	569	51.85
MPDB001730	Fungi	ITS	578	52.25
MPDB001731	Fungi	ITS	584	52.91
MPDB001732	Fungi	ITS	534	50.0
MPDB001733	Fungi	ITS	277	53.43
MPDB001734	Fungi	ITS	480	50.62
MPDB001735	Fungi	ITS	294	47.28
MPDB001736	Fungi	ITS	325	50.77
MPDB001737	Fungi	ITS	523	53.73
MPDB001738	Fungi	ITS	540	53.33
MPDB001739	Fungi	ITS	559	53.49
MPDB001740	Fungi	ITS	539	53.25
MPDB001741	Fungi	ITS	508	53.94
MPDB001742	Fungi	ITS	520	53.85
MPDB001743	Fungi	ITS	524	53.82
MPDB001744	Fungi	ITS	503	54.27
MPDB001745	Fungi	ITS	340	58.24
MPDB001746	Fungi	ITS	420	52.62
MPDB001747	Fungi	ITS	520	54.42
MPDB001748	Fungi	ITS	398	50.25
MPDB001749	Fungi	ITS	521	54.13
MPDB001750	Fungi	ITS	521	54.13
MPDB001751	Fungi	ITS	521	53.93
MPDB001752	Fungi	ITS	520	54.04
MPDB001753	Fungi	ITS	541	54.34
MPDB001754	Fungi	ITS	684	51.46
MPDB001755	Fungi	ITS	506	55.93
MPDB001756	Fungi	ITS	585	52.48
MPDB001757	Fungi	ITS	418	58.61
MPDB001758	Fungi	ITS	369	59.08
MPDB001759	Fungi	ITS	355	60.28
MPDB001760	Fungi	ITS	517	55.71
MPDB001761	Fungi	ITS	476	56.72
MPDB001762	Fungi	ITS	352	60.8
MPDB001763	Fungi	ITS	353	58.36
MPDB001764	Fungi	ITS	398	59.05
MPDB001765	Fungi	ITS	426	57.51
MPDB001766	Fungi	ITS	453	56.95
MPDB001767	Fungi	ITS	437	57.44
MPDB001768	Fungi	ITS	443	57.11
MPDB001769	Fungi	ITS	439	57.63
MPDB001770	Fungi	ITS	424	55.66
MPDB001771	Fungi	ITS	422	55.92
MPDB001772	Fungi	ITS	435	55.86
MPDB001773	Fungi	ITS	440	56.14
MPDB001774	Fungi	ITS	582	46.05
MPDB001775	Fungi	ITS	591	46.36
MPDB001776	Fungi	ITS	584	46.23
MPDB001777	Fungi	ITS	543	46.41
MPDB001778	Fungi	ITS	316	47.78
MPDB001779	Fungi	ITS	316	47.78
MPDB001780	Fungi	ITS	469	46.48
MPDB001781	Fungi	ITS	472	46.61
MPDB001782	Fungi	ITS	489	46.22
MPDB001783	Fungi	ITS	471	46.71
MPDB001784	Fungi	ITS	482	46.68
MPDB001785	Fungi	ITS	474	45.99
MPDB001786	Fungi	ITS	513	46.2
MPDB001787	Fungi	ITS	515	46.21
MPDB001788	Fungi	ITS	564	46.81
MPDB001789	Fungi	ITS	624	47.44
MPDB001790	Fungi	ITS	587	46.34
MPDB001791	Fungi	ITS	600	46.33
MPDB001792	Fungi	ITS	645	47.75
MPDB001793	Fungi	ITS	624	47.44
MPDB001794	Fungi	ITS	649	46.84
MPDB001795	Fungi	ITS	641	47.27
MPDB001796	Fungi	ITS	641	47.27
MPDB001797	Fungi	ITS	833	47.54
MPDB001798	Fungi	ITS	840	47.5
MPDB001799	Fungi	ITS	653	47.32
MPDB001800	Fungi	ITS	536	46.27
MPDB001801	Fungi	ITS	262	50.76
MPDB001802	Fungi	ITS	537	46.93
MPDB001803	Fungi	ITS	489	46.22
MPDB001804	Fungi	ITS	555	45.95
MPDB001805	Fungi	ITS	480	46.25
MPDB001806	Fungi	ITS	1104	47.74
MPDB001807	Fungi	ITS	548	45.99
MPDB001808	Fungi	ITS	521	46.64
MPDB001809	Fungi	ITS	531	45.95
MPDB001810	Fungi	ITS	1150	47.91
MPDB001811	Fungi	ITS	590	47.12
MPDB001812	Fungi	ITS	565	46.37
MPDB001813	Fungi	ITS	531	45.95
MPDB001814	Fungi	ITS	525	45.9
MPDB001815	Fungi	ITS	527	45.92
MPDB001816	Fungi	ITS	523	45.89
MPDB001817	Fungi	ITS	445	46.29
MPDB001818	Fungi	ITS	728	48.49
MPDB001819	Fungi	ITS	501	46.51
MPDB001820	Fungi	ITS	691	48.48
MPDB001821	Fungi	ITS	689	48.48
MPDB001822	Fungi	ITS	594	46.97
MPDB001823	Fungi	ITS	435	46.9
MPDB001824	Fungi	ITS	684	48.39
MPDB001825	Fungi	ITS	560	46.96
MPDB001826	Fungi	ITS	1185	48.78
MPDB001827	Fungi	ITS	1089	48.58
MPDB001828	Fungi	ITS	1067	49.02
MPDB001829	Fungi	ITS	558	46.95
MPDB001830	Fungi	ITS	524	49.24
MPDB001831	Fungi	ITS	560	46.61
MPDB001832	Fungi	ITS	1083	49.12
MPDB001833	Fungi	ITS	1121	48.88
MPDB001834	Fungi	ITS	515	46.21
MPDB001835	Fungi	ITS	574	46.69
MPDB001836	Fungi	ITS	596	46.64
MPDB001837	Fungi	ITS	558	46.59
MPDB001838	Fungi	ITS	516	46.71
MPDB001839	Fungi	ITS	929	46.61
MPDB001840	Fungi	ITS	933	47.8
MPDB001841	Fungi	ITS	585	47.01
MPDB001842	Fungi	ITS	700	46.43
MPDB001843	Fungi	ITS	593	46.88
MPDB001844	Fungi	ITS	594	46.63
MPDB001845	Fungi	ITS	564	46.99
MPDB001846	Fungi	ITS	564	46.99
MPDB001847	Fungi	ITS	553	46.84
MPDB001848	Fungi	ITS	565	55.75
MPDB001849	Fungi	ITS	2404	49.79
MPDB001850	Fungi	ITS	593	55.14
MPDB001851	Fungi	ITS	611	54.83
MPDB001852	Fungi	ITS	609	55.34
MPDB001853	Fungi	ITS	569	55.36
MPDB001854	Fungi	ITS	573	55.5
MPDB001855	Fungi	ITS	431	53.83
MPDB001856	Fungi	ITS	481	57.59
MPDB001857	Fungi	ITS	562	54.8
MPDB001858	Fungi	ITS	469	56.5
MPDB001859	Fungi	ITS	597	55.28
MPDB001860	Fungi	ITS	581	55.42
MPDB001861	Fungi	ITS	213	63.85
MPDB001862	Fungi	ITS	168	67.26
MPDB001863	Fungi	ITS	184	66.85
MPDB001864	Fungi	ITS	184	67.39
MPDB001865	Fungi	ITS	183	65.57
MPDB001866	Fungi	ITS	170	65.88
MPDB001867	Fungi	ITS	172	68.6
MPDB001868	Fungi	ITS	170	68.82
MPDB001869	Fungi	ITS	181	66.85
MPDB001870	Fungi	ITS	590	57.12
MPDB001871	Fungi	ITS	213	52.58
MPDB001872	Fungi	ITS	537	55.87
MPDB001873	Fungi	ITS	547	56.12
MPDB001874	Fungi	ITS	545	57.25
MPDB001875	Fungi	ITS	512	56.45
MPDB001876	Fungi	ITS	548	56.2
MPDB001877	Fungi	ITS	420	57.14
MPDB001878	Fungi	ITS	574	55.75
MPDB001879	Fungi	ITS	219	62.56
MPDB001880	Fungi	ITS	175	58.86
MPDB001881	Fungi	ITS	509	55.99
MPDB001882	Fungi	ITS	540	53.89
MPDB001883	Fungi	ITS	548	55.47
MPDB001884	Fungi	ITS	554	55.6
MPDB001885	Fungi	ITS	331	55.29
MPDB001886	Fungi	ITS	555	56.04
MPDB001887	Fungi	ITS	750	60.93
MPDB001888	Fungi	ITS	538	62.64
MPDB001889	Fungi	ITS	537	62.57
MPDB001890	Fungi	ITS	536	62.69
MPDB001891	Fungi	ITS	584	61.47
MPDB001892	Fungi	ITS	583	61.41
MPDB001893	Fungi	ITS	574	61.5
MPDB001894	Fungi	ITS	612	61.27
MPDB001895	Fungi	ITS	590	61.69
MPDB001896	Fungi	ITS	596	60.74
MPDB001897	Fungi	ITS	502	61.95
MPDB001898	Fungi	ITS	585	61.54
MPDB001899	Fungi	ITS	548	62.96
MPDB001900	Fungi	ITS	583	62.09
MPDB001901	Fungi	ITS	412	62.38
MPDB001902	Fungi	ITS	553	58.95
MPDB001903	Fungi	ITS	572	58.74
MPDB001904	Fungi	ITS	528	62.69
MPDB001905	Fungi	ITS	575	61.57
MPDB001906	Fungi	ITS	570	61.05
MPDB001907	Fungi	ITS	524	62.6
MPDB001908	Fungi	ITS	552	59.6
MPDB001909	Fungi	ITS	536	62.31
MPDB001910	Fungi	ITS	420	55.95
MPDB001911	Fungi	ITS	569	61.16
MPDB001912	Fungi	ITS	575	61.04
MPDB001913	Fungi	ITS	579	61.83
MPDB001914	Fungi	ITS	1071	53.03
MPDB001915	Fungi	ITS	410	60.24
MPDB001916	Fungi	ITS	406	60.1
MPDB001917	Fungi	ITS	407	58.48
MPDB001918	Fungi	ITS	581	62.48
MPDB001919	Fungi	ITS	578	61.94
MPDB001920	Fungi	ITS	561	62.57
MPDB001921	Fungi	ITS	554	63.0
MPDB001922	Fungi	ITS	616	61.2
MPDB001923	Fungi	ITS	600	61.5
MPDB001924	Fungi	ITS	572	62.94
MPDB001925	Fungi	ITS	528	63.45
MPDB001926	Fungi	ITS	560	61.79
MPDB001927	Fungi	ITS	551	62.61
MPDB001928	Fungi	ITS	590	62.2
MPDB001929	Fungi	ITS	587	61.16
MPDB001930	Fungi	ITS	680	54.26
MPDB001931	Fungi	ITS	678	54.42
MPDB001932	Fungi	ITS	663	54.45
MPDB001933	Fungi	ITS	669	54.41
MPDB001934	Fungi	ITS	670	54.48
MPDB001935	Fungi	ITS	651	54.99
MPDB001936	Fungi	ITS	668	54.49
MPDB001937	Fungi	ITS	658	54.71
MPDB001938	Fungi	ITS	667	54.42
MPDB001939	Fungi	ITS	661	54.46
MPDB001940	Fungi	ITS	665	54.29
MPDB001941	Fungi	ITS	675	54.52
MPDB001942	Fungi	ITS	676	54.44
MPDB001943	Fungi	ITS	1071	55.46
MPDB001944	Fungi	ITS	1062	55.18
MPDB001945	Fungi	ITS	1074	55.49
MPDB001946	Fungi	ITS	1110	55.86
MPDB001947	Fungi	ITS	1072	55.5
MPDB001948	Fungi	ITS	1073	55.45
MPDB001949	Fungi	ITS	1057	55.53
MPDB001950	Fungi	ITS	1058	55.01
MPDB001951	Fungi	ITS	1034	54.55
MPDB001952	Fungi	ITS	7800	54.86
MPDB001953	Fungi	ITS	413	55.45
MPDB001954	Fungi	ITS	565	55.04
MPDB001955	Fungi	ITS	526	54.75
MPDB001956	Fungi	ITS	967	52.95
MPDB001957	Fungi	ITS	564	54.43
MPDB001958	Fungi	ITS	538	54.46
MPDB001959	Fungi	ITS	556	54.5
MPDB001960	Fungi	ITS	459	54.9
MPDB001961	Fungi	ITS	584	54.28
MPDB001962	Fungi	ITS	563	53.82
MPDB001963	Fungi	ITS	536	53.73
MPDB001964	Fungi	ITS	815	54.23
MPDB001965	Fungi	ITS	534	55.43
MPDB001966	Fungi	ITS	556	52.88
MPDB001967	Fungi	ITS	851	54.76
MPDB001968	Fungi	ITS	544	54.41
MPDB001969	Fungi	ITS	552	53.99
MPDB001970	Fungi	ITS	497	54.73
MPDB001971	Fungi	ITS	1035	49.57
MPDB001972	Fungi	ITS	485	47.42
MPDB001973	Fungi	ITS	449	47.88
MPDB001974	Fungi	ITS	1407	49.82
MPDB001975	Fungi	ITS	670	49.25
MPDB001976	Fungi	ITS	639	49.14
MPDB001977	Fungi	ITS	412	46.6
MPDB001978	Fungi	ITS	463	47.95
MPDB001979	Fungi	ITS	496	47.78
MPDB001980	Fungi	ITS	926	62.1
MPDB001981	Fungi	ITS	930	62.15
MPDB001982	Fungi	ITS	1350	36.22
MPDB001983	Fungi	ITS	1384	38.8
MPDB001984	Fungi	ITS	666	33.33
MPDB001985	Fungi	ITS	930	36.56
MPDB001986	Fungi	ITS	1328	38.86
MPDB001987	Fungi	ITS	458	31.22
MPDB001988	Fungi	ITS	638	36.36
MPDB001989	Fungi	ITS	640	36.09
MPDB001990	Fungi	ITS	549	36.07
MPDB001991	Fungi	ITS	620	36.13
MPDB001992	Fungi	ITS	551	35.93
MPDB001993	Fungi	ITS	551	36.12
MPDB001994	Fungi	ITS	142	40.14
MPDB001995	Fungi	ITS	1341	36.17
MPDB001996	Fungi	ITS	455	30.99
MPDB001997	Fungi	ITS	363	33.61
MPDB001998	Fungi	ITS	174	31.61
MPDB001999	Fungi	ITS	780	34.36
MPDB002000	Fungi	ITS	780	34.36
MPDB002001	Fungi	ITS	780	34.36
MPDB002002	Fungi	ITS	780	34.36
MPDB002003	Fungi	ITS	1698	42.76
MPDB002004	Fungi	ITS	692	31.21
MPDB002005	Fungi	ITS	218	47.25
MPDB002006	Fungi	ITS	1179	53.86
MPDB002007	Fungi	ITS	531	49.53
MPDB002008	Fungi	ITS	509	48.92
MPDB002009	Fungi	ITS	520	48.65
MPDB002010	Fungi	ITS	516	50.0
MPDB002011	Fungi	ITS	514	49.61
MPDB002012	Fungi	ITS	539	54.55
MPDB002013	Fungi	ITS	514	49.61
MPDB002014	Fungi	ITS	551	49.0
MPDB002015	Fungi	ITS	285	48.07
MPDB002016	Fungi	ITS	506	48.81
MPDB002017	Fungi	ITS	486	49.18
MPDB002018	Fungi	ITS	506	49.21
MPDB002019	Fungi	ITS	507	49.11
MPDB002020	Fungi	ITS	502	49.0
MPDB002021	Fungi	ITS	501	48.9
MPDB002022	Fungi	ITS	518	50.19
MPDB002023	Fungi	ITS	517	50.29
MPDB002024	Fungi	ITS	509	50.1
MPDB002025	Fungi	ITS	500	50.4
MPDB002026	Fungi	ITS	554	48.74
MPDB002027	Fungi	ITS	548	48.91
MPDB002028	Fungi	ITS	487	49.28
MPDB002029	Fungi	ITS	530	48.87
MPDB002030	Fungi	ITS	570	48.42
MPDB002031	Fungi	ITS	544	49.26
MPDB002032	Fungi	ITS	531	49.72
MPDB002033	Fungi	ITS	480	49.79
MPDB002034	Fungi	ITS	504	49.01
MPDB002035	Fungi	ITS	516	50.0
MPDB002036	Fungi	ITS	511	49.12
MPDB002037	Fungi	ITS	223	47.98
MPDB002038	Fungi	ITS	537	55.12
MPDB002039	Fungi	ITS	513	49.71
MPDB002040	Fungi	ITS	529	54.82
MPDB002041	Fungi	ITS	476	49.16
MPDB002042	Fungi	ITS	489	49.49
MPDB002043	Fungi	ITS	476	48.32
MPDB002044	Fungi	ITS	470	48.94
MPDB002045	Fungi	ITS	547	51.74
MPDB002046	Fungi	ITS	547	51.55
MPDB002047	Fungi	ITS	471	49.04
MPDB002048	Fungi	ITS	492	48.58
MPDB002049	Fungi	ITS	492	48.78
MPDB002050	Fungi	ITS	498	49.0
MPDB002051	Fungi	ITS	493	48.88
MPDB002052	Fungi	ITS	492	48.78
MPDB002053	Fungi	ITS	491	48.68
MPDB002054	Fungi	ITS	492	49.19
MPDB002055	Fungi	ITS	496	48.79
MPDB002056	Fungi	ITS	504	49.01
MPDB002057	Fungi	ITS	499	49.1
MPDB002058	Fungi	ITS	503	49.3
MPDB002059	Fungi	ITS	502	49.2
MPDB002060	Fungi	ITS	494	48.99
MPDB002061	Fungi	ITS	493	48.88
MPDB002062	Fungi	ITS	514	49.61
MPDB002063	Fungi	ITS	480	48.96
MPDB002064	Fungi	ITS	481	48.86
MPDB002065	Fungi	ITS	511	49.51
MPDB002066	Fungi	ITS	511	49.51
MPDB002067	Fungi	ITS	541	49.17
MPDB002068	Fungi	ITS	543	49.17
MPDB002069	Fungi	ITS	541	48.98
MPDB002070	Fungi	ITS	447	48.55
MPDB002071	Fungi	ITS	447	49.44
MPDB002072	Fungi	ITS	447	48.77
MPDB002073	Fungi	ITS	447	48.77
MPDB002074	Fungi	ITS	446	51.35
MPDB002075	Fungi	ITS	447	48.99
MPDB002076	Fungi	ITS	1131	49.51
MPDB002077	Fungi	ITS	859	50.64
MPDB002078	Fungi	ITS	824	50.61
MPDB002079	Fungi	ITS	857	50.53
MPDB002080	Fungi	ITS	860	50.7
MPDB002081	Fungi	ITS	863	50.64
MPDB002082	Fungi	ITS	860	50.58
MPDB002083	Fungi	ITS	861	50.64
MPDB002084	Fungi	ITS	1190	54.03
MPDB002085	Fungi	ITS	550	49.82
MPDB002086	Fungi	ITS	553	49.91
MPDB002087	Fungi	ITS	552	49.28
MPDB002088	Fungi	ITS	523	48.76
MPDB002089	Fungi	ITS	498	48.8
MPDB002090	Fungi	ITS	511	49.12
MPDB002091	Fungi	ITS	505	49.31
MPDB002092	Fungi	ITS	488	48.77
MPDB002093	Fungi	ITS	497	48.89
MPDB002094	Fungi	ITS	502	49.4
MPDB002095	Fungi	ITS	500	49.0
MPDB002096	Fungi	ITS	506	49.41
MPDB002097	Fungi	ITS	508	49.61
MPDB002098	Fungi	ITS	579	48.53
MPDB002099	Fungi	ITS	489	48.88
MPDB002100	Fungi	ITS	572	48.43
MPDB002101	Fungi	ITS	505	49.7
MPDB002102	Fungi	ITS	547	49.18
MPDB002103	Fungi	ITS	543	47.88
MPDB002104	Fungi	ITS	454	49.12
MPDB002105	Fungi	ITS	423	49.17
MPDB002106	Fungi	ITS	466	49.14
MPDB002107	Fungi	ITS	473	48.63
MPDB002108	Fungi	ITS	539	49.54
MPDB002109	Fungi	ITS	503	48.91
MPDB002110	Fungi	ITS	561	49.02
MPDB002111	Fungi	ITS	544	49.45
MPDB002112	Fungi	ITS	452	49.34
MPDB002113	Fungi	ITS	482	49.38
MPDB002114	Fungi	ITS	417	49.4
MPDB002115	Fungi	ITS	462	48.92
MPDB002116	Fungi	ITS	528	48.48
MPDB002117	Fungi	ITS	476	47.9
MPDB002118	Fungi	ITS	832	50.84
MPDB002119	Fungi	ITS	565	58.41
MPDB002120	Fungi	ITS	1144	55.33
MPDB002121	Fungi	ITS	1452	54.55
MPDB002122	Fungi	ITS	504	58.53
MPDB002123	Fungi	ITS	506	57.91
MPDB002124	Fungi	ITS	581	58.35
MPDB002125	Fungi	ITS	784	55.61
MPDB002126	Fungi	ITS	587	57.58
MPDB002127	Fungi	ITS	582	57.39
MPDB002128	Fungi	ITS	539	59.18
MPDB002129	Fungi	ITS	583	57.29
MPDB002130	Fungi	ITS	575	57.57
MPDB002131	Fungi	ITS	578	58.13
MPDB002132	Fungi	ITS	582	57.9
MPDB002133	Fungi	ITS	245	60.0
MPDB002134	Fungi	ITS	247	59.92
MPDB002135	Fungi	ITS	247	59.92
MPDB002136	Fungi	ITS	245	60.41
MPDB002137	Fungi	ITS	549	59.38
MPDB002138	Fungi	ITS	560	58.04
MPDB002139	Fungi	ITS	250	62.0
MPDB002140	Fungi	ITS	522	57.66
MPDB002141	Fungi	ITS	552	58.15
MPDB002142	Fungi	ITS	557	58.35
MPDB002143	Fungi	ITS	553	58.23
MPDB002144	Fungi	ITS	252	58.73
MPDB002145	Fungi	ITS	405	50.86
MPDB002146	Fungi	ITS	542	59.04
MPDB002147	Fungi	ITS	545	58.9
MPDB002148	Fungi	ITS	587	57.41
MPDB002149	Fungi	ITS	633	58.14
MPDB002150	Fungi	ITS	569	58.17
MPDB002151	Fungi	ITS	606	55.45
MPDB002152	Fungi	ITS	526	57.98
MPDB002153	Fungi	ITS	605	59.01
MPDB002154	Fungi	ITS	490	58.98
MPDB002155	Fungi	ITS	335	56.72
MPDB002156	Fungi	ITS	625	56.8
MPDB002157	Fungi	ITS	512	59.38
MPDB002158	Fungi	ITS	499	58.52
MPDB002159	Fungi	ITS	572	57.69
MPDB002160	Fungi	ITS	253	59.29
MPDB002161	Fungi	ITS	591	58.04
MPDB002162	Fungi	ITS	544	49.82
MPDB002163	Fungi	ITS	543	49.54
MPDB002164	Fungi	ITS	544	49.63
MPDB002165	Fungi	ITS	470	50.0
MPDB002166	Fungi	ITS	545	49.91
MPDB002167	Fungi	ITS	515	50.68
MPDB002168	Fungi	ITS	464	50.0
MPDB002169	Fungi	ITS	491	50.1
MPDB002170	Fungi	ITS	543	49.72
MPDB002171	Fungi	ITS	543	49.54
MPDB002172	Fungi	ITS	544	50.0
MPDB002173	Fungi	ITS	544	49.82
MPDB002174	Fungi	ITS	545	50.28
MPDB002175	Fungi	ITS	529	50.28
MPDB002176	Fungi	ITS	1133	50.22
MPDB002177	Fungi	ITS	614	35.5
MPDB002178	Fungi	ITS	531	50.28
MPDB002179	Fungi	ITS	532	50.19
MPDB002180	Fungi	ITS	425	48.71
MPDB002181	Fungi	ITS	525	49.9
MPDB002182	Fungi	ITS	454	50.88
MPDB002183	Fungi	ITS	535	49.91
MPDB002184	Fungi	ITS	532	50.19
MPDB002185	Fungi	ITS	497	50.7
MPDB002186	Fungi	ITS	518	50.0
MPDB002187	Fungi	ITS	572	49.48
MPDB002188	Fungi	ITS	574	49.65
MPDB002189	Fungi	ITS	519	49.71
MPDB002190	Fungi	ITS	538	48.88
MPDB002191	Fungi	ITS	499	49.7
MPDB002192	Fungi	ITS	524	50.0
MPDB002193	Fungi	ITS	558	49.82
MPDB002194	Fungi	ITS	518	49.03
MPDB002195	Fungi	ITS	516	49.22
MPDB002196	Fungi	ITS	446	50.0
MPDB002197	Fungi	ITS	553	49.91
MPDB002198	Fungi	ITS	439	50.57
MPDB002199	Fungi	ITS	461	50.76
MPDB002200	Fungi	ITS	554	50.18
MPDB002201	Fungi	ITS	578	49.65
MPDB002202	Fungi	ITS	576	49.65
MPDB002203	Fungi	ITS	572	49.48
MPDB002204	Fungi	ITS	525	49.9
MPDB002205	Fungi	ITS	534	53.75
MPDB002206	Fungi	ITS	536	55.04
MPDB002207	Fungi	ITS	537	53.26
MPDB002208	Fungi	ITS	528	54.92
MPDB002209	Fungi	ITS	519	54.34
MPDB002210	Fungi	ITS	569	54.13
MPDB002211	Fungi	ITS	518	54.63
MPDB002212	Fungi	ITS	553	53.53
MPDB002213	Fungi	ITS	530	54.72
MPDB002214	Fungi	ITS	516	53.88
MPDB002215	Fungi	ITS	466	52.36
MPDB002216	Fungi	ITS	430	56.51
MPDB002217	Fungi	ITS	429	56.41
MPDB002218	Fungi	ITS	429	55.71
MPDB002219	Fungi	ITS	430	55.81
MPDB002220	Fungi	ITS	430	56.05
MPDB002221	Fungi	ITS	431	56.61
MPDB002222	Fungi	ITS	431	56.38
MPDB002223	Fungi	ITS	430	55.81
MPDB002224	Fungi	ITS	429	55.71
MPDB002225	Fungi	ITS	429	56.18
MPDB002226	Fungi	ITS	548	54.74
MPDB002227	Fungi	ITS	515	52.23
MPDB002228	Fungi	ITS	540	54.26
MPDB002229	Fungi	ITS	527	54.08
MPDB002230	Fungi	ITS	687	54.29
MPDB002231	Fungi	ITS	681	54.33
MPDB002232	Fungi	ITS	688	54.36
MPDB002233	Fungi	ITS	687	54.15
MPDB002234	Fungi	ITS	691	53.98
MPDB002235	Fungi	ITS	691	54.27
MPDB002236	Fungi	ITS	688	54.36
MPDB002237	Fungi	ITS	691	54.41
MPDB002238	Fungi	ITS	538	54.09
MPDB002239	Fungi	ITS	540	54.26
MPDB002240	Fungi	ITS	223	49.78
MPDB002241	Fungi	ITS	524	54.58
MPDB002242	Fungi	ITS	490	55.51
MPDB002243	Fungi	ITS	688	54.8
MPDB002244	Fungi	ITS	260	53.46
MPDB002245	Fungi	ITS	477	55.56
MPDB002246	Fungi	ITS	550	53.82
MPDB002247	Fungi	ITS	531	53.86
MPDB002248	Fungi	ITS	509	51.87
MPDB002249	Fungi	ITS	549	51.18
MPDB002250	Fungi	ITS	567	50.62
MPDB002251	Fungi	ITS	561	51.16
MPDB002252	Fungi	ITS	575	51.13
MPDB002253	Fungi	ITS	550	51.27
MPDB002254	Fungi	ITS	563	51.15
MPDB002255	Fungi	ITS	685	52.41
MPDB002256	Fungi	ITS	550	50.91
MPDB002257	Fungi	ITS	553	51.18
MPDB002258	Fungi	ITS	551	51.18
MPDB002259	Fungi	ITS	552	51.27
MPDB002260	Fungi	ITS	478	50.63
MPDB002261	Fungi	ITS	478	50.63
MPDB002262	Fungi	ITS	524	51.15
MPDB002263	Fungi	ITS	482	51.45
MPDB002264	Fungi	ITS	482	51.45
MPDB002265	Fungi	ITS	487	51.54
MPDB002266	Fungi	ITS	484	51.65
MPDB002267	Fungi	ITS	489	51.33
MPDB002268	Fungi	ITS	488	51.84
MPDB002269	Fungi	ITS	558	50.9
MPDB002270	Fungi	ITS	512	51.56
MPDB002271	Fungi	ITS	511	51.27
MPDB002272	Fungi	ITS	552	51.63
MPDB002273	Fungi	ITS	1430	50.63
MPDB002274	Fungi	ITS	522	51.34
MPDB002275	Fungi	ITS	523	51.24
MPDB002276	Fungi	ITS	519	51.06
MPDB002277	Fungi	ITS	520	51.15
MPDB002278	Fungi	ITS	530	51.13
MPDB002279	Fungi	ITS	526	51.33
MPDB002280	Fungi	ITS	495	51.72
MPDB002281	Fungi	ITS	481	50.52
MPDB002282	Fungi	ITS	258	60.47
MPDB002283	Fungi	ITS	478	50.84
MPDB002284	Fungi	ITS	426	51.64
MPDB002285	Fungi	ITS	507	51.68
MPDB002286	Fungi	ITS	355	52.11
MPDB002287	Fungi	ITS	530	51.13
MPDB002288	Fungi	ITS	556	51.08
MPDB002289	Fungi	ITS	588	50.85
MPDB002290	Fungi	ITS	479	50.73
MPDB002291	Fungi	ITS	479	51.15
MPDB002292	Fungi	ITS	497	51.31
MPDB002293	Fungi	ITS	572	50.17
MPDB002294	Fungi	ITS	702	52.28
MPDB002295	Fungi	ITS	575	50.43
MPDB002296	Fungi	ITS	577	50.43
MPDB002297	Fungi	ITS	514	50.97
MPDB002298	Fungi	ITS	551	51.36
MPDB002299	Fungi	ITS	565	50.8
MPDB002300	Fungi	ITS	564	50.89
MPDB002301	Fungi	ITS	521	51.82
MPDB002302	Fungi	ITS	550	51.09
MPDB002303	Fungi	ITS	463	51.84
MPDB002304	Fungi	ITS	471	51.59
MPDB002305	Fungi	ITS	478	51.05
MPDB002306	Fungi	ITS	502	51.39
MPDB002307	Fungi	ITS	1429	51.01
MPDB002308	Fungi	ITS	230	50.0
MPDB002309	Fungi	ITS	499	51.5
MPDB002310	Fungi	ITS	426	51.17
MPDB002311	Fungi	ITS	400	52.5
MPDB002312	Fungi	ITS	191	49.21
MPDB002313	Fungi	ITS	582	52.41
MPDB002314	Fungi	ITS	499	51.7
MPDB002315	Fungi	ITS	480	54.17
MPDB002316	Fungi	ITS	226	50.44
MPDB002317	Fungi	ITS	488	51.43
MPDB002318	Fungi	ITS	480	52.5
MPDB002319	Fungi	ITS	500	51.8
MPDB002320	Fungi	ITS	472	52.33
MPDB002321	Fungi	ITS	390	53.08
MPDB002322	Fungi	ITS	460	51.3
MPDB002323	Fungi	ITS	460	51.3
MPDB002324	Fungi	ITS	487	50.31
MPDB002325	Fungi	ITS	533	51.03
MPDB002326	Fungi	ITS	540	51.67
MPDB002327	Fungi	ITS	505	51.49
MPDB002328	Fungi	ITS	526	51.71
MPDB002329	Fungi	ITS	615	50.73
MPDB002330	Fungi	ITS	506	51.38
MPDB002331	Fungi	ITS	336	52.08
MPDB002332	Fungi	ITS	336	50.89
MPDB002333	Fungi	ITS	514	52.14
MPDB002334	Fungi	ITS	692	42.92
MPDB002335	Fungi	ITS	588	54.08
MPDB002336	Fungi	ITS	274	54.74
MPDB002337	Fungi	ITS	957	54.23
MPDB002338	Fungi	ITS	513	54.39
MPDB002339	Fungi	ITS	529	54.44
MPDB002340	Fungi	ITS	215	55.81
MPDB002341	Fungi	ITS	215	54.88
MPDB002342	Fungi	ITS	591	52.12
MPDB002343	Fungi	ITS	600	52.67
MPDB002344	Fungi	ITS	600	53.33
MPDB002345	Fungi	ITS	652	53.53
MPDB002346	Fungi	ITS	626	53.04
MPDB002347	Fungi	ITS	620	53.39
MPDB002348	Fungi	ITS	666	53.3
MPDB002349	Fungi	ITS	566	53.71
MPDB002350	Fungi	ITS	514	54.09
MPDB002351	Fungi	ITS	600	53.33
MPDB002352	Fungi	ITS	636	52.67
MPDB002353	Fungi	ITS	651	53.61
MPDB002354	Fungi	ITS	603	53.23
MPDB002355	Fungi	ITS	600	53.33
MPDB002356	Fungi	ITS	514	53.89
MPDB002357	Fungi	ITS	581	57.49
MPDB002358	Fungi	ITS	502	54.38
MPDB002359	Fungi	ITS	557	54.04
MPDB002360	Fungi	ITS	585	53.85
MPDB002361	Fungi	ITS	568	54.05
MPDB002362	Fungi	ITS	541	53.97
MPDB002363	Fungi	ITS	553	53.89
MPDB002364	Fungi	ITS	549	53.55
MPDB002365	Fungi	ITS	553	53.71
MPDB002366	Fungi	ITS	554	53.79
MPDB002367	Fungi	ITS	552	53.8
MPDB002368	Fungi	ITS	558	53.94
MPDB002369	Fungi	ITS	559	54.03
MPDB002370	Fungi	ITS	549	54.1
MPDB002371	Fungi	ITS	550	54.0
MPDB002372	Fungi	ITS	561	54.01
MPDB002373	Fungi	ITS	559	54.74
MPDB002374	Fungi	ITS	493	54.56
MPDB002375	Fungi	ITS	552	54.35
MPDB002376	Fungi	ITS	587	54.0
MPDB002377	Fungi	ITS	205	49.27
MPDB002378	Fungi	ITS	206	51.94
MPDB002379	Fungi	ITS	535	52.34
MPDB002380	Fungi	ITS	490	44.9
MPDB002381	Fungi	ITS	534	47.94
MPDB002382	Fungi	ITS	508	48.62
MPDB002383	Fungi	ITS	606	49.17
MPDB002384	Fungi	ITS	534	49.25
MPDB002385	Fungi	ITS	495	45.86
MPDB002386	Fungi	ITS	555	44.86
MPDB002387	Fungi	ITS	399	45.86
MPDB002388	Fungi	ITS	570	45.79
MPDB002389	Fungi	ITS	701	48.5
MPDB002390	Fungi	ITS	560	46.79
MPDB002391	Fungi	ITS	691	48.34
MPDB002392	Fungi	ITS	557	46.14
MPDB002393	Fungi	ITS	485	46.6
MPDB002394	Fungi	ITS	498	46.59
MPDB002395	Fungi	ITS	570	46.49
MPDB002396	Fungi	ITS	449	46.99
MPDB002397	Fungi	ITS	468	47.01
MPDB002398	Fungi	ITS	1427	49.19
MPDB002399	Fungi	ITS	1305	49.58
MPDB002400	Fungi	ITS	1408	49.22
MPDB002401	Fungi	ITS	1321	49.58
MPDB002402	Fungi	ITS	1346	49.63
MPDB002403	Fungi	ITS	708	48.16
MPDB002404	Fungi	ITS	711	48.8
MPDB002405	Fungi	ITS	708	48.31
MPDB002406	Fungi	ITS	705	48.09
MPDB002407	Fungi	ITS	683	48.46
MPDB002408	Fungi	ITS	711	47.96
MPDB002409	Fungi	ITS	505	47.72
MPDB002410	Fungi	ITS	457	47.48
MPDB002411	Fungi	ITS	525	47.24
MPDB002412	Fungi	ITS	533	47.09
MPDB002413	Fungi	ITS	526	46.96
MPDB002414	Fungi	ITS	531	47.08
MPDB002415	Fungi	ITS	529	48.02
MPDB002416	Fungi	ITS	508	47.44
MPDB002417	Fungi	ITS	508	47.64
MPDB002418	Fungi	ITS	504	48.02
MPDB002419	Fungi	ITS	344	46.22
MPDB002420	Fungi	ITS	441	47.39
MPDB002421	Fungi	ITS	363	45.73
MPDB002422	Fungi	ITS	426	46.95
MPDB002423	Fungi	ITS	444	47.07
MPDB002424	Fungi	ITS	419	47.26
MPDB002425	Fungi	ITS	436	46.79
MPDB002426	Fungi	ITS	452	46.68
MPDB002427	Fungi	ITS	440	46.82
MPDB002428	Fungi	ITS	443	47.18
MPDB002429	Fungi	ITS	442	47.29
MPDB002430	Fungi	ITS	375	47.2
MPDB002431	Fungi	ITS	416	47.12
MPDB002432	Fungi	ITS	474	54.01
MPDB002433	Fungi	ITS	468	53.42
MPDB002434	Fungi	ITS	479	53.03
MPDB002435	Fungi	ITS	393	53.94
MPDB002436	Fungi	ITS	476	53.99
MPDB002437	Fungi	ITS	389	54.24
MPDB002438	Fungi	ITS	467	53.53
MPDB002439	Fungi	ITS	476	53.36
MPDB002440	Fungi	ITS	458	53.93
MPDB002441	Fungi	ITS	466	53.43
MPDB002442	Fungi	ITS	474	53.38
MPDB002443	Fungi	ITS	465	53.55
MPDB002444	Fungi	ITS	476	53.15
MPDB002445	Fungi	ITS	454	53.96
MPDB002446	Fungi	ITS	381	54.86
MPDB002447	Fungi	ITS	464	53.45
MPDB002448	Fungi	ITS	469	53.52
MPDB002449	Fungi	ITS	463	53.56
MPDB002450	Fungi	ITS	463	54.21
MPDB002451	Fungi	ITS	467	53.75
MPDB002452	Fungi	ITS	469	53.73
MPDB002453	Fungi	ITS	465	53.76
MPDB002454	Fungi	ITS	470	53.62
MPDB002455	Fungi	ITS	455	54.07
MPDB002456	Fungi	ITS	468	53.85
MPDB002457	Fungi	ITS	541	52.31
MPDB002458	Fungi	ITS	549	52.64
MPDB002459	Fungi	ITS	288	49.31
MPDB002460	Fungi	ITS	304	51.64
MPDB002461	Fungi	ITS	496	53.43
MPDB002462	Fungi	ITS	483	54.66
MPDB002463	Fungi	ITS	523	53.15
MPDB002464	Fungi	ITS	495	53.54
MPDB002465	Fungi	ITS	504	53.77
MPDB002466	Fungi	ITS	520	52.69
MPDB002467	Fungi	ITS	520	53.08
MPDB002468	Fungi	ITS	516	53.1
MPDB002469	Fungi	ITS	459	55.12
MPDB002470	Fungi	ITS	519	52.79
MPDB002471	Fungi	ITS	523	52.77
MPDB002472	Fungi	ITS	461	55.1
MPDB002473	Fungi	ITS	500	54.0
MPDB002474	Fungi	ITS	541	52.87
MPDB002475	Fungi	ITS	164	40.24
MPDB002476	Fungi	ITS	154	44.81
MPDB002477	Fungi	ITS	4337	49.23
MPDB002478	Fungi	ITS	4347	49.32
MPDB002479	Fungi	ITS	4339	49.37
MPDB002480	Fungi	ITS	4813	49.35
MPDB002481	Fungi	ITS	4000	48.85
MPDB002482	Fungi	ITS	4000	48.9
MPDB002483	Fungi	ITS	4337	49.2
MPDB002484	Fungi	ITS	4000	48.88
MPDB002485	Fungi	ITS	4336	49.17
MPDB002486	Fungi	ITS	4000	48.88
MPDB002487	Fungi	ITS	4000	48.9
MPDB002488	Fungi	ITS	4002	48.85
MPDB002489	Fungi	ITS	3969	48.95
MPDB002490	Fungi	ITS	4337	49.18
MPDB002491	Fungi	ITS	4000	48.9
MPDB002492	Fungi	ITS	4337	49.18
MPDB002493	Fungi	ITS	4336	49.17
MPDB002494	Fungi	ITS	4338	49.19
MPDB002495	Fungi	ITS	3631	48.53
MPDB002496	Fungi	ITS	4337	49.18
MPDB002497	Fungi	ITS	4338	49.19
MPDB002498	Fungi	ITS	4338	49.15
MPDB002499	Fungi	ITS	4338	49.19
MPDB002500	Fungi	ITS	517	45.26
MPDB002501	Fungi	ITS	1811	48.32
MPDB002502	Fungi	ITS	4315	49.13
MPDB002503	Fungi	ITS	4287	49.27
MPDB002504	Fungi	ITS	4310	49.21
MPDB002505	Fungi	ITS	4316	49.14
MPDB002506	Fungi	ITS	4254	49.15
MPDB002507	Fungi	ITS	4316	49.17
MPDB002508	Fungi	ITS	4315	49.13
MPDB002509	Fungi	ITS	560	44.11
MPDB002510	Fungi	ITS	4346	49.01
MPDB002511	Fungi	ITS	530	44.91
MPDB002512	Fungi	ITS	593	45.87
MPDB002513	Fungi	ITS	554	48.56
MPDB002514	Fungi	ITS	480	48.54
MPDB002515	Fungi	ITS	456	48.46
MPDB002516	Fungi	ITS	457	48.36
MPDB002517	Fungi	ITS	571	48.16
MPDB002518	Fungi	ITS	535	49.16
MPDB002519	Fungi	ITS	552	49.09
MPDB002520	Fungi	ITS	555	49.01
MPDB002521	Fungi	ITS	415	49.4
MPDB002522	Fungi	ITS	593	48.23
MPDB002523	Fungi	ITS	515	48.93
MPDB002524	Fungi	ITS	441	49.43
MPDB002525	Fungi	ITS	548	50.55
MPDB002526	Fungi	ITS	527	48.77
MPDB002527	Fungi	ITS	530	48.49
MPDB002528	Fungi	ITS	467	49.89
MPDB002529	Fungi	ITS	567	50.79
MPDB002530	Fungi	ITS	505	48.71
MPDB002531	Fungi	ITS	510	49.22
MPDB002532	Fungi	ITS	529	49.15
MPDB002533	Fungi	ITS	524	50.0
MPDB002534	Fungi	ITS	528	49.81
MPDB002535	Fungi	ITS	528	49.43
MPDB002536	Fungi	ITS	480	49.17
MPDB002537	Fungi	ITS	447	48.1
MPDB002538	Fungi	ITS	530	48.87
MPDB002539	Fungi	ITS	553	49.01
MPDB002540	Fungi	ITS	526	48.86
MPDB002541	Fungi	ITS	556	48.92
MPDB002542	Fungi	ITS	550	48.73
MPDB002543	Fungi	ITS	533	47.65
MPDB002544	Fungi	ITS	534	47.75
MPDB002545	Fungi	ITS	530	47.74
MPDB002546	Fungi	ITS	584	47.43
MPDB002547	Fungi	ITS	573	47.82
MPDB002548	Fungi	ITS	529	50.09
MPDB002549	Fungi	ITS	561	50.09
MPDB002550	Fungi	ITS	554	48.92
MPDB002551	Fungi	ITS	407	47.42
MPDB002552	Fungi	ITS	496	48.79
MPDB002553	Fungi	ITS	482	50.21
MPDB002554	Fungi	ITS	480	49.79
MPDB002555	Fungi	ITS	657	48.71
MPDB002556	Fungi	ITS	485	53.61
MPDB002557	Fungi	ITS	460	53.26
MPDB002558	Fungi	ITS	467	53.53
MPDB002559	Fungi	ITS	463	53.78
MPDB002560	Fungi	ITS	462	53.46
MPDB002561	Fungi	ITS	472	53.81
MPDB002562	Fungi	ITS	509	53.44
MPDB002563	Fungi	ITS	536	53.17
MPDB002564	Fungi	ITS	536	53.36
MPDB002565	Fungi	ITS	466	53.65
MPDB002566	Fungi	ITS	562	52.67
MPDB002567	Fungi	ITS	554	52.35
MPDB002568	Fungi	ITS	508	53.35
MPDB002569	Fungi	ITS	506	53.16
MPDB002570	Fungi	ITS	504	53.17
MPDB002571	Fungi	ITS	509	52.85
MPDB002572	Fungi	ITS	508	52.56
MPDB002573	Fungi	ITS	508	52.76
MPDB002574	Fungi	ITS	507	53.06
MPDB002575	Fungi	ITS	506	52.77
MPDB002576	Fungi	ITS	506	52.77
MPDB002577	Fungi	ITS	506	53.16
MPDB002578	Fungi	ITS	508	52.76
MPDB002579	Fungi	ITS	510	52.94
MPDB002580	Fungi	ITS	448	53.57
MPDB002581	Fungi	ITS	454	53.52
MPDB002582	Fungi	ITS	267	47.94
MPDB002583	Fungi	ITS	282	48.58
MPDB002584	Fungi	ITS	276	48.55
MPDB002585	Fungi	ITS	274	48.54
MPDB002586	Fungi	ITS	277	49.46
MPDB002587	Fungi	ITS	277	49.1
MPDB002588	Fungi	ITS	263	48.67
MPDB002589	Fungi	ITS	507	53.45
MPDB002590	Fungi	ITS	274	48.91
MPDB002591	Fungi	ITS	278	48.56
MPDB002592	Fungi	ITS	276	48.91
MPDB002593	Fungi	ITS	278	49.28
MPDB002594	Fungi	ITS	508	53.35
MPDB002595	Fungi	ITS	507	53.06
MPDB002596	Fungi	ITS	506	53.16
MPDB002597	Fungi	ITS	532	53.2
MPDB002598	Fungi	ITS	594	52.53
MPDB002599	Fungi	ITS	604	51.99
MPDB002600	Fungi	ITS	539	52.88
MPDB002601	Fungi	ITS	559	52.59
MPDB002602	Fungi	ITS	544	53.12
MPDB002603	Fungi	ITS	547	53.2
MPDB002604	Fungi	ITS	596	52.52
MPDB002605	Fungi	ITS	559	52.59
MPDB002606	Fungi	ITS	588	52.55
MPDB002607	Fungi	ITS	416	53.61
MPDB002608	Fungi	ITS	414	51.93
MPDB002609	Fungi	ITS	402	52.49
MPDB002610	Fungi	ITS	398	51.51
MPDB002611	Fungi	ITS	389	52.19
MPDB002612	Fungi	ITS	457	51.64
MPDB002613	Fungi	ITS	507	53.45
MPDB002614	Fungi	ITS	479	53.03
MPDB002615	Fungi	ITS	529	52.74
MPDB002616	Fungi	ITS	573	52.36
MPDB002617	Fungi	ITS	673	52.15
MPDB002618	Fungi	ITS	463	53.35
MPDB002619	Fungi	ITS	762	51.05
MPDB002620	Fungi	ITS	687	51.82
MPDB002621	Fungi	ITS	661	52.19
MPDB002622	Fungi	ITS	644	52.02
MPDB002623	Fungi	ITS	488	47.34
MPDB002624	Fungi	ITS	627	52.47
MPDB002625	Fungi	ITS	546	53.3
MPDB002626	Fungi	ITS	461	53.58
MPDB002627	Fungi	ITS	364	51.1
MPDB002628	Fungi	ITS	491	52.95
MPDB002629	Fungi	ITS	531	52.54
MPDB002630	Fungi	ITS	535	52.15
MPDB002631	Fungi	ITS	427	51.99
MPDB002632	Fungi	ITS	442	52.04
MPDB002633	Fungi	ITS	442	52.04
MPDB002634	Fungi	ITS	370	51.35
MPDB002635	Fungi	ITS	596	51.01
MPDB002636	Fungi	ITS	616	50.81
MPDB002637	Fungi	ITS	522	52.3
MPDB002638	Fungi	ITS	380	51.05
MPDB002639	Fungi	ITS	445	52.13
MPDB002640	Fungi	ITS	406	50.74
MPDB002641	Fungi	ITS	510	49.22
MPDB002642	Fungi	ITS	544	48.53
MPDB002643	Fungi	ITS	533	48.22
MPDB002644	Fungi	ITS	511	48.92
MPDB002645	Fungi	ITS	536	48.32
MPDB002646	Fungi	ITS	906	50.66
MPDB002647	Fungi	ITS	888	50.34
MPDB002648	Fungi	ITS	853	50.41
MPDB002649	Fungi	ITS	883	50.51
MPDB002650	Fungi	ITS	818	50.24
MPDB002651	Fungi	ITS	859	50.29
MPDB002652	Fungi	ITS	854	50.47
MPDB002653	Fungi	ITS	853	50.64
MPDB002654	Fungi	ITS	474	48.52
MPDB002655	Fungi	ITS	455	48.79
MPDB002656	Fungi	ITS	514	48.25
MPDB002657	Fungi	ITS	530	48.3
MPDB002658	Fungi	ITS	572	48.25
MPDB002659	Fungi	ITS	573	47.82
MPDB002660	Fungi	ITS	573	47.99
MPDB002661	Fungi	ITS	1125	49.6
MPDB002662	Fungi	ITS	1635	50.09
MPDB002663	Fungi	ITS	439	48.97
MPDB002664	Fungi	ITS	823	50.55
MPDB002665	Fungi	ITS	530	48.49
MPDB002666	Fungi	ITS	458	48.25
MPDB002667	Fungi	ITS	478	47.7
MPDB002668	Fungi	ITS	436	49.08
MPDB002669	Fungi	ITS	501	53.09
MPDB002670	Fungi	ITS	502	48.21
MPDB002671	Fungi	ITS	369	48.24
MPDB002672	Fungi	ITS	359	47.91
MPDB002673	Fungi	ITS	296	48.99
MPDB002674	Fungi	ITS	294	48.64
MPDB002675	Fungi	ITS	495	48.08
MPDB002676	Fungi	ITS	523	47.61
MPDB002677	Fungi	ITS	500	48.0
MPDB002678	Fungi	ITS	1359	50.18
MPDB002679	Fungi	ITS	496	48.59
MPDB002680	Fungi	ITS	307	55.37
MPDB002681	Fungi	ITS	498	48.19
MPDB002682	Fungi	ITS	493	48.68
MPDB002683	Fungi	ITS	490	48.37
MPDB002684	Fungi	ITS	635	37.17
MPDB002685	Fungi	ITS	636	37.26
MPDB002686	Fungi	ITS	645	37.36
MPDB002687	Fungi	ITS	633	36.81
MPDB002688	Fungi	ITS	638	37.3
MPDB002689	Fungi	ITS	596	36.91
MPDB002690	Fungi	ITS	637	37.36
MPDB002691	Fungi	ITS	634	37.54
MPDB002692	Fungi	ITS	635	37.01
MPDB002693	Fungi	ITS	636	37.11
MPDB002694	Fungi	ITS	640	37.19
MPDB002695	Fungi	ITS	635	36.69
MPDB002696	Fungi	ITS	633	37.76
MPDB002697	Fungi	ITS	603	36.98
MPDB002698	Fungi	ITS	605	37.19
MPDB002699	Fungi	ITS	639	38.81
MPDB002700	Fungi	ITS	817	38.92
MPDB002701	Fungi	ITS	637	37.36
MPDB002702	Fungi	ITS	576	37.15
MPDB002703	Fungi	ITS	635	37.17
MPDB002704	Fungi	ITS	637	37.52
MPDB002705	Fungi	ITS	635	37.8
MPDB002706	Fungi	ITS	643	37.48
MPDB002707	Fungi	ITS	523	38.81
MPDB002708	Fungi	ITS	577	36.74
MPDB002709	Fungi	ITS	611	35.84
MPDB002710	Fungi	ITS	584	38.01
MPDB002711	Fungi	ITS	582	37.46
MPDB002712	Fungi	ITS	581	37.35
MPDB002713	Fungi	ITS	638	37.77
MPDB002714	Fungi	ITS	566	43.46
MPDB002715	Fungi	ITS	356	37.08
MPDB002716	Fungi	ITS	612	37.25
MPDB002717	Fungi	ITS	585	36.41
MPDB002718	Fungi	ITS	595	37.14
MPDB002719	Fungi	ITS	678	37.32
MPDB002720	Fungi	ITS	630	37.78
MPDB002721	Fungi	ITS	592	37.33
MPDB002722	Fungi	ITS	624	37.18
MPDB002723	Fungi	ITS	562	39.68
MPDB002724	Fungi	ITS	547	36.56
MPDB002725	Fungi	ITS	531	36.53
MPDB002726	Fungi	ITS	517	36.17
MPDB002727	Fungi	ITS	524	56.87
MPDB002728	Fungi	ITS	528	57.01
MPDB002729	Fungi	ITS	1060	56.42
MPDB002730	Fungi	ITS	1069	56.69
MPDB002731	Fungi	ITS	1078	56.59
MPDB002732	Fungi	ITS	521	55.47
MPDB002733	Fungi	ITS	584	56.16
MPDB002734	Fungi	ITS	813	55.72
MPDB002735	Fungi	ITS	567	56.08
MPDB002736	Fungi	ITS	551	56.99
MPDB002737	Fungi	ITS	563	56.31
MPDB002738	Fungi	ITS	590	55.42
MPDB002739	Fungi	ITS	574	56.62
MPDB002740	Fungi	ITS	574	56.45
MPDB002741	Fungi	ITS	575	56.52
MPDB002742	Fungi	ITS	575	56.17
MPDB002743	Fungi	ITS	573	56.2
MPDB002744	Fungi	ITS	574	56.27
MPDB002745	Fungi	ITS	522	57.28
MPDB002746	Fungi	ITS	543	56.72
MPDB002747	Fungi	ITS	405	47.65
MPDB002748	Fungi	ITS	498	46.79
MPDB002749	Fungi	ITS	536	46.83
MPDB002750	Fungi	ITS	597	47.57
MPDB002751	Fungi	ITS	597	47.4
MPDB002752	Fungi	ITS	526	47.34
MPDB002753	Fungi	ITS	497	46.88
MPDB002754	Fungi	ITS	569	47.63
MPDB002755	Fungi	ITS	538	47.21
MPDB002756	Fungi	ITS	510	46.67
MPDB002757	Fungi	ITS	539	47.68
MPDB002758	Fungi	ITS	509	47.74
MPDB002759	Fungi	ITS	500	48.6
MPDB002760	Fungi	ITS	498	48.39
MPDB002761	Fungi	ITS	498	48.39
MPDB002762	Fungi	ITS	511	47.55
MPDB002763	Fungi	ITS	527	47.82
MPDB002764	Fungi	ITS	507	47.73
MPDB002765	Fungi	ITS	535	47.1
MPDB002766	Fungi	ITS	605	46.45
MPDB002767	Fungi	ITS	352	44.6
MPDB002768	Fungi	ITS	500	48.4
MPDB002769	Fungi	ITS	544	47.79
MPDB002770	Fungi	ITS	547	48.26
MPDB002771	Fungi	ITS	530	47.92
MPDB002772	Fungi	ITS	452	47.35
MPDB002773	Fungi	ITS	470	47.66
MPDB002774	Fungi	ITS	567	47.62
MPDB002775	Fungi	ITS	240	45.83
MPDB002776	Fungi	ITS	200	43.5
MPDB002777	Fungi	ITS	310	49.03
MPDB002778	Fungi	ITS	712	47.89
MPDB002779	Fungi	ITS	577	47.31
MPDB002780	Fungi	ITS	579	47.32
MPDB002781	Fungi	ITS	542	47.79
MPDB002782	Fungi	ITS	485	47.42
MPDB002783	Fungi	ITS	472	48.31
MPDB002784	Fungi	ITS	505	47.72
MPDB002785	Fungi	ITS	519	47.21
MPDB002786	Fungi	ITS	544	47.24
MPDB002787	Fungi	ITS	527	48.01
MPDB002788	Fungi	ITS	528	47.35
MPDB002789	Fungi	ITS	549	47.54
MPDB002790	Fungi	ITS	681	38.18
MPDB002791	Fungi	ITS	651	37.02
MPDB002792	Fungi	ITS	666	36.34
MPDB002793	Fungi	ITS	1056	36.17
MPDB002794	Fungi	ITS	642	38.01
MPDB002795	Fungi	ITS	636	37.89
MPDB002796	Fungi	ITS	632	38.13
MPDB002797	Fungi	ITS	615	37.24
MPDB002798	Fungi	ITS	584	36.64
MPDB002799	Fungi	ITS	1204	41.28
MPDB002800	Fungi	ITS	1216	41.45
MPDB002801	Fungi	ITS	548	38.69
MPDB002802	Fungi	ITS	720	38.61
MPDB002803	Fungi	ITS	662	39.88
MPDB002804	Fungi	ITS	203	48.77
MPDB002805	Fungi	ITS	600	38.17
MPDB002806	Fungi	ITS	683	38.21
MPDB002807	Fungi	ITS	624	37.5
MPDB002808	Fungi	ITS	572	37.59
MPDB002809	Fungi	ITS	570	37.37
MPDB002810	Fungi	ITS	599	35.73
MPDB002811	Fungi	ITS	694	37.9
MPDB002812	Fungi	ITS	616	37.82
MPDB002813	Fungi	ITS	782	40.03
MPDB002814	Fungi	ITS	398	37.69
MPDB002815	Fungi	ITS	632	37.97
MPDB002816	Fungi	ITS	613	37.52
MPDB002817	Fungi	ITS	612	36.93
MPDB002818	Fungi	ITS	635	41.42
MPDB002819	Fungi	ITS	684	38.45
MPDB002820	Fungi	ITS	729	37.31
MPDB002821	Fungi	ITS	910	47.69
MPDB002822	Fungi	ITS	670	38.21
MPDB002823	Fungi	ITS	646	37.93
MPDB002824	Fungi	ITS	620	41.29
MPDB002825	Fungi	ITS	599	32.39
MPDB002826	Fungi	ITS	373	36.46
MPDB002827	Fungi	ITS	614	37.13
MPDB002828	Fungi	ITS	600	36.0
MPDB002829	Fungi	ITS	695	37.55
MPDB002830	Fungi	ITS	577	39.17
MPDB002831	Fungi	ITS	630	36.98
MPDB002832	Fungi	ITS	635	39.37
MPDB002833	Fungi	ITS	564	51.06
MPDB002834	Fungi	ITS	565	50.8
MPDB002835	Fungi	ITS	567	51.32
MPDB002836	Fungi	ITS	570	51.4
MPDB002837	Fungi	ITS	507	52.07
MPDB002838	Fungi	ITS	507	51.87
MPDB002839	Fungi	ITS	491	52.14
MPDB002840	Fungi	ITS	509	51.87
MPDB002841	Fungi	ITS	511	51.66
MPDB002842	Fungi	ITS	510	51.76
MPDB002843	Fungi	ITS	492	52.24
MPDB002844	Fungi	ITS	506	51.78
MPDB002845	Fungi	ITS	505	51.88
MPDB002846	Fungi	ITS	487	52.16
MPDB002847	Fungi	ITS	499	51.9
MPDB002848	Fungi	ITS	499	52.1
MPDB002849	Fungi	ITS	499	51.7
MPDB002850	Fungi	ITS	497	51.71
MPDB002851	Fungi	ITS	499	51.5
MPDB002852	Fungi	ITS	472	52.12
MPDB002853	Fungi	ITS	495	51.52
MPDB002854	Fungi	ITS	495	51.52
MPDB002855	Fungi	ITS	470	51.91
MPDB002856	Fungi	ITS	523	51.05
MPDB002857	Fungi	ITS	494	51.42
MPDB002858	Fungi	ITS	532	52.63
MPDB002859	Fungi	ITS	533	52.72
MPDB002860	Fungi	ITS	531	52.17
MPDB002861	Fungi	ITS	523	52.2
MPDB002862	Fungi	ITS	543	52.85
MPDB002863	Fungi	ITS	504	51.79
MPDB002864	Fungi	ITS	520	52.12
MPDB002865	Fungi	ITS	524	51.53
MPDB002866	Fungi	ITS	236	46.19
MPDB002867	Fungi	ITS	516	51.74
MPDB002868	Fungi	ITS	515	52.04
MPDB002869	Fungi	ITS	518	51.74
MPDB002870	Fungi	ITS	516	51.74
MPDB002871	Fungi	ITS	515	51.84
MPDB002872	Fungi	ITS	559	51.34
MPDB002873	Fungi	ITS	569	51.85
MPDB002874	Fungi	ITS	576	51.74
MPDB002875	Fungi	ITS	573	50.61
MPDB002876	Fungi	ITS	537	45.62
MPDB002877	Fungi	ITS	537	46.37
MPDB002878	Fungi	ITS	537	46.18
MPDB002879	Fungi	ITS	537	45.81
MPDB002880	Fungi	ITS	537	46.0
MPDB002881	Fungi	ITS	577	45.58
MPDB002882	Fungi	ITS	506	46.05
MPDB002883	Fungi	ITS	534	46.07
MPDB002884	Fungi	ITS	572	45.98
MPDB002885	Fungi	ITS	578	52.77
MPDB002886	Fungi	ITS	1111	55.0
MPDB002887	Fungi	ITS	539	53.25
MPDB002888	Fungi	ITS	1363	54.37
MPDB002889	Fungi	ITS	510	53.73
MPDB002890	Fungi	ITS	554	54.33
MPDB002891	Fungi	ITS	542	53.87
MPDB002892	Fungi	ITS	423	53.9
MPDB002893	Fungi	ITS	515	53.01
MPDB002894	Fungi	ITS	661	53.56
MPDB002895	Fungi	ITS	758	52.9
MPDB002896	Fungi	ITS	511	52.64
MPDB002897	Fungi	ITS	461	52.93
MPDB002898	Fungi	ITS	1066	55.07
MPDB002899	Fungi	ITS	476	53.78
MPDB002900	Fungi	ITS	553	52.8
MPDB002901	Fungi	ITS	552	52.9
MPDB002902	Fungi	ITS	479	53.24
MPDB002903	Fungi	ITS	555	53.33
MPDB002904	Fungi	ITS	523	52.96
MPDB002905	Fungi	ITS	545	53.39
MPDB002906	Fungi	ITS	514	53.31
MPDB002907	Fungi	ITS	1548	54.2
MPDB002908	Fungi	ITS	541	53.42
MPDB002909	Fungi	ITS	510	53.33
MPDB002910	Fungi	ITS	578	54.15
MPDB002911	Fungi	ITS	536	53.36
MPDB002912	Fungi	ITS	550	52.36
MPDB002913	Fungi	ITS	586	47.1
MPDB002914	Fungi	ITS	592	47.13
MPDB002915	Fungi	ITS	591	46.7
MPDB002916	Fungi	ITS	550	46.55
MPDB002917	Fungi	ITS	300	45.33
MPDB002918	Fungi	ITS	565	47.79
MPDB002919	Fungi	ITS	640	47.34
MPDB002920	Fungi	ITS	531	47.08
MPDB002921	Fungi	ITS	528	47.54
MPDB002922	Fungi	ITS	527	47.06
MPDB002923	Fungi	ITS	529	47.45
MPDB002924	Fungi	ITS	560	46.43
MPDB002925	Fungi	ITS	537	47.49
MPDB002926	Fungi	ITS	522	47.51
MPDB002927	Fungi	ITS	480	46.67
MPDB002928	Fungi	ITS	506	46.44
MPDB002929	Fungi	ITS	565	46.55
MPDB002930	Fungi	ITS	563	47.42
MPDB002931	Fungi	ITS	565	47.26
MPDB002932	Fungi	ITS	579	46.98
MPDB002933	Fungi	ITS	570	46.67
MPDB002934	Fungi	ITS	535	47.66
MPDB002935	Fungi	ITS	549	47.54
MPDB002936	Fungi	ITS	531	47.65
MPDB002937	Fungi	ITS	535	47.48
MPDB002938	Fungi	ITS	542	47.79
MPDB002939	Fungi	ITS	561	47.77
MPDB002940	Fungi	ITS	831	48.38
MPDB002941	Fungi	ITS	616	47.73
MPDB002942	Fungi	ITS	521	47.41
MPDB002943	Fungi	ITS	564	47.34
MPDB002944	Fungi	ITS	580	47.41
MPDB002945	Fungi	ITS	565	47.43
MPDB002946	Fungi	ITS	594	47.98
MPDB002947	Fungi	ITS	569	46.92
MPDB002948	Fungi	ITS	788	46.45
MPDB002949	Fungi	ITS	621	46.38
MPDB002950	Fungi	ITS	588	46.77
MPDB002951	Fungi	ITS	537	47.3
MPDB002952	Fungi	ITS	577	46.79
MPDB002953	Fungi	ITS	518	47.1
MPDB002954	Fungi	ITS	632	47.15
MPDB002955	Fungi	ITS	555	46.85
MPDB002956	Fungi	ITS	569	46.57
MPDB002957	Fungi	ITS	585	46.84
MPDB002958	Fungi	ITS	590	46.61
MPDB002959	Fungi	ITS	584	47.09
MPDB002960	Fungi	ITS	592	46.45
MPDB002961	Fungi	ITS	555	46.31
MPDB002962	Fungi	ITS	521	47.41
MPDB002963	Fungi	ITS	565	46.9
MPDB002964	Fungi	ITS	565	46.9
MPDB002965	Fungi	ITS	607	46.13
MPDB002966	Fungi	ITS	566	47.35
MPDB002967	Fungi	ITS	608	46.88
MPDB002968	Fungi	ITS	615	46.5
MPDB002969	Fungi	ITS	546	46.52
MPDB002970	Fungi	ITS	601	46.59
MPDB002971	Fungi	ITS	558	47.49
MPDB002972	Fungi	ITS	719	48.54
MPDB002973	Fungi	ITS	571	47.46
MPDB002974	Fungi	ITS	521	46.64
MPDB002975	Fungi	ITS	528	47.16
MPDB002976	Fungi	ITS	580	47.07
MPDB002977	Fungi	ITS	591	47.04
MPDB002978	Fungi	ITS	517	47.2
MPDB002979	Fungi	ITS	618	46.93
MPDB002980	Fungi	ITS	594	47.14
MPDB002981	Fungi	ITS	544	47.24
MPDB002982	Fungi	ITS	517	46.23
MPDB002983	Fungi	ITS	558	46.95
MPDB002984	Fungi	ITS	544	47.43
MPDB002985	Fungi	ITS	529	46.88
MPDB002986	Fungi	ITS	578	47.58
MPDB002987	Fungi	ITS	592	46.62
MPDB002988	Fungi	ITS	556	47.48
MPDB002989	Fungi	ITS	205	46.83
MPDB002990	Fungi	ITS	561	46.52
MPDB002991	Fungi	ITS	529	45.94
MPDB002992	Fungi	ITS	423	46.1
MPDB002993	Fungi	ITS	595	47.9
MPDB002994	Fungi	ITS	547	46.98
MPDB002995	Fungi	ITS	605	46.61
MPDB002996	Fungi	ITS	633	46.6
MPDB002997	Fungi	ITS	546	47.44
MPDB002998	Fungi	ITS	531	46.89
MPDB002999	Fungi	ITS	657	56.62
MPDB003000	Fungi	ITS	657	56.77
MPDB003001	Fungi	ITS	608	57.07
MPDB003002	Fungi	ITS	597	57.12
MPDB003003	Fungi	ITS	599	57.1
MPDB003004	Fungi	ITS	611	57.28
MPDB003005	Fungi	ITS	596	57.21
MPDB003006	Fungi	ITS	613	56.77
MPDB003007	Fungi	ITS	556	58.09
MPDB003008	Fungi	ITS	528	57.77
MPDB003009	Fungi	ITS	541	58.6
MPDB003010	Fungi	ITS	572	57.69
MPDB003011	Fungi	ITS	593	57.34
MPDB003012	Fungi	ITS	561	58.29
MPDB003013	Fungi	ITS	584	57.02
MPDB003014	Fungi	ITS	585	56.92
MPDB003015	Fungi	ITS	586	56.83
MPDB003016	Fungi	ITS	564	57.8
MPDB003017	Fungi	ITS	565	59.12
MPDB003018	Fungi	ITS	252	52.78
MPDB003019	Fungi	ITS	270	54.07
MPDB003020	Fungi	ITS	575	58.09
MPDB003021	Fungi	ITS	559	57.78
MPDB003022	Fungi	ITS	549	58.65
MPDB003023	Fungi	ITS	625	58.88
MPDB003024	Fungi	ITS	619	58.48
MPDB003025	Fungi	ITS	620	58.87
MPDB003026	Fungi	ITS	626	59.11
MPDB003027	Fungi	ITS	605	56.86
MPDB003028	Fungi	ITS	567	57.67
MPDB003029	Fungi	ITS	301	53.16
MPDB003030	Fungi	ITS	579	57.17
MPDB003031	Fungi	ITS	573	56.89
MPDB003032	Fungi	ITS	508	58.66
MPDB003033	Fungi	ITS	583	57.63
MPDB003034	Fungi	ITS	570	57.19
MPDB003035	Fungi	ITS	578	57.09
MPDB003036	Fungi	ITS	601	57.4
MPDB003037	Fungi	ITS	250	62.4
MPDB003038	Fungi	ITS	619	56.87
MPDB003039	Fungi	ITS	554	58.12
MPDB003040	Fungi	ITS	530	57.74
MPDB003041	Fungi	ITS	553	57.32
MPDB003042	Fungi	ITS	516	49.42
MPDB003043	Fungi	ITS	511	49.51
MPDB003044	Fungi	ITS	523	48.95
MPDB003045	Fungi	ITS	522	48.85
MPDB003046	Fungi	ITS	457	49.23
MPDB003047	Fungi	ITS	405	50.12
MPDB003048	Fungi	ITS	421	49.41
MPDB003049	Fungi	ITS	755	49.67
MPDB003050	Fungi	ITS	757	49.8
MPDB003051	Fungi	ITS	740	50.0
MPDB003052	Fungi	ITS	998	48.9
MPDB003053	Fungi	ITS	528	49.43
MPDB003054	Fungi	ITS	475	48.84
MPDB003055	Fungi	ITS	505	48.71
MPDB003056	Fungi	ITS	516	48.84
MPDB003057	Fungi	ITS	518	49.23
MPDB003058	Fungi	ITS	1374	50.07
MPDB003059	Fungi	ITS	1374	50.07
MPDB003060	Fungi	ITS	546	49.27
MPDB003061	Fungi	ITS	507	48.92
MPDB003062	Fungi	ITS	465	49.68
MPDB003063	Fungi	ITS	496	48.99
MPDB003064	Fungi	ITS	504	48.81
MPDB003065	Fungi	ITS	490	49.18
MPDB003066	Fungi	ITS	650	50.46
MPDB003067	Fungi	ITS	498	49.0
MPDB003068	Fungi	ITS	551	48.46
MPDB003069	Fungi	ITS	541	49.35
MPDB003070	Fungi	ITS	479	47.81
MPDB003071	Fungi	ITS	564	48.4
MPDB003072	Fungi	ITS	479	49.69
MPDB003073	Fungi	ITS	562	48.75
MPDB003074	Fungi	ITS	610	50.66
MPDB003075	Fungi	ITS	506	48.22
MPDB003076	Fungi	ITS	586	48.98
MPDB003077	Fungi	ITS	568	48.06
MPDB003078	Fungi	ITS	556	49.64
MPDB003079	Fungi	ITS	534	51.69
MPDB003080	Fungi	ITS	522	49.81
MPDB003081	Fungi	ITS	522	50.19
MPDB003082	Fungi	ITS	545	48.81
MPDB003083	Fungi	ITS	510	50.0
MPDB003084	Fungi	ITS	555	49.37
MPDB003085	Fungi	ITS	544	49.08
MPDB003086	Fungi	ITS	513	49.51
MPDB003087	Fungi	ITS	464	49.57
MPDB003088	Fungi	ITS	494	49.8
MPDB003089	Fungi	ITS	532	49.81
MPDB003090	Fungi	ITS	513	49.32
MPDB003091	Fungi	ITS	555	49.91
MPDB003092	Fungi	ITS	550	49.82
MPDB003093	Fungi	ITS	446	49.1
MPDB003094	Fungi	ITS	523	49.33
MPDB003095	Fungi	ITS	480	48.96
MPDB003096	Fungi	ITS	484	49.79
MPDB003097	Fungi	ITS	478	49.58
MPDB003098	Fungi	ITS	481	49.9
MPDB003099	Fungi	ITS	485	50.52
MPDB003100	Fungi	ITS	638	47.81
MPDB003101	Fungi	ITS	506	50.2
MPDB003102	Fungi	ITS	518	49.61
MPDB003103	Fungi	ITS	525	49.9
MPDB003104	Fungi	ITS	505	49.5
MPDB003105	Fungi	ITS	562	49.64
MPDB003106	Fungi	ITS	524	49.43
MPDB003107	Fungi	ITS	528	50.38
MPDB003108	Fungi	ITS	509	50.49
MPDB003109	Fungi	ITS	506	50.2
MPDB003110	Fungi	ITS	570	47.89
MPDB003111	Fungi	ITS	526	51.14
MPDB003112	Fungi	ITS	996	49.0
MPDB003113	Fungi	ITS	684	50.29
MPDB003114	Fungi	ITS	774	46.12
MPDB003115	Fungi	ITS	844	47.39
MPDB003116	Fungi	ITS	992	48.59
MPDB003117	Fungi	ITS	754	45.89
MPDB003118	Fungi	ITS	918	48.8
MPDB003119	Fungi	ITS	848	47.88
MPDB003120	Fungi	ITS	801	47.19
MPDB003121	Fungi	ITS	447	49.66
MPDB003122	Fungi	ITS	541	49.54
MPDB003123	Fungi	ITS	520	50.19
MPDB003124	Fungi	ITS	470	50.21
MPDB003125	Fungi	ITS	559	51.16
MPDB003126	Fungi	ITS	494	49.19
MPDB003127	Fungi	ITS	531	47.83
MPDB003128	Fungi	ITS	1646	49.94
MPDB003129	Fungi	ITS	488	49.18
MPDB003130	Fungi	ITS	583	49.91
MPDB003131	Fungi	ITS	580	50.86
MPDB003132	Fungi	ITS	566	49.47
MPDB003133	Fungi	ITS	573	49.56
MPDB003134	Fungi	ITS	592	49.66
MPDB003135	Fungi	ITS	573	50.09
MPDB003136	Fungi	ITS	579	48.53
MPDB003137	Fungi	ITS	570	49.47
MPDB003138	Fungi	ITS	531	51.22
MPDB003139	Fungi	ITS	522	51.34
MPDB003140	Fungi	ITS	507	49.11
MPDB003141	Fungi	ITS	411	46.72
MPDB003142	Fungi	ITS	545	49.17
MPDB003143	Fungi	ITS	552	49.64
MPDB003144	Fungi	ITS	446	49.55
MPDB003145	Fungi	ITS	513	49.32
MPDB003146	Fungi	ITS	533	51.41
MPDB003147	Fungi	ITS	558	48.75
MPDB003148	Fungi	ITS	550	49.27
MPDB003149	Fungi	ITS	544	49.45
MPDB003150	Fungi	ITS	542	49.26
MPDB003151	Fungi	ITS	554	50.18
MPDB003152	Fungi	ITS	506	49.41
MPDB003153	Fungi	ITS	523	52.2
MPDB003154	Fungi	ITS	785	46.62
MPDB003155	Fungi	ITS	506	49.01
MPDB003156	Fungi	ITS	549	49.36
MPDB003157	Fungi	ITS	552	49.46
MPDB003158	Fungi	ITS	549	49.73
MPDB003159	Fungi	ITS	585	48.03
MPDB003160	Fungi	ITS	456	49.78
MPDB003161	Fungi	ITS	484	49.17
MPDB003162	Fungi	ITS	995	50.45
MPDB003163	Fungi	ITS	1031	51.02
MPDB003164	Fungi	ITS	511	48.92
MPDB003165	Fungi	ITS	550	48.91
MPDB003166	Fungi	ITS	607	49.42
MPDB003167	Fungi	ITS	549	46.08
MPDB003168	Fungi	ITS	590	45.93
MPDB003169	Fungi	ITS	582	45.7
MPDB003170	Fungi	ITS	593	45.36
MPDB003171	Fungi	ITS	485	45.77
MPDB003172	Fungi	ITS	581	45.96
MPDB003173	Fungi	ITS	586	45.56
MPDB003174	Fungi	ITS	582	45.88
MPDB003175	Fungi	ITS	592	45.61
MPDB003176	Fungi	ITS	588	46.09
MPDB003177	Fungi	ITS	588	45.92
MPDB003178	Fungi	ITS	598	45.99
MPDB003179	Fungi	ITS	588	46.09
MPDB003180	Fungi	ITS	583	45.97
MPDB003181	Fungi	ITS	596	45.97
MPDB003182	Fungi	ITS	592	46.28
MPDB003183	Fungi	ITS	587	45.83
MPDB003184	Fungi	ITS	590	46.1
MPDB003185	Fungi	ITS	588	45.92
MPDB003186	Fungi	ITS	589	46.01
MPDB003187	Fungi	ITS	589	46.01
MPDB003188	Fungi	ITS	590	46.1
MPDB003189	Fungi	ITS	588	45.92
MPDB003190	Fungi	ITS	590	45.76
MPDB003191	Fungi	ITS	590	45.93
MPDB003192	Fungi	ITS	584	46.23
MPDB003193	Fungi	ITS	584	46.06
MPDB003194	Fungi	ITS	592	46.11
MPDB003195	Fungi	ITS	583	45.97
MPDB003196	Fungi	ITS	592	46.11
MPDB003197	Fungi	ITS	588	45.92
MPDB003198	Fungi	ITS	590	45.76
MPDB003199	Fungi	ITS	588	46.26
MPDB003200	Fungi	ITS	588	46.09
MPDB003201	Fungi	ITS	587	46.0
MPDB003202	Fungi	ITS	587	45.83
MPDB003203	Fungi	ITS	587	45.49
MPDB003204	Fungi	ITS	587	46.0
MPDB003205	Fungi	ITS	559	45.8
MPDB003206	Fungi	ITS	526	44.3
MPDB003207	Fungi	ITS	526	44.3
MPDB003208	Fungi	ITS	513	45.22
MPDB003209	Fungi	ITS	535	46.17
MPDB003210	Fungi	ITS	677	52.44
MPDB003211	Fungi	ITS	541	51.39
MPDB003212	Fungi	ITS	542	51.48
MPDB003213	Fungi	ITS	541	51.39
MPDB003214	Fungi	ITS	540	51.48
MPDB003215	Fungi	ITS	563	50.62
MPDB003216	Fungi	ITS	415	50.6
MPDB003217	Fungi	ITS	432	47.92
MPDB003218	Fungi	ITS	555	52.07
MPDB003219	Fungi	ITS	570	50.18
MPDB003220	Fungi	ITS	510	52.16
MPDB003221	Fungi	ITS	367	50.95
MPDB003222	Fungi	ITS	494	52.43
MPDB003223	Fungi	ITS	404	52.23
MPDB003224	Fungi	ITS	248	54.84
MPDB003225	Fungi	ITS	388	51.8
MPDB003226	Fungi	ITS	190	61.05
MPDB003227	Fungi	ITS	489	52.35
MPDB003228	Fungi	ITS	474	52.53
MPDB003229	Fungi	ITS	387	51.42
MPDB003230	Fungi	ITS	408	51.47
MPDB003231	Fungi	ITS	442	52.49
MPDB003232	Fungi	ITS	506	51.19
MPDB003233	Fungi	ITS	599	46.91
MPDB003234	Fungi	ITS	482	51.45
MPDB003235	Fungi	ITS	721	51.6
MPDB003236	Fungi	ITS	531	51.98
MPDB003237	Fungi	ITS	497	51.71
MPDB003238	Fungi	ITS	498	52.21
MPDB003239	Fungi	ITS	340	50.29
MPDB003240	Fungi	ITS	374	51.34
MPDB003241	Fungi	ITS	390	51.79
MPDB003242	Fungi	ITS	389	51.67
MPDB003243	Fungi	ITS	455	51.87
MPDB003244	Fungi	ITS	377	50.13
MPDB003245	Fungi	ITS	408	50.49
MPDB003246	Fungi	ITS	502	51.59
MPDB003247	Fungi	ITS	518	51.74
MPDB003248	Fungi	ITS	542	51.48
MPDB003249	Fungi	ITS	545	51.74
MPDB003250	Fungi	ITS	526	51.33
MPDB003251	Fungi	ITS	526	51.33
MPDB003252	Fungi	ITS	526	51.33
MPDB003253	Fungi	ITS	732	40.71
MPDB003254	Fungi	ITS	712	40.87
MPDB003255	Fungi	ITS	558	41.4
MPDB003256	Fungi	ITS	558	41.58
MPDB003257	Fungi	ITS	297	41.41
MPDB003258	Fungi	ITS	689	40.93
MPDB003259	Fungi	ITS	689	41.07
MPDB003260	Fungi	ITS	689	41.07
MPDB003261	Fungi	ITS	689	41.07
MPDB003262	Fungi	ITS	689	41.22
MPDB003263	Fungi	ITS	689	41.36
MPDB003264	Fungi	ITS	689	40.78
MPDB003265	Fungi	ITS	689	40.93
MPDB003266	Fungi	ITS	689	40.93
MPDB003267	Fungi	ITS	689	41.07
MPDB003268	Fungi	ITS	689	40.93
MPDB003269	Fungi	ITS	689	41.22
MPDB003270	Fungi	ITS	689	40.78
MPDB003271	Fungi	ITS	689	40.93
MPDB003272	Fungi	ITS	689	40.78
MPDB003273	Fungi	ITS	689	41.07
MPDB003274	Fungi	ITS	689	40.93
MPDB003275	Fungi	ITS	773	42.04
MPDB003276	Fungi	ITS	600	41.0
MPDB003277	Fungi	ITS	650	39.85
MPDB003278	Fungi	ITS	726	40.77
MPDB003279	Fungi	ITS	576	40.45
MPDB003280	Fungi	ITS	734	40.74
MPDB003281	Fungi	ITS	570	40.0
MPDB003282	Fungi	ITS	740	41.08
MPDB003283	Fungi	ITS	582	40.72
MPDB003284	Fungi	ITS	708	40.68
MPDB003285	Fungi	ITS	651	40.71
MPDB003286	Fungi	ITS	668	40.57
MPDB003287	Fungi	ITS	524	38.74
MPDB003288	Fungi	ITS	737	40.98
MPDB003289	Fungi	ITS	525	39.24
MPDB003290	Fungi	ITS	660	41.06
MPDB003291	Fungi	ITS	587	41.57
MPDB003292	Fungi	ITS	627	40.35
MPDB003293	Fungi	ITS	389	40.87
MPDB003294	Fungi	ITS	393	39.19
MPDB003295	Fungi	ITS	130	46.92
MPDB003296	Fungi	ITS	619	57.51
MPDB003297	Fungi	ITS	611	56.63
MPDB003298	Fungi	ITS	470	62.13
MPDB003299	Fungi	ITS	536	59.14
MPDB003300	Fungi	ITS	586	58.19
MPDB003301	Fungi	ITS	629	58.03
MPDB003302	Fungi	ITS	628	57.32
MPDB003303	Fungi	ITS	619	57.67
MPDB003304	Fungi	ITS	587	59.28
MPDB003305	Fungi	ITS	572	58.22
MPDB003306	Fungi	ITS	603	58.37
MPDB003307	Fungi	ITS	549	59.56
MPDB003308	Fungi	ITS	560	59.46
MPDB003309	Fungi	ITS	572	58.92
MPDB003310	Fungi	ITS	248	53.23
MPDB003311	Fungi	ITS	588	58.5
MPDB003312	Fungi	ITS	541	60.07
MPDB003313	Fungi	ITS	651	56.84
MPDB003314	Fungi	ITS	569	58.88
MPDB003315	Fungi	ITS	557	59.43
MPDB003316	Fungi	ITS	557	59.25
MPDB003317	Fungi	ITS	460	58.91
MPDB003318	Fungi	ITS	459	59.48
MPDB003319	Fungi	ITS	453	60.04
MPDB003320	Fungi	ITS	1157	57.74
MPDB003321	Fungi	ITS	1219	56.77
MPDB003322	Fungi	ITS	795	58.99
MPDB003323	Fungi	ITS	592	57.94
MPDB003324	Fungi	ITS	268	52.61
MPDB003325	Fungi	ITS	509	59.33
MPDB003326	Fungi	ITS	615	58.05
MPDB003327	Fungi	ITS	618	57.61
MPDB003328	Fungi	ITS	613	58.24
MPDB003329	Fungi	ITS	575	57.91
MPDB003330	Fungi	ITS	628	57.17
MPDB003331	Fungi	ITS	614	57.82
MPDB003332	Fungi	ITS	367	58.86
MPDB003333	Fungi	ITS	613	57.91
MPDB003334	Fungi	ITS	527	59.58
MPDB003335	Fungi	ITS	517	60.74
MPDB003336	Fungi	ITS	533	60.23
MPDB003337	Fungi	ITS	613	57.91
MPDB003338	Fungi	ITS	575	58.26
MPDB003339	Fungi	ITS	508	49.21
MPDB003340	Fungi	ITS	516	49.22
MPDB003341	Fungi	ITS	518	49.23
MPDB003342	Fungi	ITS	501	48.9
MPDB003343	Fungi	ITS	518	50.0
MPDB003344	Fungi	ITS	502	48.61
MPDB003345	Fungi	ITS	519	49.71
MPDB003346	Fungi	ITS	556	49.46
MPDB003347	Fungi	ITS	454	49.34
MPDB003348	Fungi	ITS	458	49.34
MPDB003349	Fungi	ITS	496	49.4
MPDB003350	Fungi	ITS	539	48.79
MPDB003351	Fungi	ITS	444	49.1
MPDB003352	Fungi	ITS	529	48.96
MPDB003353	Fungi	ITS	472	48.94
MPDB003354	Fungi	ITS	548	49.09
MPDB003355	Fungi	ITS	410	47.8
MPDB003356	Fungi	ITS	385	47.53
MPDB003357	Fungi	ITS	547	49.18
MPDB003358	Fungi	ITS	525	48.57
MPDB003359	Fungi	ITS	875	50.97
MPDB003360	Fungi	ITS	237	54.85
MPDB003361	Fungi	ITS	237	54.85
MPDB003362	Fungi	ITS	547	49.36
MPDB003363	Fungi	ITS	528	48.86
MPDB003364	Fungi	ITS	549	49.18
MPDB003365	Fungi	ITS	585	50.26
MPDB003366	Fungi	ITS	605	40.17
MPDB003367	Fungi	ITS	512	27.73
MPDB003368	Fungi	ITS	594	40.91
MPDB003369	Fungi	ITS	621	34.94
MPDB003370	Fungi	ITS	619	53.31
MPDB003371	Fungi	ITS	886	31.83
MPDB003372	Fungi	ITS	777	29.99
MPDB003373	Fungi	ITS	280	41.43
MPDB003374	Fungi	ITS	475	38.95
MPDB003375	Fungi	ITS	589	40.41
MPDB003376	Fungi	ITS	586	40.27
MPDB003377	Fungi	ITS	820	32.68
MPDB003378	Fungi	ITS	630	29.84
MPDB003379	Fungi	ITS	704	39.77
MPDB003380	Fungi	ITS	761	39.42
MPDB003381	Fungi	ITS	711	29.82
MPDB003382	Fungi	ITS	889	31.83
MPDB003383	Fungi	ITS	576	40.97
MPDB003384	Fungi	ITS	641	33.7
MPDB003385	Fungi	ITS	543	40.52
MPDB003386	Fungi	ITS	505	41.19
MPDB003387	Fungi	ITS	565	40.71
MPDB003388	Fungi	ITS	600	58.0
MPDB003389	Fungi	ITS	549	40.07
MPDB003390	Fungi	ITS	877	31.47
MPDB003391	Fungi	ITS	877	30.67
MPDB003392	Fungi	ITS	649	36.21
MPDB003393	Fungi	ITS	480	28.96
MPDB003394	Fungi	ITS	858	31.59
MPDB003395	Fungi	ITS	865	31.79
MPDB003396	Fungi	ITS	721	30.37
MPDB003397	Fungi	ITS	789	33.97
MPDB003398	Fungi	ITS	590	31.53
MPDB003399	Fungi	ITS	770	30.52
MPDB003400	Fungi	ITS	805	35.65
MPDB003401	Fungi	ITS	820	38.54
MPDB003402	Fungi	ITS	526	40.49
MPDB003403	Fungi	ITS	643	40.12
MPDB003404	Fungi	ITS	857	31.16
MPDB003405	Fungi	ITS	798	37.47
MPDB003406	Fungi	ITS	662	30.66
MPDB003407	Fungi	ITS	599	29.88
MPDB003408	Fungi	ITS	648	36.27
MPDB003409	Fungi	ITS	494	51.42
MPDB003410	Fungi	ITS	522	51.92
MPDB003411	Fungi	ITS	560	51.25
MPDB003412	Fungi	ITS	559	51.52
MPDB003413	Fungi	ITS	567	50.97
MPDB003414	Fungi	ITS	553	51.36
MPDB003415	Fungi	ITS	535	51.59
MPDB003416	Fungi	ITS	551	51.54
MPDB003417	Fungi	ITS	558	51.43
MPDB003418	Fungi	ITS	523	51.43
MPDB003419	Fungi	ITS	524	51.53
MPDB003420	Fungi	ITS	531	51.41
MPDB003421	Fungi	ITS	538	51.12
MPDB003422	Fungi	ITS	556	51.26
MPDB003423	Fungi	ITS	507	52.27
MPDB003424	Fungi	ITS	485	52.16
MPDB003425	Fungi	ITS	500	51.4
MPDB003426	Fungi	ITS	544	51.84
MPDB003427	Fungi	ITS	536	51.49
MPDB003428	Fungi	ITS	534	51.69
MPDB003429	Fungi	ITS	541	51.94
MPDB003430	Fungi	ITS	549	51.37
MPDB003431	Fungi	ITS	523	51.82
MPDB003432	Fungi	ITS	520	51.15
MPDB003433	Fungi	ITS	521	51.06
MPDB003434	Fungi	ITS	505	52.08
MPDB003435	Fungi	ITS	506	52.17
MPDB003436	Fungi	ITS	455	52.31
MPDB003437	Fungi	ITS	535	51.03
MPDB003438	Fungi	ITS	488	52.25
MPDB003439	Fungi	ITS	544	51.47
MPDB003440	Fungi	ITS	534	51.12
MPDB003441	Fungi	ITS	532	51.32
MPDB003442	Fungi	ITS	542	51.48
MPDB003443	Fungi	ITS	529	51.23
MPDB003444	Fungi	ITS	538	51.3
MPDB003445	Fungi	ITS	518	51.54
MPDB003446	Fungi	ITS	528	51.33
MPDB003447	Fungi	ITS	470	51.91
MPDB003448	Fungi	ITS	558	51.61
MPDB003449	Fungi	ITS	548	51.82
MPDB003450	Fungi	ITS	561	52.23
MPDB003451	Fungi	ITS	480	51.88
MPDB003452	Fungi	ITS	3040	48.82
MPDB003453	Fungi	ITS	1429	49.83
MPDB003454	Fungi	ITS	559	47.41
MPDB003455	Fungi	ITS	488	49.18
MPDB003456	Fungi	ITS	488	48.98
MPDB003457	Fungi	ITS	536	47.95
MPDB003458	Fungi	ITS	505	46.34
MPDB003459	Fungi	ITS	496	48.19
MPDB003460	Fungi	ITS	643	39.81
MPDB003461	Fungi	ITS	482	49.17
MPDB003462	Fungi	ITS	544	47.98
MPDB003463	Fungi	ITS	541	49.17
MPDB003464	Fungi	ITS	551	47.73
MPDB003465	Fungi	ITS	497	47.89
MPDB003466	Fungi	ITS	451	49.22
MPDB003467	Fungi	ITS	471	49.26
MPDB003468	Fungi	ITS	1405	50.18
MPDB003469	Fungi	ITS	1298	50.54
MPDB003470	Fungi	ITS	450	49.33
MPDB003471	Fungi	ITS	573	40.14
MPDB003472	Fungi	ITS	569	39.89
MPDB003473	Fungi	ITS	484	49.38
MPDB003474	Fungi	ITS	236	47.03
MPDB003475	Fungi	ITS	249	51.81
MPDB003476	Fungi	ITS	177	45.76
MPDB003477	Fungi	ITS	548	48.18
MPDB003478	Fungi	ITS	545	49.54
MPDB003479	Fungi	ITS	536	47.57
MPDB003480	Fungi	ITS	552	47.83
MPDB003481	Fungi	ITS	553	49.37
MPDB003482	Fungi	ITS	547	47.9
MPDB003483	Fungi	ITS	228	34.65
MPDB003484	Fungi	ITS	229	34.5
MPDB003485	Fungi	ITS	226	34.51
MPDB003486	Fungi	ITS	230	34.78
MPDB003487	Fungi	ITS	234	35.04
MPDB003488	Fungi	ITS	554	48.92
MPDB003489	Fungi	ITS	551	49.55
MPDB003490	Fungi	ITS	527	47.63
MPDB003491	Fungi	ITS	753	54.85
MPDB003492	Fungi	ITS	714	55.6
MPDB003493	Fungi	ITS	579	54.4
MPDB003494	Fungi	ITS	581	54.39
MPDB003495	Fungi	ITS	593	54.64
MPDB003496	Fungi	ITS	620	54.35
MPDB003497	Fungi	ITS	552	55.43
MPDB003498	Fungi	ITS	537	55.31
MPDB003499	Fungi	ITS	997	53.86
MPDB003500	Fungi	ITS	590	54.41
MPDB003501	Fungi	ITS	604	54.47
MPDB003502	Fungi	ITS	602	54.15
MPDB003503	Fungi	ITS	150	58.0
MPDB003504	Fungi	ITS	577	55.29
MPDB003505	Fungi	ITS	573	55.67
MPDB003506	Fungi	ITS	590	53.9
MPDB003507	Fungi	ITS	575	54.96
MPDB003508	Fungi	ITS	547	55.76
MPDB003509	Fungi	ITS	540	55.74
MPDB003510	Fungi	ITS	532	55.83
MPDB003511	Fungi	ITS	625	54.08
MPDB003512	Fungi	ITS	600	54.67
MPDB003513	Fungi	ITS	569	55.01
MPDB003514	Fungi	ITS	568	55.63
MPDB003515	Fungi	ITS	572	54.72
MPDB003516	Fungi	ITS	657	53.88
MPDB003517	Fungi	ITS	480	57.29
MPDB003518	Fungi	ITS	473	56.45
MPDB003519	Fungi	ITS	465	56.77
MPDB003520	Fungi	ITS	631	53.41
MPDB003521	Fungi	ITS	588	54.93
MPDB003522	Fungi	ITS	560	55.0
MPDB003523	Fungi	ITS	604	54.64
MPDB003524	Fungi	ITS	516	55.81
MPDB003525	Fungi	ITS	565	54.16
MPDB003526	Fungi	ITS	381	54.07
MPDB003527	Fungi	ITS	610	54.26
MPDB003528	Fungi	ITS	552	54.89
MPDB003529	Fungi	ITS	523	55.45
MPDB003530	Fungi	ITS	559	55.1
MPDB003531	Fungi	ITS	601	54.74
MPDB003532	Fungi	ITS	612	55.07
MPDB003533	Fungi	ITS	888	54.95
MPDB003534	Fungi	ITS	632	40.03
MPDB003535	Fungi	ITS	863	42.64
MPDB003536	Fungi	ITS	654	40.21
MPDB003537	Fungi	ITS	658	39.82
MPDB003538	Fungi	ITS	568	39.79
MPDB003539	Fungi	ITS	577	39.17
MPDB003540	Fungi	ITS	656	40.24
MPDB003541	Fungi	ITS	579	39.38
MPDB003542	Fungi	ITS	580	39.48
MPDB003543	Fungi	ITS	641	40.72
MPDB003544	Fungi	ITS	652	40.49
MPDB003545	Fungi	ITS	447	36.69
MPDB003546	Fungi	ITS	648	40.28
MPDB003547	Fungi	ITS	544	39.52
MPDB003548	Fungi	ITS	569	41.65
MPDB003549	Fungi	ITS	579	39.21
MPDB003550	Fungi	ITS	599	39.07
MPDB003551	Fungi	ITS	583	38.59
MPDB003552	Fungi	ITS	616	39.45
MPDB003553	Fungi	ITS	616	39.77
MPDB003554	Fungi	ITS	639	40.53
MPDB003555	Fungi	ITS	649	40.68
MPDB003556	Fungi	ITS	652	42.48
MPDB003557	Fungi	ITS	651	41.17
MPDB003558	Fungi	ITS	646	40.4
MPDB003559	Fungi	ITS	655	41.83
MPDB003560	Fungi	ITS	645	40.31
MPDB003561	Fungi	ITS	648	40.43
MPDB003562	Fungi	ITS	572	39.34
MPDB003563	Fungi	ITS	577	39.51
MPDB003564	Fungi	ITS	566	39.58
MPDB003565	Fungi	ITS	589	40.24
MPDB003566	Fungi	ITS	540	40.0
MPDB003567	Fungi	ITS	588	39.8
MPDB003568	Fungi	ITS	537	40.22
MPDB003569	Fungi	ITS	588	39.97
MPDB003570	Fungi	ITS	590	39.83
MPDB003571	Fungi	ITS	549	39.53
MPDB003572	Fungi	ITS	593	39.63
MPDB003573	Fungi	ITS	576	39.76
MPDB003574	Fungi	ITS	645	40.93
MPDB003575	Fungi	ITS	565	39.82
MPDB003576	Fungi	ITS	648	40.59
MPDB003577	Fungi	ITS	588	46.09
MPDB003578	Fungi	ITS	483	47.0
MPDB003579	Fungi	ITS	595	46.22
MPDB003580	Fungi	ITS	319	47.02
MPDB003581	Fungi	ITS	551	46.28
MPDB003582	Fungi	ITS	551	46.1
MPDB003583	Fungi	ITS	548	46.17
MPDB003584	Fungi	ITS	550	46.36
MPDB003585	Fungi	ITS	550	46.0
MPDB003586	Fungi	ITS	589	46.69
MPDB003587	Fungi	ITS	589	46.18
MPDB003588	Fungi	ITS	589	46.01
MPDB003589	Fungi	ITS	589	45.84
MPDB003590	Fungi	ITS	589	46.18
MPDB003591	Fungi	ITS	589	46.18
MPDB003592	Fungi	ITS	589	46.35
MPDB003593	Fungi	ITS	589	46.18
MPDB003594	Fungi	ITS	589	46.35
MPDB003595	Fungi	ITS	588	46.43
MPDB003596	Fungi	ITS	589	46.35
MPDB003597	Fungi	ITS	588	46.26
MPDB003598	Fungi	ITS	529	46.31
MPDB003599	Fungi	ITS	515	45.63
MPDB003600	Fungi	ITS	534	47.57
MPDB003601	Fungi	ITS	569	45.87
MPDB003602	Fungi	ITS	505	44.36
MPDB003603	Fungi	ITS	589	46.18
MPDB003604	Fungi	ITS	509	45.78
MPDB003605	Fungi	ITS	560	46.61
MPDB003606	Fungi	ITS	608	45.56
MPDB003607	Fungi	ITS	597	45.9
MPDB003608	Fungi	ITS	520	46.73
MPDB003609	Fungi	ITS	569	45.87
MPDB003610	Fungi	ITS	565	46.02
MPDB003611	Fungi	ITS	494	47.57
MPDB003612	Fungi	ITS	590	46.61
MPDB003613	Fungi	ITS	538	45.91
MPDB003614	Fungi	ITS	619	45.4
MPDB003615	Fungi	ITS	578	45.85
MPDB003616	Fungi	ITS	563	46.18
MPDB003617	Fungi	ITS	590	46.61
MPDB003618	Fungi	ITS	541	45.66
MPDB003619	Fungi	ITS	590	46.1
MPDB003620	Fungi	ITS	563	45.65
MPDB003621	Fungi	ITS	588	45.92
MPDB003622	Fungi	ITS	588	45.92
MPDB003623	Fungi	ITS	540	45.93
MPDB003624	Fungi	ITS	552	45.47
MPDB003625	Fungi	ITS	595	45.88
MPDB003626	Fungi	ITS	595	46.55
MPDB003627	Fungi	ITS	507	44.77
MPDB003628	Fungi	ITS	577	45.93
MPDB003629	Fungi	ITS	532	45.86
MPDB003630	Fungi	ITS	480	45.83
MPDB003631	Fungi	ITS	532	46.62
MPDB003632	Fungi	ITS	601	46.42
MPDB003633	Fungi	ITS	1008	47.82
MPDB003634	Fungi	ITS	556	45.32
MPDB003635	Fungi	ITS	562	45.73
MPDB003636	Fungi	ITS	562	45.55
MPDB003637	Fungi	ITS	562	45.55
MPDB003638	Fungi	ITS	562	45.73
MPDB003639	Fungi	ITS	562	45.55
MPDB003640	Fungi	ITS	562	45.2
MPDB003641	Fungi	ITS	563	45.65
MPDB003642	Fungi	ITS	563	45.65
MPDB003643	Fungi	ITS	538	45.91
MPDB003644	Fungi	ITS	540	45.93
MPDB003645	Fungi	ITS	543	45.86
MPDB003646	Fungi	ITS	560	45.71
MPDB003647	Fungi	ITS	561	46.17
MPDB003648	Fungi	ITS	681	46.7
MPDB003649	Fungi	ITS	680	46.76
MPDB003650	Fungi	ITS	450	45.56
MPDB003651	Fungi	ITS	590	45.93
MPDB003652	Fungi	ITS	435	46.44
MPDB003653	Fungi	ITS	547	46.25
MPDB003654	Fungi	ITS	528	45.64
MPDB003655	Fungi	ITS	545	45.87
MPDB003656	Fungi	ITS	545	46.42
MPDB003657	Fungi	ITS	480	45.62
MPDB003658	Fungi	ITS	486	45.68
MPDB003659	Fungi	ITS	580	46.72
MPDB003660	Fungi	ITS	1060	48.4
MPDB003661	Fungi	ITS	583	45.97
MPDB003662	Fungi	ITS	491	46.84
MPDB003663	Fungi	ITS	509	58.15
MPDB003664	Fungi	ITS	583	57.63
MPDB003665	Fungi	ITS	587	57.07
MPDB003666	Fungi	ITS	587	56.39
MPDB003667	Fungi	ITS	597	56.11
MPDB003668	Fungi	ITS	586	56.31
MPDB003669	Fungi	ITS	587	56.39
MPDB003670	Fungi	ITS	589	56.71
MPDB003671	Fungi	ITS	592	56.08
MPDB003672	Fungi	ITS	588	56.29
MPDB003673	Fungi	ITS	585	57.26
MPDB003674	Fungi	ITS	586	57.0
MPDB003675	Fungi	ITS	590	56.27
MPDB003676	Fungi	ITS	586	56.66
MPDB003677	Fungi	ITS	584	56.68
MPDB003678	Fungi	ITS	591	56.51
MPDB003679	Fungi	ITS	587	56.9
MPDB003680	Fungi	ITS	583	57.29
MPDB003681	Fungi	ITS	584	57.02
MPDB003682	Fungi	ITS	585	56.58
MPDB003683	Fungi	ITS	1073	54.99
MPDB003684	Fungi	ITS	723	56.71
MPDB003685	Fungi	ITS	686	57.43
MPDB003686	Fungi	ITS	1102	55.26
MPDB003687	Fungi	ITS	522	58.24
MPDB003688	Fungi	ITS	477	59.54
MPDB003689	Fungi	ITS	488	58.81
MPDB003690	Fungi	ITS	519	58.19
MPDB003691	Fungi	ITS	495	58.38
MPDB003692	Fungi	ITS	558	57.35
MPDB003693	Fungi	ITS	560	57.5
MPDB003694	Fungi	ITS	237	55.27
MPDB003695	Fungi	ITS	579	57.34
MPDB003696	Fungi	ITS	532	57.71
MPDB003697	Fungi	ITS	566	57.42
MPDB003698	Fungi	ITS	596	56.71
MPDB003699	Fungi	ITS	597	56.45
MPDB003700	Fungi	ITS	594	56.23
MPDB003701	Fungi	ITS	562	53.91
MPDB003702	Fungi	ITS	347	57.93
MPDB003703	Fungi	ITS	552	56.7
MPDB003704	Fungi	ITS	523	57.17
MPDB003705	Fungi	ITS	1034	54.45
MPDB003706	Fungi	ITS	562	58.9
MPDB003707	Fungi	ITS	565	58.23
MPDB003708	Fungi	ITS	560	58.93
MPDB003709	Fungi	ITS	571	57.62
MPDB003710	Fungi	ITS	569	58.52
MPDB003711	Fungi	ITS	568	57.92
MPDB003712	Fungi	ITS	567	58.73
MPDB003713	Fungi	ITS	566	57.77
MPDB003714	Fungi	ITS	567	58.38
MPDB003715	Fungi	ITS	565	57.52
MPDB003716	Fungi	ITS	558	58.78
MPDB003717	Fungi	ITS	563	58.08
MPDB003718	Fungi	ITS	566	59.01
MPDB003719	Fungi	ITS	567	58.2
MPDB003720	Fungi	ITS	559	58.86
MPDB003721	Fungi	ITS	572	58.04
MPDB003722	Fungi	ITS	568	58.63
MPDB003723	Fungi	ITS	456	58.33
MPDB003724	Fungi	ITS	631	56.1
MPDB003725	Fungi	ITS	474	58.44
MPDB003726	Fungi	ITS	518	59.27
MPDB003727	Fungi	ITS	483	60.46
MPDB003728	Fungi	ITS	576	57.81
MPDB003729	Fungi	ITS	521	58.73
MPDB003730	Fungi	ITS	519	58.77
MPDB003731	Fungi	ITS	566	57.95
MPDB003732	Fungi	ITS	595	57.14
MPDB003733	Fungi	ITS	543	58.01
MPDB003734	Fungi	ITS	506	59.29
MPDB003735	Fungi	ITS	604	57.45
MPDB003736	Fungi	ITS	549	58.65
MPDB003737	Fungi	ITS	596	57.72
MPDB003738	Fungi	ITS	537	57.73
MPDB003739	Fungi	ITS	486	58.85
MPDB003740	Fungi	ITS	597	57.79
MPDB003741	Fungi	ITS	548	58.03
MPDB003742	Fungi	ITS	531	58.95
MPDB003743	Fungi	ITS	560	56.07
MPDB003744	Fungi	ITS	616	55.52
MPDB003745	Fungi	ITS	541	58.78
MPDB003746	Fungi	ITS	652	55.98
MPDB003747	Fungi	ITS	615	57.56
MPDB003748	Fungi	ITS	508	57.68
MPDB003749	Fungi	ITS	587	58.6
MPDB003750	Fungi	ITS	583	58.32
MPDB003751	Fungi	ITS	572	59.97
MPDB003752	Fungi	ITS	569	58.52
MPDB003753	Fungi	ITS	565	59.12
MPDB003754	Fungi	ITS	574	59.41
MPDB003755	Fungi	ITS	571	59.89
MPDB003756	Fungi	ITS	580	58.79
MPDB003757	Fungi	ITS	571	59.37
MPDB003758	Fungi	ITS	556	57.55
MPDB003759	Fungi	ITS	576	59.38
MPDB003760	Fungi	ITS	570	58.25
MPDB003761	Fungi	ITS	591	59.73
MPDB003762	Fungi	ITS	576	59.38
MPDB003763	Fungi	ITS	573	60.03
MPDB003764	Fungi	ITS	573	58.46
MPDB003765	Fungi	ITS	567	59.08
MPDB003766	Fungi	ITS	566	58.13
MPDB003767	Fungi	ITS	573	58.64
MPDB003768	Fungi	ITS	571	58.67
MPDB003769	Fungi	ITS	571	59.72
MPDB003770	Fungi	ITS	579	59.41
MPDB003771	Fungi	ITS	579	59.76
MPDB003772	Fungi	ITS	584	58.73
MPDB003773	Fungi	ITS	573	59.86
MPDB003774	Fungi	ITS	568	59.15
MPDB003775	Fungi	ITS	566	59.72
MPDB003776	Fungi	ITS	575	58.09
MPDB003777	Fungi	ITS	578	56.75
MPDB003778	Fungi	ITS	503	60.83
MPDB003779	Fungi	ITS	559	59.75
MPDB003780	Fungi	ITS	506	60.87
MPDB003781	Fungi	ITS	563	59.33
MPDB003782	Fungi	ITS	601	58.9
MPDB003783	Fungi	ITS	490	60.41
MPDB003784	Fungi	ITS	376	57.98
MPDB003785	Fungi	ITS	505	60.2
MPDB003786	Fungi	ITS	443	57.34
MPDB003787	Fungi	ITS	510	58.82
MPDB003788	Fungi	ITS	551	59.53
MPDB003789	Fungi	ITS	600	58.67
MPDB003790	Fungi	ITS	323	60.06
MPDB003791	Fungi	ITS	398	59.8
MPDB003792	Fungi	ITS	421	60.57
MPDB003793	Fungi	ITS	969	56.35
MPDB003794	Fungi	ITS	201	49.75
MPDB003795	Fungi	ITS	518	59.65
MPDB003796	Fungi	ITS	520	59.62
MPDB003797	Fungi	ITS	602	57.64
MPDB003798	Fungi	ITS	559	58.14
MPDB003799	Fungi	ITS	593	57.5
MPDB003800	Fungi	ITS	566	58.3
MPDB003801	Fungi	ITS	569	58.17
MPDB003802	Fungi	ITS	561	58.47
MPDB003803	Fungi	ITS	547	58.14
MPDB003804	Fungi	ITS	248	61.29
MPDB003805	Fungi	ITS	254	61.02
MPDB003806	Fungi	ITS	302	60.26
MPDB003807	Fungi	ITS	471	59.66
MPDB003808	Fungi	ITS	565	58.41
MPDB003809	Fungi	ITS	581	58.0
MPDB003810	Fungi	ITS	382	56.81
MPDB003811	Fungi	ITS	498	59.04
MPDB003812	Fungi	ITS	577	57.71
MPDB003813	Fungi	ITS	503	59.64
MPDB003814	Fungi	ITS	566	58.3
MPDB003815	Fungi	ITS	516	59.69
MPDB003816	Fungi	ITS	560	58.21
MPDB003817	Fungi	ITS	700	57.29
MPDB003818	Fungi	ITS	526	59.51
MPDB003819	Fungi	ITS	557	58.53
MPDB003820	Fungi	ITS	524	59.35
MPDB003821	Fungi	ITS	640	57.5
MPDB003822	Fungi	ITS	887	57.84
MPDB003823	Fungi	ITS	577	57.89
MPDB003824	Fungi	ITS	475	60.0
MPDB003825	Fungi	ITS	570	57.72
MPDB003826	Fungi	ITS	546	58.24
MPDB003827	Fungi	ITS	529	60.87
MPDB003828	Fungi	ITS	567	57.85
MPDB003829	Fungi	ITS	610	58.2
MPDB003830	Fungi	ITS	576	58.16
MPDB003831	Fungi	ITS	507	58.97
MPDB003832	Fungi	ITS	533	58.91
MPDB003833	Fungi	ITS	529	59.36
MPDB003834	Fungi	ITS	528	59.47
MPDB003835	Fungi	ITS	571	57.09
MPDB003836	Fungi	ITS	540	57.96
MPDB003837	Fungi	ITS	558	56.81
MPDB003838	Fungi	ITS	554	56.14
MPDB003839	Fungi	ITS	541	57.49
MPDB003840	Fungi	ITS	558	57.35
MPDB003841	Fungi	ITS	558	57.17
MPDB003842	Fungi	ITS	544	57.17
MPDB003843	Fungi	ITS	545	57.06
MPDB003844	Fungi	ITS	540	56.48
MPDB003845	Fungi	ITS	563	56.31
MPDB003846	Fungi	ITS	562	56.94
MPDB003847	Fungi	ITS	561	57.58
MPDB003848	Fungi	ITS	553	56.96
MPDB003849	Fungi	ITS	556	57.01
MPDB003850	Fungi	ITS	554	56.86
MPDB003851	Fungi	ITS	556	57.37
MPDB003852	Fungi	ITS	558	56.99
MPDB003853	Fungi	ITS	555	57.12
MPDB003854	Fungi	ITS	555	56.76
MPDB003855	Fungi	ITS	251	55.38
MPDB003856	Fungi	ITS	220	56.82
MPDB003857	Fungi	ITS	242	57.85
MPDB003858	Fungi	ITS	314	38.54
MPDB003859	Fungi	ITS	302	56.29
MPDB003860	Fungi	ITS	248	56.05
MPDB003861	Fungi	ITS	290	52.07
MPDB003862	Fungi	ITS	255	49.41
MPDB003863	Fungi	ITS	221	52.94
MPDB003864	Fungi	ITS	238	38.66
MPDB003865	Fungi	ITS	146	44.52
MPDB003866	Fungi	ITS	242	54.55
MPDB003867	Fungi	ITS	243	51.85
MPDB003868	Fungi	ITS	507	58.19
MPDB003869	Fungi	ITS	534	58.05
MPDB003870	Fungi	ITS	542	58.3
MPDB003871	Fungi	ITS	585	56.92
MPDB003872	Fungi	ITS	411	57.66
MPDB003873	Fungi	ITS	496	55.65
MPDB003874	Fungi	ITS	577	57.71
MPDB003875	Fungi	ITS	565	53.63
MPDB003876	Fungi	ITS	573	57.24
MPDB003877	Fungi	ITS	609	56.49
MPDB003878	Fungi	ITS	517	51.45
MPDB003879	Fungi	ITS	557	51.17
MPDB003880	Fungi	ITS	557	51.17
MPDB003881	Fungi	ITS	564	50.0
MPDB003882	Fungi	ITS	525	52.19
MPDB003883	Fungi	ITS	550	51.64
MPDB003884	Fungi	ITS	500	50.2
MPDB003885	Fungi	ITS	543	53.22
MPDB003886	Fungi	ITS	532	51.69
MPDB003887	Fungi	ITS	531	51.79
MPDB003888	Fungi	ITS	494	52.02
MPDB003889	Fungi	ITS	494	51.62
MPDB003890	Fungi	ITS	491	51.73
MPDB003891	Fungi	ITS	491	52.14
MPDB003892	Fungi	ITS	496	50.0
MPDB003893	Fungi	ITS	488	52.25
MPDB003894	Fungi	ITS	495	49.9
MPDB003895	Fungi	ITS	402	50.25
MPDB003896	Fungi	ITS	533	51.78
MPDB003897	Fungi	ITS	555	51.71
MPDB003898	Fungi	ITS	586	51.02
MPDB003899	Fungi	ITS	509	51.87
MPDB003900	Fungi	ITS	510	51.76
MPDB003901	Fungi	ITS	494	51.21
MPDB003902	Fungi	ITS	522	52.3
MPDB003903	Fungi	ITS	504	48.61
MPDB003904	Fungi	ITS	503	48.51
MPDB003905	Fungi	ITS	553	49.91
MPDB003906	Fungi	ITS	562	51.42
MPDB003907	Fungi	ITS	559	51.88
MPDB003908	Fungi	ITS	560	51.79
MPDB003909	Fungi	ITS	561	51.52
MPDB003910	Fungi	ITS	559	51.88
MPDB003911	Fungi	ITS	546	51.83
MPDB003912	Fungi	ITS	559	52.06
MPDB003913	Fungi	ITS	558	51.61
MPDB003914	Fungi	ITS	484	49.79
MPDB003915	Fungi	ITS	487	49.69
MPDB003916	Fungi	ITS	456	51.75
MPDB003917	Fungi	ITS	539	50.46
MPDB003918	Fungi	ITS	537	51.77
MPDB003919	Fungi	ITS	626	49.36
MPDB003920	Fungi	ITS	563	52.04
MPDB003921	Fungi	ITS	445	48.54
MPDB003922	Fungi	ITS	545	49.54
MPDB003923	Fungi	ITS	528	49.05
MPDB003924	Fungi	ITS	530	49.25
MPDB003925	Fungi	ITS	529	49.15
MPDB003926	Fungi	ITS	526	49.43
MPDB003927	Fungi	ITS	529	49.15
MPDB003928	Fungi	ITS	521	49.52
MPDB003929	Fungi	ITS	514	49.61
MPDB003930	Fungi	ITS	527	48.77
MPDB003931	Fungi	ITS	521	49.14
MPDB003932	Fungi	ITS	513	49.51
MPDB003933	Fungi	ITS	512	50.2
MPDB003934	Fungi	ITS	514	49.22
MPDB003935	Fungi	ITS	527	49.15
MPDB003936	Fungi	ITS	513	49.51
MPDB003937	Fungi	ITS	327	50.46
MPDB003938	Fungi	ITS	533	48.97
MPDB003939	Fungi	ITS	983	48.83
MPDB003940	Fungi	ITS	1001	48.85
MPDB003941	Fungi	ITS	549	49.18
MPDB003942	Fungi	ITS	496	48.79
MPDB003943	Fungi	ITS	548	49.09
MPDB003944	Fungi	ITS	407	50.12
MPDB003945	Fungi	ITS	251	43.82
MPDB003946	Fungi	ITS	494	48.79
MPDB003947	Fungi	ITS	496	48.79
MPDB003948	Fungi	ITS	528	49.43
MPDB003949	Fungi	ITS	502	49.0
MPDB003950	Fungi	ITS	511	48.92
MPDB003951	Fungi	ITS	509	48.92
MPDB003952	Fungi	ITS	506	49.01
MPDB003953	Fungi	ITS	507	48.52
MPDB003954	Fungi	ITS	510	48.82
MPDB003955	Fungi	ITS	503	49.11
MPDB003956	Fungi	ITS	506	49.21
MPDB003957	Fungi	ITS	500	49.0
MPDB003958	Fungi	ITS	506	48.42
MPDB003959	Fungi	ITS	500	49.0
MPDB003960	Fungi	ITS	526	48.48
MPDB003961	Fungi	ITS	549	49.18
MPDB003962	Fungi	ITS	400	49.75
MPDB003963	Fungi	ITS	504	47.62
MPDB003964	Fungi	ITS	705	48.65
MPDB003965	Fungi	ITS	5034	48.35
MPDB003966	Fungi	ITS	770	48.05
MPDB003967	Fungi	ITS	795	48.05
MPDB003968	Fungi	ITS	797	47.8
MPDB003969	Fungi	ITS	805	47.7
MPDB003970	Fungi	ITS	799	47.81
MPDB003971	Fungi	ITS	772	48.06
MPDB003972	Fungi	ITS	805	47.83
MPDB003973	Fungi	ITS	805	47.83
MPDB003974	Fungi	ITS	808	47.9
MPDB003975	Fungi	ITS	800	47.88
MPDB003976	Fungi	ITS	809	47.96
MPDB003977	Fungi	ITS	804	47.89
MPDB003978	Fungi	ITS	748	48.53
MPDB003979	Fungi	ITS	799	48.06
MPDB003980	Fungi	ITS	770	48.05
MPDB003981	Fungi	ITS	806	47.89
MPDB003982	Fungi	ITS	797	47.8
MPDB003983	Fungi	ITS	807	47.96
MPDB003984	Fungi	ITS	797	48.06
MPDB003985	Fungi	ITS	796	47.86
MPDB003986	Fungi	ITS	796	47.99
MPDB003987	Fungi	ITS	779	48.01
MPDB003988	Fungi	ITS	776	48.71
MPDB003989	Fungi	ITS	797	47.8
MPDB003990	Fungi	ITS	765	47.71
MPDB003991	Fungi	ITS	766	48.3
MPDB003992	Fungi	ITS	773	48.12
MPDB003993	Fungi	ITS	796	47.74
MPDB003994	Fungi	ITS	720	48.75
MPDB003995	Fungi	ITS	756	48.28
MPDB003996	Fungi	ITS	739	48.17
MPDB003997	Fungi	ITS	746	47.99
MPDB003998	Fungi	ITS	753	48.21
MPDB003999	Fungi	ITS	689	48.91
MPDB004000	Fungi	ITS	691	47.03
MPDB004001	Fungi	ITS	831	48.98
MPDB004002	Fungi	ITS	731	48.15
MPDB004003	Fungi	ITS	718	48.75
MPDB004004	Fungi	ITS	653	48.85
MPDB004005	Fungi	ITS	721	47.85
MPDB004006	Fungi	ITS	787	48.16
MPDB004007	Fungi	ITS	572	45.98
MPDB004008	Fungi	ITS	561	47.42
MPDB004009	Fungi	ITS	548	46.72
MPDB004010	Fungi	ITS	519	47.01
MPDB004011	Fungi	ITS	534	47.75
MPDB004012	Fungi	ITS	566	45.94
MPDB004013	Fungi	ITS	223	45.74
MPDB004014	Fungi	ITS	507	47.14
MPDB004015	Fungi	ITS	534	48.31
MPDB004016	Fungi	ITS	554	47.29
MPDB004017	Fungi	ITS	481	46.57
MPDB004018	Fungi	ITS	430	47.21
MPDB004019	Fungi	ITS	563	47.42
MPDB004020	Fungi	ITS	577	47.14
MPDB004021	Fungi	ITS	617	47.49
MPDB004022	Fungi	ITS	452	47.35
MPDB004023	Fungi	ITS	573	46.77
MPDB004024	Fungi	ITS	534	47.0
MPDB004025	Fungi	ITS	566	47.35
MPDB004026	Fungi	ITS	482	46.89
MPDB004027	Fungi	ITS	474	46.84
MPDB004028	Fungi	ITS	549	47.18
MPDB004029	Fungi	ITS	613	46.82
MPDB004030	Fungi	ITS	345	43.48
MPDB004031	Fungi	ITS	550	48.0
MPDB004032	Fungi	ITS	567	47.44
MPDB004033	Fungi	ITS	568	47.54
MPDB004034	Fungi	ITS	462	45.89
MPDB004035	Fungi	ITS	536	47.2
MPDB004036	Fungi	ITS	563	46.36
MPDB004037	Fungi	ITS	481	47.19
MPDB004038	Fungi	ITS	501	47.11
MPDB004039	Fungi	ITS	569	46.75
MPDB004040	Fungi	ITS	599	47.58
MPDB004041	Fungi	ITS	560	47.68
MPDB004042	Fungi	ITS	548	47.63
MPDB004043	Fungi	ITS	543	47.51
MPDB004044	Fungi	ITS	543	47.7
MPDB004045	Fungi	ITS	559	46.87
MPDB004046	Fungi	ITS	541	47.32
MPDB004047	Fungi	ITS	504	47.42
MPDB004048	Fungi	ITS	513	46.98
MPDB004049	Fungi	ITS	573	48.17
MPDB004050	Fungi	ITS	501	50.3
MPDB004051	Fungi	ITS	555	49.55
MPDB004052	Fungi	ITS	550	49.09
MPDB004053	Fungi	ITS	551	49.0
MPDB004054	Fungi	ITS	556	49.1
MPDB004055	Fungi	ITS	478	49.37
MPDB004056	Fungi	ITS	466	49.36
MPDB004057	Fungi	ITS	614	58.79
MPDB004058	Fungi	ITS	584	48.29
MPDB004059	Fungi	ITS	587	48.38
MPDB004060	Fungi	ITS	584	48.29
MPDB004061	Fungi	ITS	585	49.23
MPDB004062	Fungi	ITS	653	56.66
MPDB004063	Fungi	ITS	608	51.32
MPDB004064	Fungi	ITS	625	56.0
MPDB004065	Fungi	ITS	584	48.12
MPDB004066	Fungi	ITS	626	55.91
MPDB004067	Fungi	ITS	644	56.83
MPDB004068	Fungi	ITS	612	54.25
MPDB004069	Fungi	ITS	620	46.61
MPDB004070	Fungi	ITS	585	49.06
MPDB004071	Fungi	ITS	574	45.3
MPDB004072	Fungi	ITS	615	51.87
MPDB004073	Fungi	ITS	605	54.38
MPDB004074	Fungi	ITS	612	48.53
MPDB004075	Fungi	ITS	621	46.86
MPDB004076	Fungi	ITS	586	48.46
MPDB004077	Fungi	ITS	619	46.69
MPDB004078	Fungi	ITS	580	48.45
MPDB004079	Fungi	ITS	585	45.81
MPDB004080	Fungi	ITS	695	44.6
MPDB004081	Fungi	ITS	582	48.28
MPDB004082	Fungi	ITS	628	47.77
MPDB004083	Fungi	ITS	582	48.63
MPDB004084	Fungi	ITS	619	52.34
MPDB004085	Fungi	ITS	586	49.15
MPDB004086	Fungi	ITS	583	48.2
MPDB004087	Fungi	ITS	583	48.54
MPDB004088	Fungi	ITS	504	50.0
MPDB004089	Fungi	ITS	516	48.64
MPDB004090	Fungi	ITS	391	47.83
MPDB004091	Fungi	ITS	391	47.83
MPDB004092	Fungi	ITS	750	47.87
MPDB004093	Fungi	ITS	545	48.26
MPDB004094	Fungi	ITS	517	48.36
MPDB004095	Fungi	ITS	523	47.8
MPDB004096	Fungi	ITS	522	47.89
MPDB004097	Fungi	ITS	526	48.1
MPDB004098	Fungi	ITS	526	48.1
MPDB004099	Fungi	ITS	523	47.99
MPDB004100	Fungi	ITS	518	48.46
MPDB004101	Fungi	ITS	523	47.99
MPDB004102	Fungi	ITS	523	47.8
MPDB004103	Fungi	ITS	517	48.36
MPDB004104	Fungi	ITS	505	47.52
MPDB004105	Fungi	ITS	508	47.83
MPDB004106	Fungi	ITS	498	47.99
MPDB004107	Fungi	ITS	374	46.26
MPDB004108	Fungi	ITS	548	48.91
MPDB004109	Fungi	ITS	497	48.69
MPDB004110	Fungi	ITS	484	48.14
MPDB004111	Fungi	ITS	565	48.14
MPDB004112	Fungi	ITS	570	49.65
MPDB004113	Fungi	ITS	549	48.82
MPDB004114	Fungi	ITS	557	47.94
MPDB004115	Fungi	ITS	563	47.96
MPDB004116	Fungi	ITS	557	48.47
MPDB004117	Fungi	ITS	527	48.39
MPDB004118	Fungi	ITS	553	48.28
MPDB004119	Fungi	ITS	474	48.31
MPDB004120	Fungi	ITS	552	49.46
MPDB004121	Fungi	ITS	519	49.71
MPDB004122	Fungi	ITS	551	48.64
MPDB004123	Fungi	ITS	477	48.22
MPDB004124	Fungi	ITS	510	48.24
MPDB004125	Fungi	ITS	520	48.27
MPDB004126	Fungi	ITS	513	48.15
MPDB004127	Fungi	ITS	514	48.44
MPDB004128	Fungi	ITS	501	48.5
MPDB004129	Fungi	ITS	502	48.61
MPDB004130	Fungi	ITS	561	51.34
MPDB004131	Fungi	ITS	559	51.7
MPDB004132	Fungi	ITS	511	51.27
MPDB004133	Fungi	ITS	311	50.16
MPDB004134	Fungi	ITS	465	52.69
MPDB004135	Fungi	ITS	502	51.39
MPDB004136	Fungi	ITS	532	52.44
MPDB004137	Fungi	ITS	533	52.53
MPDB004138	Fungi	ITS	520	52.31
MPDB004139	Fungi	ITS	578	51.73
MPDB004140	Fungi	ITS	504	52.18
MPDB004141	Fungi	ITS	494	52.63
MPDB004142	Fungi	ITS	505	52.48
MPDB004143	Fungi	ITS	520	50.77
MPDB004144	Fungi	ITS	556	51.62
MPDB004145	Fungi	ITS	466	52.15
MPDB004146	Fungi	ITS	417	52.76
MPDB004147	Fungi	ITS	540	51.67
MPDB004148	Fungi	ITS	679	53.02
MPDB004149	Fungi	ITS	603	50.75
MPDB004150	Fungi	ITS	599	46.74
MPDB004151	Fungi	ITS	450	50.67
MPDB004152	Fungi	ITS	498	51.81
MPDB004153	Fungi	ITS	499	51.9
MPDB004154	Fungi	ITS	499	51.9
MPDB004155	Fungi	ITS	578	50.87
MPDB004156	Fungi	ITS	559	51.7
MPDB004157	Fungi	ITS	490	51.63
MPDB004158	Fungi	ITS	564	51.6
MPDB004159	Fungi	ITS	489	51.74
MPDB004160	Fungi	ITS	404	51.24
MPDB004161	Fungi	ITS	602	50.83
MPDB004162	Fungi	ITS	584	49.49
MPDB004163	Fungi	ITS	585	49.23
MPDB004164	Fungi	ITS	592	50.84
MPDB004165	Fungi	ITS	563	51.69
MPDB004166	Fungi	ITS	569	51.67
MPDB004167	Fungi	ITS	529	52.17
MPDB004168	Fungi	ITS	532	51.69
MPDB004169	Fungi	ITS	518	51.93
MPDB004170	Fungi	ITS	517	52.03
MPDB004171	Fungi	ITS	515	52.23
MPDB004172	Fungi	ITS	509	52.26
MPDB004173	Fungi	ITS	548	48.91
MPDB004174	Fungi	ITS	545	48.81
MPDB004175	Fungi	ITS	543	48.8
MPDB004176	Fungi	ITS	543	48.43
MPDB004177	Fungi	ITS	543	48.8
MPDB004178	Fungi	ITS	545	48.44
MPDB004179	Fungi	ITS	543	48.99
MPDB004180	Fungi	ITS	1131	49.43
MPDB004181	Fungi	ITS	556	48.74
MPDB004182	Fungi	ITS	435	48.97
MPDB004183	Fungi	ITS	473	49.05
MPDB004184	Fungi	ITS	879	50.17
MPDB004185	Fungi	ITS	828	50.6
MPDB004186	Fungi	ITS	538	48.88
MPDB004187	Fungi	ITS	699	43.63
MPDB004188	Fungi	ITS	706	43.34
MPDB004189	Fungi	ITS	716	43.02
MPDB004190	Fungi	ITS	626	43.13
MPDB004191	Fungi	ITS	722	43.07
MPDB004192	Fungi	ITS	573	48.52
MPDB004193	Fungi	ITS	531	48.78
MPDB004194	Fungi	ITS	520	49.42
MPDB004195	Fungi	ITS	473	49.26
MPDB004196	Fungi	ITS	508	49.21
MPDB004197	Fungi	ITS	584	48.29
MPDB004198	Fungi	ITS	295	49.83
MPDB004199	Fungi	ITS	516	50.97
MPDB004200	Fungi	ITS	548	48.72
MPDB004201	Fungi	ITS	235	49.36
MPDB004202	Fungi	ITS	220	48.64
MPDB004203	Fungi	ITS	220	48.64
MPDB004204	Fungi	ITS	480	49.17
MPDB004205	Fungi	ITS	219	48.4
MPDB004206	Fungi	ITS	694	42.22
MPDB004207	Fungi	ITS	545	48.62
MPDB004208	Fungi	ITS	550	48.55
MPDB004209	Fungi	ITS	486	48.35
MPDB004210	Fungi	ITS	493	48.68
MPDB004211	Fungi	ITS	501	49.3
MPDB004212	Fungi	ITS	514	48.83
MPDB004213	Fungi	ITS	501	49.1
MPDB004214	Fungi	ITS	497	49.09
MPDB004215	Fungi	ITS	514	51.17
MPDB004216	Fungi	ITS	544	48.71
MPDB004217	Fungi	ITS	544	48.9
MPDB004218	Fungi	ITS	552	48.55
MPDB004219	Fungi	ITS	545	48.99
MPDB004220	Fungi	ITS	546	48.35
MPDB004221	Fungi	ITS	550	48.91
MPDB004222	Fungi	ITS	543	48.8
MPDB004223	Fungi	ITS	543	48.07
MPDB004224	Fungi	ITS	547	48.81
MPDB004225	Fungi	ITS	508	49.8
MPDB004226	Fungi	ITS	543	48.62
MPDB004227	Fungi	ITS	510	48.43
MPDB004228	Fungi	ITS	544	48.9
MPDB004229	Fungi	ITS	543	48.62
MPDB004230	Fungi	ITS	513	49.51
MPDB004231	Fungi	ITS	543	48.62
MPDB004232	Fungi	ITS	543	48.62
MPDB004233	Fungi	ITS	543	48.62
MPDB004234	Fungi	ITS	546	49.08
MPDB004235	Fungi	ITS	552	48.73
MPDB004236	Fungi	ITS	551	49.0
MPDB004237	Fungi	ITS	510	48.04
MPDB004238	Fungi	ITS	507	49.7
MPDB004239	Fungi	ITS	551	48.82
MPDB004240	Fungi	ITS	552	48.55
MPDB004241	Fungi	ITS	568	48.59
MPDB004242	Fungi	ITS	545	48.81
MPDB004243	Fungi	ITS	552	49.46
MPDB004244	Fungi	ITS	544	48.71
MPDB004245	Fungi	ITS	510	48.24
MPDB004246	Fungi	ITS	544	48.9
MPDB004247	Fungi	ITS	512	48.24
MPDB004248	Fungi	ITS	545	48.62
MPDB004249	Fungi	ITS	544	48.71
MPDB004250	Fungi	ITS	545	48.62
MPDB004251	Fungi	ITS	540	49.44
MPDB004252	Fungi	ITS	483	48.65
MPDB004253	Fungi	ITS	230	48.26
MPDB004254	Fungi	ITS	779	46.85
MPDB004255	Fungi	ITS	1063	50.61
MPDB004256	Fungi	ITS	556	49.1
MPDB004257	Fungi	ITS	493	49.29
MPDB004258	Fungi	ITS	491	48.88
MPDB004259	Fungi	ITS	226	53.1
MPDB004260	Fungi	ITS	232	52.59
MPDB004261	Fungi	ITS	256	50.78
MPDB004262	Fungi	ITS	230	52.17
MPDB004263	Fungi	ITS	235	53.62
MPDB004264	Fungi	ITS	207	54.11
MPDB004265	Fungi	ITS	595	54.62
MPDB004266	Fungi	ITS	584	55.82
MPDB004267	Fungi	ITS	596	55.54
MPDB004268	Fungi	ITS	583	55.75
MPDB004269	Fungi	ITS	582	55.33
MPDB004270	Fungi	ITS	585	55.38
MPDB004271	Fungi	ITS	523	56.6
MPDB004272	Fungi	ITS	508	56.5
MPDB004273	Fungi	ITS	509	56.39
MPDB004274	Fungi	ITS	511	56.56
MPDB004275	Fungi	ITS	719	55.63
MPDB004276	Fungi	ITS	300	50.0
MPDB004277	Fungi	ITS	565	55.22
MPDB004278	Fungi	ITS	561	55.08
MPDB004279	Fungi	ITS	570	54.04
MPDB004280	Fungi	ITS	598	54.85
MPDB004281	Fungi	ITS	610	55.08
MPDB004282	Fungi	ITS	595	55.13
MPDB004283	Fungi	ITS	328	57.01
MPDB004284	Fungi	ITS	328	57.01
MPDB004285	Fungi	ITS	325	58.15
MPDB004286	Fungi	ITS	327	57.19
MPDB004287	Fungi	ITS	328	57.32
MPDB004288	Fungi	ITS	327	57.8
MPDB004289	Fungi	ITS	561	55.79
MPDB004290	Fungi	ITS	591	55.84
MPDB004291	Fungi	ITS	589	55.86
MPDB004292	Fungi	ITS	593	55.65
MPDB004293	Fungi	ITS	381	55.12
MPDB004294	Fungi	ITS	598	55.69
MPDB004295	Fungi	ITS	601	55.24
MPDB004296	Fungi	ITS	588	55.27
MPDB004297	Fungi	ITS	608	55.1
MPDB004298	Fungi	ITS	466	55.58
MPDB004299	Fungi	ITS	629	54.21
MPDB004300	Fungi	ITS	658	54.1
MPDB004301	Fungi	ITS	496	50.0
MPDB004302	Fungi	ITS	744	54.57
MPDB004303	Fungi	ITS	575	54.96
MPDB004304	Fungi	ITS	585	55.21
MPDB004305	Fungi	ITS	579	55.44
MPDB004306	Fungi	ITS	578	54.84
MPDB004307	Fungi	ITS	361	55.4
MPDB004308	Fungi	ITS	401	56.86
MPDB004309	Fungi	ITS	461	54.66
MPDB004310	Fungi	ITS	561	55.08
MPDB004311	Fungi	ITS	545	55.78
MPDB004312	Fungi	ITS	594	53.87
MPDB004313	Fungi	ITS	561	55.08
MPDB004314	Fungi	ITS	662	54.53
MPDB004315	Fungi	ITS	525	54.48
MPDB004316	Fungi	ITS	617	57.21
MPDB004317	Fungi	ITS	517	55.71
MPDB004318	Fungi	ITS	439	54.9
MPDB004319	Fungi	ITS	555	54.95
MPDB004320	Fungi	ITS	566	54.77
MPDB004321	Fungi	ITS	474	57.38
MPDB004322	Fungi	ITS	537	55.31
MPDB004323	Fungi	ITS	428	56.07
MPDB004324	Fungi	ITS	589	54.84
MPDB004325	Fungi	ITS	540	56.11
MPDB004326	Fungi	ITS	623	54.9
MPDB004327	Fungi	ITS	530	55.66
MPDB004328	Fungi	ITS	602	54.82
MPDB004329	Fungi	ITS	860	52.91
MPDB004330	Fungi	ITS	532	58.27
MPDB004331	Fungi	ITS	496	56.65
MPDB004332	Fungi	ITS	533	55.72
MPDB004333	Fungi	ITS	541	55.64
MPDB004334	Fungi	ITS	545	55.05
MPDB004335	Fungi	ITS	534	56.55
MPDB004336	Fungi	ITS	600	54.83
MPDB004337	Fungi	ITS	496	56.05
MPDB004338	Fungi	ITS	534	55.62
MPDB004339	Fungi	ITS	488	56.35
MPDB004340	Fungi	ITS	515	56.12
MPDB004341	Fungi	ITS	431	53.83
MPDB004342	Fungi	ITS	581	54.73
MPDB004343	Fungi	ITS	574	55.4
MPDB004344	Fungi	ITS	516	56.2
MPDB004345	Fungi	ITS	546	47.07
MPDB004346	Fungi	ITS	539	46.2
MPDB004347	Fungi	ITS	543	46.78
MPDB004348	Fungi	ITS	738	45.39
MPDB004349	Fungi	ITS	745	45.1
MPDB004350	Fungi	ITS	750	46.67
MPDB004351	Fungi	ITS	743	46.84
MPDB004352	Fungi	ITS	725	44.55
MPDB004353	Fungi	ITS	740	45.14
MPDB004354	Fungi	ITS	720	44.86
MPDB004355	Fungi	ITS	622	45.66
MPDB004356	Fungi	ITS	622	45.82
MPDB004357	Fungi	ITS	622	45.98
MPDB004358	Fungi	ITS	541	46.03
MPDB004359	Fungi	ITS	540	46.11
MPDB004360	Fungi	ITS	538	46.1
MPDB004361	Fungi	ITS	738	44.44
MPDB004362	Fungi	ITS	544	44.85
MPDB004363	Fungi	ITS	515	45.63
MPDB004364	Fungi	ITS	542	45.02
MPDB004365	Fungi	ITS	539	44.9
MPDB004366	Fungi	ITS	512	45.7
MPDB004367	Fungi	ITS	501	45.51
MPDB004368	Fungi	ITS	417	45.32
MPDB004369	Fungi	ITS	574	44.95
MPDB004370	Fungi	ITS	468	45.09
MPDB004371	Fungi	ITS	493	47.06
MPDB004372	Fungi	ITS	564	46.1
MPDB004373	Fungi	ITS	729	47.87
MPDB004374	Fungi	ITS	539	46.94
MPDB004375	Fungi	ITS	572	46.15
MPDB004376	Fungi	ITS	571	46.23
MPDB004377	Fungi	ITS	500	46.4
MPDB004378	Fungi	ITS	586	45.9
MPDB004379	Fungi	ITS	555	46.31
MPDB004380	Fungi	ITS	533	46.34
MPDB004381	Fungi	ITS	533	46.72
MPDB004382	Fungi	ITS	485	45.77
MPDB004383	Fungi	ITS	569	45.87
MPDB004384	Fungi	ITS	533	45.78
MPDB004385	Fungi	ITS	527	46.87
MPDB004386	Fungi	ITS	491	44.6
MPDB004387	Fungi	ITS	594	45.79
MPDB004388	Fungi	ITS	457	49.23
MPDB004389	Fungi	ITS	500	49.0
MPDB004390	Fungi	ITS	523	48.57
MPDB004391	Fungi	ITS	483	48.86
MPDB004392	Fungi	ITS	465	49.03
MPDB004393	Fungi	ITS	559	48.84
MPDB004394	Fungi	ITS	558	48.92
MPDB004395	Fungi	ITS	551	48.64
MPDB004396	Fungi	ITS	477	48.64
MPDB004397	Fungi	ITS	487	48.46
MPDB004398	Fungi	ITS	518	48.84
MPDB004399	Fungi	ITS	519	49.52
MPDB004400	Fungi	ITS	545	49.17
MPDB004401	Fungi	ITS	528	48.48
MPDB004402	Fungi	ITS	528	48.67
MPDB004403	Fungi	ITS	528	48.67
MPDB004404	Fungi	ITS	517	48.55
MPDB004405	Fungi	ITS	518	48.65
MPDB004406	Fungi	ITS	446	49.33
MPDB004407	Fungi	ITS	464	49.14
MPDB004408	Fungi	ITS	472	48.52
MPDB004409	Fungi	ITS	484	48.97
MPDB004410	Fungi	ITS	491	48.88
MPDB004411	Fungi	ITS	508	48.82
MPDB004412	Fungi	ITS	454	46.92
MPDB004413	Fungi	ITS	479	48.85
MPDB004414	Fungi	ITS	478	48.74
MPDB004415	Fungi	ITS	498	48.8
MPDB004416	Fungi	ITS	583	48.71
MPDB004417	Fungi	ITS	583	48.37
MPDB004418	Fungi	ITS	583	48.54
MPDB004419	Fungi	ITS	570	48.77
MPDB004420	Fungi	ITS	546	49.27
MPDB004421	Fungi	ITS	546	48.9
MPDB004422	Fungi	ITS	543	49.17
MPDB004423	Fungi	ITS	745	49.66
MPDB004424	Fungi	ITS	571	48.34
MPDB004425	Fungi	ITS	481	48.86
MPDB004426	Fungi	ITS	491	48.88
MPDB004427	Fungi	ITS	592	44.59
MPDB004428	Fungi	ITS	806	50.25
MPDB004429	Fungi	ITS	494	48.18
MPDB004430	Fungi	ITS	516	48.64
MPDB004431	Fungi	ITS	1052	49.71
MPDB004432	Fungi	ITS	1020	49.61
MPDB004433	Fungi	ITS	535	48.97
MPDB004434	Fungi	ITS	505	49.31
MPDB004435	Fungi	ITS	476	49.16
MPDB004436	Fungi	ITS	544	49.26
MPDB004437	Fungi	ITS	471	48.83
MPDB004438	Fungi	ITS	148	52.7
MPDB004439	Fungi	ITS	506	48.42
MPDB004440	Fungi	ITS	535	49.91
MPDB004441	Fungi	ITS	495	49.49
MPDB004442	Fungi	ITS	504	49.21
MPDB004443	Fungi	ITS	553	49.37
MPDB004444	Fungi	ITS	540	49.44
MPDB004445	Fungi	ITS	500	49.6
MPDB004446	Fungi	ITS	501	49.3
MPDB004447	Fungi	ITS	496	48.99
MPDB004448	Fungi	ITS	494	49.19
MPDB004449	Fungi	ITS	517	48.74
MPDB004450	Fungi	ITS	500	48.8
MPDB004451	Fungi	ITS	488	49.39
MPDB004452	Fungi	ITS	495	49.09
MPDB004453	Fungi	ITS	498	48.8
MPDB004454	Fungi	ITS	511	49.32
MPDB004455	Fungi	ITS	514	49.22
MPDB004456	Fungi	ITS	508	49.61
MPDB004457	Fungi	ITS	544	49.26
MPDB004458	Fungi	ITS	505	48.91
MPDB004459	Fungi	ITS	1216	53.78
MPDB004460	Fungi	ITS	546	49.63
MPDB004461	Fungi	ITS	485	48.45
MPDB004462	Fungi	ITS	547	49.54
MPDB004463	Fungi	ITS	521	49.14
MPDB004464	Fungi	ITS	544	49.63
MPDB004465	Fungi	ITS	541	49.17
MPDB004466	Fungi	ITS	514	49.81
MPDB004467	Fungi	ITS	524	51.91
MPDB004468	Fungi	ITS	230	48.7
MPDB004469	Fungi	ITS	505	49.31
MPDB004470	Fungi	ITS	524	49.24
MPDB004471	Fungi	ITS	548	49.82
MPDB004472	Fungi	ITS	548	49.82
MPDB004473	Fungi	ITS	535	49.16
MPDB004474	Fungi	ITS	1048	49.81
MPDB004475	Fungi	ITS	324	50.62
MPDB004476	Fungi	ITS	544	50.0
MPDB004477	Fungi	ITS	516	50.19
MPDB004478	Fungi	ITS	527	49.53
MPDB004479	Fungi	ITS	538	49.63
MPDB004480	Fungi	ITS	1131	50.13
MPDB004481	Fungi	ITS	544	49.45
MPDB004482	Fungi	ITS	491	49.49
MPDB004483	Fungi	ITS	770	50.13
MPDB004484	Fungi	ITS	657	51.6
MPDB004485	Fungi	ITS	560	57.5
MPDB004486	Fungi	ITS	565	57.35
MPDB004487	Fungi	ITS	585	57.09
MPDB004488	Fungi	ITS	585	56.92
MPDB004489	Fungi	ITS	330	58.18
MPDB004490	Fungi	ITS	609	56.16
MPDB004491	Fungi	ITS	567	57.14
MPDB004492	Fungi	ITS	529	57.84
MPDB004493	Fungi	ITS	460	57.61
MPDB004494	Fungi	ITS	593	56.49
MPDB004495	Fungi	ITS	585	56.58
MPDB004496	Fungi	ITS	584	56.68
MPDB004497	Fungi	ITS	585	56.92
MPDB004498	Fungi	ITS	582	56.53
MPDB004499	Fungi	ITS	609	56.16
MPDB004500	Fungi	ITS	547	57.59
MPDB004501	Fungi	ITS	544	57.72
MPDB004502	Fungi	ITS	529	57.66
MPDB004503	Fungi	ITS	573	57.42
MPDB004504	Fungi	ITS	564	57.27
MPDB004505	Fungi	ITS	558	56.81
MPDB004506	Fungi	ITS	565	55.93
MPDB004507	Fungi	ITS	519	56.84
MPDB004508	Fungi	ITS	522	58.43
MPDB004509	Fungi	ITS	517	58.22
MPDB004510	Fungi	ITS	593	57.67
MPDB004511	Fungi	ITS	550	56.91
MPDB004512	Fungi	ITS	600	56.5
MPDB004513	Fungi	ITS	589	56.37
MPDB004514	Fungi	ITS	590	56.27
MPDB004515	Fungi	ITS	594	57.24
MPDB004516	Fungi	ITS	597	56.28
MPDB004517	Fungi	ITS	609	56.65
MPDB004518	Fungi	ITS	570	57.54
MPDB004519	Fungi	ITS	374	56.15
MPDB004520	Fungi	ITS	465	59.14
MPDB004521	Fungi	ITS	607	56.51
MPDB004522	Fungi	ITS	570	57.54
MPDB004523	Fungi	ITS	547	57.59
MPDB004524	Fungi	ITS	553	57.32
MPDB004525	Fungi	ITS	497	58.75
MPDB004526	Fungi	ITS	592	56.76
MPDB004527	Fungi	ITS	583	57.12
MPDB004528	Fungi	ITS	584	57.02
MPDB004529	Fungi	ITS	613	56.61
MPDB004530	Fungi	ITS	584	56.85
MPDB004531	Fungi	ITS	601	56.24
MPDB004532	Fungi	ITS	585	56.92
MPDB004533	Fungi	ITS	613	56.44
MPDB004534	Fungi	ITS	547	57.59
MPDB004535	Fungi	ITS	582	57.04
MPDB004536	Fungi	ITS	584	56.68
MPDB004537	Fungi	ITS	615	56.59
MPDB004538	Fungi	ITS	566	57.42
MPDB004539	Fungi	ITS	481	59.25
MPDB004540	Fungi	ITS	518	56.95
MPDB004541	Fungi	ITS	550	57.45
MPDB004542	Fungi	ITS	493	58.01
MPDB004543	Fungi	ITS	492	57.93
MPDB004544	Fungi	ITS	520	56.92
MPDB004545	Fungi	ITS	588	56.8
MPDB004546	Fungi	ITS	568	57.75
MPDB004547	Fungi	ITS	519	58.96
MPDB004548	Fungi	ITS	506	59.29
MPDB004549	Fungi	ITS	556	56.83
MPDB004550	Fungi	ITS	589	57.05
MPDB004551	Fungi	ITS	590	56.61
MPDB004552	Fungi	ITS	575	56.52
MPDB004553	Fungi	ITS	566	57.6
MPDB004554	Fungi	ITS	567	57.5
MPDB004555	Fungi	ITS	498	58.43
MPDB004556	Fungi	ITS	475	58.32
MPDB004557	Fungi	ITS	516	58.14
MPDB004558	Fungi	ITS	587	57.41
MPDB004559	Fungi	ITS	609	57.14
MPDB004560	Fungi	ITS	547	49.73
MPDB004561	Fungi	ITS	545	49.72
MPDB004562	Fungi	ITS	553	49.73
MPDB004563	Fungi	ITS	545	49.72
MPDB004564	Fungi	ITS	543	49.17
MPDB004565	Fungi	ITS	543	49.36
MPDB004566	Fungi	ITS	543	49.72
MPDB004567	Fungi	ITS	553	49.73
MPDB004568	Fungi	ITS	554	49.82
MPDB004569	Fungi	ITS	194	50.0
MPDB004570	Fungi	ITS	519	50.87
MPDB004571	Fungi	ITS	542	49.82
MPDB004572	Fungi	ITS	539	49.91
MPDB004573	Fungi	ITS	553	49.55
MPDB004574	Fungi	ITS	543	48.99
MPDB004575	Fungi	ITS	543	48.62
MPDB004576	Fungi	ITS	542	49.08
MPDB004577	Fungi	ITS	554	48.92
MPDB004578	Fungi	ITS	537	49.91
MPDB004579	Fungi	ITS	537	49.72
MPDB004580	Fungi	ITS	420	50.48
MPDB004581	Fungi	ITS	524	49.62
MPDB004582	Fungi	ITS	480	50.42
MPDB004583	Fungi	ITS	536	50.37
MPDB004584	Fungi	ITS	515	49.9
MPDB004585	Fungi	ITS	512	50.0
MPDB004586	Fungi	ITS	588	49.32
MPDB004587	Fungi	ITS	588	49.32
MPDB004588	Fungi	ITS	586	49.15
MPDB004589	Fungi	ITS	542	50.0
MPDB004590	Fungi	ITS	633	47.71
MPDB004591	Fungi	ITS	585	49.57
MPDB004592	Fungi	ITS	568	49.3
MPDB004593	Fungi	ITS	507	49.31
MPDB004594	Fungi	ITS	469	49.89
MPDB004595	Fungi	ITS	526	50.0
MPDB004596	Fungi	ITS	550	50.18
MPDB004597	Fungi	ITS	495	49.7
MPDB004598	Fungi	ITS	456	50.44
MPDB004599	Fungi	ITS	484	48.97
MPDB004600	Fungi	ITS	484	49.79
MPDB004601	Fungi	ITS	990	50.0
MPDB004602	Fungi	ITS	517	49.9
MPDB004603	Fungi	ITS	563	51.69
MPDB004604	Fungi	ITS	559	50.98
MPDB004605	Fungi	ITS	572	51.57
MPDB004606	Fungi	ITS	554	51.62
MPDB004607	Fungi	ITS	556	51.44
MPDB004608	Fungi	ITS	431	52.9
MPDB004609	Fungi	ITS	533	51.97
MPDB004610	Fungi	ITS	533	51.59
MPDB004611	Fungi	ITS	529	51.8
MPDB004612	Fungi	ITS	532	52.26
MPDB004613	Fungi	ITS	530	52.08
MPDB004614	Fungi	ITS	536	52.43
MPDB004615	Fungi	ITS	533	51.97
MPDB004616	Fungi	ITS	435	52.41
MPDB004617	Fungi	ITS	443	52.82
MPDB004618	Fungi	ITS	428	52.8
MPDB004619	Fungi	ITS	548	51.64
MPDB004620	Fungi	ITS	569	51.85
MPDB004621	Fungi	ITS	554	51.44
MPDB004622	Fungi	ITS	567	51.68
MPDB004623	Fungi	ITS	566	51.59
MPDB004624	Fungi	ITS	565	51.68
MPDB004625	Fungi	ITS	516	51.55
MPDB004626	Fungi	ITS	497	52.31
MPDB004627	Fungi	ITS	483	51.97
MPDB004628	Fungi	ITS	484	52.07
MPDB004629	Fungi	ITS	520	51.54
MPDB004630	Fungi	ITS	507	52.07
MPDB004631	Fungi	ITS	514	51.95
MPDB004632	Fungi	ITS	511	51.66
MPDB004633	Fungi	ITS	507	51.87
MPDB004634	Fungi	ITS	515	51.84
MPDB004635	Fungi	ITS	517	52.03
MPDB004636	Fungi	ITS	548	50.36
MPDB004637	Fungi	ITS	511	51.86
MPDB004638	Fungi	ITS	562	51.6
MPDB004639	Fungi	ITS	534	51.5
MPDB004640	Fungi	ITS	514	52.53
MPDB004641	Fungi	ITS	759	50.86
MPDB004642	Fungi	ITS	733	50.61
MPDB004643	Fungi	ITS	351	53.85
MPDB004644	Fungi	ITS	546	51.47
MPDB004645	Fungi	ITS	479	52.61
MPDB004646	Fungi	ITS	561	39.93
MPDB004647	Fungi	ITS	625	40.64
MPDB004648	Fungi	ITS	552	39.86
MPDB004649	Fungi	ITS	763	41.55
MPDB004650	Fungi	ITS	625	40.96
MPDB004651	Fungi	ITS	628	41.08
MPDB004652	Fungi	ITS	599	40.23
MPDB004653	Fungi	ITS	631	41.05
MPDB004654	Fungi	ITS	588	40.82
MPDB004655	Fungi	ITS	623	40.61
MPDB004656	Fungi	ITS	626	40.58
MPDB004657	Fungi	ITS	628	40.92
MPDB004658	Fungi	ITS	626	40.73
MPDB004659	Fungi	ITS	627	40.99
MPDB004660	Fungi	ITS	636	41.04
MPDB004661	Fungi	ITS	629	41.02
MPDB004662	Fungi	ITS	632	41.14
MPDB004663	Fungi	ITS	636	41.04
MPDB004664	Fungi	ITS	625	40.96
MPDB004665	Fungi	ITS	627	40.99
MPDB004666	Fungi	ITS	629	40.7
MPDB004667	Fungi	ITS	626	41.05
MPDB004668	Fungi	ITS	638	40.91
MPDB004669	Fungi	ITS	588	39.97
MPDB004670	Fungi	ITS	445	41.35
MPDB004671	Fungi	ITS	578	40.66
MPDB004672	Fungi	ITS	571	40.46
MPDB004673	Fungi	ITS	580	40.69
MPDB004674	Fungi	ITS	581	40.62
MPDB004675	Fungi	ITS	470	40.21
MPDB004676	Fungi	ITS	635	40.63
MPDB004677	Fungi	ITS	562	40.75
MPDB004678	Fungi	ITS	839	41.6
MPDB004679	Fungi	ITS	859	40.98
MPDB004680	Fungi	ITS	557	40.57
MPDB004681	Fungi	ITS	549	41.17
MPDB004682	Fungi	ITS	521	41.27
MPDB004683	Fungi	ITS	606	40.59
MPDB004684	Fungi	ITS	614	40.72
MPDB004685	Fungi	ITS	618	40.78
MPDB004686	Fungi	ITS	612	40.85
MPDB004687	Fungi	ITS	613	41.76
MPDB004688	Fungi	ITS	629	41.34
MPDB004689	Fungi	ITS	480	59.58
MPDB004690	Fungi	ITS	482	59.96
MPDB004691	Fungi	ITS	483	60.04
MPDB004692	Fungi	ITS	491	59.27
MPDB004693	Fungi	ITS	557	50.99
MPDB004694	Fungi	ITS	568	55.99
MPDB004695	Fungi	ITS	565	50.97
MPDB004696	Fungi	ITS	495	57.58
MPDB004697	Fungi	ITS	458	58.3
MPDB004698	Fungi	ITS	557	57.27
MPDB004699	Fungi	ITS	490	59.8
MPDB004700	Fungi	ITS	218	67.43
MPDB004701	Fungi	ITS	516	58.91
MPDB004702	Fungi	ITS	515	58.45
MPDB004703	Fungi	ITS	491	57.84
MPDB004704	Fungi	ITS	553	57.69
MPDB004705	Fungi	ITS	541	58.41
MPDB004706	Fungi	ITS	576	51.22
MPDB004707	Fungi	ITS	575	57.74
MPDB004708	Fungi	ITS	525	57.52
MPDB004709	Fungi	ITS	529	57.66
MPDB004710	Fungi	ITS	448	31.03
MPDB004711	Fungi	ITS	437	29.29
MPDB004712	Fungi	ITS	434	30.88
MPDB004713	Fungi	ITS	578	31.83
MPDB004714	Fungi	ITS	623	33.71
MPDB004715	Fungi	ITS	709	34.27
MPDB004716	Fungi	ITS	548	50.36
MPDB004717	Fungi	ITS	1330	34.51
MPDB004718	Fungi	ITS	1331	34.41
MPDB004719	Fungi	ITS	627	34.77
MPDB004720	Fungi	ITS	666	35.59
MPDB004721	Fungi	ITS	625	35.04
MPDB004722	Fungi	ITS	329	31.61
MPDB004723	Fungi	ITS	175	29.14
MPDB004724	Fungi	ITS	665	33.53
MPDB004725	Fungi	ITS	532	36.28
MPDB004726	Fungi	ITS	532	36.28
MPDB004727	Fungi	ITS	532	36.09
MPDB004728	Fungi	ITS	532	36.28
MPDB004729	Fungi	ITS	661	31.62
MPDB004730	Fungi	ITS	662	31.57
MPDB004731	Fungi	ITS	661	31.47
MPDB004732	Fungi	ITS	684	31.58
MPDB004733	Fungi	ITS	639	31.92
MPDB004734	Fungi	ITS	609	30.21
MPDB004735	Fungi	ITS	689	31.93
MPDB004736	Fungi	ITS	650	31.69
MPDB004737	Fungi	ITS	673	31.8
MPDB004738	Fungi	ITS	670	31.64
MPDB004739	Fungi	ITS	655	30.99
MPDB004740	Fungi	ITS	695	32.09
MPDB004741	Fungi	ITS	613	32.3
MPDB004742	Fungi	ITS	694	31.99
MPDB004743	Fungi	ITS	681	31.86
MPDB004744	Fungi	ITS	683	31.63
MPDB004745	Fungi	ITS	680	31.62
MPDB004746	Fungi	ITS	697	31.99
MPDB004747	Fungi	ITS	699	31.9
MPDB004748	Fungi	ITS	637	32.18
MPDB004749	Fungi	ITS	689	32.08
MPDB004750	Fungi	ITS	671	31.59
MPDB004751	Fungi	ITS	678	31.71
MPDB004752	Fungi	ITS	678	31.71
MPDB004753	Fungi	ITS	589	59.08
MPDB004754	Fungi	ITS	600	59.0
MPDB004755	Fungi	ITS	587	59.28
MPDB004756	Fungi	ITS	584	59.42
MPDB004757	Fungi	ITS	534	61.05
MPDB004758	Fungi	ITS	565	60.0
MPDB004759	Fungi	ITS	568	59.51
MPDB004760	Fungi	ITS	580	58.45
MPDB004761	Fungi	ITS	578	59.34
MPDB004762	Fungi	ITS	549	59.38
MPDB004763	Fungi	ITS	562	60.85
MPDB004764	Fungi	ITS	562	59.96
MPDB004765	Fungi	ITS	579	59.76
MPDB004766	Fungi	ITS	563	59.86
MPDB004767	Fungi	ITS	562	59.79
MPDB004768	Fungi	ITS	450	58.0
MPDB004769	Fungi	ITS	497	61.17
MPDB004770	Fungi	ITS	572	60.14
MPDB004771	Fungi	ITS	563	59.86
MPDB004772	Fungi	ITS	417	59.23
MPDB004773	Fungi	ITS	550	60.0
MPDB004774	Fungi	ITS	594	59.43
MPDB004775	Fungi	ITS	469	57.78
MPDB004776	Fungi	ITS	513	60.62
MPDB004777	Fungi	ITS	594	59.09
MPDB004778	Fungi	ITS	435	57.93
MPDB004779	Fungi	ITS	594	59.43
MPDB004780	Fungi	ITS	611	58.59
MPDB004781	Fungi	ITS	610	58.2
MPDB004782	Fungi	ITS	886	57.34
MPDB004783	Fungi	ITS	612	58.5
MPDB004784	Fungi	ITS	483	60.87
MPDB004785	Fungi	ITS	564	59.75
MPDB004786	Fungi	ITS	493	61.66
MPDB004787	Fungi	ITS	576	59.72
MPDB004788	Fungi	ITS	564	59.57
MPDB004789	Fungi	ITS	598	59.36
MPDB004790	Fungi	ITS	634	58.04
MPDB004791	Fungi	ITS	631	57.84
MPDB004792	Fungi	ITS	723	57.68
MPDB004793	Fungi	ITS	594	59.26
MPDB004794	Fungi	ITS	579	59.41
MPDB004795	Fungi	ITS	549	59.93
MPDB004796	Fungi	ITS	742	48.52
MPDB004797	Fungi	ITS	740	48.65
MPDB004798	Fungi	ITS	665	48.72
MPDB004799	Fungi	ITS	1349	49.15
MPDB004800	Fungi	ITS	721	47.99
MPDB004801	Fungi	ITS	739	49.12
MPDB004802	Fungi	ITS	570	48.07
MPDB004803	Fungi	ITS	721	49.65
MPDB004804	Fungi	ITS	699	49.07
MPDB004805	Fungi	ITS	684	48.83
MPDB004806	Fungi	ITS	716	49.3
MPDB004807	Fungi	ITS	697	49.07
MPDB004808	Fungi	ITS	711	48.95
MPDB004809	Fungi	ITS	696	48.42
MPDB004810	Fungi	ITS	755	48.87
MPDB004811	Fungi	ITS	558	48.75
MPDB004812	Fungi	ITS	718	48.19
MPDB004813	Fungi	ITS	976	48.57
MPDB004814	Fungi	ITS	721	48.27
MPDB004815	Fungi	ITS	649	48.69
MPDB004816	Fungi	ITS	619	50.24
MPDB004817	Fungi	ITS	682	48.83
MPDB004818	Fungi	ITS	1226	47.8
MPDB004819	Fungi	ITS	1217	47.66
MPDB004820	Fungi	ITS	756	44.97
MPDB004821	Fungi	ITS	643	49.46
MPDB004822	Fungi	ITS	643	49.46
MPDB004823	Fungi	ITS	643	49.46
MPDB004824	Fungi	ITS	643	49.3
MPDB004825	Fungi	ITS	643	49.46
MPDB004826	Fungi	ITS	643	49.46
MPDB004827	Fungi	ITS	690	49.13
MPDB004828	Fungi	ITS	681	48.6
MPDB004829	Fungi	ITS	479	45.93
MPDB004830	Fungi	ITS	333	45.35
MPDB004831	Fungi	ITS	458	46.29
MPDB004832	Fungi	ITS	492	45.73
MPDB004833	Fungi	ITS	536	46.08
MPDB004834	Fungi	ITS	509	46.17
MPDB004835	Fungi	ITS	516	45.35
MPDB004836	Fungi	ITS	514	46.69
MPDB004837	Fungi	ITS	493	45.64
MPDB004838	Fungi	ITS	498	45.78
MPDB004839	Fungi	ITS	505	46.14
MPDB004840	Fungi	ITS	499	45.89
MPDB004841	Fungi	ITS	530	45.28
MPDB004842	Fungi	ITS	525	45.52
MPDB004843	Fungi	ITS	515	45.63
MPDB004844	Fungi	ITS	524	45.23
MPDB004845	Fungi	ITS	481	45.74
MPDB004846	Fungi	ITS	561	45.99
MPDB004847	Fungi	ITS	497	45.27
MPDB004848	Fungi	ITS	480	46.88
MPDB004849	Fungi	ITS	496	44.96
MPDB004850	Fungi	ITS	503	45.53
MPDB004851	Fungi	ITS	509	46.17
MPDB004852	Fungi	ITS	488	45.7
MPDB004853	Fungi	ITS	576	46.01
MPDB004854	Fungi	ITS	575	45.39
MPDB004855	Fungi	ITS	576	45.83
MPDB004856	Fungi	ITS	579	45.6
MPDB004857	Fungi	ITS	425	44.71
MPDB004858	Fungi	ITS	482	45.64
MPDB004859	Fungi	ITS	482	45.64
MPDB004860	Fungi	ITS	462	45.02
MPDB004861	Fungi	ITS	438	44.75
MPDB004862	Fungi	ITS	486	45.68
MPDB004863	Fungi	ITS	418	46.17
MPDB004864	Fungi	ITS	470	43.19
MPDB004865	Fungi	ITS	509	46.17
MPDB004866	Fungi	ITS	527	45.35
MPDB004867	Fungi	ITS	459	45.97
MPDB004868	Fungi	ITS	450	45.78
MPDB004869	Fungi	ITS	465	46.45
MPDB004870	Fungi	ITS	550	45.64
MPDB004871	Fungi	ITS	538	46.28
MPDB004872	Fungi	ITS	645	42.64
MPDB004873	Fungi	ITS	647	42.66
MPDB004874	Fungi	ITS	647	42.66
MPDB004875	Fungi	ITS	647	42.97
MPDB004876	Fungi	ITS	647	42.35
MPDB004877	Fungi	ITS	647	42.35
MPDB004878	Fungi	ITS	647	42.66
MPDB004879	Fungi	ITS	685	43.5
MPDB004880	Fungi	ITS	681	43.17
MPDB004881	Fungi	ITS	681	43.32
MPDB004882	Fungi	ITS	681	43.47
MPDB004883	Fungi	ITS	683	43.19
MPDB004884	Fungi	ITS	372	43.28
MPDB004885	Fungi	ITS	372	43.01
MPDB004886	Fungi	ITS	370	43.78
MPDB004887	Fungi	ITS	371	43.13
MPDB004888	Fungi	ITS	369	43.09
MPDB004889	Fungi	ITS	370	42.97
MPDB004890	Fungi	ITS	564	41.84
MPDB004891	Fungi	ITS	685	43.65
MPDB004892	Fungi	ITS	686	43.29
MPDB004893	Fungi	ITS	686	43.15
MPDB004894	Fungi	ITS	684	43.42
MPDB004895	Fungi	ITS	647	42.66
MPDB004896	Fungi	ITS	647	42.66
MPDB004897	Fungi	ITS	645	42.48
MPDB004898	Fungi	ITS	645	42.79
MPDB004899	Fungi	ITS	646	43.03
MPDB004900	Fungi	ITS	645	42.95
MPDB004901	Fungi	ITS	645	43.1
MPDB004902	Fungi	ITS	688	43.02
MPDB004903	Fungi	ITS	687	43.38
MPDB004904	Fungi	ITS	688	43.02
MPDB004905	Fungi	ITS	601	43.59
MPDB004906	Fungi	ITS	683	43.05
MPDB004907	Fungi	ITS	678	43.81
MPDB004908	Fungi	ITS	462	41.77
MPDB004909	Fungi	ITS	598	42.81
MPDB004910	Fungi	ITS	1282	43.68
MPDB004911	Fungi	ITS	475	51.79
MPDB004912	Fungi	ITS	448	51.56
MPDB004913	Fungi	ITS	451	51.66
MPDB004914	Fungi	ITS	443	51.02
MPDB004915	Fungi	ITS	1419	51.09
MPDB004916	Fungi	ITS	1421	51.09
MPDB004917	Fungi	ITS	890	50.34
MPDB004918	Fungi	ITS	522	51.72
MPDB004919	Fungi	ITS	539	51.21
MPDB004920	Fungi	ITS	564	51.42
MPDB004921	Fungi	ITS	550	51.82
MPDB004922	Fungi	ITS	527	52.37
MPDB004923	Fungi	ITS	489	46.63
MPDB004924	Fungi	ITS	490	46.73
MPDB004925	Fungi	ITS	217	40.55
MPDB004926	Fungi	ITS	299	43.48
MPDB004927	Fungi	ITS	521	47.79
MPDB004928	Fungi	ITS	255	50.98
MPDB004929	Fungi	ITS	517	47.78
MPDB004930	Fungi	ITS	520	48.08
MPDB004931	Fungi	ITS	485	47.22
MPDB004932	Fungi	ITS	504	47.22
MPDB004933	Fungi	ITS	511	47.75
MPDB004934	Fungi	ITS	516	47.87
MPDB004935	Fungi	ITS	1100	47.73
MPDB004936	Fungi	ITS	1040	47.12
MPDB004937	Fungi	ITS	1091	47.39
MPDB004938	Fungi	ITS	503	46.52
MPDB004939	Fungi	ITS	494	47.57
MPDB004940	Fungi	ITS	513	46.78
MPDB004941	Fungi	ITS	497	46.88
MPDB004942	Fungi	ITS	519	47.78
MPDB004943	Fungi	ITS	518	48.07
MPDB004944	Fungi	ITS	517	48.16
MPDB004945	Fungi	ITS	1141	48.38
MPDB004946	Fungi	ITS	1112	48.29
MPDB004947	Fungi	ITS	1129	48.27
MPDB004948	Fungi	ITS	1058	47.35
MPDB004949	Fungi	ITS	1128	48.14
MPDB004950	Fungi	ITS	1096	47.9
MPDB004951	Fungi	ITS	1112	48.29
MPDB004952	Fungi	ITS	1036	48.07
MPDB004953	Fungi	ITS	1110	48.2
MPDB004954	Fungi	ITS	1127	48.0
MPDB004955	Fungi	ITS	1083	48.01
MPDB004956	Fungi	ITS	1110	48.11
MPDB004957	Fungi	ITS	1109	48.06
MPDB004958	Fungi	ITS	1110	48.2
MPDB004959	Fungi	ITS	1137	48.37
MPDB004960	Fungi	ITS	1123	48.26
MPDB004961	Fungi	ITS	1101	48.05
MPDB004962	Fungi	ITS	1110	48.11
MPDB004963	Fungi	ITS	541	47.13
MPDB004964	Fungi	ITS	503	46.52
MPDB004965	Fungi	ITS	462	46.75
MPDB004966	Fungi	ITS	557	56.37
MPDB004967	Fungi	ITS	556	56.47
MPDB004968	Fungi	ITS	486	56.58
MPDB004969	Fungi	ITS	509	56.97
MPDB004970	Fungi	ITS	519	56.65
MPDB004971	Fungi	ITS	535	57.01
MPDB004972	Fungi	ITS	409	58.19
MPDB004973	Fungi	ITS	606	56.6
MPDB004974	Fungi	ITS	514	56.03
MPDB004975	Fungi	ITS	364	53.85
MPDB004976	Fungi	ITS	499	55.51
MPDB004977	Fungi	ITS	503	59.05
MPDB004978	Fungi	ITS	579	55.27
MPDB004979	Fungi	ITS	573	55.67
MPDB004980	Fungi	ITS	573	55.85
MPDB004981	Fungi	ITS	573	55.5
MPDB004982	Fungi	ITS	572	55.77
MPDB004983	Fungi	ITS	574	55.4
MPDB004984	Fungi	ITS	574	55.4
MPDB004985	Fungi	ITS	573	55.32
MPDB004986	Fungi	ITS	576	55.38
MPDB004987	Fungi	ITS	571	55.69
MPDB004988	Fungi	ITS	574	55.4
MPDB004989	Fungi	ITS	572	55.07
MPDB004990	Fungi	ITS	573	55.15
MPDB004991	Fungi	ITS	552	56.52
MPDB004992	Fungi	ITS	515	56.31
MPDB004993	Fungi	ITS	536	56.9
MPDB004994	Fungi	ITS	544	56.99
MPDB004995	Fungi	ITS	541	56.93
MPDB004996	Fungi	ITS	549	55.37
MPDB004997	Fungi	ITS	658	52.74
MPDB004998	Fungi	ITS	573	56.37
MPDB004999	Fungi	ITS	584	55.82
MPDB005000	Fungi	ITS	551	55.72
MPDB005001	Fungi	ITS	541	55.27
MPDB005002	Fungi	ITS	572	56.64
MPDB005003	Fungi	ITS	551	55.54
MPDB005004	Fungi	ITS	492	55.49
MPDB005005	Fungi	ITS	501	56.69
MPDB005006	Fungi	ITS	549	55.01
MPDB005007	Fungi	ITS	649	53.47
MPDB005008	Fungi	ITS	549	55.01
MPDB005009	Fungi	ITS	527	51.61
MPDB005010	Fungi	ITS	563	51.69
MPDB005011	Fungi	ITS	566	51.77
MPDB005012	Fungi	ITS	568	51.76
MPDB005013	Fungi	ITS	564	51.95
MPDB005014	Fungi	ITS	521	50.67
MPDB005015	Fungi	ITS	433	50.35
MPDB005016	Fungi	ITS	571	52.19
MPDB005017	Fungi	ITS	529	50.09
MPDB005018	Fungi	ITS	551	49.73
MPDB005019	Fungi	ITS	494	50.0
MPDB005020	Fungi	ITS	546	50.0
MPDB005021	Fungi	ITS	486	51.44
MPDB005022	Fungi	ITS	538	50.37
MPDB005023	Fungi	ITS	547	50.09
MPDB005024	Fungi	ITS	393	49.87
MPDB005025	Fungi	ITS	513	51.07
MPDB005026	Fungi	ITS	514	50.58
MPDB005027	Fungi	ITS	525	51.81
MPDB005028	Fungi	ITS	525	50.1
MPDB005029	Fungi	ITS	549	50.09
MPDB005030	Fungi	ITS	496	50.0
MPDB005031	Fungi	ITS	222	49.55
MPDB005032	Fungi	ITS	409	51.1
MPDB005033	Fungi	ITS	562	52.31
MPDB005034	Fungi	ITS	566	52.12
MPDB005035	Fungi	ITS	444	50.45
MPDB005036	Fungi	ITS	522	50.57
MPDB005037	Fungi	ITS	480	50.0
MPDB005038	Fungi	ITS	498	50.8
MPDB005039	Fungi	ITS	506	50.0
MPDB005040	Fungi	ITS	500	49.8
MPDB005041	Fungi	ITS	516	50.39
MPDB005042	Fungi	ITS	480	49.38
MPDB005043	Fungi	ITS	483	50.31
MPDB005044	Fungi	ITS	484	49.79
MPDB005045	Fungi	ITS	534	52.06
MPDB005046	Fungi	ITS	503	50.1
MPDB005047	Fungi	ITS	516	50.39
MPDB005048	Fungi	ITS	508	50.0
MPDB005049	Fungi	ITS	509	50.1
MPDB005050	Fungi	ITS	513	49.71
MPDB005051	Fungi	ITS	570	52.63
MPDB005052	Fungi	ITS	1187	57.03
MPDB005053	Fungi	ITS	623	57.95
MPDB005054	Fungi	ITS	954	56.5
MPDB005055	Fungi	ITS	594	57.24
MPDB005056	Fungi	ITS	620	56.94
MPDB005057	Fungi	ITS	1149	57.18
MPDB005058	Fungi	ITS	1148	57.14
MPDB005059	Fungi	ITS	518	47.68
MPDB005060	Fungi	ITS	406	47.04
MPDB005061	Fungi	ITS	675	49.33
MPDB005062	Fungi	ITS	506	47.04
MPDB005063	Fungi	ITS	506	47.23
MPDB005064	Fungi	ITS	508	46.46
MPDB005065	Fungi	ITS	573	46.95
MPDB005066	Fungi	ITS	460	47.83
MPDB005067	Fungi	ITS	548	47.81
MPDB005068	Fungi	ITS	282	47.87
MPDB005069	Fungi	ITS	548	48.72
MPDB005070	Fungi	ITS	537	46.18
MPDB005071	Fungi	ITS	538	46.1
MPDB005072	Fungi	ITS	509	48.53
MPDB005073	Fungi	ITS	480	46.67
MPDB005074	Fungi	ITS	511	47.36
MPDB005075	Fungi	ITS	530	46.98
MPDB005076	Fungi	ITS	547	45.89
MPDB005077	Fungi	ITS	528	47.35
MPDB005078	Fungi	ITS	568	47.36
MPDB005079	Fungi	ITS	707	49.08
MPDB005080	Fungi	ITS	733	48.57
MPDB005081	Fungi	ITS	722	48.61
MPDB005082	Fungi	ITS	527	47.25
MPDB005083	Fungi	ITS	560	47.86
MPDB005084	Fungi	ITS	479	47.18
MPDB005085	Fungi	ITS	499	46.89
MPDB005086	Fungi	ITS	572	47.03
MPDB005087	Fungi	ITS	565	47.08
MPDB005088	Fungi	ITS	550	46.73
MPDB005089	Fungi	ITS	480	47.5
MPDB005090	Fungi	ITS	480	46.67
MPDB005091	Fungi	ITS	522	46.74
MPDB005092	Fungi	ITS	473	46.09
MPDB005093	Fungi	ITS	542	47.6
MPDB005094	Fungi	ITS	561	47.95
MPDB005095	Fungi	ITS	557	46.86
MPDB005096	Fungi	ITS	689	48.91
MPDB005097	Fungi	ITS	539	47.12
MPDB005098	Fungi	ITS	229	45.41
MPDB005099	Fungi	ITS	502	47.61
MPDB005100	Fungi	ITS	527	47.06
MPDB005101	Fungi	ITS	408	46.81
MPDB005102	Fungi	ITS	669	55.01
MPDB005103	Fungi	ITS	666	55.11
MPDB005104	Fungi	ITS	677	55.1
MPDB005105	Fungi	ITS	595	54.62
MPDB005106	Fungi	ITS	659	55.24
MPDB005107	Fungi	ITS	671	54.99
MPDB005108	Fungi	ITS	695	54.68
MPDB005109	Fungi	ITS	675	55.11
MPDB005110	Fungi	ITS	692	54.48
MPDB005111	Fungi	ITS	689	55.01
MPDB005112	Fungi	ITS	676	55.03
MPDB005113	Fungi	ITS	539	55.29
MPDB005114	Fungi	ITS	524	55.92
MPDB005115	Fungi	ITS	521	55.85
MPDB005116	Fungi	ITS	532	56.2
MPDB005117	Fungi	ITS	519	56.26
MPDB005118	Fungi	ITS	544	55.7
MPDB005119	Fungi	ITS	562	55.16
MPDB005120	Fungi	ITS	574	55.23
MPDB005121	Fungi	ITS	572	55.77
MPDB005122	Fungi	ITS	529	55.2
MPDB005123	Fungi	ITS	502	54.38
MPDB005124	Fungi	ITS	558	55.2
MPDB005125	Fungi	ITS	546	56.23
MPDB005126	Fungi	ITS	518	56.18
MPDB005127	Fungi	ITS	581	55.59
MPDB005128	Fungi	ITS	575	55.48
MPDB005129	Fungi	ITS	561	55.44
MPDB005130	Fungi	ITS	622	54.34
MPDB005131	Fungi	ITS	549	47.72
MPDB005132	Fungi	ITS	531	46.89
MPDB005133	Fungi	ITS	556	46.94
MPDB005134	Fungi	ITS	549	47.18
MPDB005135	Fungi	ITS	553	47.02
MPDB005136	Fungi	ITS	557	47.22
MPDB005137	Fungi	ITS	556	46.4
MPDB005138	Fungi	ITS	555	46.85
MPDB005139	Fungi	ITS	562	46.8
MPDB005140	Fungi	ITS	562	46.44
MPDB005141	Fungi	ITS	553	46.84
MPDB005142	Fungi	ITS	556	46.76
MPDB005143	Fungi	ITS	554	46.75
MPDB005144	Fungi	ITS	554	46.75
MPDB005145	Fungi	ITS	554	47.47
MPDB005146	Fungi	ITS	554	46.39
MPDB005147	Fungi	ITS	546	47.25
MPDB005148	Fungi	ITS	549	46.81
MPDB005149	Fungi	ITS	552	47.83
MPDB005150	Fungi	ITS	715	46.43
MPDB005151	Fungi	ITS	549	47.36
MPDB005152	Fungi	ITS	549	46.99
MPDB005153	Fungi	ITS	549	46.99
MPDB005154	Fungi	ITS	520	46.73
MPDB005155	Fungi	ITS	545	46.24
MPDB005156	Fungi	ITS	542	46.31
MPDB005157	Fungi	ITS	561	46.88
MPDB005158	Fungi	ITS	579	46.63
MPDB005159	Fungi	ITS	553	46.47
MPDB005160	Fungi	ITS	593	46.37
MPDB005161	Fungi	ITS	559	45.97
MPDB005162	Fungi	ITS	513	46.59
MPDB005163	Fungi	ITS	547	46.8
MPDB005164	Fungi	ITS	556	46.22
MPDB005165	Fungi	ITS	556	46.58
MPDB005166	Fungi	ITS	556	46.58
MPDB005167	Fungi	ITS	562	46.26
MPDB005168	Fungi	ITS	559	45.8
MPDB005169	Fungi	ITS	553	46.47
MPDB005170	Fungi	ITS	559	45.97
MPDB005171	Fungi	ITS	549	46.99
MPDB005172	Fungi	ITS	557	46.32
MPDB005173	Fungi	ITS	717	48.4
MPDB005174	Fungi	ITS	525	51.81
MPDB005175	Fungi	ITS	558	51.61
MPDB005176	Fungi	ITS	460	52.17
MPDB005177	Fungi	ITS	499	48.9
MPDB005178	Fungi	ITS	509	51.28
MPDB005179	Fungi	ITS	550	49.64
MPDB005180	Fungi	ITS	588	50.51
MPDB005181	Fungi	ITS	541	51.2
MPDB005182	Fungi	ITS	540	51.3
MPDB005183	Fungi	ITS	550	49.09
MPDB005184	Fungi	ITS	567	51.68
MPDB005185	Fungi	ITS	509	51.67
MPDB005186	Fungi	ITS	512	51.76
MPDB005187	Fungi	ITS	530	52.83
MPDB005188	Fungi	ITS	448	51.12
MPDB005189	Fungi	ITS	496	51.81
MPDB005190	Fungi	ITS	510	51.57
MPDB005191	Fungi	ITS	540	51.48
MPDB005192	Fungi	ITS	552	51.81
MPDB005193	Fungi	ITS	307	49.84
MPDB005194	Fungi	ITS	541	52.31
MPDB005195	Fungi	ITS	511	51.27
MPDB005196	Fungi	ITS	561	52.23
MPDB005197	Fungi	ITS	319	54.86
MPDB005198	Fungi	ITS	552	51.63
MPDB005199	Fungi	ITS	550	52.36
MPDB005200	Fungi	ITS	553	51.9
MPDB005201	Fungi	ITS	553	51.36
MPDB005202	Fungi	ITS	557	51.17
MPDB005203	Fungi	ITS	546	51.83
MPDB005204	Fungi	ITS	550	51.82
MPDB005205	Fungi	ITS	549	51.91
MPDB005206	Fungi	ITS	572	52.62
MPDB005207	Fungi	ITS	549	51.55
MPDB005208	Fungi	ITS	554	52.17
MPDB005209	Fungi	ITS	551	51.91
MPDB005210	Fungi	ITS	348	50.86
MPDB005211	Fungi	ITS	503	47.51
MPDB005212	Fungi	ITS	544	51.29
MPDB005213	Fungi	ITS	438	52.28
MPDB005214	Fungi	ITS	536	52.24
MPDB005215	Fungi	ITS	532	51.5
MPDB005216	Fungi	ITS	568	52.46
MPDB005217	Fungi	ITS	594	47.81
MPDB005218	Fungi	ITS	560	47.14
MPDB005219	Fungi	ITS	578	48.27
MPDB005220	Fungi	ITS	574	47.74
MPDB005221	Fungi	ITS	572	47.73
MPDB005222	Fungi	ITS	574	47.91
MPDB005223	Fungi	ITS	574	46.86
MPDB005224	Fungi	ITS	554	48.19
MPDB005225	Fungi	ITS	551	47.37
MPDB005226	Fungi	ITS	434	47.0
MPDB005227	Fungi	ITS	512	47.27
MPDB005228	Fungi	ITS	891	49.61
MPDB005229	Fungi	ITS	897	49.5
MPDB005230	Fungi	ITS	552	47.46
MPDB005231	Fungi	ITS	548	47.26
MPDB005232	Fungi	ITS	528	48.11
MPDB005233	Fungi	ITS	583	47.17
MPDB005234	Fungi	ITS	584	47.26
MPDB005235	Fungi	ITS	509	47.94
MPDB005236	Fungi	ITS	592	47.64
MPDB005237	Fungi	ITS	604	47.85
MPDB005238	Fungi	ITS	292	47.6
MPDB005239	Fungi	ITS	292	47.26
MPDB005240	Fungi	ITS	559	47.23
MPDB005241	Fungi	ITS	565	47.96
MPDB005242	Fungi	ITS	508	46.06
MPDB005243	Fungi	ITS	613	46.66
MPDB005244	Fungi	ITS	611	47.46
MPDB005245	Fungi	ITS	560	47.86
MPDB005246	Fungi	ITS	610	47.54
MPDB005247	Fungi	ITS	607	47.28
MPDB005248	Fungi	ITS	571	47.81
MPDB005249	Fungi	ITS	591	47.72
MPDB005250	Fungi	ITS	614	48.05
MPDB005251	Fungi	ITS	645	47.6
MPDB005252	Fungi	ITS	642	47.66
MPDB005253	Fungi	ITS	619	45.4
MPDB005254	Fungi	ITS	625	47.2
MPDB005255	Fungi	ITS	595	47.56
MPDB005256	Fungi	ITS	503	47.71
MPDB005257	Fungi	ITS	522	46.74
MPDB005258	Fungi	ITS	597	47.74
MPDB005259	Fungi	ITS	569	47.8
MPDB005260	Fungi	ITS	527	46.68
MPDB005261	Fungi	ITS	552	47.1
MPDB005262	Fungi	ITS	461	44.47
MPDB005263	Fungi	ITS	490	45.92
MPDB005264	Fungi	ITS	487	46.0
MPDB005265	Fungi	ITS	488	45.7
MPDB005266	Fungi	ITS	485	46.19
MPDB005267	Fungi	ITS	480	47.08
MPDB005268	Fungi	ITS	479	46.97
MPDB005269	Fungi	ITS	589	47.2
MPDB005270	Fungi	ITS	529	46.88
MPDB005271	Fungi	ITS	380	45.53
MPDB005272	Fungi	ITS	380	45.79
MPDB005273	Fungi	ITS	565	47.08
MPDB005274	Fungi	ITS	626	46.65
MPDB005275	Fungi	ITS	550	43.45
MPDB005276	Fungi	ITS	503	46.32
MPDB005277	Fungi	ITS	165	51.52
MPDB005278	Fungi	ITS	898	47.66
MPDB005279	Fungi	ITS	582	46.74
MPDB005280	Fungi	ITS	490	47.14
MPDB005281	Fungi	ITS	559	46.87
MPDB005282	Fungi	ITS	578	47.06
MPDB005283	Fungi	ITS	606	46.53
MPDB005284	Fungi	ITS	589	47.03
MPDB005285	Fungi	ITS	460	46.09
MPDB005286	Fungi	ITS	586	46.93
MPDB005287	Fungi	ITS	583	46.83
MPDB005288	Fungi	ITS	575	46.78
MPDB005289	Fungi	ITS	534	47.19
MPDB005290	Fungi	ITS	527	47.44
MPDB005291	Fungi	ITS	576	48.09
MPDB005292	Fungi	ITS	533	47.28
MPDB005293	Fungi	ITS	516	46.51
MPDB005294	Fungi	ITS	505	46.53
MPDB005295	Fungi	ITS	592	46.45
MPDB005296	Fungi	ITS	619	46.37
MPDB005297	Fungi	ITS	470	46.81
MPDB005298	Fungi	ITS	562	46.8
MPDB005299	Fungi	ITS	562	47.69
MPDB005300	Fungi	ITS	521	55.66
MPDB005301	Fungi	ITS	535	55.89
MPDB005302	Fungi	ITS	530	55.28
MPDB005303	Fungi	ITS	546	56.04
MPDB005304	Fungi	ITS	525	56.38
MPDB005305	Fungi	ITS	577	54.77
MPDB005306	Fungi	ITS	632	54.43
MPDB005307	Fungi	ITS	783	55.17
MPDB005308	Fungi	ITS	566	54.06
MPDB005309	Fungi	ITS	600	55.33
MPDB005310	Fungi	ITS	598	55.35
MPDB005311	Fungi	ITS	604	54.97
MPDB005312	Fungi	ITS	534	55.43
MPDB005313	Fungi	ITS	574	55.4
MPDB005314	Fungi	ITS	576	54.17
MPDB005315	Fungi	ITS	622	54.5
MPDB005316	Fungi	ITS	631	55.15
MPDB005317	Fungi	ITS	584	55.65
MPDB005318	Fungi	ITS	527	55.41
MPDB005319	Fungi	ITS	597	55.44
MPDB005320	Fungi	ITS	568	55.28
MPDB005321	Fungi	ITS	519	56.45
MPDB005322	Fungi	ITS	497	56.74
MPDB005323	Fungi	ITS	591	54.65
MPDB005324	Fungi	ITS	524	55.92
MPDB005325	Fungi	ITS	640	55.16
MPDB005326	Fungi	ITS	562	57.65
MPDB005327	Fungi	ITS	564	57.45
MPDB005328	Fungi	ITS	570	54.74
MPDB005329	Fungi	ITS	565	54.51
MPDB005330	Fungi	ITS	531	55.74
MPDB005331	Fungi	ITS	576	55.21
MPDB005332	Fungi	ITS	586	54.78
MPDB005333	Fungi	ITS	618	54.37
MPDB005334	Fungi	ITS	568	55.46
MPDB005335	Fungi	ITS	621	54.11
MPDB005336	Fungi	ITS	581	54.56
MPDB005337	Fungi	ITS	567	54.67
MPDB005338	Fungi	ITS	574	55.75
MPDB005339	Fungi	ITS	571	54.29
MPDB005340	Fungi	ITS	558	54.84
MPDB005341	Fungi	ITS	637	56.67
MPDB005342	Fungi	ITS	576	55.03
MPDB005343	Oomycetes	ITS	249	42.57
MPDB005344	Oomycetes	ITS	757	49.41
MPDB005345	Oomycetes	ITS	753	49.67
MPDB005346	Oomycetes	ITS	762	49.08
MPDB005347	Oomycetes	ITS	762	49.21
MPDB005348	Oomycetes	ITS	757	49.14
MPDB005349	Oomycetes	ITS	753	49.4
MPDB005350	Oomycetes	ITS	753	49.4
MPDB005351	Oomycetes	ITS	752	49.73
MPDB005352	Oomycetes	ITS	758	49.47
MPDB005353	Oomycetes	ITS	755	49.4
MPDB005354	Oomycetes	ITS	753	49.4
MPDB005355	Oomycetes	ITS	4044	47.08
MPDB005356	Oomycetes	ITS	760	49.34
MPDB005357	Oomycetes	ITS	753	49.8
MPDB005358	Oomycetes	ITS	823	49.09
MPDB005359	Oomycetes	ITS	792	49.12
MPDB005360	Oomycetes	ITS	776	49.36
MPDB005361	Oomycetes	ITS	822	48.66
MPDB005362	Oomycetes	ITS	824	49.39
MPDB005363	Oomycetes	ITS	822	49.76
MPDB005364	Oomycetes	ITS	805	49.19
MPDB005365	Oomycetes	ITS	846	50.83
MPDB005366	Oomycetes	ITS	802	49.25
MPDB005367	Oomycetes	ITS	818	50.0
MPDB005368	Oomycetes	ITS	701	49.64
MPDB005369	Oomycetes	ITS	821	49.21
MPDB005370	Oomycetes	ITS	823	49.09
MPDB005371	Oomycetes	ITS	792	49.37
MPDB005372	Oomycetes	ITS	786	45.55
MPDB005373	Oomycetes	ITS	1056	50.57
MPDB005374	Oomycetes	ITS	906	48.79
MPDB005375	Oomycetes	ITS	587	50.43
MPDB005376	Oomycetes	ITS	371	54.72
MPDB005377	Oomycetes	ITS	1337	44.65
MPDB005378	Oomycetes	ITS	801	44.82
MPDB005379	Oomycetes	ITS	336	53.57
MPDB005380	Oomycetes	ITS	534	50.37
MPDB005381	Oomycetes	ITS	706	50.0
MPDB005382	Oomycetes	ITS	778	49.49
MPDB005383	Oomycetes	ITS	722	49.31
MPDB005384	Oomycetes	ITS	819	48.6
MPDB005385	Oomycetes	ITS	813	48.95
MPDB005386	Oomycetes	ITS	823	49.21
MPDB005387	Oomycetes	ITS	871	43.63
MPDB005388	Oomycetes	ITS	2019	46.26
MPDB005389	Oomycetes	ITS	897	43.59
MPDB005390	Oomycetes	ITS	923	43.99
MPDB005391	Oomycetes	ITS	616	43.67
MPDB005392	Oomycetes	ITS	570	44.74
MPDB005393	Oomycetes	ITS	652	45.55
MPDB005394	Oomycetes	ITS	4069	45.44
MPDB005395	Oomycetes	ITS	335	65.37
MPDB005396	Oomycetes	ITS	335	51.04
MPDB005397	Oomycetes	ITS	335	59.4
MPDB005398	Oomycetes	ITS	335	42.39
MPDB005399	Oomycetes	ITS	863	44.5
MPDB005400	Oomycetes	ITS	786	45.04
MPDB005401	Oomycetes	ITS	783	45.34
MPDB005402	Oomycetes	ITS	770	45.97
MPDB005403	Oomycetes	ITS	862	44.66
MPDB005404	Oomycetes	ITS	853	44.43
MPDB005405	Oomycetes	ITS	859	44.35
MPDB005406	Oomycetes	ITS	900	44.67
MPDB005407	Oomycetes	ITS	762	44.75
MPDB005408	Oomycetes	ITS	833	45.14
MPDB005409	Oomycetes	ITS	892	44.62
MPDB005410	Oomycetes	ITS	880	44.89
MPDB005411	Oomycetes	ITS	840	45.12
MPDB005412	Oomycetes	ITS	850	44.47
MPDB005413	Oomycetes	ITS	870	44.83
MPDB005414	Oomycetes	ITS	891	44.78
MPDB005415	Oomycetes	ITS	896	44.64
MPDB005416	Oomycetes	ITS	775	45.03
MPDB005417	Oomycetes	ITS	846	44.33
MPDB005418	Oomycetes	ITS	818	44.74
MPDB005419	Oomycetes	ITS	984	44.82
MPDB005420	Oomycetes	ITS	1000	45.4
MPDB005421	Oomycetes	ITS	993	45.42
MPDB005422	Oomycetes	ITS	902	44.9
MPDB005423	Oomycetes	ITS	900	44.89
MPDB005424	Oomycetes	ITS	896	44.87
MPDB005425	Oomycetes	ITS	894	44.74
MPDB005426	Oomycetes	ITS	896	45.09
MPDB005427	Oomycetes	ITS	898	44.99
MPDB005428	Oomycetes	ITS	884	44.68
MPDB005429	Oomycetes	ITS	903	44.96
MPDB005430	Oomycetes	ITS	898	44.99
MPDB005431	Oomycetes	ITS	897	45.04
MPDB005432	Oomycetes	ITS	898	45.21
MPDB005433	Oomycetes	ITS	850	44.71
MPDB005434	Oomycetes	ITS	848	44.69
MPDB005435	Oomycetes	ITS	852	44.6
MPDB005436	Oomycetes	ITS	852	44.72
MPDB005437	Oomycetes	ITS	825	42.55
MPDB005438	Oomycetes	ITS	844	42.54
MPDB005439	Oomycetes	ITS	835	42.63
MPDB005440	Oomycetes	ITS	843	42.35
MPDB005441	Oomycetes	ITS	836	42.58
MPDB005442	Oomycetes	ITS	821	42.87
MPDB005443	Oomycetes	ITS	826	42.74
MPDB005444	Oomycetes	ITS	832	42.79
MPDB005445	Oomycetes	ITS	833	42.74
MPDB005446	Oomycetes	ITS	869	42.58
MPDB005447	Oomycetes	ITS	309	40.45
MPDB005448	Oomycetes	ITS	694	43.23
MPDB005449	Oomycetes	ITS	738	43.9
MPDB005450	Oomycetes	ITS	880	42.73
MPDB005451	Oomycetes	ITS	872	42.66
MPDB005452	Oomycetes	ITS	824	42.6
MPDB005453	Oomycetes	ITS	821	42.75
MPDB005454	Oomycetes	ITS	817	42.96
MPDB005455	Oomycetes	ITS	902	42.57
MPDB005456	Oomycetes	ITS	877	42.87
MPDB005457	Oomycetes	ITS	833	42.62
MPDB005458	Oomycetes	ITS	532	42.48
MPDB005459	Oomycetes	ITS	586	43.0
MPDB005460	Oomycetes	ITS	669	42.45
MPDB005461	Oomycetes	ITS	894	41.72
MPDB005462	Oomycetes	ITS	898	42.43
MPDB005463	Oomycetes	ITS	883	41.79
MPDB005464	Oomycetes	ITS	881	42.79
MPDB005465	Oomycetes	ITS	893	42.78
MPDB005466	Oomycetes	ITS	889	42.41
MPDB005467	Oomycetes	ITS	885	42.6
MPDB005468	Oomycetes	ITS	884	42.87
MPDB005469	Oomycetes	ITS	749	42.06
MPDB005470	Oomycetes	ITS	891	42.76
MPDB005471	Oomycetes	ITS	825	42.06
MPDB005472	Oomycetes	ITS	174	40.23
MPDB005473	Oomycetes	ITS	774	42.25
MPDB005474	Oomycetes	ITS	865	42.54
MPDB005475	Oomycetes	ITS	898	42.87
MPDB005476	Oomycetes	ITS	1987	45.24
MPDB005477	Oomycetes	ITS	583	42.37
MPDB005478	Oomycetes	ITS	585	41.88
MPDB005479	Oomycetes	ITS	889	42.74
MPDB005480	Oomycetes	ITS	4220	46.92
MPDB005481	Oomycetes	ITS	928	49.25
MPDB005482	Oomycetes	ITS	698	47.71
MPDB005483	Oomycetes	ITS	743	48.45
MPDB005484	Oomycetes	ITS	823	49.09
MPDB005485	Oomycetes	ITS	929	50.16
MPDB005486	Oomycetes	ITS	912	50.44
MPDB005487	Oomycetes	ITS	919	50.16
MPDB005488	Oomycetes	ITS	917	49.07
MPDB005489	Oomycetes	ITS	922	49.13
MPDB005490	Oomycetes	ITS	921	48.86
MPDB005491	Oomycetes	ITS	923	49.08
MPDB005492	Oomycetes	ITS	923	50.49
MPDB005493	Oomycetes	ITS	924	49.03
MPDB005494	Oomycetes	ITS	928	50.0
MPDB005495	Oomycetes	ITS	925	50.27
MPDB005496	Oomycetes	ITS	936	49.04
MPDB005497	Oomycetes	ITS	918	49.35
MPDB005498	Oomycetes	ITS	922	49.13
MPDB005499	Oomycetes	ITS	929	49.3
MPDB005500	Oomycetes	ITS	920	49.24
MPDB005501	Oomycetes	ITS	926	49.24
MPDB005502	Oomycetes	ITS	927	49.08
MPDB005503	Oomycetes	ITS	928	49.14
MPDB005504	Oomycetes	ITS	1025	49.46
MPDB005505	Oomycetes	ITS	1014	49.9
MPDB005506	Oomycetes	ITS	752	48.94
MPDB005507	Oomycetes	ITS	922	50.22
MPDB005508	Oomycetes	ITS	937	49.84
MPDB005509	Oomycetes	ITS	917	50.49
MPDB005510	Oomycetes	ITS	927	50.38
MPDB005511	Oomycetes	ITS	943	50.16
MPDB005512	Oomycetes	ITS	945	50.05
MPDB005513	Oomycetes	ITS	962	49.06
MPDB005514	Oomycetes	ITS	798	47.99
MPDB005515	Oomycetes	ITS	550	48.91
MPDB005516	Oomycetes	ITS	550	47.82
MPDB005517	Oomycetes	ITS	905	49.06
MPDB005518	Oomycetes	ITS	913	50.05
MPDB005519	Oomycetes	ITS	925	48.86
MPDB005520	Oomycetes	ITS	902	49.33
MPDB005521	Oomycetes	ITS	775	48.77
MPDB005522	Oomycetes	ITS	512	47.66
MPDB005523	Oomycetes	ITS	916	45.31
MPDB005524	Oomycetes	ITS	916	45.31
MPDB005525	Oomycetes	ITS	916	45.52
MPDB005526	Oomycetes	ITS	4068	45.89
MPDB005527	Oomycetes	ITS	901	45.28
MPDB005528	Oomycetes	ITS	739	46.28
MPDB005529	Oomycetes	ITS	838	45.94
MPDB005530	Oomycetes	ITS	886	45.6
MPDB005531	Oomycetes	ITS	954	44.55
MPDB005532	Oomycetes	ITS	623	45.91
MPDB005533	Oomycetes	ITS	969	45.61
MPDB005534	Oomycetes	ITS	955	45.86
MPDB005535	Oomycetes	ITS	979	45.76
MPDB005536	Oomycetes	ITS	720	45.56
MPDB005537	Oomycetes	ITS	909	45.54
MPDB005538	Oomycetes	ITS	948	45.25
MPDB005539	Oomycetes	ITS	963	45.28
MPDB005540	Oomycetes	ITS	961	45.27
MPDB005541	Oomycetes	ITS	956	45.19
MPDB005542	Oomycetes	ITS	963	45.17
MPDB005543	Oomycetes	ITS	952	45.38
MPDB005544	Oomycetes	ITS	956	45.29
MPDB005545	Oomycetes	ITS	958	45.2
MPDB005546	Oomycetes	ITS	938	45.2
MPDB005547	Oomycetes	ITS	962	45.22
MPDB005548	Oomycetes	ITS	960	45.62
MPDB005549	Oomycetes	ITS	945	45.5
MPDB005550	Oomycetes	ITS	951	45.85
MPDB005551	Oomycetes	ITS	960	45.52
MPDB005552	Oomycetes	ITS	783	46.49
MPDB005553	Oomycetes	ITS	626	46.96
MPDB005554	Oomycetes	ITS	799	46.56
MPDB005555	Oomycetes	ITS	865	46.01
MPDB005556	Oomycetes	ITS	935	45.88
MPDB005557	Oomycetes	ITS	939	45.69
MPDB005558	Oomycetes	ITS	878	45.67
MPDB005559	Oomycetes	ITS	896	45.54
MPDB005560	Oomycetes	ITS	931	45.44
MPDB005561	Oomycetes	ITS	945	45.29
MPDB005562	Oomycetes	ITS	919	45.05
MPDB005563	Oomycetes	ITS	934	45.93
MPDB005564	Oomycetes	ITS	679	45.95
MPDB005565	Oomycetes	ITS	964	45.85
MPDB005566	Oomycetes	ITS	195	42.05
MPDB005567	Oomycetes	ITS	195	42.05
MPDB005568	Oomycetes	ITS	822	42.7
MPDB005569	Oomycetes	ITS	826	42.98
MPDB005570	Oomycetes	ITS	819	42.86
MPDB005571	Oomycetes	ITS	823	42.89
MPDB005572	Oomycetes	ITS	791	42.73
MPDB005573	Oomycetes	ITS	794	42.44
MPDB005574	Oomycetes	ITS	4189	46.72
MPDB005575	Oomycetes	ITS	944	48.83
MPDB005576	Oomycetes	ITS	961	48.6
MPDB005577	Oomycetes	ITS	885	48.93
MPDB005578	Oomycetes	ITS	900	49.33
MPDB005579	Oomycetes	ITS	791	42.73
MPDB005580	Oomycetes	ITS	930	46.56
MPDB005581	Oomycetes	ITS	900	49.11
MPDB005582	Oomycetes	ITS	755	47.81
MPDB005583	Oomycetes	ITS	752	43.35
MPDB005584	Oomycetes	ITS	868	48.73
MPDB005585	Oomycetes	ITS	946	49.37
MPDB005586	Oomycetes	ITS	710	47.89
MPDB005587	Oomycetes	ITS	966	50.0
MPDB005588	Oomycetes	ITS	161	40.37
MPDB005589	Oomycetes	ITS	982	50.41
MPDB005590	Oomycetes	ITS	4116	46.31
MPDB005591	Oomycetes	ITS	366	49.45
MPDB005592	Oomycetes	ITS	964	46.89
MPDB005593	Oomycetes	ITS	981	50.36
MPDB005594	Oomycetes	ITS	996	46.89
MPDB005595	Oomycetes	ITS	393	43.77
MPDB005596	Oomycetes	ITS	919	47.77
MPDB005597	Oomycetes	ITS	606	47.36
MPDB005598	Oomycetes	ITS	893	46.92
MPDB005599	Oomycetes	ITS	3926	45.98
MPDB005600	Oomycetes	ITS	805	46.34
MPDB005601	Oomycetes	ITS	789	46.89
MPDB005602	Oomycetes	ITS	785	47.01
MPDB005603	Oomycetes	ITS	814	46.07
MPDB005604	Oomycetes	ITS	892	46.52
MPDB005605	Oomycetes	ITS	794	47.61
MPDB005606	Oomycetes	ITS	845	46.98
MPDB005607	Oomycetes	ITS	689	47.17
MPDB005608	Oomycetes	ITS	816	46.69
MPDB005609	Oomycetes	ITS	777	47.49
MPDB005610	Oomycetes	ITS	837	46.48
MPDB005611	Oomycetes	ITS	672	46.73
MPDB005612	Oomycetes	ITS	629	46.9
MPDB005613	Oomycetes	ITS	831	47.17
MPDB005614	Oomycetes	ITS	2254	46.63
MPDB005615	Oomycetes	ITS	820	45.61
MPDB005616	Oomycetes	ITS	800	45.62
MPDB005617	Oomycetes	ITS	786	45.67
MPDB005618	Oomycetes	ITS	743	46.3
MPDB005619	Oomycetes	ITS	813	45.14
MPDB005620	Oomycetes	ITS	724	46.41
MPDB005621	Oomycetes	ITS	720	46.11
MPDB005622	Oomycetes	ITS	837	45.76
MPDB005623	Oomycetes	ITS	777	44.79
MPDB005624	Oomycetes	ITS	785	44.97
MPDB005625	Oomycetes	ITS	785	44.97
MPDB005626	Oomycetes	ITS	786	44.91
MPDB005627	Oomycetes	ITS	787	44.73
MPDB005628	Oomycetes	ITS	810	45.06
MPDB005629	Oomycetes	ITS	785	44.84
MPDB005630	Oomycetes	ITS	786	45.04
MPDB005631	Oomycetes	ITS	808	44.93
MPDB005632	Oomycetes	ITS	782	47.31
MPDB005633	Oomycetes	ITS	775	44.9
MPDB005634	Oomycetes	ITS	780	45.0
MPDB005635	Oomycetes	ITS	780	45.13
MPDB005636	Oomycetes	ITS	785	44.84
MPDB005637	Oomycetes	ITS	781	44.69
MPDB005638	Oomycetes	ITS	787	44.85
MPDB005639	Oomycetes	ITS	791	44.63
MPDB005640	Oomycetes	ITS	777	45.05
MPDB005641	Oomycetes	ITS	778	44.99
MPDB005642	Oomycetes	ITS	778	44.99
MPDB005643	Oomycetes	ITS	779	45.31
MPDB005644	Oomycetes	ITS	778	44.99
MPDB005645	Oomycetes	ITS	784	44.9
MPDB005646	Oomycetes	ITS	782	44.88
MPDB005647	Oomycetes	ITS	787	44.85
MPDB005648	Oomycetes	ITS	805	45.22
MPDB005649	Oomycetes	ITS	785	44.97
MPDB005650	Oomycetes	ITS	777	44.79
MPDB005651	Oomycetes	ITS	777	45.05
MPDB005652	Oomycetes	ITS	779	45.06
MPDB005653	Oomycetes	ITS	812	43.47
MPDB005654	Oomycetes	ITS	662	45.77
MPDB005655	Oomycetes	ITS	826	44.55
MPDB005656	Oomycetes	ITS	776	44.85
MPDB005657	Oomycetes	ITS	796	44.85
MPDB005658	Oomycetes	ITS	809	44.75
MPDB005659	Oomycetes	ITS	813	45.02
MPDB005660	Oomycetes	ITS	790	44.68
MPDB005661	Oomycetes	ITS	774	44.83
MPDB005662	Oomycetes	ITS	783	45.34
MPDB005663	Oomycetes	ITS	249	44.58
MPDB005664	Oomycetes	ITS	828	45.17
MPDB005665	Oomycetes	ITS	605	46.61
MPDB005666	Oomycetes	ITS	938	48.29
MPDB005667	Oomycetes	ITS	948	48.21
MPDB005668	Oomycetes	ITS	937	47.07
MPDB005669	Oomycetes	ITS	916	49.67
MPDB005670	Oomycetes	ITS	937	47.28
MPDB005671	Oomycetes	ITS	945	48.68
MPDB005672	Oomycetes	ITS	916	49.45
MPDB005673	Oomycetes	ITS	916	49.67
MPDB005674	Oomycetes	ITS	927	48.11
MPDB005675	Oomycetes	ITS	937	47.17
MPDB005676	Oomycetes	ITS	4212	46.44
MPDB005677	Oomycetes	ITS	914	47.48
MPDB005678	Oomycetes	ITS	938	47.87
MPDB005679	Oomycetes	ITS	884	48.53
MPDB005680	Oomycetes	ITS	873	48.11
MPDB005681	Oomycetes	ITS	938	47.76
MPDB005682	Oomycetes	ITS	742	47.57
MPDB005683	Oomycetes	ITS	618	45.31
MPDB005684	Oomycetes	ITS	948	48.31
MPDB005685	Oomycetes	ITS	968	47.11
MPDB005686	Oomycetes	ITS	960	47.4
MPDB005687	Oomycetes	ITS	829	48.49
MPDB005688	Oomycetes	ITS	831	48.38
MPDB005689	Oomycetes	ITS	800	48.5
MPDB005690	Oomycetes	ITS	525	46.1
MPDB005691	Oomycetes	ITS	556	46.4
MPDB005692	Oomycetes	ITS	550	46.18
MPDB005693	Oomycetes	ITS	705	49.22
MPDB005694	Oomycetes	ITS	944	47.88
MPDB005695	Oomycetes	ITS	491	46.03
MPDB005696	Oomycetes	ITS	533	46.15
MPDB005697	Oomycetes	ITS	825	49.09
MPDB005698	Oomycetes	ITS	984	47.36
MPDB005699	Oomycetes	ITS	981	47.4
MPDB005700	Oomycetes	ITS	983	47.3
MPDB005701	Oomycetes	ITS	986	47.46
MPDB005702	Oomycetes	ITS	711	46.41
MPDB005703	Oomycetes	ITS	712	46.49
MPDB005704	Oomycetes	ITS	635	46.93
MPDB005705	Oomycetes	ITS	922	47.72
MPDB005706	Oomycetes	ITS	922	47.83
MPDB005707	Oomycetes	ITS	922	47.4
MPDB005708	Oomycetes	ITS	907	47.74
MPDB005709	Oomycetes	ITS	195	41.54
MPDB005710	Oomycetes	ITS	188	41.49
MPDB005711	Oomycetes	ITS	1574	43.65
MPDB005712	Oomycetes	ITS	775	45.16
MPDB005713	Oomycetes	ITS	775	45.29
MPDB005714	Oomycetes	ITS	4041	45.83
MPDB005715	Oomycetes	ITS	862	45.24
MPDB005716	Oomycetes	ITS	878	44.87
MPDB005717	Oomycetes	ITS	858	45.22
MPDB005718	Oomycetes	ITS	850	45.41
MPDB005719	Oomycetes	ITS	859	45.17
MPDB005720	Oomycetes	ITS	853	45.25
MPDB005721	Oomycetes	ITS	856	45.33
MPDB005722	Oomycetes	ITS	875	44.8
MPDB005723	Oomycetes	ITS	754	45.76
MPDB005724	Oomycetes	ITS	822	44.89
MPDB005725	Oomycetes	ITS	783	45.34
MPDB005726	Oomycetes	ITS	775	45.55
MPDB005727	Oomycetes	ITS	825	44.97
MPDB005728	Oomycetes	ITS	817	45.04
MPDB005729	Oomycetes	ITS	801	45.32
MPDB005730	Oomycetes	ITS	800	45.38
MPDB005731	Oomycetes	ITS	748	45.05
MPDB005732	Oomycetes	ITS	811	44.88
MPDB005733	Oomycetes	ITS	753	45.29
MPDB005734	Oomycetes	ITS	811	45.38
MPDB005735	Oomycetes	ITS	825	44.85
MPDB005736	Oomycetes	ITS	826	44.92
MPDB005737	Oomycetes	ITS	825	44.85
MPDB005738	Oomycetes	ITS	824	44.78
MPDB005739	Oomycetes	ITS	825	44.97
MPDB005740	Oomycetes	ITS	839	45.17
MPDB005741	Oomycetes	ITS	772	45.34
MPDB005742	Oomycetes	ITS	779	44.16
MPDB005743	Oomycetes	ITS	779	45.57
MPDB005744	Oomycetes	ITS	727	44.84
MPDB005745	Oomycetes	ITS	814	45.45
MPDB005746	Oomycetes	ITS	823	44.84
MPDB005747	Oomycetes	ITS	827	44.86
MPDB005748	Oomycetes	ITS	804	45.9
MPDB005749	Oomycetes	ITS	798	45.74
MPDB005750	Oomycetes	ITS	806	45.66
MPDB005751	Oomycetes	ITS	799	45.68
MPDB005752	Oomycetes	ITS	775	45.55
MPDB005753	Oomycetes	ITS	825	44.85
MPDB005754	Oomycetes	ITS	825	45.09
MPDB005755	Oomycetes	ITS	4048	45.21
MPDB005756	Oomycetes	ITS	822	43.55
MPDB005757	Oomycetes	ITS	753	43.69
MPDB005758	Oomycetes	ITS	849	43.46
MPDB005759	Oomycetes	ITS	854	43.33
MPDB005760	Oomycetes	ITS	844	43.36
MPDB005761	Oomycetes	ITS	850	43.41
MPDB005762	Oomycetes	ITS	850	43.65
MPDB005763	Oomycetes	ITS	844	43.13
MPDB005764	Oomycetes	ITS	849	42.64
MPDB005765	Oomycetes	ITS	851	43.6
MPDB005766	Oomycetes	ITS	772	43.13
MPDB005767	Oomycetes	ITS	863	42.87
MPDB005768	Oomycetes	ITS	871	43.05
MPDB005769	Oomycetes	ITS	858	43.12
MPDB005770	Oomycetes	ITS	822	43.55
MPDB005771	Oomycetes	ITS	770	42.99
MPDB005772	Oomycetes	ITS	859	42.84
MPDB005773	Oomycetes	ITS	859	43.19
MPDB005774	Oomycetes	ITS	781	43.28
MPDB005775	Oomycetes	ITS	727	43.19
MPDB005776	Oomycetes	ITS	650	42.31
MPDB005777	Oomycetes	ITS	753	43.29
MPDB005778	Oomycetes	ITS	813	43.67
MPDB005779	Oomycetes	ITS	783	43.81
MPDB005780	Oomycetes	ITS	795	43.02
MPDB005781	Oomycetes	ITS	780	43.08
MPDB005782	Oomycetes	ITS	808	43.07
MPDB005783	Oomycetes	ITS	764	43.06
MPDB005784	Oomycetes	ITS	808	43.44
MPDB005785	Oomycetes	ITS	752	43.62
MPDB005786	Oomycetes	ITS	825	42.55
MPDB005787	Oomycetes	ITS	820	43.17
MPDB005788	Oomycetes	ITS	819	43.1
MPDB005789	Oomycetes	ITS	635	42.83
MPDB005790	Oomycetes	ITS	735	43.67
MPDB005791	Oomycetes	ITS	732	43.58
MPDB005792	Oomycetes	ITS	732	43.58
MPDB005793	Oomycetes	ITS	737	43.69
MPDB005794	Oomycetes	ITS	807	43.37
MPDB005795	Oomycetes	ITS	762	45.41
MPDB005796	Oomycetes	ITS	794	45.09
MPDB005797	Oomycetes	ITS	836	45.33
MPDB005798	Oomycetes	ITS	837	45.4
MPDB005799	Oomycetes	ITS	846	44.92
MPDB005800	Oomycetes	ITS	845	45.21
MPDB005801	Oomycetes	ITS	794	45.21
MPDB005802	Oomycetes	ITS	875	45.03
MPDB005803	Oomycetes	ITS	466	43.78
MPDB005804	Oomycetes	ITS	827	45.71
MPDB005805	Oomycetes	ITS	207	42.51
MPDB005806	Oomycetes	ITS	812	45.81
MPDB005807	Oomycetes	ITS	831	45.01
MPDB005808	Oomycetes	ITS	792	45.08
MPDB005809	Oomycetes	ITS	795	45.16
MPDB005810	Oomycetes	ITS	555	45.95
MPDB005811	Oomycetes	ITS	664	45.78
MPDB005812	Oomycetes	ITS	739	45.6
MPDB005813	Oomycetes	ITS	799	45.18
MPDB005814	Oomycetes	ITS	587	46.0
MPDB005815	Oomycetes	ITS	591	46.02
MPDB005816	Oomycetes	ITS	882	44.67
MPDB005817	Oomycetes	ITS	851	45.36
MPDB005818	Oomycetes	ITS	850	45.41
MPDB005819	Oomycetes	ITS	805	45.22
MPDB005820	Oomycetes	ITS	764	45.42
MPDB005821	Oomycetes	ITS	838	45.35
MPDB005822	Oomycetes	ITS	840	45.36
MPDB005823	Oomycetes	ITS	839	45.41
MPDB005824	Oomycetes	ITS	825	45.21
MPDB005825	Oomycetes	ITS	210	41.9
MPDB005826	Oomycetes	ITS	702	45.3
MPDB005827	Oomycetes	ITS	701	45.36
MPDB005828	Oomycetes	ITS	641	46.02
MPDB005829	Oomycetes	ITS	685	45.4
MPDB005830	Oomycetes	ITS	765	45.23
MPDB005831	Oomycetes	ITS	641	45.55
MPDB005832	Oomycetes	ITS	759	45.32
MPDB005833	Oomycetes	ITS	808	45.05
MPDB005834	Oomycetes	ITS	840	45.48
MPDB005835	Oomycetes	ITS	688	46.37
MPDB005836	Oomycetes	ITS	762	46.19
MPDB005837	Oomycetes	ITS	720	45.97
MPDB005838	Oomycetes	ITS	806	45.91
MPDB005839	Oomycetes	ITS	4076	45.29
MPDB005840	Oomycetes	ITS	930	43.87
MPDB005841	Oomycetes	ITS	926	44.06
MPDB005842	Oomycetes	ITS	925	46.81
MPDB005843	Oomycetes	ITS	931	44.68
MPDB005844	Oomycetes	ITS	925	44.65
MPDB005845	Oomycetes	ITS	675	44.0
MPDB005846	Oomycetes	ITS	539	42.12
MPDB005847	Oomycetes	ITS	805	45.34
MPDB005848	Oomycetes	ITS	787	45.74
MPDB005849	Oomycetes	ITS	801	45.32
MPDB005850	Oomycetes	ITS	783	45.72
MPDB005851	Oomycetes	ITS	781	45.45
MPDB005852	Oomycetes	ITS	786	45.55
MPDB005853	Oomycetes	ITS	853	44.9
MPDB005854	Oomycetes	ITS	793	45.52
MPDB005855	Oomycetes	ITS	806	45.41
MPDB005856	Oomycetes	ITS	803	45.21
MPDB005857	Oomycetes	ITS	791	45.51
MPDB005858	Oomycetes	ITS	834	45.8
MPDB005859	Oomycetes	ITS	822	45.26
MPDB005860	Oomycetes	ITS	809	45.49
MPDB005861	Oomycetes	ITS	824	45.75
MPDB005862	Oomycetes	ITS	800	46.12
MPDB005863	Oomycetes	ITS	818	45.11
MPDB005864	Oomycetes	ITS	920	45.33
MPDB005865	Oomycetes	ITS	920	45.43
MPDB005866	Oomycetes	ITS	803	45.58
MPDB005867	Oomycetes	ITS	647	45.6
MPDB005868	Oomycetes	ITS	469	46.91
MPDB005869	Oomycetes	ITS	543	47.15
MPDB005870	Oomycetes	ITS	684	45.47
MPDB005871	Oomycetes	ITS	701	45.65
MPDB005872	Oomycetes	ITS	697	45.62
MPDB005873	Oomycetes	ITS	697	45.91
MPDB005874	Oomycetes	ITS	701	45.93
MPDB005875	Oomycetes	ITS	696	45.83
MPDB005876	Oomycetes	ITS	733	45.84
MPDB005877	Oomycetes	ITS	618	46.44
MPDB005878	Oomycetes	ITS	641	46.02
MPDB005879	Oomycetes	ITS	779	45.83
MPDB005880	Oomycetes	ITS	779	45.7
MPDB005881	Oomycetes	ITS	794	45.09
MPDB005882	Oomycetes	ITS	789	45.75
MPDB005883	Oomycetes	ITS	796	44.72
MPDB005884	Oomycetes	ITS	796	44.85
MPDB005885	Oomycetes	ITS	796	44.85
MPDB005886	Oomycetes	ITS	796	44.85
MPDB005887	Oomycetes	ITS	798	45.49
MPDB005888	Oomycetes	ITS	2271	46.37
MPDB005889	Oomycetes	ITS	673	45.17
MPDB005890	Oomycetes	ITS	798	44.99
MPDB005891	Oomycetes	ITS	817	44.68
MPDB005892	Oomycetes	ITS	794	44.96
MPDB005893	Oomycetes	ITS	804	48.26
MPDB005894	Oomycetes	ITS	788	44.92
MPDB005895	Oomycetes	ITS	788	45.18
MPDB005896	Oomycetes	ITS	781	44.56
MPDB005897	Oomycetes	ITS	789	44.87
MPDB005898	Oomycetes	ITS	876	44.63
MPDB005899	Oomycetes	ITS	789	44.61
MPDB005900	Oomycetes	ITS	815	44.66
MPDB005901	Oomycetes	ITS	808	44.8
MPDB005902	Oomycetes	ITS	807	44.61
MPDB005903	Oomycetes	ITS	809	44.38
MPDB005904	Oomycetes	ITS	808	44.55
MPDB005905	Oomycetes	ITS	849	44.88
MPDB005906	Oomycetes	ITS	869	44.76
MPDB005907	Oomycetes	ITS	336	33.04
MPDB005908	Oomycetes	ITS	361	44.88
MPDB005909	Oomycetes	ITS	335	45.97
MPDB005910	Oomycetes	ITS	797	44.92
MPDB005911	Oomycetes	ITS	796	45.1
MPDB005912	Oomycetes	ITS	839	44.93
MPDB005913	Oomycetes	ITS	838	44.99
MPDB005914	Oomycetes	ITS	797	45.04
MPDB005915	Oomycetes	ITS	798	44.86
MPDB005916	Oomycetes	ITS	741	45.07
MPDB005917	Oomycetes	ITS	801	44.69
MPDB005918	Oomycetes	ITS	805	44.97
MPDB005919	Oomycetes	ITS	812	45.07
MPDB005920	Oomycetes	ITS	811	44.39
MPDB005921	Oomycetes	ITS	845	45.21
MPDB005922	Oomycetes	ITS	837	44.8
MPDB005923	Oomycetes	ITS	833	44.54
MPDB005924	Oomycetes	ITS	4042	45.77
MPDB005925	Oomycetes	ITS	731	45.83
MPDB005926	Oomycetes	ITS	742	45.15
MPDB005927	Oomycetes	ITS	769	45.25
MPDB005928	Oomycetes	ITS	795	45.66
MPDB005929	Oomycetes	ITS	793	45.78
MPDB005930	Oomycetes	ITS	797	45.8
MPDB005931	Oomycetes	ITS	729	45.68
MPDB005932	Oomycetes	ITS	771	45.4
MPDB005933	Oomycetes	ITS	768	45.44
MPDB005934	Oomycetes	ITS	769	45.77
MPDB005935	Oomycetes	ITS	785	45.61
MPDB005936	Oomycetes	ITS	789	45.5
MPDB005937	Oomycetes	ITS	795	45.79
MPDB005938	Oomycetes	ITS	704	43.89
MPDB005939	Oomycetes	ITS	774	45.87
MPDB005940	Oomycetes	ITS	771	45.4
MPDB005941	Oomycetes	ITS	745	45.91
MPDB005942	Oomycetes	ITS	770	45.45
MPDB005943	Oomycetes	ITS	786	45.29
MPDB005944	Oomycetes	ITS	794	45.72
MPDB005945	Oomycetes	ITS	728	45.19
MPDB005946	Oomycetes	ITS	791	45.51
MPDB005947	Oomycetes	ITS	789	45.37
MPDB005948	Oomycetes	ITS	798	45.61
MPDB005949	Oomycetes	ITS	778	45.89
MPDB005950	Oomycetes	ITS	788	44.54
MPDB005951	Oomycetes	ITS	755	45.03
MPDB005952	Oomycetes	ITS	774	44.83
MPDB005953	Oomycetes	ITS	787	45.36
MPDB005954	Oomycetes	ITS	787	45.62
MPDB005955	Oomycetes	ITS	775	45.55
MPDB005956	Oomycetes	ITS	790	45.7
MPDB005957	Oomycetes	ITS	792	45.96
MPDB005958	Oomycetes	ITS	792	45.2
MPDB005959	Oomycetes	ITS	788	45.18
MPDB005960	Oomycetes	ITS	775	45.42
MPDB005961	Oomycetes	ITS	797	45.29
MPDB005962	Oomycetes	ITS	783	45.34
MPDB005963	Oomycetes	ITS	782	45.4
MPDB005964	Oomycetes	ITS	787	45.11
MPDB005965	Oomycetes	ITS	778	45.89
MPDB005966	Oomycetes	ITS	770	45.32
MPDB005967	Oomycetes	ITS	4033	45.65
MPDB005968	Oomycetes	ITS	772	45.47
MPDB005969	Oomycetes	ITS	833	45.26
MPDB005970	Oomycetes	ITS	895	43.91
MPDB005971	Oomycetes	ITS	768	45.44
MPDB005972	Oomycetes	ITS	852	45.42
MPDB005973	Oomycetes	ITS	851	45.36
MPDB005974	Oomycetes	ITS	753	45.95
MPDB005975	Oomycetes	ITS	866	45.84
MPDB005976	Oomycetes	ITS	867	44.98
MPDB005977	Oomycetes	ITS	878	44.65
MPDB005978	Oomycetes	ITS	844	45.5
MPDB005979	Oomycetes	ITS	847	45.57
MPDB005980	Oomycetes	ITS	841	45.54
MPDB005981	Oomycetes	ITS	863	46.35
MPDB005982	Oomycetes	ITS	874	44.51
MPDB005983	Oomycetes	ITS	811	45.87
MPDB005984	Oomycetes	ITS	850	45.53
MPDB005985	Oomycetes	ITS	819	45.67
MPDB005986	Oomycetes	ITS	847	45.45
MPDB005987	Oomycetes	ITS	866	45.27
MPDB005988	Oomycetes	ITS	857	45.27
MPDB005989	Oomycetes	ITS	1053	45.77
MPDB005990	Oomycetes	ITS	1038	46.34
MPDB005991	Oomycetes	ITS	773	45.54
MPDB005992	Oomycetes	ITS	766	45.82
MPDB005993	Oomycetes	ITS	855	45.38
MPDB005994	Oomycetes	ITS	764	45.68
MPDB005995	Oomycetes	ITS	796	45.23
MPDB005996	Oomycetes	ITS	789	45.37
MPDB005997	Oomycetes	ITS	765	45.88
MPDB005998	Oomycetes	ITS	748	46.12
MPDB005999	Oomycetes	ITS	761	45.6
MPDB006000	Oomycetes	ITS	805	45.22
MPDB006001	Oomycetes	ITS	755	44.64
MPDB006002	Oomycetes	ITS	821	45.07
MPDB006003	Oomycetes	ITS	821	45.07
MPDB006004	Oomycetes	ITS	822	45.13
MPDB006005	Oomycetes	ITS	675	45.78
MPDB006006	Oomycetes	ITS	815	45.89
MPDB006007	Oomycetes	ITS	796	46.11
MPDB006008	Oomycetes	ITS	796	45.85
MPDB006009	Oomycetes	ITS	755	45.7
MPDB006010	Oomycetes	ITS	907	49.06
MPDB006011	Oomycetes	ITS	4188	46.92
MPDB006012	Oomycetes	ITS	906	49.23
MPDB006013	Oomycetes	ITS	898	49.11
MPDB006014	Oomycetes	ITS	955	48.8
MPDB006015	Oomycetes	ITS	960	48.54
MPDB006016	Oomycetes	ITS	919	48.86
MPDB006017	Oomycetes	ITS	896	49.11
MPDB006018	Oomycetes	ITS	932	48.93
MPDB006019	Oomycetes	ITS	889	49.38
MPDB006020	Oomycetes	ITS	791	46.52
MPDB006021	Oomycetes	ITS	852	45.66
MPDB006022	Oomycetes	ITS	782	46.68
MPDB006023	Oomycetes	ITS	998	49.0
MPDB006024	Oomycetes	ITS	945	48.78
MPDB006025	Oomycetes	ITS	950	48.95
MPDB006026	Oomycetes	ITS	951	48.69
MPDB006027	Oomycetes	ITS	950	48.63
MPDB006028	Oomycetes	ITS	567	46.91
MPDB006029	Oomycetes	ITS	673	48.29
MPDB006030	Oomycetes	ITS	721	48.4
MPDB006031	Oomycetes	ITS	872	49.43
MPDB006032	Oomycetes	ITS	931	49.19
MPDB006033	Oomycetes	ITS	842	49.88
MPDB006034	Oomycetes	ITS	856	49.42
MPDB006035	Oomycetes	ITS	876	49.32
MPDB006036	Oomycetes	ITS	860	49.88
MPDB006037	Oomycetes	ITS	849	47.35
MPDB006038	Oomycetes	ITS	433	43.88
MPDB006039	Oomycetes	ITS	990	48.79
MPDB006040	Oomycetes	ITS	938	49.15
MPDB006041	Oomycetes	ITS	888	49.44
MPDB006042	Oomycetes	ITS	745	46.98
MPDB006043	Oomycetes	ITS	864	49.54
MPDB006044	Oomycetes	ITS	769	50.07
MPDB006045	Oomycetes	ITS	770	50.26
MPDB006046	Oomycetes	ITS	968	48.97
MPDB006047	Oomycetes	ITS	580	48.45
MPDB006048	Oomycetes	ITS	940	48.83
MPDB006049	Oomycetes	ITS	747	50.33
MPDB006050	Oomycetes	ITS	584	49.14
MPDB006051	Oomycetes	ITS	584	48.97
MPDB006052	Oomycetes	ITS	908	49.12
MPDB006053	Oomycetes	ITS	195	41.03
MPDB006054	Oomycetes	ITS	196	42.86
MPDB006055	Oomycetes	ITS	193	42.49
MPDB006056	Oomycetes	ITS	188	40.96
MPDB006057	Oomycetes	ITS	1572	43.32
MPDB006058	Oomycetes	ITS	103	34.95
MPDB006059	Oomycetes	ITS	101	35.64
MPDB006060	Oomycetes	ITS	103	33.01
MPDB006061	Oomycetes	ITS	103	39.81
MPDB006062	Oomycetes	ITS	156	46.79
MPDB006063	Oomycetes	ITS	157	46.5
MPDB006064	Oomycetes	ITS	156	46.79
MPDB006065	Oomycetes	ITS	155	47.74
MPDB006066	Oomycetes	ITS	158	45.57
MPDB006067	Oomycetes	ITS	155	47.1
MPDB006068	Oomycetes	ITS	157	46.5
MPDB006069	Oomycetes	ITS	157	46.5
MPDB006070	Oomycetes	ITS	156	47.44
MPDB006071	Oomycetes	ITS	156	46.15
MPDB006072	Oomycetes	ITS	156	46.15
MPDB006073	Oomycetes	ITS	155	47.1
MPDB006074	Oomycetes	ITS	157	48.41
MPDB006075	Oomycetes	ITS	154	46.1
MPDB006076	Oomycetes	ITS	195	41.03
MPDB006077	Oomycetes	ITS	197	41.12
MPDB006078	Oomycetes	ITS	226	40.27
MPDB006079	Oomycetes	ITS	225	40.44
MPDB006080	Oomycetes	ITS	221	40.72
MPDB006081	Oomycetes	ITS	222	40.54
MPDB006082	Oomycetes	ITS	223	40.36
MPDB006083	Oomycetes	ITS	231	40.69
MPDB006084	Oomycetes	ITS	220	40.0
MPDB006085	Oomycetes	ITS	219	40.18
MPDB006086	Oomycetes	ITS	219	40.64
MPDB006087	Oomycetes	ITS	220	40.45
MPDB006088	Oomycetes	ITS	220	40.91
MPDB006089	Oomycetes	ITS	249	42.17
MPDB006090	Oomycetes	ITS	249	40.96
MPDB006091	Oomycetes	ITS	249	41.77
MPDB006092	Oomycetes	ITS	792	49.12
MPDB006093	Oomycetes	ITS	841	48.39
MPDB006094	Oomycetes	ITS	468	49.57
MPDB006095	Oomycetes	ITS	466	49.57
MPDB006096	Oomycetes	ITS	470	49.57
MPDB006097	Oomycetes	ITS	464	49.57
MPDB006098	Oomycetes	ITS	471	49.47
MPDB006099	Oomycetes	ITS	464	49.35
MPDB006100	Oomycetes	ITS	457	48.36
MPDB006101	Oomycetes	ITS	469	49.68
MPDB006102	Oomycetes	ITS	469	49.47
MPDB006103	Oomycetes	ITS	816	50.61
MPDB006104	Oomycetes	ITS	836	49.04
MPDB006105	Oomycetes	ITS	839	48.87
MPDB006106	Oomycetes	ITS	839	48.75
MPDB006107	Oomycetes	ITS	838	48.93
MPDB006108	Oomycetes	ITS	840	48.81
MPDB006109	Oomycetes	ITS	842	48.81
MPDB006110	Oomycetes	ITS	842	48.93
MPDB006111	Oomycetes	ITS	838	48.81
MPDB006112	Oomycetes	ITS	838	48.93
MPDB006113	Oomycetes	ITS	841	49.11
MPDB006114	Oomycetes	ITS	834	49.16
MPDB006115	Oomycetes	ITS	840	48.93
MPDB006116	Oomycetes	ITS	841	48.87
MPDB006117	Oomycetes	ITS	840	48.93
MPDB006118	Oomycetes	ITS	873	49.26
MPDB006119	Oomycetes	ITS	927	49.51
MPDB006120	Oomycetes	ITS	827	48.97
MPDB006121	Oomycetes	ITS	835	49.22
MPDB006122	Oomycetes	ITS	850	49.18
MPDB006123	Oomycetes	ITS	848	48.7
MPDB006124	Oomycetes	ITS	846	50.83
MPDB006125	Oomycetes	ITS	869	51.32
MPDB006126	Oomycetes	ITS	854	49.65
MPDB006127	Oomycetes	ITS	835	49.7
MPDB006128	Oomycetes	ITS	789	50.06
MPDB006129	Oomycetes	ITS	789	49.18
MPDB006130	Oomycetes	ITS	635	47.56
MPDB006131	Oomycetes	ITS	635	47.56
MPDB006132	Oomycetes	ITS	634	47.63
MPDB006133	Oomycetes	ITS	634	47.63
MPDB006134	Oomycetes	ITS	634	48.11
