seqid	taxid	species	category	accession	source_length	marker_length	length	gc_percent	marker_region	extraction_method
MPDB000001	1408	Bacillus pumilus	bacteria	HG008801.1	1009	1001	1001	53.9000	16S rRNA	barrnap-coordinate-extraction
MPDB000002	1408	Bacillus pumilus	bacteria	LC063672.1	901	866	866	54.7344	16S rRNA	barrnap-coordinate-extraction
MPDB000003	1408	Bacillus pumilus	bacteria	LC599402.1	1147	1142	1142	54.9037	16S rRNA	barrnap-coordinate-extraction
MPDB000004	1408	Bacillus pumilus	bacteria	LC667793.1	1366	1361	1361	54.7392	16S rRNA	barrnap-coordinate-extraction
MPDB000005	1408	Bacillus pumilus	bacteria	LC667805.1	1330	1328	1328	54.8946	16S rRNA	barrnap-coordinate-extraction
MPDB000006	1408	Bacillus pumilus	bacteria	LC768708.1	1438	1436	1436	54.9443	16S rRNA	barrnap-coordinate-extraction
MPDB000007	1408	Bacillus pumilus	bacteria	LM643738.1	1221	1218	1218	54.9261	16S rRNA	barrnap-coordinate-extraction
MPDB000008	1408	Bacillus pumilus	bacteria	LM643745.1	1097	1091	1091	54.2621	16S rRNA	barrnap-coordinate-extraction
MPDB000009	1408	Bacillus pumilus	bacteria	LN827670.1	1008	946	946	54.5455	16S rRNA	barrnap-coordinate-extraction
MPDB000010	1408	Bacillus pumilus	bacteria	LN866616.1	1088	1070	1070	54.2991	16S rRNA	barrnap-coordinate-extraction
MPDB000011	1408	Bacillus pumilus	bacteria	LN867304.1	1317	1313	1313	54.6839	16S rRNA	barrnap-coordinate-extraction
MPDB000012	1408	Bacillus pumilus	bacteria	LN879493.2	1392	1368	1368	54.6053	16S rRNA	barrnap-coordinate-extraction
MPDB000013	1408	Bacillus pumilus	bacteria	LN879494.2	1385	1364	1364	54.7654	16S rRNA	barrnap-coordinate-extraction
MPDB000014	1408	Bacillus pumilus	bacteria	LN880277.1	262	262	262	55.9387	16S rRNA partial	marker-only-record-retained
MPDB000015	1408	Bacillus pumilus	bacteria	LN890660.1	902	890	890	55.6180	16S rRNA	barrnap-coordinate-extraction
MPDB000016	1408	Bacillus pumilus	bacteria	LN995758.1	1012	1012	1012	52.0751	16S rRNA partial	marker-only-record-retained
MPDB000017	1408	Bacillus pumilus	bacteria	LN997932.1	1365	1364	1364	54.8387	16S rRNA	barrnap-coordinate-extraction
MPDB000018	1408	Bacillus pumilus	bacteria	LR215095.1	1313	1310	1310	54.5802	16S rRNA	barrnap-coordinate-extraction
MPDB000019	1408	Bacillus pumilus	bacteria	LR535757.1	1388	1365	1365	54.7253	16S rRNA	barrnap-coordinate-extraction
MPDB000020	1408	Bacillus pumilus	bacteria	LR535759.1	1402	1374	1374	54.8035	16S rRNA	barrnap-coordinate-extraction
MPDB000021	1408	Bacillus pumilus	bacteria	LR535772.1	1402	1376	1376	54.7238	16S rRNA	barrnap-coordinate-extraction
MPDB000022	1408	Bacillus pumilus	bacteria	LR535793.1	1420	1414	1414	54.7383	16S rRNA	barrnap-coordinate-extraction
MPDB000023	1408	Bacillus pumilus	bacteria	LS991397.1	807	805	805	53.2919	16S rRNA	barrnap-coordinate-extraction
MPDB000024	1408	Bacillus pumilus	bacteria	LT221146.1	1061	1058	1058	55.4820	16S rRNA	barrnap-coordinate-extraction
MPDB000025	1408	Bacillus pumilus	bacteria	LT221259.1	1008	1007	1007	55.3128	16S rRNA	barrnap-coordinate-extraction
MPDB000026	1408	Bacillus pumilus	bacteria	LT617072.1	1311	1308	1308	54.6636	16S rRNA	barrnap-coordinate-extraction
MPDB000027	1408	Bacillus pumilus	bacteria	LT617079.1	1290	1262	1262	54.3582	16S rRNA	barrnap-coordinate-extraction
MPDB000028	1408	Bacillus pumilus	bacteria	LT617087.1	1292	1291	1291	54.7637	16S rRNA	barrnap-coordinate-extraction
MPDB000029	1408	Bacillus pumilus	bacteria	LT635531.1	479	452	452	55.3097	16S rRNA	barrnap-coordinate-extraction
MPDB000030	1408	Bacillus pumilus	bacteria	LT635532.1	330	330	330	57.2727	16S rRNA partial	marker-only-record-retained
MPDB000031	1408	Bacillus pumilus	bacteria	LT635536.1	976	970	970	55.3608	16S rRNA	barrnap-coordinate-extraction
MPDB000032	1408	Bacillus pumilus	bacteria	LT797521.1	1346	1342	1342	54.6945	16S rRNA	barrnap-coordinate-extraction
MPDB000033	1408	Bacillus pumilus	bacteria	LT797528.1	1441	1432	1432	55.0978	16S rRNA	barrnap-coordinate-extraction
MPDB000034	1408	Bacillus pumilus	bacteria	LT844637.1	1097	1026	1026	54.3860	16S rRNA	barrnap-coordinate-extraction
MPDB000035	1408	Bacillus pumilus	bacteria	LT969592.1	976	967	967	55.1189	16S rRNA	barrnap-coordinate-extraction
MPDB000036	1408	Bacillus pumilus	bacteria	LT969725.1	867	846	846	54.9645	16S rRNA	barrnap-coordinate-extraction
MPDB000037	1408	Bacillus pumilus	bacteria	LT978407.1	1084	1080	1080	55.0926	16S rRNA	barrnap-coordinate-extraction
MPDB000038	1408	Bacillus pumilus	bacteria	LT984707.1	405	400	400	54.0201	16S rRNA	barrnap-coordinate-extraction
MPDB000039	1408	Bacillus pumilus	bacteria	LT986210.1	1392	1384	1384	54.9133	16S rRNA	barrnap-coordinate-extraction
MPDB000040	1408	Bacillus pumilus	bacteria	LT986212.1	1410	1402	1402	54.9929	16S rRNA	barrnap-coordinate-extraction
MPDB000041	1408	Bacillus pumilus	bacteria	LT986213.1	1392	1382	1382	54.9204	16S rRNA	barrnap-coordinate-extraction
MPDB000042	1408	Bacillus pumilus	bacteria	LT986222.1	1393	1384	1384	54.9133	16S rRNA	barrnap-coordinate-extraction
MPDB000043	1408	Bacillus pumilus	bacteria	LT986225.1	1393	1386	1386	54.9062	16S rRNA	barrnap-coordinate-extraction
MPDB000044	169669	Pseudomonas extremorientalis	bacteria	LC654276.1	1382	1363	1363	53.0448	16S rRNA	barrnap-coordinate-extraction
MPDB000045	169669	Pseudomonas extremorientalis	bacteria	LK985437.1	523	523	523	53.3461	16S rRNA	barrnap-coordinate-extraction
MPDB000046	169669	Pseudomonas extremorientalis	bacteria	LN997963.1	722	720	720	52.5000	16S rRNA	barrnap-coordinate-extraction
MPDB000047	204038	Dickeya dadantii	bacteria	AB713534.1	1370	1364	1364	55.3519	16S rRNA	barrnap-coordinate-extraction
MPDB000048	204038	Dickeya dadantii	bacteria	AB713543.1	1370	1364	1364	55.4985	16S rRNA	barrnap-coordinate-extraction
MPDB000049	204038	Dickeya dadantii	bacteria	AB713545.1	1371	1365	1365	55.3114	16S rRNA	barrnap-coordinate-extraction
MPDB000050	204038	Dickeya dadantii	bacteria	AB713563.1	1370	1368	1368	55.4094	16S rRNA	barrnap-coordinate-extraction
MPDB000051	204038	Dickeya dadantii	bacteria	AB713572.1	1370	1364	1364	55.2786	16S rRNA	barrnap-coordinate-extraction
MPDB000052	204038	Dickeya dadantii	bacteria	AB744145.1	1363	1361	1361	56.2821	16S rRNA	barrnap-coordinate-extraction
MPDB000053	204038	Dickeya dadantii	bacteria	AB744146.1	1362	1360	1360	55.9559	16S rRNA	barrnap-coordinate-extraction
MPDB000054	204038	Dickeya dadantii	bacteria	AB744147.1	1363	1361	1361	56.1352	16S rRNA	barrnap-coordinate-extraction
MPDB000055	204038	Dickeya dadantii	bacteria	AB744148.1	1363	1361	1361	56.1352	16S rRNA	barrnap-coordinate-extraction
MPDB000056	204038	Dickeya dadantii	bacteria	LC490701.1	463	459	459	56.2092	16S rRNA	barrnap-coordinate-extraction
MPDB000057	204038	Dickeya dadantii	bacteria	LC490705.1	462	458	458	55.8952	16S rRNA	barrnap-coordinate-extraction
MPDB000058	204038	Dickeya dadantii	bacteria	LC490710.1	462	458	458	56.1135	16S rRNA	barrnap-coordinate-extraction
MPDB000059	204038	Dickeya dadantii	bacteria	LC490711.1	462	458	458	55.8952	16S rRNA	barrnap-coordinate-extraction
MPDB000060	204042	Dickeya zeae	bacteria	AB713536.1	1371	1357	1357	54.9005	16S rRNA	barrnap-coordinate-extraction
MPDB000061	204042	Dickeya zeae	bacteria	AB713546.1	1370	1364	1364	55.0587	16S rRNA	barrnap-coordinate-extraction
MPDB000062	204042	Dickeya zeae	bacteria	AB713548.1	1372	1358	1358	54.7128	16S rRNA	barrnap-coordinate-extraction
MPDB000063	204042	Dickeya zeae	bacteria	AB713553.1	1371	1365	1365	54.9451	16S rRNA	barrnap-coordinate-extraction
MPDB000064	204042	Dickeya zeae	bacteria	AB713560.1	1370	1364	1364	54.9120	16S rRNA	barrnap-coordinate-extraction
MPDB000065	204042	Dickeya zeae	bacteria	AB713565.1	1372	1366	1366	55.0512	16S rRNA	barrnap-coordinate-extraction
MPDB000066	204042	Dickeya zeae	bacteria	AB744152.1	1363	1361	1361	55.3270	16S rRNA	barrnap-coordinate-extraction
MPDB000067	28092	Robbsia andropogonis	bacteria	AB021422.1	1449	1448	1448	54.7718	16S rRNA	barrnap-coordinate-extraction
MPDB000068	28092	Robbsia andropogonis	bacteria	AB744701.1	1458	1456	1456	55.1273	16S rRNA	barrnap-coordinate-extraction
MPDB000069	28092	Robbsia andropogonis	bacteria	AM392339.1	413	410	410	53.1707	16S rRNA	barrnap-coordinate-extraction
MPDB000070	28092	Robbsia andropogonis	bacteria	AM392350.1	414	412	412	53.3981	16S rRNA	barrnap-coordinate-extraction
MPDB000071	28092	Robbsia andropogonis	bacteria	AM502984.1	1340	1332	1332	54.7297	16S rRNA	barrnap-coordinate-extraction
MPDB000072	28092	Robbsia andropogonis	bacteria	LC507981.1	1453	1450	1450	55.1724	16S rRNA	barrnap-coordinate-extraction
MPDB000073	28095	Burkholderia gladioli	bacteria	AB012916.1	1484	1478	1478	54.6685	16S rRNA	barrnap-coordinate-extraction
MPDB000074	28095	Burkholderia gladioli	bacteria	AB013111.1	1499	1498	1498	55.0637	16S rRNA	barrnap-coordinate-extraction
MPDB000075	28095	Burkholderia gladioli	bacteria	AB021384.1	1509	1509	1509	55.3405	16S rRNA	barrnap-coordinate-extraction
MPDB000076	28095	Burkholderia gladioli	bacteria	AB021389.1	1498	1497	1497	55.2349	16S rRNA	barrnap-coordinate-extraction
MPDB000077	28095	Burkholderia gladioli	bacteria	AB024491.1	1522	1522	1522	54.9045	16S rRNA	barrnap-coordinate-extraction
MPDB000078	28095	Burkholderia gladioli	bacteria	AB680484.1	1458	1457	1457	55.0824	16S rRNA	barrnap-coordinate-extraction
MPDB000079	28095	Burkholderia gladioli	bacteria	AH004175.2	1443	969	969	54.4606	16S rRNA	barrnap-coordinate-extraction
MPDB000080	28095	Burkholderia gladioli	bacteria	D13060.1	157	157	157	56.0510	16S rRNA partial	marker-only-record-retained
MPDB000081	28095	Burkholderia gladioli	bacteria	L28156.1	770	770	770	51.8905	16S rRNA partial	marker-only-record-retained
MPDB000082	28095	Burkholderia gladioli	bacteria	L28157.1	737	737	737	51.0899	16S rRNA partial	marker-only-record-retained
MPDB000083	28095	Burkholderia gladioli	bacteria	LC792307.1	1400	1365	1365	54.8718	16S rRNA	barrnap-coordinate-extraction
MPDB000084	28095	Burkholderia gladioli	bacteria	LC792308.1	1401	1396	1396	55.1576	16S rRNA	barrnap-coordinate-extraction
MPDB000085	28095	Burkholderia gladioli	bacteria	LT547718.1	1372	1350	1350	54.8148	16S rRNA	barrnap-coordinate-extraction
MPDB000087	287	Pseudomonas aeruginosa	bacteria	LC815917.1	808	801	801	53.9326	16S rRNA	barrnap-coordinate-extraction
MPDB000088	287	Pseudomonas aeruginosa	bacteria	LC815921.1	809	802	802	53.8653	16S rRNA	barrnap-coordinate-extraction
MPDB000089	287	Pseudomonas aeruginosa	bacteria	LC816373.1	1351	1343	1343	53.9092	16S rRNA	barrnap-coordinate-extraction
MPDB000090	287	Pseudomonas aeruginosa	bacteria	LC816374.1	1344	1338	1338	54.1106	16S rRNA	barrnap-coordinate-extraction
MPDB000091	287	Pseudomonas aeruginosa	bacteria	LC816375.1	1365	1357	1357	54.0162	16S rRNA	barrnap-coordinate-extraction
MPDB000092	287	Pseudomonas aeruginosa	bacteria	LC816376.1	1364	1357	1357	54.0162	16S rRNA	barrnap-coordinate-extraction
MPDB000093	287	Pseudomonas aeruginosa	bacteria	LC816377.1	1366	1358	1358	54.0501	16S rRNA	barrnap-coordinate-extraction
MPDB000094	287	Pseudomonas aeruginosa	bacteria	LC816378.1	1330	1323	1323	54.0438	16S rRNA	barrnap-coordinate-extraction
MPDB000095	287	Pseudomonas aeruginosa	bacteria	LC816379.1	1355	1347	1347	54.0460	16S rRNA	barrnap-coordinate-extraction
MPDB000096	287	Pseudomonas aeruginosa	bacteria	LC816380.1	1311	1305	1305	53.9464	16S rRNA	barrnap-coordinate-extraction
MPDB000097	287	Pseudomonas aeruginosa	bacteria	LC816381.1	1350	1342	1342	54.0984	16S rRNA	barrnap-coordinate-extraction
MPDB000098	287	Pseudomonas aeruginosa	bacteria	LC816382.1	1324	1317	1317	53.9863	16S rRNA	barrnap-coordinate-extraction
MPDB000099	287	Pseudomonas aeruginosa	bacteria	LC834139.1	290	290	290	55.5172	16S rRNA partial	marker-only-record-retained
MPDB000100	287	Pseudomonas aeruginosa	bacteria	LC836059.1	1227	1227	1227	54.4417	16S rRNA	barrnap-coordinate-extraction
MPDB000101	287	Pseudomonas aeruginosa	bacteria	LC843372.1	660	660	660	49.4673	16S rRNA partial	marker-only-record-retained
MPDB000102	287	Pseudomonas aeruginosa	bacteria	LC875561.1	1479	1479	1479	54.2934	16S rRNA	barrnap-coordinate-extraction
MPDB000103	287	Pseudomonas aeruginosa	bacteria	LC921246.1	1007	998	998	53.4068	16S rRNA	barrnap-coordinate-extraction
MPDB000104	287	Pseudomonas aeruginosa	bacteria	OX503253.1	949	923	923	52.0087	16S rRNA	barrnap-coordinate-extraction
MPDB000105	287	Pseudomonas aeruginosa	bacteria	OX503254.1	951	933	933	54.1935	16S rRNA	barrnap-coordinate-extraction
MPDB000106	287	Pseudomonas aeruginosa	bacteria	OX503255.1	964	942	942	54.1578	16S rRNA	barrnap-coordinate-extraction
MPDB000107	287	Pseudomonas aeruginosa	bacteria	OX503256.1	780	764	764	52.8796	16S rRNA	barrnap-coordinate-extraction
MPDB000108	287	Pseudomonas aeruginosa	bacteria	OX503257.1	958	919	919	54.0393	16S rRNA	barrnap-coordinate-extraction
MPDB000109	287	Pseudomonas aeruginosa	bacteria	OX503258.1	703	683	683	53.0015	16S rRNA	barrnap-coordinate-extraction
MPDB000110	287	Pseudomonas aeruginosa	bacteria	OX503259.1	974	943	943	53.3049	16S rRNA	barrnap-coordinate-extraction
MPDB000111	287	Pseudomonas aeruginosa	bacteria	OX503260.1	974	887	887	53.0543	16S rRNA	barrnap-coordinate-extraction
MPDB000112	287	Pseudomonas aeruginosa	bacteria	OX503261.1	939	915	915	53.8293	16S rRNA	barrnap-coordinate-extraction
MPDB000113	287	Pseudomonas aeruginosa	bacteria	OX503262.1	849	825	825	52.2533	16S rRNA	barrnap-coordinate-extraction
MPDB000114	287	Pseudomonas aeruginosa	bacteria	OX503263.1	976	948	948	52.6652	16S rRNA	barrnap-coordinate-extraction
MPDB000115	287	Pseudomonas aeruginosa	bacteria	OX503264.1	962	940	940	52.7897	16S rRNA	barrnap-coordinate-extraction
MPDB000116	287	Pseudomonas aeruginosa	bacteria	OX503265.1	671	656	656	53.5168	16S rRNA	barrnap-coordinate-extraction
MPDB000117	287	Pseudomonas aeruginosa	bacteria	OX503266.1	957	930	930	52.8139	16S rRNA	barrnap-coordinate-extraction
MPDB000118	287	Pseudomonas aeruginosa	bacteria	OX503267.1	952	934	934	53.3835	16S rRNA	barrnap-coordinate-extraction
MPDB000119	287	Pseudomonas aeruginosa	bacteria	OX503268.1	949	921	921	53.4858	16S rRNA	barrnap-coordinate-extraction
MPDB000120	287	Pseudomonas aeruginosa	bacteria	OX503269.1	935	920	920	53.0501	16S rRNA	barrnap-coordinate-extraction
MPDB000121	287	Pseudomonas aeruginosa	bacteria	OX503270.1	363	363	363	54.4444	16S rRNA partial	marker-only-record-retained
MPDB000122	287	Pseudomonas aeruginosa	bacteria	OX503271.1	881	832	832	52.2370	16S rRNA	barrnap-coordinate-extraction
MPDB000123	287	Pseudomonas aeruginosa	bacteria	OX503272.1	930	915	915	52.7869	16S rRNA	barrnap-coordinate-extraction
MPDB000124	287	Pseudomonas aeruginosa	bacteria	OX503273.1	933	900	900	51.7241	16S rRNA	barrnap-coordinate-extraction
MPDB000125	287	Pseudomonas aeruginosa	bacteria	PP809806.1	910	881	881	53.3485	16S rRNA	barrnap-coordinate-extraction
MPDB000126	287	Pseudomonas aeruginosa	bacteria	PP809858.1	1050	997	997	54.3631	16S rRNA	barrnap-coordinate-extraction
MPDB000127	287	Pseudomonas aeruginosa	bacteria	PP809878.1	1120	1037	1037	54.5805	16S rRNA	barrnap-coordinate-extraction
MPDB000128	287	Pseudomonas aeruginosa	bacteria	PZ413526.1	1258	1206	1206	53.6280	16S rRNA	barrnap-coordinate-extraction
MPDB000129	31963	Clavibacter michiganensis subsp. nebraskensis	bacteria	U09763.1	1478	1476	1476	55.9322	16S rRNA	barrnap-coordinate-extraction
MPDB000130	31963	Clavibacter michiganensis subsp. nebraskensis	bacteria	FR728274.1	451	444	444	57.2072	16S rRNA	barrnap-coordinate-extraction
MPDB000131	31963	Clavibacter michiganensis subsp. nebraskensis	bacteria	FR728275.1	448	443	443	57.1106	16S rRNA	barrnap-coordinate-extraction
MPDB000132	31963	Clavibacter michiganensis subsp. nebraskensis	bacteria	FR728278.1	454	445	445	57.3034	16S rRNA	barrnap-coordinate-extraction
MPDB000133	31963	Clavibacter michiganensis subsp. nebraskensis	bacteria	FR728287.1	451	442	442	57.2398	16S rRNA	barrnap-coordinate-extraction
MPDB000134	31963	Clavibacter michiganensis subsp. nebraskensis	bacteria	FR728302.1	438	432	432	57.6389	16S rRNA	barrnap-coordinate-extraction
MPDB000135	31963	Clavibacter michiganensis subsp. nebraskensis	bacteria	FR728312.1	450	444	444	57.2072	16S rRNA	barrnap-coordinate-extraction
MPDB000136	31963	Clavibacter michiganensis subsp. nebraskensis	bacteria	FR728313.1	273	273	273	56.0440	16S rRNA partial	marker-only-record-retained
MPDB000137	31963	Clavibacter michiganensis subsp. nebraskensis	bacteria	FR728317.1	452	443	443	57.1106	16S rRNA	barrnap-coordinate-extraction
MPDB000138	31963	Clavibacter michiganensis subsp. nebraskensis	bacteria	U09763.1	1478	1476	1476	55.9322	16S rRNA	barrnap-coordinate-extraction
MPDB000139	321	Pseudomonas syringae pv. syringae	bacteria	AM399036.1	1479	1478	1478	54.1695	16S rRNA	barrnap-coordinate-extraction
MPDB000140	321	Pseudomonas syringae pv. syringae	bacteria	LN849855.1	917	913	913	52.7930	16S rRNA	barrnap-coordinate-extraction
MPDB000141	321	Pseudomonas syringae pv. syringae	bacteria	LN876273.1	584	568	568	53.1690	16S rRNA	barrnap-coordinate-extraction
MPDB000142	321	Pseudomonas syringae pv. syringae	bacteria	LN876274.1	584	568	568	53.8732	16S rRNA	barrnap-coordinate-extraction
MPDB000143	321	Pseudomonas syringae pv. syringae	bacteria	LN876276.1	584	568	568	53.3451	16S rRNA	barrnap-coordinate-extraction
MPDB000144	321	Pseudomonas syringae pv. syringae	bacteria	LN876277.1	584	568	568	53.3451	16S rRNA	barrnap-coordinate-extraction
MPDB000145	321	Pseudomonas syringae pv. syringae	bacteria	LN876278.1	584	568	568	53.5211	16S rRNA	barrnap-coordinate-extraction
MPDB000146	321	Pseudomonas syringae pv. syringae	bacteria	LN876279.1	584	568	568	53.6972	16S rRNA	barrnap-coordinate-extraction
MPDB000147	321	Pseudomonas syringae pv. syringae	bacteria	LS991860.1	1383	1362	1362	53.8913	16S rRNA	barrnap-coordinate-extraction
MPDB000148	321	Pseudomonas syringae pv. syringae	bacteria	LT630486.1	960	759	759	53.4914	16S rRNA	barrnap-coordinate-extraction
MPDB000149	40324	Stenotrophomonas maltophilia	bacteria	LC583236.1	837	819	819	54.9451	16S rRNA	barrnap-coordinate-extraction
MPDB000150	40324	Stenotrophomonas maltophilia	bacteria	LC595315.1	1467	1464	1464	55.2973	16S rRNA	barrnap-coordinate-extraction
MPDB000151	40324	Stenotrophomonas maltophilia	bacteria	LC595316.1	1467	1464	1464	55.3279	16S rRNA	barrnap-coordinate-extraction
MPDB000152	40324	Stenotrophomonas maltophilia	bacteria	LC616394.1	1105	1095	1095	54.3379	16S rRNA	barrnap-coordinate-extraction
MPDB000153	40324	Stenotrophomonas maltophilia	bacteria	LC699795.1	1385	1380	1380	54.9275	16S rRNA	barrnap-coordinate-extraction
MPDB000154	40324	Stenotrophomonas maltophilia	bacteria	LC716956.1	709	707	707	55.4455	16S rRNA	barrnap-coordinate-extraction
MPDB000155	40324	Stenotrophomonas maltophilia	bacteria	LC716963.1	709	708	708	57.3446	16S rRNA	barrnap-coordinate-extraction
MPDB000156	40324	Stenotrophomonas maltophilia	bacteria	LC716966.1	421	418	418	54.3062	16S rRNA	barrnap-coordinate-extraction
MPDB000157	40324	Stenotrophomonas maltophilia	bacteria	LC717005.1	709	708	708	55.5085	16S rRNA	barrnap-coordinate-extraction
MPDB000158	40324	Stenotrophomonas maltophilia	bacteria	LC717006.1	699	697	697	55.0933	16S rRNA	barrnap-coordinate-extraction
MPDB000159	40324	Stenotrophomonas maltophilia	bacteria	LC717014.1	700	696	696	55.1724	16S rRNA	barrnap-coordinate-extraction
MPDB000160	40324	Stenotrophomonas maltophilia	bacteria	LC717015.1	709	708	708	55.3672	16S rRNA	barrnap-coordinate-extraction
MPDB000161	40324	Stenotrophomonas maltophilia	bacteria	LC717019.1	699	698	698	55.1576	16S rRNA	barrnap-coordinate-extraction
MPDB000162	40324	Stenotrophomonas maltophilia	bacteria	LC717023.1	699	696	696	55.0287	16S rRNA	barrnap-coordinate-extraction
MPDB000163	40324	Stenotrophomonas maltophilia	bacteria	LC717024.1	689	688	688	55.0872	16S rRNA	barrnap-coordinate-extraction
MPDB000164	40324	Stenotrophomonas maltophilia	bacteria	LC717095.1	709	707	707	55.4455	16S rRNA	barrnap-coordinate-extraction
MPDB000165	40324	Stenotrophomonas maltophilia	bacteria	LC717100.1	709	708	708	55.3672	16S rRNA	barrnap-coordinate-extraction
MPDB000166	40324	Stenotrophomonas maltophilia	bacteria	LC717102.1	689	688	688	55.3779	16S rRNA	barrnap-coordinate-extraction
MPDB000167	40324	Stenotrophomonas maltophilia	bacteria	LC717103.1	699	697	697	55.0933	16S rRNA	barrnap-coordinate-extraction
MPDB000168	40324	Stenotrophomonas maltophilia	bacteria	LC717144.1	216	216	216	55.5556	16S rRNA partial	marker-only-record-retained
MPDB000169	40324	Stenotrophomonas maltophilia	bacteria	LC717149.1	558	528	528	53.7879	16S rRNA	barrnap-coordinate-extraction
MPDB000170	40324	Stenotrophomonas maltophilia	bacteria	LC735262.1	1410	1406	1406	54.8364	16S rRNA	barrnap-coordinate-extraction
MPDB000171	40324	Stenotrophomonas maltophilia	bacteria	LC737962.1	1285	1283	1283	54.3258	16S rRNA	barrnap-coordinate-extraction
MPDB000172	40324	Stenotrophomonas maltophilia	bacteria	LC764400.1	973	973	973	54.3679	16S rRNA	barrnap-coordinate-extraction
MPDB000173	40324	Stenotrophomonas maltophilia	bacteria	LC773897.1	853	852	852	54.2254	16S rRNA	barrnap-coordinate-extraction
MPDB000174	40324	Stenotrophomonas maltophilia	bacteria	LC773931.1	823	822	822	53.6496	16S rRNA	barrnap-coordinate-extraction
MPDB000175	40324	Stenotrophomonas maltophilia	bacteria	LC775012.1	822	816	816	54.5343	16S rRNA	barrnap-coordinate-extraction
MPDB000176	40324	Stenotrophomonas maltophilia	bacteria	LC779707.1	1485	1485	1485	55.0168	16S rRNA	barrnap-coordinate-extraction
MPDB000177	40324	Stenotrophomonas maltophilia	bacteria	LC779708.1	1482	1480	1480	55.0000	16S rRNA	barrnap-coordinate-extraction
MPDB000178	40324	Stenotrophomonas maltophilia	bacteria	LC790010.1	1025	1025	1025	54.5366	16S rRNA	barrnap-coordinate-extraction
MPDB000179	40324	Stenotrophomonas maltophilia	bacteria	LC836061.1	560	552	552	55.7971	16S rRNA	barrnap-coordinate-extraction
MPDB000180	40324	Stenotrophomonas maltophilia	bacteria	LC836062.1	650	637	637	55.1020	16S rRNA	barrnap-coordinate-extraction
MPDB000181	40324	Stenotrophomonas maltophilia	bacteria	LC875547.1	898	897	897	54.9610	16S rRNA	barrnap-coordinate-extraction
MPDB000182	40324	Stenotrophomonas maltophilia	bacteria	LC875551.1	1482	1480	1480	55.2027	16S rRNA	barrnap-coordinate-extraction
MPDB000183	40324	Stenotrophomonas maltophilia	bacteria	LC875552.1	1494	1494	1494	55.1539	16S rRNA	barrnap-coordinate-extraction
MPDB000184	40324	Stenotrophomonas maltophilia	bacteria	LC875554.1	1494	1494	1494	55.2209	16S rRNA	barrnap-coordinate-extraction
MPDB000185	40324	Stenotrophomonas maltophilia	bacteria	LC875555.1	1488	1488	1488	55.2419	16S rRNA	barrnap-coordinate-extraction
MPDB000186	40324	Stenotrophomonas maltophilia	bacteria	LC875559.1	1494	1494	1494	55.1539	16S rRNA	barrnap-coordinate-extraction
MPDB000187	40324	Stenotrophomonas maltophilia	bacteria	LC925143.1	1404	1398	1398	54.8641	16S rRNA	barrnap-coordinate-extraction
MPDB000188	40324	Stenotrophomonas maltophilia	bacteria	LR862426.1	499	497	497	54.2977	16S rRNA	barrnap-coordinate-extraction
MPDB000189	40324	Stenotrophomonas maltophilia	bacteria	LR862431.1	315	315	315	52.8053	16S rRNA partial	marker-only-record-retained
MPDB000190	40324	Stenotrophomonas maltophilia	bacteria	OZ371428.1	1413	1410	1410	54.6809	16S rRNA	barrnap-coordinate-extraction
MPDB000191	40324	Stenotrophomonas maltophilia	bacteria	OZ371454.1	1406	1404	1404	54.7009	16S rRNA	barrnap-coordinate-extraction
MPDB000192	53407	Pseudomonas asplenii	bacteria	AB021381.1	1503	1501	1501	54.2000	16S rRNA	barrnap-coordinate-extraction
MPDB000193	53407	Pseudomonas asplenii	bacteria	AB021397.1	1503	1501	1501	54.1027	16S rRNA	barrnap-coordinate-extraction
MPDB000194	53407	Pseudomonas asplenii	bacteria	AJ288296.1	175	175	175	56.0000	16S rRNA partial	marker-only-record-retained
MPDB000195	53407	Pseudomonas asplenii	bacteria	HE586387.1	1498	1496	1496	54.2112	16S rRNA	barrnap-coordinate-extraction
MPDB000196	53407	Pseudomonas asplenii	bacteria	HF936978.1	780	777	777	53.1532	16S rRNA	barrnap-coordinate-extraction
MPDB000197	53407	Pseudomonas asplenii	bacteria	Z76655.1	1491	1489	1489	54.0013	16S rRNA	barrnap-coordinate-extraction
MPDB000198	549	Pantoea agglomerans	bacteria	HE588003.1	889	598	598	54.5151	16S rRNA	barrnap-coordinate-extraction
MPDB000199	549	Pantoea agglomerans	bacteria	HE613764.1	846	846	846	56.3830	16S rRNA	barrnap-coordinate-extraction
MPDB000200	549	Pantoea agglomerans	bacteria	HE613771.1	877	877	877	55.9863	16S rRNA	barrnap-coordinate-extraction
MPDB000201	549	Pantoea agglomerans	bacteria	HE613777.1	959	952	952	55.7773	16S rRNA	barrnap-coordinate-extraction
MPDB000202	549	Pantoea agglomerans	bacteria	HE613778.1	920	919	919	56.1002	16S rRNA	barrnap-coordinate-extraction
MPDB000203	549	Pantoea agglomerans	bacteria	HE647624.1	953	950	950	55.8947	16S rRNA	barrnap-coordinate-extraction
MPDB000204	549	Pantoea agglomerans	bacteria	HE648132.1	887	886	886	55.5305	16S rRNA	barrnap-coordinate-extraction
MPDB000205	549	Pantoea agglomerans	bacteria	HE648133.1	239	239	239	54.3933	16S rRNA partial	marker-only-record-retained
MPDB000206	549	Pantoea agglomerans	bacteria	HE648134.1	900	898	898	55.2339	16S rRNA	barrnap-coordinate-extraction
MPDB000207	549	Pantoea agglomerans	bacteria	HE653017.1	698	695	695	54.1007	16S rRNA	barrnap-coordinate-extraction
MPDB000208	549	Pantoea agglomerans	bacteria	HE653018.1	743	740	740	54.6070	16S rRNA	barrnap-coordinate-extraction
MPDB000209	549	Pantoea agglomerans	bacteria	HE653021.1	620	615	615	54.1599	16S rRNA	barrnap-coordinate-extraction
MPDB000210	549	Pantoea agglomerans	bacteria	HE653022.1	655	655	655	55.6575	16S rRNA	barrnap-coordinate-extraction
MPDB000211	549	Pantoea agglomerans	bacteria	HE661627.2	1008	1002	1002	54.6906	16S rRNA	barrnap-coordinate-extraction
MPDB000212	549	Pantoea agglomerans	bacteria	HE716932.1	1420	1418	1418	55.7828	16S rRNA	barrnap-coordinate-extraction
MPDB000213	549	Pantoea agglomerans	bacteria	HF566261.1	954	925	925	55.3261	16S rRNA	barrnap-coordinate-extraction
MPDB000214	549	Pantoea agglomerans	bacteria	HF566262.1	901	897	897	55.3812	16S rRNA	barrnap-coordinate-extraction
MPDB000215	549	Pantoea agglomerans	bacteria	HF566263.1	946	909	909	56.0706	16S rRNA	barrnap-coordinate-extraction
MPDB000216	549	Pantoea agglomerans	bacteria	HF566264.1	949	923	923	55.2775	16S rRNA	barrnap-coordinate-extraction
MPDB000217	549	Pantoea agglomerans	bacteria	HF584957.1	1033	1030	1030	54.6602	16S rRNA	barrnap-coordinate-extraction
MPDB000218	549	Pantoea agglomerans	bacteria	HF584963.1	971	963	963	54.7248	16S rRNA	barrnap-coordinate-extraction
MPDB000219	549	Pantoea agglomerans	bacteria	HF584964.1	996	968	968	54.8554	16S rRNA	barrnap-coordinate-extraction
MPDB000220	549	Pantoea agglomerans	bacteria	HF584965.1	988	968	968	54.8554	16S rRNA	barrnap-coordinate-extraction
MPDB000221	549	Pantoea agglomerans	bacteria	HF584969.1	967	962	962	54.8857	16S rRNA	barrnap-coordinate-extraction
MPDB000222	549	Pantoea agglomerans	bacteria	HF584972.1	1035	1031	1031	54.8012	16S rRNA	barrnap-coordinate-extraction
MPDB000223	549	Pantoea agglomerans	bacteria	HF584996.1	972	963	963	54.6210	16S rRNA	barrnap-coordinate-extraction
MPDB000224	549	Pantoea agglomerans	bacteria	HF584997.1	1034	1031	1031	54.6072	16S rRNA	barrnap-coordinate-extraction
MPDB000225	549	Pantoea agglomerans	bacteria	HF584999.1	972	964	964	54.8755	16S rRNA	barrnap-coordinate-extraction
MPDB000226	549	Pantoea agglomerans	bacteria	HF585001.1	972	964	964	54.6680	16S rRNA	barrnap-coordinate-extraction
MPDB000227	549	Pantoea agglomerans	bacteria	HF585002.1	1042	1039	1039	54.5717	16S rRNA	barrnap-coordinate-extraction
MPDB000228	549	Pantoea agglomerans	bacteria	HG799974.1	1694	1331	1331	54.0947	16S rRNA	barrnap-coordinate-extraction
MPDB000229	549	Pantoea agglomerans	bacteria	LC595314.1	1402	1393	1393	55.2518	16S rRNA	barrnap-coordinate-extraction
MPDB000230	549	Pantoea agglomerans	bacteria	LC602956.1	773	735	735	56.0544	16S rRNA	barrnap-coordinate-extraction
MPDB000231	549	Pantoea agglomerans	bacteria	LC645192.1	1043	1024	1024	55.6641	16S rRNA	barrnap-coordinate-extraction
MPDB000232	549	Pantoea agglomerans	bacteria	LC709256.1	1376	1364	1364	55.8651	16S rRNA	barrnap-coordinate-extraction
MPDB000233	549	Pantoea agglomerans	bacteria	LC848125.1	1531	1531	1531	55.8170	16S rRNA	barrnap-coordinate-extraction
MPDB000234	549	Pantoea agglomerans	bacteria	LN879339.1	775	600	600	52.3333	16S rRNA	barrnap-coordinate-extraction
MPDB000235	549	Pantoea agglomerans	bacteria	LN879348.1	1092	1090	1090	54.2202	16S rRNA	barrnap-coordinate-extraction
MPDB000236	549	Pantoea agglomerans	bacteria	LN997968.1	725	721	721	56.3107	16S rRNA	barrnap-coordinate-extraction
MPDB000237	549	Pantoea agglomerans	bacteria	LT592133.1	1559	1507	1507	55.1427	16S rRNA	barrnap-coordinate-extraction
MPDB000238	549	Pantoea agglomerans	bacteria	LT934417.1	549	517	517	54.9323	16S rRNA	barrnap-coordinate-extraction
MPDB000239	549	Pantoea agglomerans	bacteria	LT969585.1	923	922	922	54.6638	16S rRNA	barrnap-coordinate-extraction
MPDB000240	549	Pantoea agglomerans	bacteria	S69174.1	120	120	120	52.5000	16S rRNA partial	marker-only-record-retained
MPDB000241	553	Pantoea ananatis	bacteria	AB304809.1	1533	1533	1533	55.1859	16S rRNA	barrnap-coordinate-extraction
MPDB000242	553	Pantoea ananatis	bacteria	AJ629190.1	1472	1472	1472	55.2310	16S rRNA	barrnap-coordinate-extraction
MPDB000243	553	Pantoea ananatis	bacteria	FN178362.1	1423	1418	1418	55.3597	16S rRNA	barrnap-coordinate-extraction
MPDB000244	553	Pantoea ananatis	bacteria	FN691983.1	469	466	466	56.6524	16S rRNA	barrnap-coordinate-extraction
MPDB000245	553	Pantoea ananatis	bacteria	FN691984.1	469	466	466	56.6810	16S rRNA	barrnap-coordinate-extraction
MPDB000246	553	Pantoea ananatis	bacteria	FN691985.1	469	466	466	56.5591	16S rRNA	barrnap-coordinate-extraction
MPDB000247	553	Pantoea ananatis	bacteria	FR865900.1	734	732	732	54.8697	16S rRNA	barrnap-coordinate-extraction
MPDB000248	553	Pantoea ananatis	bacteria	FR872704.1	732	717	717	54.2538	16S rRNA	barrnap-coordinate-extraction
MPDB000249	553	Pantoea ananatis	bacteria	HE672167.1	1418	1416	1416	55.5791	16S rRNA	barrnap-coordinate-extraction
MPDB000250	553	Pantoea ananatis	bacteria	HE716901.1	716	715	715	56.5035	16S rRNA	barrnap-coordinate-extraction
MPDB000251	553	Pantoea ananatis	bacteria	HE716948.1	1472	1472	1472	55.4348	16S rRNA	barrnap-coordinate-extraction
MPDB000252	553	Pantoea ananatis	bacteria	HE716949.1	732	732	732	56.6940	16S rRNA	barrnap-coordinate-extraction
MPDB000253	553	Pantoea ananatis	bacteria	LC595300.1	1464	1462	1462	55.4408	16S rRNA	barrnap-coordinate-extraction
MPDB000254	553	Pantoea ananatis	bacteria	LC792303.1	1408	1365	1365	55.6044	16S rRNA	barrnap-coordinate-extraction
MPDB000255	553	Pantoea ananatis	bacteria	LN880270.1	751	736	736	56.3859	16S rRNA	barrnap-coordinate-extraction
MPDB000256	553	Pantoea ananatis	bacteria	LN880271.1	970	929	929	55.5436	16S rRNA	barrnap-coordinate-extraction
MPDB000257	553	Pantoea ananatis	bacteria	LN880272.1	970	925	925	55.1351	16S rRNA	barrnap-coordinate-extraction
MPDB000258	553	Pantoea ananatis	bacteria	LN890661.1	904	897	897	56.2988	16S rRNA	barrnap-coordinate-extraction
MPDB000259	553	Pantoea ananatis	bacteria	OZ408658.1	1433	1412	1412	55.7365	16S rRNA	barrnap-coordinate-extraction
MPDB000260	554	Pectobacterium carotovorum	bacteria	AB680074.1	1467	1465	1465	54.1667	16S rRNA	barrnap-coordinate-extraction
MPDB000261	554	Pectobacterium carotovorum	bacteria	AB680143.1	1467	1465	1465	54.4208	16S rRNA	barrnap-coordinate-extraction
MPDB000262	554	Pectobacterium carotovorum	bacteria	AB680280.1	1467	1465	1465	54.2662	16S rRNA	barrnap-coordinate-extraction
MPDB000263	554	Pectobacterium carotovorum	bacteria	AB680554.1	1467	1465	1465	54.5082	16S rRNA	barrnap-coordinate-extraction
MPDB000264	554	Pectobacterium carotovorum	bacteria	AB681950.1	1467	1465	1465	54.3763	16S rRNA	barrnap-coordinate-extraction
MPDB000265	554	Pectobacterium carotovorum	bacteria	AB744142.1	1363	1361	1361	54.5187	16S rRNA	barrnap-coordinate-extraction
MPDB000266	554	Pectobacterium carotovorum	bacteria	AJ233411.1	1497	1495	1495	54.1137	16S rRNA	barrnap-coordinate-extraction
MPDB000267	554	Pectobacterium carotovorum	bacteria	AM491055.1	535	534	534	51.6854	16S rRNA	barrnap-coordinate-extraction
MPDB000268	554	Pectobacterium carotovorum	bacteria	AM491056.1	536	535	535	51.7757	16S rRNA	barrnap-coordinate-extraction
MPDB000269	554	Pectobacterium carotovorum	bacteria	HF674984.1	1025	1020	1020	53.1373	16S rRNA	barrnap-coordinate-extraction
MPDB000270	554	Pectobacterium carotovorum	bacteria	HF674985.1	1025	1020	1020	54.2157	16S rRNA	barrnap-coordinate-extraction
MPDB000271	554	Pectobacterium carotovorum	bacteria	HF674986.1	1025	1020	1020	54.0196	16S rRNA	barrnap-coordinate-extraction
MPDB000272	554	Pectobacterium carotovorum	bacteria	HF674987.1	1025	1020	1020	54.3137	16S rRNA	barrnap-coordinate-extraction
MPDB000273	554	Pectobacterium carotovorum	bacteria	HF674988.1	964	960	960	54.3750	16S rRNA	barrnap-coordinate-extraction
MPDB000274	554	Pectobacterium carotovorum	bacteria	HF674989.1	1025	1020	1020	53.9216	16S rRNA	barrnap-coordinate-extraction
MPDB000275	554	Pectobacterium carotovorum	bacteria	HF674990.1	1025	1020	1020	54.3137	16S rRNA	barrnap-coordinate-extraction
MPDB000276	554	Pectobacterium carotovorum	bacteria	HF674991.1	1025	1020	1020	53.7255	16S rRNA	barrnap-coordinate-extraction
MPDB000277	554	Pectobacterium carotovorum	bacteria	HF674992.1	1025	1020	1020	54.7059	16S rRNA	barrnap-coordinate-extraction
MPDB000278	554	Pectobacterium carotovorum	bacteria	HF678371.1	1075	725	725	52.6243	16S rRNA	barrnap-coordinate-extraction
MPDB000279	554	Pectobacterium carotovorum	bacteria	LN811442.1	780	742	742	55.0607	16S rRNA	barrnap-coordinate-extraction
MPDB000280	554	Pectobacterium carotovorum	bacteria	LN851547.1	1034	1012	1012	53.1621	16S rRNA	barrnap-coordinate-extraction
MPDB000281	554	Pectobacterium carotovorum	bacteria	LN851553.1	1499	1363	1363	51.7975	16S rRNA	barrnap-coordinate-extraction
MPDB000282	554	Pectobacterium carotovorum	bacteria	LN851554.1	1263	1210	1210	52.2314	16S rRNA	barrnap-coordinate-extraction
MPDB000283	554	Pectobacterium carotovorum	bacteria	LN851555.1	1428	1358	1358	53.9764	16S rRNA	barrnap-coordinate-extraction
MPDB000284	554	Pectobacterium carotovorum	bacteria	LN851556.1	1200	737	737	55.4953	16S rRNA	barrnap-coordinate-extraction
MPDB000285	554	Pectobacterium carotovorum	bacteria	LT592250.1	589	589	589	54.3590	16S rRNA partial	marker-only-record-retained
MPDB000286	554	Pectobacterium carotovorum	bacteria	LT592251.1	929	905	905	52.7105	16S rRNA	barrnap-coordinate-extraction
MPDB000287	554	Pectobacterium carotovorum	bacteria	LT592252.1	882	853	853	52.7680	16S rRNA	barrnap-coordinate-extraction
MPDB000288	554	Pectobacterium carotovorum	bacteria	LT592253.1	885	821	821	53.9120	16S rRNA	barrnap-coordinate-extraction
MPDB000289	554	Pectobacterium carotovorum	bacteria	LT592254.1	1169	700	700	50.8571	16S rRNA	barrnap-coordinate-extraction
MPDB000290	554	Pectobacterium carotovorum	bacteria	LT592255.1	1107	1033	1033	53.2430	16S rRNA	barrnap-coordinate-extraction
MPDB000291	554	Pectobacterium carotovorum	bacteria	LT592257.1	1289	603	603	58.2090	16S rRNA	barrnap-coordinate-extraction
MPDB000292	554	Pectobacterium carotovorum	bacteria	LT592261.1	1029	997	997	52.6157	16S rRNA	barrnap-coordinate-extraction
MPDB000293	554	Pectobacterium carotovorum	bacteria	LT899993.1	1519	1519	1519	54.7070	16S rRNA	barrnap-coordinate-extraction
MPDB000294	573	Klebsiella pneumoniae	bacteria	LC512010.1	749	748	748	55.3476	16S rRNA	barrnap-coordinate-extraction
MPDB000295	573	Klebsiella pneumoniae	bacteria	LC557135.3	1370	1370	1370	55.3285	16S rRNA	barrnap-coordinate-extraction
MPDB000296	573	Klebsiella pneumoniae	bacteria	LC617176.1	1402	1396	1396	54.9640	16S rRNA	barrnap-coordinate-extraction
MPDB000297	573	Klebsiella pneumoniae	bacteria	LC618828.1	1388	1344	1344	54.6131	16S rRNA	barrnap-coordinate-extraction
MPDB000298	573	Klebsiella pneumoniae	bacteria	LC645191.1	1433	1411	1411	55.0673	16S rRNA	barrnap-coordinate-extraction
MPDB000299	573	Klebsiella pneumoniae	bacteria	LC649235.1	976	952	952	53.7815	16S rRNA	barrnap-coordinate-extraction
MPDB000300	573	Klebsiella pneumoniae	bacteria	LC654889.1	1462	1459	1459	54.9828	16S rRNA	barrnap-coordinate-extraction
MPDB000301	573	Klebsiella pneumoniae	bacteria	LC711131.1	1125	1125	1125	55.6444	16S rRNA	barrnap-coordinate-extraction
MPDB000302	573	Klebsiella pneumoniae	bacteria	LC711132.1	1127	1127	1127	55.6344	16S rRNA	barrnap-coordinate-extraction
MPDB000303	573	Klebsiella pneumoniae	bacteria	LC711133.1	1125	1123	1123	55.7435	16S rRNA	barrnap-coordinate-extraction
MPDB000304	573	Klebsiella pneumoniae	bacteria	LC711134.1	1127	1127	1127	55.7232	16S rRNA	barrnap-coordinate-extraction
MPDB000305	573	Klebsiella pneumoniae	bacteria	LC711135.1	1119	1117	1117	54.9687	16S rRNA	barrnap-coordinate-extraction
MPDB000306	573	Klebsiella pneumoniae	bacteria	LC711136.1	1121	1120	1120	55.5357	16S rRNA	barrnap-coordinate-extraction
MPDB000307	573	Klebsiella pneumoniae	bacteria	LC711137.1	1125	1122	1122	55.3476	16S rRNA	barrnap-coordinate-extraction
MPDB000308	573	Klebsiella pneumoniae	bacteria	LC711138.1	1124	1122	1122	55.0802	16S rRNA	barrnap-coordinate-extraction
MPDB000309	573	Klebsiella pneumoniae	bacteria	LC711139.1	1123	1121	1121	55.3078	16S rRNA	barrnap-coordinate-extraction
MPDB000310	573	Klebsiella pneumoniae	bacteria	LC711140.1	1124	1122	1122	55.7041	16S rRNA	barrnap-coordinate-extraction
MPDB000311	573	Klebsiella pneumoniae	bacteria	LC711141.1	1124	1122	1122	55.5258	16S rRNA	barrnap-coordinate-extraction
MPDB000312	573	Klebsiella pneumoniae	bacteria	LC717013.1	699	696	696	56.1782	16S rRNA	barrnap-coordinate-extraction
MPDB000313	573	Klebsiella pneumoniae	bacteria	LC717152.1	699	696	696	56.3218	16S rRNA	barrnap-coordinate-extraction
MPDB000314	573	Klebsiella pneumoniae	bacteria	LC732202.1	678	675	675	55.5556	16S rRNA	barrnap-coordinate-extraction
MPDB000315	573	Klebsiella pneumoniae	bacteria	LC732203.1	677	675	675	55.5556	16S rRNA	barrnap-coordinate-extraction
MPDB000316	573	Klebsiella pneumoniae	bacteria	LC747146.1	1196	1169	1169	54.7476	16S rRNA	barrnap-coordinate-extraction
MPDB000317	573	Klebsiella pneumoniae	bacteria	LC764401.1	949	949	949	55.3214	16S rRNA	barrnap-coordinate-extraction
MPDB000318	573	Klebsiella pneumoniae	bacteria	LC800022.1	1224	1189	1189	55.8452	16S rRNA	barrnap-coordinate-extraction
MPDB000319	573	Klebsiella pneumoniae	bacteria	LC800023.1	779	754	754	56.1008	16S rRNA	barrnap-coordinate-extraction
MPDB000320	573	Klebsiella pneumoniae	bacteria	LC802112.1	1269	1263	1263	54.9485	16S rRNA	barrnap-coordinate-extraction
MPDB000321	573	Klebsiella pneumoniae	bacteria	LC802113.1	1269	1263	1263	54.8694	16S rRNA	barrnap-coordinate-extraction
MPDB000322	573	Klebsiella pneumoniae	bacteria	LC802115.1	1269	1263	1263	54.8694	16S rRNA	barrnap-coordinate-extraction
MPDB000323	573	Klebsiella pneumoniae	bacteria	LC834133.1	680	678	678	56.3422	16S rRNA	barrnap-coordinate-extraction
MPDB000324	573	Klebsiella pneumoniae	bacteria	LC848124.1	1531	1531	1531	54.9213	16S rRNA	barrnap-coordinate-extraction
MPDB000325	573	Klebsiella pneumoniae	bacteria	LC868253.1	1430	1426	1426	55.1893	16S rRNA	barrnap-coordinate-extraction
MPDB000326	573	Klebsiella pneumoniae	bacteria	LC924319.1	1217	1208	1208	55.0497	16S rRNA	barrnap-coordinate-extraction
MPDB000327	573	Klebsiella pneumoniae	bacteria	LC924333.1	1211	1211	1211	54.7481	16S rRNA	barrnap-coordinate-extraction
MPDB000334	573	Klebsiella pneumoniae	bacteria	OU548745.1	1014	993	993	54.4814	16S rRNA	barrnap-coordinate-extraction
MPDB000335	573	Klebsiella pneumoniae	bacteria	PV361230.1	1389	1278	1278	54.6166	16S rRNA	barrnap-coordinate-extraction
MPDB000336	573	Klebsiella pneumoniae	bacteria	PV361232.1	1388	1355	1355	54.8339	16S rRNA	barrnap-coordinate-extraction
MPDB000338	615	Serratia marcescens	bacteria	AB594756.1	1464	1461	1461	54.4208	16S rRNA	barrnap-coordinate-extraction
MPDB000339	615	Serratia marcescens	bacteria	AB681729.1	1467	1465	1465	54.4027	16S rRNA	barrnap-coordinate-extraction
MPDB000341	615	Serratia marcescens	bacteria	HE804807.2	1031	995	995	53.5678	16S rRNA	barrnap-coordinate-extraction
MPDB000342	615	Serratia marcescens	bacteria	HE995790.2	765	756	756	52.3810	16S rRNA	barrnap-coordinate-extraction
MPDB000343	615	Serratia marcescens	bacteria	HG800005.1	1000	755	755	45.0331	16S rRNA	barrnap-coordinate-extraction
MPDB000344	615	Serratia marcescens	bacteria	HG941700.1	1020	1011	1011	53.7092	16S rRNA	barrnap-coordinate-extraction
MPDB000346	615	Serratia marcescens	bacteria	LC529707.1	676	674	674	52.9674	16S rRNA	barrnap-coordinate-extraction
MPDB000347	615	Serratia marcescens	bacteria	LC571916.1	1464	1461	1461	54.9141	16S rRNA	barrnap-coordinate-extraction
MPDB000348	615	Serratia marcescens	bacteria	LC571929.1	1464	1461	1461	54.6201	16S rRNA	barrnap-coordinate-extraction
MPDB000349	615	Serratia marcescens	bacteria	LC571930.1	1464	1461	1461	54.6575	16S rRNA	barrnap-coordinate-extraction
MPDB000350	615	Serratia marcescens	bacteria	LC571935.1	1464	1461	1461	54.4832	16S rRNA	barrnap-coordinate-extraction
MPDB000351	615	Serratia marcescens	bacteria	LC571939.1	1464	1461	1461	54.4894	16S rRNA	barrnap-coordinate-extraction
MPDB000352	615	Serratia marcescens	bacteria	LC571942.1	1464	1461	1461	54.4894	16S rRNA	barrnap-coordinate-extraction
MPDB000353	615	Serratia marcescens	bacteria	LC572258.1	1471	1470	1470	54.3537	16S rRNA	barrnap-coordinate-extraction
MPDB000354	615	Serratia marcescens	bacteria	LC581798.1	1115	1115	1115	55.2466	16S rRNA	barrnap-coordinate-extraction
MPDB000355	615	Serratia marcescens	bacteria	LC595302.1	1464	1461	1461	54.4521	16S rRNA	barrnap-coordinate-extraction
MPDB000356	615	Serratia marcescens	bacteria	LC595307.1	1464	1461	1461	54.3836	16S rRNA	barrnap-coordinate-extraction
MPDB000357	615	Serratia marcescens	bacteria	LC625784.1	1387	1380	1380	54.7101	16S rRNA	barrnap-coordinate-extraction
MPDB000358	615	Serratia marcescens	bacteria	LC627326.1	1411	1368	1368	54.4591	16S rRNA	barrnap-coordinate-extraction
MPDB000359	615	Serratia marcescens	bacteria	LC645190.1	437	436	436	55.0459	16S rRNA	barrnap-coordinate-extraction
MPDB000360	615	Serratia marcescens	bacteria	LC790163.1	1269	1269	1269	54.3735	16S rRNA	barrnap-coordinate-extraction
MPDB000361	615	Serratia marcescens	bacteria	LC790164.1	1269	1269	1269	54.1371	16S rRNA	barrnap-coordinate-extraction
MPDB000362	615	Serratia marcescens	bacteria	LC815918.1	1068	1035	1035	54.5894	16S rRNA	barrnap-coordinate-extraction
MPDB000363	615	Serratia marcescens	bacteria	LM655405.1	166	166	166	53.6145	16S rRNA partial	marker-only-record-retained
MPDB000364	615	Serratia marcescens	bacteria	LN884126.1	565	561	561	56.5062	16S rRNA	barrnap-coordinate-extraction
MPDB000365	615	Serratia marcescens	bacteria	LN995790.1	988	947	947	52.0591	16S rRNA	barrnap-coordinate-extraction
MPDB000366	615	Serratia marcescens	bacteria	LN997966.1	731	731	731	55.8904	16S rRNA	barrnap-coordinate-extraction
MPDB000367	615	Serratia marcescens	bacteria	LT608121.1	1368	1344	1344	54.0923	16S rRNA	barrnap-coordinate-extraction
MPDB000368	615	Serratia marcescens	bacteria	LT628254.1	1165	1161	1161	53.9190	16S rRNA	barrnap-coordinate-extraction
MPDB000369	615	Serratia marcescens	bacteria	LT628255.1	1156	1151	1151	54.0400	16S rRNA	barrnap-coordinate-extraction
MPDB000370	615	Serratia marcescens	bacteria	LT628256.1	1209	1203	1203	54.1978	16S rRNA	barrnap-coordinate-extraction
MPDB000371	615	Serratia marcescens	bacteria	LT631776.1	1229	1226	1226	54.7386	16S rRNA	barrnap-coordinate-extraction
MPDB000372	615	Serratia marcescens	bacteria	LT631777.1	1453	1447	1447	54.4761	16S rRNA	barrnap-coordinate-extraction
MPDB000373	615	Serratia marcescens	bacteria	LT678778.1	759	758	758	56.3325	16S rRNA	barrnap-coordinate-extraction
MPDB000374	615	Serratia marcescens	bacteria	LT682310.1	878	782	782	55.8824	16S rRNA	barrnap-coordinate-extraction
MPDB000375	615	Serratia marcescens	bacteria	LT691102.1	759	758	758	56.3325	16S rRNA	barrnap-coordinate-extraction
MPDB000376	615	Serratia marcescens	bacteria	LT694243.1	758	755	755	56.2914	16S rRNA	barrnap-coordinate-extraction
MPDB000378	615	Serratia marcescens	bacteria	OU548751.1	1065	1057	1057	53.3649	16S rRNA	barrnap-coordinate-extraction
MPDB000379	615	Serratia marcescens	bacteria	OX250429.1	425	425	425	52.0000	16S rRNA	barrnap-coordinate-extraction
MPDB000380	66269	Pantoea stewartii subsp. stewartii	bacteria	AJ311838.1	2024	1533	1533	55.3816	16S rRNA	barrnap-coordinate-extraction
MPDB000381	66269	Pantoea stewartii subsp. stewartii	bacteria	HF584960.1	1119	1118	1118	55.9928	16S rRNA	barrnap-coordinate-extraction
MPDB000382	66269	Pantoea stewartii subsp. stewartii	bacteria	HF985352.1	683	683	683	56.5154	16S rRNA	barrnap-coordinate-extraction
MPDB000383	66269	Pantoea stewartii subsp. stewartii	bacteria	HF985353.1	700	694	694	56.2219	16S rRNA	barrnap-coordinate-extraction
MPDB000384	66269	Pantoea stewartii subsp. stewartii	bacteria	HG792421.1	1358	1356	1356	55.7522	16S rRNA	barrnap-coordinate-extraction
MPDB000385	66269	Pantoea stewartii subsp. stewartii	bacteria	HG792422.1	1417	1409	1409	55.7925	16S rRNA	barrnap-coordinate-extraction
MPDB000386	66269	Pantoea stewartii subsp. stewartii	bacteria	HG792423.1	1423	1408	1408	55.7459	16S rRNA	barrnap-coordinate-extraction
MPDB000387	66269	Pantoea stewartii subsp. stewartii	bacteria	HG792424.1	1408	1399	1399	55.4044	16S rRNA	barrnap-coordinate-extraction
MPDB000388	66269	Pantoea stewartii subsp. stewartii	bacteria	HG792425.1	1356	1355	1355	55.8346	16S rRNA	barrnap-coordinate-extraction
MPDB000389	66269	Pantoea stewartii subsp. stewartii	bacteria	LC928073.1	1391	1362	1362	55.3598	16S rRNA	barrnap-coordinate-extraction
MPDB000390	66269	Pantoea stewartii subsp. stewartii	bacteria	LC928152.1	1404	1362	1362	55.4332	16S rRNA	barrnap-coordinate-extraction
MPDB000391	66269	Pantoea stewartii subsp. stewartii	bacteria	LC928160.1	1383	1352	1352	55.2515	16S rRNA	barrnap-coordinate-extraction
MPDB000392	66269	Pantoea stewartii subsp. stewartii	bacteria	LN879347.1	615	615	615	52.9316	16S rRNA partial	marker-only-record-retained
MPDB000393	66269	Pantoea stewartii subsp. stewartii	bacteria	LN879354.1	868	796	796	54.1457	16S rRNA	barrnap-coordinate-extraction
MPDB000394	66269	Pantoea stewartii subsp. stewartii	bacteria	LT908020.1	600	591	591	54.3147	16S rRNA	barrnap-coordinate-extraction
MPDB000395	66269	Pantoea stewartii subsp. stewartii	bacteria	S69173.1	120	120	120	55.0000	16S rRNA partial	marker-only-record-retained
MPDB000396	66269	Pantoea stewartii subsp. stewartii	bacteria	Y13251.1	1499	1498	1498	55.2147	16S rRNA	barrnap-coordinate-extraction
MPDB000397	69219	Enterobacter cloacae subsp. dissolvens	bacteria	AJ417485.1	420	420	420	55.4762	16S rRNA partial	marker-only-record-retained
MPDB000398	69219	Enterobacter cloacae subsp. dissolvens	bacteria	LC667811.1	1330	1327	1327	55.0113	16S rRNA	barrnap-coordinate-extraction
MPDB000399	69219	Enterobacter cloacae subsp. dissolvens	bacteria	LC667815.1	1332	1304	1304	54.7546	16S rRNA	barrnap-coordinate-extraction
MPDB000400	80867	Acidovorax avenae subsp. avenae	bacteria	AB021421.1	1445	1445	1445	54.3872	16S rRNA	barrnap-coordinate-extraction
MPDB000401	80867	Acidovorax avenae subsp. avenae	bacteria	AB571879.1	665	663	663	54.9020	16S rRNA	barrnap-coordinate-extraction
MPDB000402	80867	Acidovorax avenae subsp. avenae	bacteria	AM943046.1	437	423	423	56.7376	16S rRNA	barrnap-coordinate-extraction
MPDB000403	80867	Acidovorax avenae subsp. avenae	bacteria	LC702348.1	1394	1390	1390	54.8201	16S rRNA	barrnap-coordinate-extraction
MPDB000404	10821	Mastrevirus storeyi	viruses	AF007881.1	2701	2701	2701	49.2410	complete viral genome/segment	viral-genome-retained
MPDB000405	10821	Mastrevirus storeyi	viruses	AF329889.1	2690	2690	2690	48.5130	complete viral genome/segment	viral-genome-retained
MPDB000406	10821	Mastrevirus storeyi	viruses	OQ102044.1	2689	2689	2689	49.5351	complete viral genome/segment	viral-genome-retained
MPDB000407	10821	Mastrevirus storeyi	viruses	OQ211418.1	2685	2685	2685	48.2682	complete viral genome/segment	viral-genome-retained
MPDB000408	10821	Mastrevirus storeyi	viruses	OQ211419.1	2673	2673	2673	48.2230	complete viral genome/segment	viral-genome-retained
MPDB000409	10821	Mastrevirus storeyi	viruses	OQ211420.1	2684	2684	2684	49.0686	complete viral genome/segment	viral-genome-retained
MPDB000410	10821	Mastrevirus storeyi	viruses	OQ211421.1	2685	2685	2685	48.4916	complete viral genome/segment	viral-genome-retained
MPDB000411	10821	Mastrevirus storeyi	viruses	OQ211422.1	2685	2685	2685	49.0875	complete viral genome/segment	viral-genome-retained
MPDB000412	10821	Mastrevirus storeyi	viruses	OQ211423.1	2683	2683	2683	48.2296	complete viral genome/segment	viral-genome-retained
MPDB000413	10821	Mastrevirus storeyi	viruses	OQ211428.1	2684	2684	2684	48.2116	complete viral genome/segment	viral-genome-retained
MPDB000414	10821	Mastrevirus storeyi	viruses	OQ211429.1	2685	2685	2685	48.9385	complete viral genome/segment	viral-genome-retained
MPDB000415	10821	Mastrevirus storeyi	viruses	OQ211430.1	2684	2684	2684	48.4724	complete viral genome/segment	viral-genome-retained
MPDB000416	10821	Mastrevirus storeyi	viruses	OQ211431.1	2685	2685	2685	49.0130	complete viral genome/segment	viral-genome-retained
MPDB000417	10821	Mastrevirus storeyi	viruses	OQ211432.1	2684	2684	2684	48.1744	complete viral genome/segment	viral-genome-retained
MPDB000418	10821	Mastrevirus storeyi	viruses	OQ211433.1	2684	2684	2684	48.6587	complete viral genome/segment	viral-genome-retained
MPDB000419	10821	Mastrevirus storeyi	viruses	OQ211434.1	2684	2684	2684	48.1178	complete viral genome/segment	viral-genome-retained
MPDB000420	10821	Mastrevirus storeyi	viruses	OQ211435.1	2684	2684	2684	48.2489	complete viral genome/segment	viral-genome-retained
MPDB000421	10821	Mastrevirus storeyi	viruses	OQ211436.1	2685	2685	2685	49.0503	complete viral genome/segment	viral-genome-retained
MPDB000422	10821	Mastrevirus storeyi	viruses	OQ211437.1	2685	2685	2685	48.3799	complete viral genome/segment	viral-genome-retained
MPDB000423	10821	Mastrevirus storeyi	viruses	OQ211438.1	2685	2685	2685	48.9758	complete viral genome/segment	viral-genome-retained
MPDB000424	10821	Mastrevirus storeyi	viruses	OQ211439.1	2686	2686	2686	48.9576	complete viral genome/segment	viral-genome-retained
MPDB000425	10821	Mastrevirus storeyi	viruses	OQ211440.1	2684	2684	2684	48.8077	complete viral genome/segment	viral-genome-retained
MPDB000426	10821	Mastrevirus storeyi	viruses	OQ211441.1	2684	2684	2684	48.6215	complete viral genome/segment	viral-genome-retained
MPDB000427	10821	Mastrevirus storeyi	viruses	OQ211442.1	2685	2685	2685	48.5289	complete viral genome/segment	viral-genome-retained
MPDB000428	10821	Mastrevirus storeyi	viruses	OQ211444.1	2685	2685	2685	48.6406	complete viral genome/segment	viral-genome-retained
MPDB000429	10821	Mastrevirus storeyi	viruses	OQ211445.1	2684	2684	2684	48.5097	complete viral genome/segment	viral-genome-retained
MPDB000430	10821	Mastrevirus storeyi	viruses	OQ211446.1	2684	2684	2684	48.2861	complete viral genome/segment	viral-genome-retained
MPDB000431	10821	Mastrevirus storeyi	viruses	OQ211447.1	2685	2685	2685	48.9013	complete viral genome/segment	viral-genome-retained
MPDB000432	10821	Mastrevirus storeyi	viruses	OQ211448.1	2686	2686	2686	48.2502	complete viral genome/segment	viral-genome-retained
MPDB000433	10821	Mastrevirus storeyi	viruses	OQ211449.1	2682	2682	2682	47.9493	complete viral genome/segment	viral-genome-retained
MPDB000434	10821	Mastrevirus storeyi	viruses	OQ211450.1	2684	2684	2684	49.0313	complete viral genome/segment	viral-genome-retained
MPDB000435	10821	Mastrevirus storeyi	viruses	OQ211451.1	2684	2684	2684	48.2861	complete viral genome/segment	viral-genome-retained
MPDB000436	10821	Mastrevirus storeyi	viruses	OQ211452.1	2685	2685	2685	48.9385	complete viral genome/segment	viral-genome-retained
MPDB000437	10821	Mastrevirus storeyi	viruses	OQ211454.1	2684	2684	2684	48.2116	complete viral genome/segment	viral-genome-retained
MPDB000438	10821	Mastrevirus storeyi	viruses	OR258386.1	2687	2687	2687	49.5720	complete viral genome/segment	viral-genome-retained
MPDB000439	10821	Mastrevirus storeyi	viruses	OR258387.1	2687	2687	2687	49.4976	complete viral genome/segment	viral-genome-retained
MPDB000440	10821	Mastrevirus storeyi	viruses	OR258388.1	2686	2686	2686	49.5905	complete viral genome/segment	viral-genome-retained
MPDB000441	10821	Mastrevirus storeyi	viruses	OR258392.1	2687	2687	2687	49.4976	complete viral genome/segment	viral-genome-retained
MPDB000442	10821	Mastrevirus storeyi	viruses	OR258395.1	2687	2687	2687	49.5348	complete viral genome/segment	viral-genome-retained
MPDB000443	10821	Mastrevirus storeyi	viruses	OR258396.1	2687	2687	2687	49.4976	complete viral genome/segment	viral-genome-retained
MPDB000444	10821	Mastrevirus storeyi	viruses	OR258397.1	2687	2687	2687	49.5348	complete viral genome/segment	viral-genome-retained
MPDB000445	10821	Mastrevirus storeyi	viruses	OR258398.1	2688	2688	2688	48.1771	complete viral genome/segment	viral-genome-retained
MPDB000446	10821	Mastrevirus storeyi	viruses	OR258402.1	2688	2688	2688	48.0283	complete viral genome/segment	viral-genome-retained
MPDB000447	10989	Fijivirus zeae	viruses	MN103286.1	1936	1936	1936	34.6591	complete viral genome/segment	viral-genome-retained
MPDB000448	10989	Fijivirus zeae	viruses	MN103287.1	1900	1900	1900	34.4737	complete viral genome/segment	viral-genome-retained
MPDB000449	10989	Fijivirus zeae	viruses	MN103288.1	1802	1802	1802	36.1265	complete viral genome/segment	viral-genome-retained
MPDB000450	10990	Fijivirus alporyzae	viruses	LC590237.1	1929	1929	1929	34.9922	complete viral genome/segment	viral-genome-retained
MPDB000451	10990	Fijivirus alporyzae	viruses	LC590238.1	1920	1920	1920	33.8542	complete viral genome/segment	viral-genome-retained
MPDB000452	10990	Fijivirus alporyzae	viruses	LC590239.1	1801	1801	1801	36.4242	complete viral genome/segment	viral-genome-retained
MPDB000453	1182518	Mastrevirus bourbonense	viruses	JQ624880.1	2882	2882	2882	51.8043	complete viral genome/segment	viral-genome-retained
MPDB000454	1182518	Mastrevirus bourbonense	viruses	KJ437669.1	2879	2879	2879	52.4488	complete viral genome/segment	viral-genome-retained
MPDB000455	1182518	Mastrevirus bourbonense	viruses	KJ437670.1	2879	2879	2879	52.4140	complete viral genome/segment	viral-genome-retained
MPDB000456	1182518	Mastrevirus bourbonense	viruses	KM230031.1	2882	2882	2882	51.7696	complete viral genome/segment	viral-genome-retained
MPDB000457	1182518	Mastrevirus bourbonense	viruses	KT717933.1	2880	2880	2880	51.7361	complete viral genome/segment	viral-genome-retained
MPDB000458	1182518	Mastrevirus bourbonense	viruses	MK329304.1	2879	2879	2879	52.1014	complete viral genome/segment	viral-genome-retained
MPDB000459	1182518	Mastrevirus bourbonense	viruses	MK329305.1	2879	2879	2879	51.9972	complete viral genome/segment	viral-genome-retained
MPDB000460	1182518	Mastrevirus bourbonense	viruses	MK546378.1	2880	2880	2880	52.5182	complete viral genome/segment	viral-genome-retained
MPDB000461	1182518	Mastrevirus bourbonense	viruses	NC_017917.1	2882	2882	2882	52.4636	complete viral genome/segment	viral-genome-retained
MPDB000462	1182518	Mastrevirus bourbonense	viruses	PQ424983.1	2879	2879	2879	52.7614	complete viral genome/segment	viral-genome-retained
MPDB000463	1182518	Mastrevirus bourbonense	viruses	PQ424983.1	2879	2879	2879	52.7614	complete viral genome/segment	viral-genome-retained
MPDB000464	1182518	Mastrevirus bourbonense	viruses	PQ424984.1	2879	2879	2879	52.7614	complete viral genome/segment	viral-genome-retained
MPDB000465	12138	Machlomovirus zeae	viruses	MK787304.1	4436	4436	4436	50.4734	complete viral genome/segment	viral-genome-retained
MPDB000466	12138	Machlomovirus zeae	viruses	MN706213.1	4436	4436	4436	50.4283	complete viral genome/segment	viral-genome-retained
MPDB000467	12138	Machlomovirus zeae	viruses	MN706214.1	4436	4436	4436	50.4283	complete viral genome/segment	viral-genome-retained
MPDB000468	12138	Machlomovirus zeae	viruses	MN706215.1	4437	4437	4437	50.3944	complete viral genome/segment	viral-genome-retained
MPDB000469	12138	Machlomovirus zeae	viruses	MN706216.1	4436	4436	4436	50.3381	complete viral genome/segment	viral-genome-retained
MPDB000470	12138	Machlomovirus zeae	viruses	MN706217.1	4388	4388	4388	50.2507	complete viral genome/segment	viral-genome-retained
MPDB000471	12138	Machlomovirus zeae	viruses	MN706218.1	4436	4436	4436	50.1803	complete viral genome/segment	viral-genome-retained
MPDB000472	12138	Machlomovirus zeae	viruses	MN706219.1	4437	4437	4437	50.2592	complete viral genome/segment	viral-genome-retained
MPDB000473	12138	Machlomovirus zeae	viruses	MN706220.1	4425	4425	4425	50.3729	complete viral genome/segment	viral-genome-retained
MPDB000474	12138	Machlomovirus zeae	viruses	MN706221.1	4436	4436	4436	50.3156	complete viral genome/segment	viral-genome-retained
MPDB000475	12138	Machlomovirus zeae	viruses	MN706222.1	4436	4436	4436	50.4058	complete viral genome/segment	viral-genome-retained
MPDB000476	12138	Machlomovirus zeae	viruses	MN706223.1	4436	4436	4436	50.4058	complete viral genome/segment	viral-genome-retained
MPDB000477	12138	Machlomovirus zeae	viruses	MN706224.1	4435	4435	4435	50.3495	complete viral genome/segment	viral-genome-retained
MPDB000478	12138	Machlomovirus zeae	viruses	MN706225.1	4436	4436	4436	50.4734	complete viral genome/segment	viral-genome-retained
MPDB000479	12138	Machlomovirus zeae	viruses	MN706226.1	4436	4436	4436	50.5410	complete viral genome/segment	viral-genome-retained
MPDB000480	12138	Machlomovirus zeae	viruses	MN706227.1	4436	4436	4436	50.4283	complete viral genome/segment	viral-genome-retained
MPDB000481	12138	Machlomovirus zeae	viruses	MN706228.1	4426	4426	4426	50.2937	complete viral genome/segment	viral-genome-retained
MPDB000482	12138	Machlomovirus zeae	viruses	MN706229.1	4404	4404	4404	50.2498	complete viral genome/segment	viral-genome-retained
MPDB000483	12138	Machlomovirus zeae	viruses	MN706230.1	4436	4436	4436	50.4734	complete viral genome/segment	viral-genome-retained
MPDB000484	12138	Machlomovirus zeae	viruses	MN706231.1	4436	4436	4436	50.4509	complete viral genome/segment	viral-genome-retained
MPDB000485	12138	Machlomovirus zeae	viruses	MN706235.1	4436	4436	4436	50.4283	complete viral genome/segment	viral-genome-retained
MPDB000486	12138	Machlomovirus zeae	viruses	MN706236.1	4436	4436	4436	50.4283	complete viral genome/segment	viral-genome-retained
MPDB000487	12138	Machlomovirus zeae	viruses	MN706237.1	4435	4435	4435	50.4171	complete viral genome/segment	viral-genome-retained
MPDB000488	12138	Machlomovirus zeae	viruses	MN706238.1	4436	4436	4436	50.4058	complete viral genome/segment	viral-genome-retained
MPDB000489	12138	Machlomovirus zeae	viruses	MN706239.1	4428	4428	4428	50.4291	complete viral genome/segment	viral-genome-retained
MPDB000490	12138	Machlomovirus zeae	viruses	MN706240.1	4436	4436	4436	50.4959	complete viral genome/segment	viral-genome-retained
MPDB000491	12138	Machlomovirus zeae	viruses	MN706241.1	4426	4426	4426	50.2485	complete viral genome/segment	viral-genome-retained
MPDB000492	12138	Machlomovirus zeae	viruses	MN706242.1	4401	4401	4401	50.2159	complete viral genome/segment	viral-genome-retained
MPDB000493	12138	Machlomovirus zeae	viruses	MN756483.1	4430	4430	4430	50.4740	complete viral genome/segment	viral-genome-retained
MPDB000494	12138	Machlomovirus zeae	viruses	MN822301.1	4450	4450	4450	50.3146	complete viral genome/segment	viral-genome-retained
MPDB000495	12138	Machlomovirus zeae	viruses	MN822302.1	4427	4427	4427	50.4179	complete viral genome/segment	viral-genome-retained
MPDB000496	12138	Machlomovirus zeae	viruses	MN822303.1	4423	4423	4423	50.3278	complete viral genome/segment	viral-genome-retained
MPDB000497	12138	Machlomovirus zeae	viruses	OK181780.1	4436	4436	4436	50.4058	complete viral genome/segment	viral-genome-retained
MPDB000498	12138	Machlomovirus zeae	viruses	PV974307.1	4397	4397	4397	50.2844	complete viral genome/segment	viral-genome-retained
MPDB000499	12138	Machlomovirus zeae	viruses	PV974308.1	4394	4394	4394	50.1710	complete viral genome/segment	viral-genome-retained
MPDB000500	12138	Machlomovirus zeae	viruses	PV974309.1	4395	4395	4395	50.2276	complete viral genome/segment	viral-genome-retained
MPDB000501	12138	Machlomovirus zeae	viruses	PV974310.1	4377	4377	4377	50.2170	complete viral genome/segment	viral-genome-retained
MPDB000502	12138	Machlomovirus zeae	viruses	PV974311.1	4390	4390	4390	50.1140	complete viral genome/segment	viral-genome-retained
MPDB000503	12138	Machlomovirus zeae	viruses	PV974312.1	4391	4391	4391	50.3314	complete viral genome/segment	viral-genome-retained
MPDB000504	12138	Machlomovirus zeae	viruses	PV974313.1	4393	4393	4393	50.2619	complete viral genome/segment	viral-genome-retained
MPDB000505	12138	Machlomovirus zeae	viruses	PV974318.1	4393	4393	4393	50.3881	complete viral genome/segment	viral-genome-retained
MPDB000506	12138	Machlomovirus zeae	viruses	PV974319.1	4393	4393	4393	50.3768	complete viral genome/segment	viral-genome-retained
MPDB000507	12138	Machlomovirus zeae	viruses	PZ270488.1	4436	4436	4436	50.2931	complete viral genome/segment	viral-genome-retained
MPDB000508	12203	Potyvirus zeananus	viruses	JQ280313.1	9499	9499	9499	40.6359	complete viral genome/segment	viral-genome-retained
MPDB000509	12203	Potyvirus zeananus	viruses	JQ403608.1	9458	9458	9458	40.1882	complete viral genome/segment	viral-genome-retained
MPDB000510	12203	Potyvirus zeananus	viruses	JQ403609.2	9402	9402	9402	40.0604	complete viral genome/segment	viral-genome-retained
MPDB000511	12203	Potyvirus zeananus	viruses	JX185302.2	9526	9526	9526	40.7709	complete viral genome/segment	viral-genome-retained
MPDB000512	12203	Potyvirus zeananus	viruses	MK282423.1	9563	9563	9563	41.1795	complete viral genome/segment	viral-genome-retained
MPDB000513	12203	Potyvirus zeananus	viruses	MN615724.1	9538	9538	9538	40.4487	complete viral genome/segment	viral-genome-retained
MPDB000514	12203	Potyvirus zeananus	viruses	MW026050.1	9225	9225	9225	40.6721	complete viral genome/segment	viral-genome-retained
MPDB000515	12203	Potyvirus zeananus	viruses	MW026051.1	9497	9497	9497	40.5286	complete viral genome/segment	viral-genome-retained
MPDB000516	12203	Potyvirus zeananus	viruses	MW026052.1	9450	9450	9450	40.7090	complete viral genome/segment	viral-genome-retained
MPDB000517	12203	Potyvirus zeananus	viruses	MW026053.1	9491	9491	9491	40.5542	complete viral genome/segment	viral-genome-retained
MPDB000518	12203	Potyvirus zeananus	viruses	MW026054.1	9394	9394	9394	40.5152	complete viral genome/segment	viral-genome-retained
MPDB000519	12203	Potyvirus zeananus	viruses	MW026055.1	9415	9415	9415	40.5736	complete viral genome/segment	viral-genome-retained
MPDB000520	12203	Potyvirus zeananus	viruses	MW026056.1	9413	9413	9413	40.3697	complete viral genome/segment	viral-genome-retained
MPDB000521	12203	Potyvirus zeananus	viruses	MW026057.1	9204	9204	9204	40.4172	complete viral genome/segment	viral-genome-retained
MPDB000522	12203	Potyvirus zeananus	viruses	MW026058.1	9444	9444	9444	40.6607	complete viral genome/segment	viral-genome-retained
MPDB000523	12203	Potyvirus zeananus	viruses	MW026059.1	9430	9430	9430	40.7211	complete viral genome/segment	viral-genome-retained
MPDB000524	12203	Potyvirus zeananus	viruses	MW026060.1	9461	9461	9461	40.4080	complete viral genome/segment	viral-genome-retained
MPDB000525	12203	Potyvirus zeananus	viruses	MW026061.1	9454	9454	9454	40.4485	complete viral genome/segment	viral-genome-retained
MPDB000526	12203	Potyvirus zeananus	viruses	MW026062.1	9391	9391	9391	40.3684	complete viral genome/segment	viral-genome-retained
MPDB000527	12203	Potyvirus zeananus	viruses	MW026063.1	9372	9372	9372	40.4396	complete viral genome/segment	viral-genome-retained
MPDB000528	12203	Potyvirus zeananus	viruses	MW026064.1	9431	9431	9431	40.4729	complete viral genome/segment	viral-genome-retained
MPDB000529	12203	Potyvirus zeananus	viruses	MW026065.1	9395	9395	9395	40.4364	complete viral genome/segment	viral-genome-retained
MPDB000530	12203	Potyvirus zeananus	viruses	MW026066.1	9440	9440	9440	40.3814	complete viral genome/segment	viral-genome-retained
MPDB000531	12203	Potyvirus zeananus	viruses	NC_003377.1	9515	9515	9515	40.5675	complete viral genome/segment	viral-genome-retained
MPDB000532	12203	Potyvirus zeananus	viruses	ON604838.1	9499	9499	9499	40.5201	complete viral genome/segment	viral-genome-retained
MPDB000533	12203	Potyvirus zeananus	viruses	OQ060498.1	9610	9610	9610	40.5619	complete viral genome/segment	viral-genome-retained
MPDB000534	12203	Potyvirus zeananus	viruses	OQ236070.1	9514	9514	9514	40.9292	complete viral genome/segment	viral-genome-retained
MPDB000535	12224	Potyvirus sacchari	viruses	KU171814.1	9575	9575	9575	42.1619	complete viral genome/segment	viral-genome-retained
MPDB000536	12224	Potyvirus sacchari	viruses	KU171815.1	9576	9576	9576	41.9173	complete viral genome/segment	viral-genome-retained
MPDB000537	12224	Potyvirus sacchari	viruses	KU171816.1	9576	9576	9576	41.9382	complete viral genome/segment	viral-genome-retained
MPDB000538	12224	Potyvirus sacchari	viruses	KU171817.1	9598	9598	9598	42.0817	complete viral genome/segment	viral-genome-retained
MPDB000539	12224	Potyvirus sacchari	viruses	MF467393.1	9520	9520	9520	41.6912	complete viral genome/segment	viral-genome-retained
MPDB000540	12224	Potyvirus sacchari	viruses	MF467394.1	9522	9522	9522	41.6719	complete viral genome/segment	viral-genome-retained
MPDB000541	12224	Potyvirus sacchari	viruses	MF467395.1	9511	9511	9511	41.5834	complete viral genome/segment	viral-genome-retained
MPDB000542	12224	Potyvirus sacchari	viruses	MF467396.1	9487	9487	9487	41.6886	complete viral genome/segment	viral-genome-retained
MPDB000543	12224	Potyvirus sacchari	viruses	MF467397.1	9520	9520	9520	41.6282	complete viral genome/segment	viral-genome-retained
MPDB000544	12224	Potyvirus sacchari	viruses	MF467398.1	9482	9482	9482	41.6473	complete viral genome/segment	viral-genome-retained
MPDB000545	12224	Potyvirus sacchari	viruses	MF467399.1	9491	9491	9491	41.7132	complete viral genome/segment	viral-genome-retained
MPDB000546	12224	Potyvirus sacchari	viruses	MF467400.1	9575	9575	9575	41.7128	complete viral genome/segment	viral-genome-retained
MPDB000547	12224	Potyvirus sacchari	viruses	MF467401.1	9492	9492	9492	41.6561	complete viral genome/segment	viral-genome-retained
MPDB000548	12224	Potyvirus sacchari	viruses	MF467402.1	9484	9484	9484	41.3328	complete viral genome/segment	viral-genome-retained
MPDB000549	12224	Potyvirus sacchari	viruses	MF467403.1	9527	9527	9527	41.7025	complete viral genome/segment	viral-genome-retained
MPDB000550	12224	Potyvirus sacchari	viruses	MF467404.1	9494	9494	9494	41.6790	complete viral genome/segment	viral-genome-retained
MPDB000551	12224	Potyvirus sacchari	viruses	MH580837.1	9539	9539	9539	41.5662	complete viral genome/segment	viral-genome-retained
MPDB000552	12224	Potyvirus sacchari	viruses	MN097767.1	9509	9509	9509	41.9918	complete viral genome/segment	viral-genome-retained
MPDB000553	12224	Potyvirus sacchari	viruses	MN097768.1	9545	9545	9545	41.9382	complete viral genome/segment	viral-genome-retained
MPDB000554	12224	Potyvirus sacchari	viruses	MN097769.1	9536	9536	9536	42.1036	complete viral genome/segment	viral-genome-retained
MPDB000555	12224	Potyvirus sacchari	viruses	MN203189.1	9530	9530	9530	42.3295	complete viral genome/segment	viral-genome-retained
MPDB000556	12224	Potyvirus sacchari	viruses	MN714644.1	9535	9535	9535	42.1080	complete viral genome/segment	viral-genome-retained
MPDB000557	12224	Potyvirus sacchari	viruses	MN756484.1	9575	9575	9575	41.6606	complete viral genome/segment	viral-genome-retained
MPDB000558	12224	Potyvirus sacchari	viruses	MN759251.1	9509	9509	9509	40.9086	complete viral genome/segment	viral-genome-retained
MPDB000559	12224	Potyvirus sacchari	viruses	MN788498.1	9587	9587	9587	41.7545	complete viral genome/segment	viral-genome-retained
MPDB000560	12224	Potyvirus sacchari	viruses	MN795295.1	9580	9580	9580	41.6806	complete viral genome/segment	viral-genome-retained
MPDB000561	12224	Potyvirus sacchari	viruses	MN813966.1	9584	9584	9584	41.6841	complete viral genome/segment	viral-genome-retained
MPDB000562	12224	Potyvirus sacchari	viruses	MN813967.1	9590	9590	9590	41.3973	complete viral genome/segment	viral-genome-retained
MPDB000563	12224	Potyvirus sacchari	viruses	MW248339.1	9588	9588	9588	41.9691	complete viral genome/segment	viral-genome-retained
MPDB000564	12224	Potyvirus sacchari	viruses	OP150408.1	9596	9596	9596	41.7153	complete viral genome/segment	viral-genome-retained
MPDB000565	12224	Potyvirus sacchari	viruses	OP150410.1	9596	9596	9596	41.6424	complete viral genome/segment	viral-genome-retained
MPDB000566	12224	Potyvirus sacchari	viruses	OQ060499.1	9591	9591	9591	41.6953	complete viral genome/segment	viral-genome-retained
MPDB000567	12224	Potyvirus sacchari	viruses	OQ446805.1	9620	9620	9620	41.2890	complete viral genome/segment	viral-genome-retained
MPDB000568	12224	Potyvirus sacchari	viruses	OQ948124.1	9574	9574	9574	42.0409	complete viral genome/segment	viral-genome-retained
MPDB000569	12224	Potyvirus sacchari	viruses	PP130177.1	9616	9616	9616	40.2392	complete viral genome/segment	viral-genome-retained
MPDB000570	12224	Potyvirus sacchari	viruses	PP130178.1	9609	9609	9609	40.4831	complete viral genome/segment	viral-genome-retained
MPDB000571	12224	Potyvirus sacchari	viruses	PV021393.1	9557	9557	9557	41.7914	complete viral genome/segment	viral-genome-retained
MPDB000572	12224	Potyvirus sacchari	viruses	PV974322.1	9558	9558	9558	41.7348	complete viral genome/segment	viral-genome-retained
MPDB000573	12224	Potyvirus sacchari	viruses	PV974323.1	9561	9561	9561	41.8045	complete viral genome/segment	viral-genome-retained
MPDB000574	12224	Potyvirus sacchari	viruses	PV974327.1	9570	9570	9570	41.8610	complete viral genome/segment	viral-genome-retained
MPDB000575	12224	Potyvirus sacchari	viruses	PV974337.1	9604	9604	9604	40.3666	complete viral genome/segment	viral-genome-retained
MPDB000576	12224	Potyvirus sacchari	viruses	PV974339.1	9563	9563	9563	41.8471	complete viral genome/segment	viral-genome-retained
MPDB000577	12224	Potyvirus sacchari	viruses	PV974340.1	9577	9577	9577	41.8461	complete viral genome/segment	viral-genome-retained
MPDB000578	12302	Bromovirus BMV	viruses	PV173122.1	2867	2867	2867	44.4018	complete viral genome/segment	viral-genome-retained
MPDB000579	12302	Bromovirus BMV	viruses	PV173123.1	3234	3234	3234	47.3408	complete viral genome/segment	viral-genome-retained
MPDB000580	12302	Bromovirus BMV	viruses	PV173124.1	2109	2109	2109	48.0797	complete viral genome/segment	viral-genome-retained
MPDB000581	12305	Cucumovirus CMV	viruses	HG917909.1	3389	3389	3389	45.1756	complete viral genome/segment	viral-genome-retained
MPDB000582	12305	Cucumovirus CMV	viruses	HG917910.1	2204	2204	2204	47.6407	complete viral genome/segment	viral-genome-retained
MPDB000583	12305	Cucumovirus CMV	viruses	HG917911.1	3038	3038	3038	45.4246	complete viral genome/segment	viral-genome-retained
MPDB000584	12305	Cucumovirus CMV	viruses	PZ447433.1	3354	3354	3354	46.0942	complete viral genome/segment	viral-genome-retained
MPDB000585	12305	Cucumovirus CMV	viruses	PZ447434.1	3045	3045	3045	45.4187	complete viral genome/segment	viral-genome-retained
MPDB000586	12305	Cucumovirus CMV	viruses	PZ447435.1	2202	2202	2202	47.9110	complete viral genome/segment	viral-genome-retained
MPDB000587	12327	Hordeivirus hordei	viruses	ON924210.1	3511	3511	3511	42.6374	complete viral genome/segment	viral-genome-retained
MPDB000588	12327	Hordeivirus hordei	viruses	ON924211.1	2984	2984	2984	43.1300	complete viral genome/segment	viral-genome-retained
MPDB000589	12327	Hordeivirus hordei	viruses	ON924212.1	2542	2542	2542	41.6601	complete viral genome/segment	viral-genome-retained
MPDB000590	137556	Zeavirus zeae	viruses	NC_007729.1	4094	4094	4094	51.1969	complete viral genome/segment	viral-genome-retained
MPDB000591	137556	Zeavirus zeae	viruses	NC_007729.1	4094	4094	4094	51.1969	complete viral genome/segment	viral-genome-retained
MPDB000592	1756285	Totivirus jyukyu	viruses	MW063115.1	4988	4988	4988	50.8821	complete viral genome/segment	viral-genome-retained
MPDB000593	1756285	Totivirus jyukyu	viruses	MW063116.1	5563	5563	5563	52.4897	complete viral genome/segment	viral-genome-retained
MPDB000594	1756285	Totivirus jyukyu	viruses	OQ953827.1	4891	4891	4891	51.2347	complete viral genome/segment	viral-genome-retained
MPDB000595	1856642	Polerovirus MAYMV	viruses	KU179221.1	5634	5634	5634	50.7987	complete viral genome/segment	viral-genome-retained
MPDB000596	1856642	Polerovirus MAYMV	viruses	KU248490.1	5635	5635	5635	50.6832	complete viral genome/segment	viral-genome-retained
MPDB000597	1856642	Polerovirus MAYMV	viruses	KU291099.1	5563	5563	5563	50.8718	complete viral genome/segment	viral-genome-retained
MPDB000598	1856642	Polerovirus MAYMV	viruses	KU291100.1	5641	5641	5641	50.9661	complete viral genome/segment	viral-genome-retained
MPDB000599	1856642	Polerovirus MAYMV	viruses	KU291101.1	5635	5635	5635	50.7010	complete viral genome/segment	viral-genome-retained
MPDB000600	1856642	Polerovirus MAYMV	viruses	KU291102.1	5646	5646	5646	50.8147	complete viral genome/segment	viral-genome-retained
MPDB000601	1856642	Polerovirus MAYMV	viruses	KU291103.1	5644	5644	5644	50.7619	complete viral genome/segment	viral-genome-retained
MPDB000602	1856642	Polerovirus MAYMV	viruses	KU291104.1	5642	5642	5642	50.7976	complete viral genome/segment	viral-genome-retained
MPDB000603	1856642	Polerovirus MAYMV	viruses	KU291105.1	5624	5624	5624	50.9424	complete viral genome/segment	viral-genome-retained
MPDB000604	1856642	Polerovirus MAYMV	viruses	KU291106.1	5604	5604	5604	50.6781	complete viral genome/segment	viral-genome-retained
MPDB000605	1856642	Polerovirus MAYMV	viruses	KU291107.1	5646	5646	5646	50.7793	complete viral genome/segment	viral-genome-retained
MPDB000606	1856642	Polerovirus MAYMV	viruses	KU291108.1	5637	5637	5637	50.6475	complete viral genome/segment	viral-genome-retained
MPDB000607	1856642	Polerovirus MAYMV	viruses	KY378940.1	5642	5642	5642	50.7090	complete viral genome/segment	viral-genome-retained
MPDB000608	1856642	Polerovirus MAYMV	viruses	KY940544.1	5637	5637	5637	50.7894	complete viral genome/segment	viral-genome-retained
MPDB000609	1856642	Polerovirus MAYMV	viruses	MF385583.1	5642	5642	5642	50.9394	complete viral genome/segment	viral-genome-retained
MPDB000610	1856642	Polerovirus MAYMV	viruses	MF684369.1	5642	5642	5642	50.4431	complete viral genome/segment	viral-genome-retained
MPDB000611	1856642	Polerovirus MAYMV	viruses	MG570476.1	5642	5642	5642	50.4254	complete viral genome/segment	viral-genome-retained
MPDB000612	1856642	Polerovirus MAYMV	viruses	MK652148.1	5642	5642	5642	50.7799	complete viral genome/segment	viral-genome-retained
MPDB000613	1856642	Polerovirus MAYMV	viruses	MK652149.1	5642	5642	5642	50.7799	complete viral genome/segment	viral-genome-retained
MPDB000614	1856642	Polerovirus MAYMV	viruses	MK652150.1	5642	5642	5642	50.8153	complete viral genome/segment	viral-genome-retained
MPDB000615	1856642	Polerovirus MAYMV	viruses	MN943641.1	5644	5644	5644	50.6024	complete viral genome/segment	viral-genome-retained
MPDB000616	1856642	Polerovirus MAYMV	viruses	MT809617.1	5641	5641	5641	50.6116	complete viral genome/segment	viral-genome-retained
MPDB000617	1856642	Polerovirus MAYMV	viruses	MW036244.1	5641	5641	5641	50.5761	complete viral genome/segment	viral-genome-retained
MPDB000618	1856642	Polerovirus MAYMV	viruses	NC_029990.1	5625	5625	5625	50.7733	complete viral genome/segment	viral-genome-retained
MPDB000619	1856642	Polerovirus MAYMV	viruses	NC_075108.1	5642	5642	5642	50.7621	complete viral genome/segment	viral-genome-retained
MPDB000620	1856642	Polerovirus MAYMV	viruses	OK331995.1	5642	5642	5642	50.9571	complete viral genome/segment	viral-genome-retained
MPDB000621	1856642	Polerovirus MAYMV	viruses	PP294862.1	5642	5642	5642	50.8685	complete viral genome/segment	viral-genome-retained
MPDB000622	1856642	Polerovirus MAYMV	viruses	PQ231203.1	5642	5642	5642	50.8508	complete viral genome/segment	viral-genome-retained
MPDB000623	1856642	Polerovirus MAYMV	viruses	PV974293.1	5599	5599	5599	50.5745	complete viral genome/segment	viral-genome-retained
MPDB000624	1856642	Polerovirus MAYMV	viruses	PV974294.1	5596	5596	5596	50.5023	complete viral genome/segment	viral-genome-retained
MPDB000625	1856642	Polerovirus MAYMV	viruses	PV974295.1	5593	5593	5593	50.6564	complete viral genome/segment	viral-genome-retained
MPDB000626	1856642	Polerovirus MAYMV	viruses	PV974296.1	5593	5593	5593	50.4832	complete viral genome/segment	viral-genome-retained
MPDB000627	1856642	Polerovirus MAYMV	viruses	PV974297.1	5601	5601	5601	50.7246	complete viral genome/segment	viral-genome-retained
MPDB000628	1856642	Polerovirus MAYMV	viruses	PV974298.1	5596	5596	5596	50.5451	complete viral genome/segment	viral-genome-retained
MPDB000629	1856642	Polerovirus MAYMV	viruses	PV974299.1	5606	5606	5606	50.5944	complete viral genome/segment	viral-genome-retained
MPDB000630	1856642	Polerovirus MAYMV	viruses	PV974300.1	5599	5599	5599	50.5309	complete viral genome/segment	viral-genome-retained
MPDB000631	1856642	Polerovirus MAYMV	viruses	PV974301.1	5599	5599	5599	50.4467	complete viral genome/segment	viral-genome-retained
MPDB000632	1856642	Polerovirus MAYMV	viruses	PV974305.1	5613	5613	5613	50.6197	complete viral genome/segment	viral-genome-retained
MPDB000633	1856642	Polerovirus MAYMV	viruses	PV974306.1	5596	5596	5596	50.6171	complete viral genome/segment	viral-genome-retained
MPDB000634	1856642	Polerovirus MAYMV	viruses	PX412243.1	5606	5606	5606	50.8205	complete viral genome/segment	viral-genome-retained
MPDB000635	185954	Fijivirus cuartoense	viruses	NC_008734.1	1798	1798	1798	34.7052	complete viral genome/segment	viral-genome-retained
MPDB000636	185954	Fijivirus cuartoense	viruses	NC_008735.1	3162	3162	3162	36.9386	complete viral genome/segment	viral-genome-retained
MPDB000637	185954	Fijivirus cuartoense	viruses	NC_008736.1	2186	2186	2186	33.8975	complete viral genome/segment	viral-genome-retained
MPDB000638	185954	Fijivirus cuartoense	viruses	NC_008737.1	1870	1870	1870	33.7433	complete viral genome/segment	viral-genome-retained
MPDB000639	1980428	Emaravirus tritici	viruses	PZ410477.1	6990	6990	6990	30.5007	complete viral genome/segment	viral-genome-retained
MPDB000640	1980428	Emaravirus tritici	viruses	PZ410478.1	6990	6990	6990	30.4435	complete viral genome/segment	viral-genome-retained
MPDB000641	1980428	Emaravirus tritici	viruses	PZ410479.1	6990	6990	6990	30.4864	complete viral genome/segment	viral-genome-retained
MPDB000642	209854	Gammanucleorhabdovirus maydis	viruses	NC_005974.1	13782	13782	13782	40.4948	complete viral genome/segment	viral-genome-retained
MPDB000643	209854	Gammanucleorhabdovirus maydis	viruses	NC_005974.1	13782	13782	13782	40.4948	complete viral genome/segment	viral-genome-retained
MPDB000644	2169984	Luteovirus mavhordei	viruses	NC_003680.1	5273	5273	5273	47.7527	complete viral genome/segment	viral-genome-retained
MPDB000645	2169984	Luteovirus mavhordei	viruses	OQ686648.1	5694	5694	5694	47.5668	complete viral genome/segment	viral-genome-retained
MPDB000646	2169984	Luteovirus mavhordei	viruses	OQ686649.1	5694	5694	5694	47.4947	complete viral genome/segment	viral-genome-retained
MPDB000647	2169984	Luteovirus mavhordei	viruses	OQ686650.1	5694	5694	5694	47.5939	complete viral genome/segment	viral-genome-retained
MPDB000648	2169984	Luteovirus mavhordei	viruses	OQ686651.1	5687	5687	5687	47.3554	complete viral genome/segment	viral-genome-retained
MPDB000649	2169984	Luteovirus mavhordei	viruses	OQ686652.1	5700	5700	5700	47.5517	complete viral genome/segment	viral-genome-retained
MPDB000650	2169984	Luteovirus mavhordei	viruses	OQ686653.1	5668	5668	5668	47.4549	complete viral genome/segment	viral-genome-retained
MPDB000651	2169984	Luteovirus mavhordei	viruses	OQ686654.1	5694	5694	5694	47.4522	complete viral genome/segment	viral-genome-retained
MPDB000652	2169984	Luteovirus mavhordei	viruses	OQ686655.1	5693	5693	5693	47.4168	complete viral genome/segment	viral-genome-retained
MPDB000653	2169984	Luteovirus mavhordei	viruses	OQ686656.1	5661	5661	5661	47.4867	complete viral genome/segment	viral-genome-retained
MPDB000654	2169984	Luteovirus mavhordei	viruses	OQ686657.1	5702	5702	5702	47.4336	complete viral genome/segment	viral-genome-retained
MPDB000655	2169984	Luteovirus mavhordei	viruses	OQ686658.1	5693	5693	5693	47.4669	complete viral genome/segment	viral-genome-retained
MPDB000656	2169984	Luteovirus mavhordei	viruses	OQ686659.1	5692	5692	5692	47.4309	complete viral genome/segment	viral-genome-retained
MPDB000657	2169984	Luteovirus mavhordei	viruses	OQ686660.1	5690	5690	5690	47.4159	complete viral genome/segment	viral-genome-retained
MPDB000658	2169984	Luteovirus mavhordei	viruses	OQ686661.1	5693	5693	5693	47.3907	complete viral genome/segment	viral-genome-retained
MPDB000659	2169984	Luteovirus mavhordei	viruses	OQ686662.1	5692	5692	5692	47.6950	complete viral genome/segment	viral-genome-retained
MPDB000660	2169984	Luteovirus mavhordei	viruses	OQ686663.1	5686	5686	5686	47.6988	complete viral genome/segment	viral-genome-retained
MPDB000661	2169984	Luteovirus mavhordei	viruses	OQ686664.1	5696	5696	5696	47.6503	complete viral genome/segment	viral-genome-retained
MPDB000662	2169984	Luteovirus mavhordei	viruses	OQ686665.1	5657	5657	5657	47.6367	complete viral genome/segment	viral-genome-retained
MPDB000663	2169984	Luteovirus mavhordei	viruses	OQ686666.1	5685	5685	5685	47.3916	complete viral genome/segment	viral-genome-retained
MPDB000664	2169984	Luteovirus mavhordei	viruses	OQ686667.1	5688	5688	5688	47.7833	complete viral genome/segment	viral-genome-retained
MPDB000665	2169984	Luteovirus mavhordei	viruses	OQ686668.1	5694	5694	5694	47.6467	complete viral genome/segment	viral-genome-retained
MPDB000666	2169984	Luteovirus mavhordei	viruses	OQ686669.1	5702	5702	5702	47.3694	complete viral genome/segment	viral-genome-retained
MPDB000667	2169984	Luteovirus mavhordei	viruses	OQ686670.1	5686	5686	5686	47.3479	complete viral genome/segment	viral-genome-retained
MPDB000668	2169984	Luteovirus mavhordei	viruses	OQ686671.1	5694	5694	5694	47.5071	complete viral genome/segment	viral-genome-retained
MPDB000669	2169984	Luteovirus mavhordei	viruses	OQ686672.1	5688	5688	5688	47.2737	complete viral genome/segment	viral-genome-retained
MPDB000670	2169984	Luteovirus mavhordei	viruses	OQ686673.1	5694	5694	5694	47.5291	complete viral genome/segment	viral-genome-retained
MPDB000671	2169984	Luteovirus mavhordei	viruses	OQ686674.1	5685	5685	5685	47.5778	complete viral genome/segment	viral-genome-retained
MPDB000672	2169984	Luteovirus mavhordei	viruses	OQ686675.1	5694	5694	5694	47.5164	complete viral genome/segment	viral-genome-retained
MPDB000673	2169984	Luteovirus mavhordei	viruses	OQ686676.1	5692	5692	5692	47.3759	complete viral genome/segment	viral-genome-retained
MPDB000674	2169984	Luteovirus mavhordei	viruses	OQ686677.1	5694	5694	5694	47.6056	complete viral genome/segment	viral-genome-retained
MPDB000675	2169984	Luteovirus mavhordei	viruses	OQ686678.1	5689	5689	5689	47.5401	complete viral genome/segment	viral-genome-retained
MPDB000676	2169984	Luteovirus mavhordei	viruses	OQ686679.1	5694	5694	5694	47.4651	complete viral genome/segment	viral-genome-retained
MPDB000677	2169984	Luteovirus mavhordei	viruses	OQ686680.1	5694	5694	5694	47.5500	complete viral genome/segment	viral-genome-retained
MPDB000678	2169984	Luteovirus mavhordei	viruses	OQ686681.1	5694	5694	5694	47.7232	complete viral genome/segment	viral-genome-retained
MPDB000679	2169984	Luteovirus mavhordei	viruses	OR771729.1	5688	5688	5688	47.3214	complete viral genome/segment	viral-genome-retained
MPDB000680	2169984	Luteovirus mavhordei	viruses	PV978102.1	5574	5574	5574	47.3883	complete viral genome/segment	viral-genome-retained
MPDB000681	2169984	Luteovirus mavhordei	viruses	PV978103.1	5564	5564	5564	47.5463	complete viral genome/segment	viral-genome-retained
MPDB000682	2169984	Luteovirus mavhordei	viruses	PV978104.1	5846	5846	5846	47.7249	complete viral genome/segment	viral-genome-retained
MPDB000683	2170101	Polerovirus MYDVRMV	viruses	MF974579.2	5641	5641	5641	50.6470	complete viral genome/segment	viral-genome-retained
MPDB000684	2170101	Polerovirus MYDVRMV	viruses	MH205607.1	5641	5641	5641	50.5761	complete viral genome/segment	viral-genome-retained
MPDB000685	2170101	Polerovirus MYDVRMV	viruses	NC_021484.1	5612	5612	5612	49.9287	complete viral genome/segment	viral-genome-retained
MPDB000686	221262	Potyvirus pennisseti	viruses	DQ977725.1	9611	9611	9611	39.8814	complete viral genome/segment	viral-genome-retained
MPDB000687	221262	Potyvirus pennisseti	viruses	JX070139.1	9613	9613	9613	39.6234	complete viral genome/segment	viral-genome-retained
MPDB000688	221262	Potyvirus pennisseti	viruses	JX070140.1	9613	9613	9613	39.8211	complete viral genome/segment	viral-genome-retained
MPDB000689	221262	Potyvirus pennisseti	viruses	JX070141.1	9613	9613	9613	39.4466	complete viral genome/segment	viral-genome-retained
MPDB000690	221262	Potyvirus pennisseti	viruses	JX070142.1	9613	9613	9613	39.8627	complete viral genome/segment	viral-genome-retained
MPDB000691	221262	Potyvirus pennisseti	viruses	JX070143.1	9613	9613	9613	39.7691	complete viral genome/segment	viral-genome-retained
MPDB000692	221262	Potyvirus pennisseti	viruses	JX070144.1	9613	9613	9613	40.0603	complete viral genome/segment	viral-genome-retained
MPDB000693	221262	Potyvirus pennisseti	viruses	JX070145.1	9613	9613	9613	39.6962	complete viral genome/segment	viral-genome-retained
MPDB000694	221262	Potyvirus pennisseti	viruses	JX070146.1	9613	9613	9613	39.5610	complete viral genome/segment	viral-genome-retained
MPDB000695	221262	Potyvirus pennisseti	viruses	JX070147.1	9613	9613	9613	39.9251	complete viral genome/segment	viral-genome-retained
MPDB000696	221262	Potyvirus pennisseti	viruses	JX070148.1	9613	9613	9613	39.3322	complete viral genome/segment	viral-genome-retained
MPDB000697	221262	Potyvirus pennisseti	viruses	JX070149.1	9613	9613	9613	39.5714	complete viral genome/segment	viral-genome-retained
MPDB000698	221262	Potyvirus pennisseti	viruses	JX070150.1	9613	9613	9613	39.1345	complete viral genome/segment	viral-genome-retained
MPDB000699	221262	Potyvirus pennisseti	viruses	JX070151.1	9613	9613	9613	38.9265	complete viral genome/segment	viral-genome-retained
MPDB000700	221262	Potyvirus pennisseti	viruses	JX070152.1	9613	9613	9613	38.9681	complete viral genome/segment	viral-genome-retained
MPDB000701	221262	Potyvirus pennisseti	viruses	JX070153.1	9613	9613	9613	39.3322	complete viral genome/segment	viral-genome-retained
MPDB000702	221262	Potyvirus pennisseti	viruses	JX070154.1	9613	9613	9613	39.2801	complete viral genome/segment	viral-genome-retained
MPDB000703	221262	Potyvirus pennisseti	viruses	JX070155.1	9613	9613	9613	38.6560	complete viral genome/segment	viral-genome-retained
MPDB000704	221262	Potyvirus pennisseti	viruses	JX070156.1	9613	9613	9613	39.1969	complete viral genome/segment	viral-genome-retained
MPDB000705	221262	Potyvirus pennisseti	viruses	JX070157.1	9613	9613	9613	39.0825	complete viral genome/segment	viral-genome-retained
MPDB000706	221262	Potyvirus pennisseti	viruses	KX660769.1	9611	9611	9611	39.3716	complete viral genome/segment	viral-genome-retained
MPDB000707	221262	Potyvirus pennisseti	viruses	NC_007147.1	9611	9611	9611	39.8190	complete viral genome/segment	viral-genome-retained
MPDB000708	2545470	Betacytorhabdovirus hordei	viruses	MH717815.1	12651	12651	12651	41.6489	complete viral genome/segment	viral-genome-retained
MPDB000709	2557970	Mastrevirus fulleri	viruses	MK329301.1	2846	2846	2846	49.6838	complete viral genome/segment	viral-genome-retained
MPDB000710	2557970	Mastrevirus fulleri	viruses	MK329302.1	2846	2846	2846	49.7189	complete viral genome/segment	viral-genome-retained
MPDB000711	2557970	Mastrevirus fulleri	viruses	MK329303.1	2846	2846	2846	49.6486	complete viral genome/segment	viral-genome-retained
MPDB000712	2557970	Mastrevirus fulleri	viruses	NC_055519.1	2842	2842	2842	49.7889	complete viral genome/segment	viral-genome-retained
MPDB000713	279896	Alphanucleorhabdovirus maydis	viruses	NC_005975.1	12133	12133	12133	47.0816	complete viral genome/segment	viral-genome-retained
MPDB000714	279896	Alphanucleorhabdovirus maydis	viruses	MK828539.1	12170	12170	12170	46.9926	complete viral genome/segment	viral-genome-retained
MPDB000715	279896	Alphanucleorhabdovirus maydis	viruses	NC_005975.1	12133	12133	12133	47.0816	complete viral genome/segment	viral-genome-retained
MPDB000716	2964312	Gammanucleorhabdovirus cerealis	viruses	NC_117253.1	13800	13800	13800	39.4811	complete viral genome/segment	viral-genome-retained
MPDB000717	2964312	Gammanucleorhabdovirus cerealis	viruses	NC_117253.1	13800	13800	13800	39.4811	complete viral genome/segment	viral-genome-retained
MPDB000718	3052763	Tenuivirus oryzaclavatae	viruses	PZ126585.1	3516	3516	3516	38.2537	complete viral genome/segment	viral-genome-retained
MPDB000719	3052763	Tenuivirus oryzaclavatae	viruses	PZ126586.1	2377	2377	2377	38.8725	complete viral genome/segment	viral-genome-retained
MPDB000720	3052763	Tenuivirus oryzaclavatae	viruses	PZ126587.1	2183	2183	2183	37.2881	complete viral genome/segment	viral-genome-retained
MPDB000721	3052767	Tenuivirus zeae	viruses	MW328594.2	3338	3338	3338	35.9497	complete viral genome/segment	viral-genome-retained
MPDB000722	3052767	Tenuivirus zeae	viruses	MW328595.2	2357	2357	2357	36.8689	complete viral genome/segment	viral-genome-retained
MPDB000723	3052767	Tenuivirus zeae	viruses	MW328596.2	2223	2223	2223	36.1673	complete viral genome/segment	viral-genome-retained
MPDB000724	31741	Tritimovirus tritici	viruses	OK181891.1	9410	9410	9410	44.4633	complete viral genome/segment	viral-genome-retained
MPDB000725	31741	Tritimovirus tritici	viruses	OK181892.1	9370	9370	9370	44.5571	complete viral genome/segment	viral-genome-retained
MPDB000726	31741	Tritimovirus tritici	viruses	OK181893.1	9369	9369	9369	44.5405	complete viral genome/segment	viral-genome-retained
MPDB000727	31741	Tritimovirus tritici	viruses	OK181894.1	9311	9311	9311	44.5387	complete viral genome/segment	viral-genome-retained
MPDB000728	31741	Tritimovirus tritici	viruses	OR082783.1	9381	9381	9381	45.1444	complete viral genome/segment	viral-genome-retained
MPDB000729	31741	Tritimovirus tritici	viruses	OR900886.1	9367	9367	9367	44.7315	complete viral genome/segment	viral-genome-retained
MPDB000730	31741	Tritimovirus tritici	viruses	OR900887.1	9359	9359	9359	44.5240	complete viral genome/segment	viral-genome-retained
MPDB000731	31741	Tritimovirus tritici	viruses	OR900888.1	9373	9373	9373	44.6922	complete viral genome/segment	viral-genome-retained
MPDB000732	31741	Tritimovirus tritici	viruses	OR900889.1	9344	9344	9344	44.7453	complete viral genome/segment	viral-genome-retained
MPDB000733	31741	Tritimovirus tritici	viruses	OR900890.1	9375	9375	9375	44.7893	complete viral genome/segment	viral-genome-retained
MPDB000734	31741	Tritimovirus tritici	viruses	OR900891.1	9384	9384	9384	44.5546	complete viral genome/segment	viral-genome-retained
MPDB000735	31741	Tritimovirus tritici	viruses	OR900892.1	9364	9364	9364	44.8847	complete viral genome/segment	viral-genome-retained
MPDB000736	31741	Tritimovirus tritici	viruses	OR900893.1	9300	9300	9300	44.7312	complete viral genome/segment	viral-genome-retained
MPDB000737	31741	Tritimovirus tritici	viruses	OR900894.1	9364	9364	9364	44.6177	complete viral genome/segment	viral-genome-retained
MPDB000738	31741	Tritimovirus tritici	viruses	OR900895.1	9364	9364	9364	44.6924	complete viral genome/segment	viral-genome-retained
MPDB000739	31741	Tritimovirus tritici	viruses	OR900896.1	9370	9370	9370	44.7492	complete viral genome/segment	viral-genome-retained
MPDB000740	31741	Tritimovirus tritici	viruses	OR900897.1	9293	9293	9293	44.8510	complete viral genome/segment	viral-genome-retained
MPDB000741	31741	Tritimovirus tritici	viruses	OR900898.1	9325	9325	9325	44.6863	complete viral genome/segment	viral-genome-retained
MPDB000742	31741	Tritimovirus tritici	viruses	OR900899.1	9374	9374	9374	44.6874	complete viral genome/segment	viral-genome-retained
MPDB000743	31741	Tritimovirus tritici	viruses	OR900900.1	9362	9362	9362	44.8195	complete viral genome/segment	viral-genome-retained
MPDB000744	31741	Tritimovirus tritici	viruses	OR900901.1	9384	9384	9384	44.6185	complete viral genome/segment	viral-genome-retained
MPDB000745	31741	Tritimovirus tritici	viruses	OR900902.1	9373	9373	9373	44.7029	complete viral genome/segment	viral-genome-retained
MPDB000746	31741	Tritimovirus tritici	viruses	OR900903.1	9375	9375	9375	44.5013	complete viral genome/segment	viral-genome-retained
MPDB000747	31741	Tritimovirus tritici	viruses	OR900904.1	9359	9359	9359	44.6308	complete viral genome/segment	viral-genome-retained
MPDB000748	31741	Tritimovirus tritici	viruses	OR900905.1	9368	9368	9368	44.6307	complete viral genome/segment	viral-genome-retained
MPDB000749	31741	Tritimovirus tritici	viruses	OR900906.1	9355	9355	9355	44.6820	complete viral genome/segment	viral-genome-retained
MPDB000750	31741	Tritimovirus tritici	viruses	OR900907.1	9370	9370	9370	44.8453	complete viral genome/segment	viral-genome-retained
MPDB000751	31741	Tritimovirus tritici	viruses	OR900908.1	9364	9364	9364	44.8419	complete viral genome/segment	viral-genome-retained
MPDB000752	31741	Tritimovirus tritici	viruses	OR900909.1	9384	9384	9384	44.8210	complete viral genome/segment	viral-genome-retained
MPDB000753	31741	Tritimovirus tritici	viruses	OR900910.1	9384	9384	9384	44.7038	complete viral genome/segment	viral-genome-retained
MPDB000754	31741	Tritimovirus tritici	viruses	OR900911.1	9384	9384	9384	44.7464	complete viral genome/segment	viral-genome-retained
MPDB000755	31741	Tritimovirus tritici	viruses	OR900912.1	9344	9344	9344	44.7239	complete viral genome/segment	viral-genome-retained
MPDB000756	31741	Tritimovirus tritici	viruses	OR900913.1	9381	9381	9381	44.6434	complete viral genome/segment	viral-genome-retained
MPDB000757	31741	Tritimovirus tritici	viruses	OR900914.1	9370	9370	9370	45.0374	complete viral genome/segment	viral-genome-retained
MPDB000758	31741	Tritimovirus tritici	viruses	OR900915.1	9384	9384	9384	44.6505	complete viral genome/segment	viral-genome-retained
MPDB000759	31741	Tritimovirus tritici	viruses	OR900916.1	9311	9311	9311	44.5065	complete viral genome/segment	viral-genome-retained
MPDB000760	31741	Tritimovirus tritici	viruses	OR900917.1	9373	9373	9373	44.8309	complete viral genome/segment	viral-genome-retained
MPDB000761	31741	Tritimovirus tritici	viruses	OR900918.1	9359	9359	9359	44.6629	complete viral genome/segment	viral-genome-retained
MPDB000762	31741	Tritimovirus tritici	viruses	OR900919.1	9264	9264	9264	44.8834	complete viral genome/segment	viral-genome-retained
MPDB000763	31741	Tritimovirus tritici	viruses	PP856226.1	9381	9381	9381	44.8779	complete viral genome/segment	viral-genome-retained
MPDB000764	31741	Tritimovirus tritici	viruses	PV525500.1	9302	9302	9302	45.1731	complete viral genome/segment	viral-genome-retained
MPDB000765	31741	Tritimovirus tritici	viruses	PV525501.1	9424	9424	9424	44.7899	complete viral genome/segment	viral-genome-retained
MPDB000766	31741	Tritimovirus tritici	viruses	PX738486.1	9384	9384	9384	45.2685	complete viral genome/segment	viral-genome-retained
MPDB000767	31742	Potyvirus halapensis	viruses	KT289893.1	9874	9874	9874	41.3612	complete viral genome/segment	viral-genome-retained
MPDB000768	31742	Potyvirus halapensis	viruses	KT833782.1	9865	9865	9865	41.4394	complete viral genome/segment	viral-genome-retained
MPDB000769	31742	Potyvirus halapensis	viruses	NC_003606.1	9779	9779	9779	42.1209	complete viral genome/segment	viral-genome-retained
MPDB000770	31742	Potyvirus halapensis	viruses	OQ060497.1	9780	9780	9780	42.1575	complete viral genome/segment	viral-genome-retained
MPDB000771	32619	Potyvirus sorghitessellati	viruses	FM997897.1	1867	1867	1867	43.0102	complete viral genome/segment	viral-genome-retained
MPDB000772	32619	Potyvirus sorghitessellati	viruses	FM997898.1	1840	1840	1840	43.2065	complete viral genome/segment	viral-genome-retained
MPDB000773	32619	Potyvirus sorghitessellati	viruses	FM997899.1	1868	1868	1868	43.0407	complete viral genome/segment	viral-genome-retained
MPDB000774	32619	Potyvirus sorghitessellati	viruses	FM997900.1	1867	1867	1867	43.2780	complete viral genome/segment	viral-genome-retained
MPDB000775	32619	Potyvirus sorghitessellati	viruses	FM997901.1	1845	1845	1845	42.8726	complete viral genome/segment	viral-genome-retained
MPDB000776	32619	Potyvirus sorghitessellati	viruses	FM997902.1	1845	1845	1845	42.4932	complete viral genome/segment	viral-genome-retained
MPDB000777	32619	Potyvirus sorghitessellati	viruses	FM997903.1	1845	1845	1845	42.7100	complete viral genome/segment	viral-genome-retained
MPDB000778	32619	Potyvirus sorghitessellati	viruses	FM997904.1	1845	1845	1845	43.1978	complete viral genome/segment	viral-genome-retained
MPDB000779	32619	Potyvirus sorghitessellati	viruses	FM997905.1	1846	1846	1846	42.9577	complete viral genome/segment	viral-genome-retained
MPDB000780	32619	Potyvirus sorghitessellati	viruses	FM997906.1	1840	1840	1840	43.1522	complete viral genome/segment	viral-genome-retained
MPDB000781	32619	Potyvirus sorghitessellati	viruses	FM997907.1	1868	1868	1868	42.8266	complete viral genome/segment	viral-genome-retained
MPDB000782	32619	Potyvirus sorghitessellati	viruses	FM997908.1	1868	1868	1868	42.9336	complete viral genome/segment	viral-genome-retained
MPDB000783	32619	Potyvirus sorghitessellati	viruses	FM997909.1	1868	1868	1868	43.0942	complete viral genome/segment	viral-genome-retained
MPDB000784	32619	Potyvirus sorghitessellati	viruses	KJ541740.1	9626	9626	9626	39.1544	complete viral genome/segment	viral-genome-retained
MPDB000785	32619	Potyvirus sorghitessellati	viruses	KM025038.1	9624	9624	9624	38.9859	complete viral genome/segment	viral-genome-retained
MPDB000786	32619	Potyvirus sorghitessellati	viruses	KM025039.1	9624	9624	9624	38.7053	complete viral genome/segment	viral-genome-retained
MPDB000787	32619	Potyvirus sorghitessellati	viruses	KM025040.1	9621	9621	9621	38.9461	complete viral genome/segment	viral-genome-retained
MPDB000788	32619	Potyvirus sorghitessellati	viruses	KM025041.1	9624	9624	9624	38.8924	complete viral genome/segment	viral-genome-retained
MPDB000789	32619	Potyvirus sorghitessellati	viruses	KM025042.1	9624	9624	9624	38.6430	complete viral genome/segment	viral-genome-retained
MPDB000790	32619	Potyvirus sorghitessellati	viruses	KM025043.1	9624	9624	9624	38.7677	complete viral genome/segment	viral-genome-retained
MPDB000791	32619	Potyvirus sorghitessellati	viruses	KM025044.1	9624	9624	9624	39.2249	complete viral genome/segment	viral-genome-retained
MPDB000792	32619	Potyvirus sorghitessellati	viruses	KM025045.1	9624	9624	9624	38.9339	complete viral genome/segment	viral-genome-retained
MPDB000793	32619	Potyvirus sorghitessellati	viruses	KM025046.1	9587	9587	9587	39.3032	complete viral genome/segment	viral-genome-retained
MPDB000794	32619	Potyvirus sorghitessellati	viruses	KM025047.1	9629	9629	9629	39.1422	complete viral genome/segment	viral-genome-retained
MPDB000795	32619	Potyvirus sorghitessellati	viruses	KM025048.1	9585	9585	9585	39.3949	complete viral genome/segment	viral-genome-retained
MPDB000796	32619	Potyvirus sorghitessellati	viruses	KM025049.1	9624	9624	9624	39.3495	complete viral genome/segment	viral-genome-retained
MPDB000797	32619	Potyvirus sorghitessellati	viruses	KM025050.1	9624	9624	9624	39.3911	complete viral genome/segment	viral-genome-retained
MPDB000798	32619	Potyvirus sorghitessellati	viruses	KM025051.1	9627	9627	9627	39.5658	complete viral genome/segment	viral-genome-retained
MPDB000799	32619	Potyvirus sorghitessellati	viruses	KM025052.1	9651	9651	9651	39.5296	complete viral genome/segment	viral-genome-retained
MPDB000800	32619	Potyvirus sorghitessellati	viruses	KM025053.1	9641	9641	9641	39.1661	complete viral genome/segment	viral-genome-retained
MPDB000801	32619	Potyvirus sorghitessellati	viruses	KM025054.1	9652	9652	9652	38.7588	complete viral genome/segment	viral-genome-retained
MPDB000802	32619	Potyvirus sorghitessellati	viruses	NC_004035.1	9624	9624	9624	39.2976	complete viral genome/segment	viral-genome-retained
MPDB000803	32619	Potyvirus sorghitessellati	viruses	U57358.2	9613	9613	9613	39.3113	complete viral genome/segment	viral-genome-retained
MPDB000804	328622	Maize yellow stripe virus	viruses	AJ969415.1	880	880	880	39.2045	complete viral genome/segment	viral-genome-retained
MPDB000805	328622	Maize yellow stripe virus	viruses	AJ969416.1	1562	1562	1562	37.3880	complete viral genome/segment	viral-genome-retained
MPDB000806	328622	Maize yellow stripe virus	viruses	GQ289374.1	720	720	720	36.6667	complete viral genome/segment	viral-genome-retained
MPDB000807	348823	Alphanucleorhabdovirus zeairanense	viruses	DQ186554.1	12381	12381	12381	46.1110	complete viral genome/segment	viral-genome-retained
MPDB000808	348823	Alphanucleorhabdovirus zeairanense	viruses	NC_036390.1	12426	12426	12426	46.1210	complete viral genome/segment	viral-genome-retained
MPDB000809	348823	Alphanucleorhabdovirus zeairanense	viruses	NC_036390.1	12426	12426	12426	46.1210	complete viral genome/segment	viral-genome-retained
MPDB000810	445227	Aureusvirus zeae	viruses	NC_009533.1	4293	4293	4293	54.2977	complete viral genome/segment	viral-genome-retained
MPDB000811	445227	Aureusvirus zeae	viruses	NC_009533.1	4293	4293	4293	54.2977	complete viral genome/segment	viral-genome-retained
MPDB000812	51354	Waikavirus zeae	viruses	AY362551.1	11784	11784	11784	43.5675	complete viral genome/segment	viral-genome-retained
MPDB000813	51354	Waikavirus zeae	viruses	AY829112.2	11898	11898	11898	42.7551	complete viral genome/segment	viral-genome-retained
MPDB000814	51354	Waikavirus zeae	viruses	MH713426.1	11974	11974	11974	42.8512	complete viral genome/segment	viral-genome-retained
MPDB000815	51354	Waikavirus zeae	viruses	MN203201.1	11935	11935	11935	43.0224	complete viral genome/segment	viral-genome-retained
MPDB000816	51354	Waikavirus zeae	viruses	MW727468.1	11786	11786	11786	43.6365	complete viral genome/segment	viral-genome-retained
MPDB000817	51354	Waikavirus zeae	viruses	NC_003626.1	11832	11832	11832	42.2449	complete viral genome/segment	viral-genome-retained
MPDB000818	519497	Fijivirus boryzae	viruses	NC_014708.1	3167	3167	3167	37.5118	complete viral genome/segment	viral-genome-retained
MPDB000819	519497	Fijivirus boryzae	viruses	NC_014709.1	2651	2651	2651	38.3252	complete viral genome/segment	viral-genome-retained
MPDB000820	519497	Fijivirus boryzae	viruses	NC_014710.1	2176	2176	2176	32.4908	complete viral genome/segment	viral-genome-retained
MPDB000821	519497	Fijivirus boryzae	viruses	NC_014711.1	1928	1928	1928	35.4772	complete viral genome/segment	viral-genome-retained
MPDB000822	519497	Fijivirus boryzae	viruses	NC_014712.1	1900	1900	1900	34.5263	complete viral genome/segment	viral-genome-retained
MPDB000823	519497	Fijivirus boryzae	viruses	NC_014713.1	1798	1798	1798	35.5951	complete viral genome/segment	viral-genome-retained
MPDB000824	519497	Fijivirus boryzae	viruses	NC_014714.1	4500	4500	4500	32.2444	complete viral genome/segment	viral-genome-retained
MPDB000825	519497	Fijivirus boryzae	viruses	NC_014715.1	3815	3815	3815	34.0236	complete viral genome/segment	viral-genome-retained
MPDB000826	519497	Fijivirus boryzae	viruses	NC_014716.1	3618	3618	3618	31.9790	complete viral genome/segment	viral-genome-retained
MPDB000827	519497	Fijivirus boryzae	viruses	NC_014717.1	3571	3571	3571	34.2761	complete viral genome/segment	viral-genome-retained
MPDB000828	519497	Fijivirus boryzae	viruses	PP316494.1	1797	1797	1797	35.5593	complete viral genome/segment	viral-genome-retained
MPDB000829	519497	Fijivirus boryzae	viruses	PP316495.1	1797	1797	1797	35.5036	complete viral genome/segment	viral-genome-retained
MPDB000830	519497	Fijivirus boryzae	viruses	PP316496.1	1797	1797	1797	35.5593	complete viral genome/segment	viral-genome-retained
MPDB000831	59749	Marafivirus maydis	viruses	NC_002786.2	6366	6366	6366	61.7342	complete viral genome/segment	viral-genome-retained
MPDB000832	59749	Marafivirus maydis	viruses	KM523134.1	6337	6337	6337	61.5591	complete viral genome/segment	viral-genome-retained
MPDB000833	59749	Marafivirus maydis	viruses	NC_002786.2	6366	6366	6366	61.7342	complete viral genome/segment	viral-genome-retained
MPDB000834	101028	Fusarium pseudograminearum	fungi	MH865930.1	543	455	455	49.8901	ITS1-5.8S-ITS2	ITSx-region-extraction
MPDB000835	101028	Fusarium pseudograminearum	fungi	OK481074.1	587	587	587	49.2334	ITS1-5.8S-ITS2	ITSx-region-extraction
MPDB000836	101028	Fusarium pseudograminearum	fungi	OL440929.1	502	439	439	50.5695	ITS1-5.8S-ITS2	ITSx-region-extraction
MPDB000837	101028	Fusarium pseudograminearum	fungi	OL440930.1	528	466	466	50.0000	ITS1-5.8S-ITS2	ITSx-region-extraction
MPDB000838	101028	Fusarium pseudograminearum	fungi	OL440932.1	502	439	439	50.5695	ITS1-5.8S-ITS2	ITSx-region-extraction
MPDB000839	101028	Fusarium pseudograminearum	fungi	OL872319.1	492	439	439	49.4305	ITS1-5.8S-ITS2	ITSx-region-extraction
MPDB000840	101028	Fusarium pseudograminearum	fungi	OL872329.1	492	439	439	50.3417	ITS1-5.8S-ITS2	ITSx-region-extraction
MPDB000841	101028	Fusarium pseudograminearum	fungi	OL872339.1	491	438	438	50.4566	ITS1-5.8S-ITS2	ITSx-region-extraction
MPDB000842	101028	Fusarium pseudograminearum	fungi	OM108102.1	481	435	435	50.3448	ITS1-5.8S-ITS2	ITSx-region-extraction
MPDB000843	101028	Fusarium pseudograminearum	fungi	OM980231.1	417	367	367	47.6839	ITS1-5.8S-ITS2	ITSx-region-extraction
MPDB000844	101028	Fusarium pseudograminearum	fungi	ON306853.1	537	474	474	50.2110	ITS1-5.8S-ITS2	ITSx-region-extraction
MPDB000845	101028	Fusarium pseudograminearum	fungi	ON306854.1	491	429	429	50.1166	ITS1-5.8S-ITS2	ITSx-region-extraction
MPDB000846	101028	Fusarium pseudograminearum	fungi	ON306855.1	478	432	432	50.4630	ITS1-5.8S-ITS2	ITSx-region-extraction
MPDB000847	101028	Fusarium pseudograminearum	fungi	ON687723.1	347	347	347	48.9914	ITS1-5.8S-ITS2	ITSx-region-extraction
MPDB000848	101028	Fusarium pseudograminearum	fungi	OP136036.1	487	428	428	50.0000	ITS1-5.8S-ITS2	ITSx-region-extraction
MPDB000849	101028	Fusarium pseudograminearum	fungi	OP364006.1	553	493	493	50.1014	ITS1-5.8S-ITS2	ITSx-region-extraction
MPDB000850	101028	Fusarium pseudograminearum	fungi	OP364007.1	545	485	485	50.3093	ITS1-5.8S-ITS2	ITSx-region-extraction
MPDB000851	101028	Fusarium pseudograminearum	fungi	OR582866.1	509	450	450	49.3333	ITS1-5.8S-ITS2	ITSx-region-extraction
MPDB000852	101028	Fusarium pseudograminearum	fungi	PP087309.1	482	438	438	50.4566	ITS1-5.8S-ITS2	ITSx-region-extraction
MPDB000853	101028	Fusarium pseudograminearum	fungi	PP336542.1	1642	452	452	50.0000	ITS1-5.8S-ITS2	ITSx-region-extraction
MPDB000854	101028	Fusarium pseudograminearum	fungi	PP406537.1	493	442	442	49.5475	ITS1-5.8S-ITS2	ITSx-region-extraction
MPDB000855	101028	Fusarium pseudograminearum	fungi	PQ217121.1	497	453	453	49.4481	ITS1-5.8S-ITS2	ITSx-region-extraction
MPDB000856	101028	Fusarium pseudograminearum	fungi	PQ319699.1	514	453	453	49.8896	ITS1-5.8S-ITS2	ITSx-region-extraction
MPDB000857	101028	Fusarium pseudograminearum	fungi	PQ416029.1	526	475	475	49.8947	ITS1-5.8S-ITS2	ITSx-region-extraction
MPDB000858	101028	Fusarium pseudograminearum	fungi	PQ657542.1	401	305	305	49.8361	5.8S-ITS2	ITSx-region-extraction
MPDB000859	101028	Fusarium pseudograminearum	fungi	PQ721291.1	518	454	454	51.3216	ITS1-5.8S-ITS2	ITSx-region-extraction
MPDB000860	101028	Fusarium pseudograminearum	fungi	PQ721293.1	532	471	471	52.4416	ITS1-5.8S-ITS2	ITSx-region-extraction
MPDB000861	101028	Fusarium pseudograminearum	fungi	PV367984.1	476	441	441	50.1134	ITS1-5.8S-ITS2	ITSx-region-extraction
MPDB000862	101028	Fusarium pseudograminearum	fungi	PV478111.1	786	452	452	50.0000	ITS1-5.8S-ITS2	ITSx-region-extraction
MPDB000863	101028	Fusarium pseudograminearum	fungi	PV596288.1	503	458	458	49.5633	ITS1-5.8S-ITS2	ITSx-region-extraction
MPDB000864	101028	Fusarium pseudograminearum	fungi	PV774561.1	547	452	452	50.0000	ITS1-5.8S-ITS2	ITSx-region-extraction
MPDB000865	101028	Fusarium pseudograminearum	fungi	PV810307.1	498	498	498	50.6024	ITS1-5.8S-ITS2	ITSx-region-extraction
MPDB000866	101028	Fusarium pseudograminearum	fungi	PX022589.1	479	479	479	50.3132	ITS1-5.8S-ITS2	ITSx-region-extraction
MPDB000867	101028	Fusarium pseudograminearum	fungi	PX022591.1	468	468	468	50.2137	ITS1-5.8S-ITS2	ITSx-region-extraction
MPDB000868	101028	Fusarium pseudograminearum	fungi	PX128503.1	516	463	463	50.3240	ITS1-5.8S-ITS2	ITSx-region-extraction
MPDB000869	101028	Fusarium pseudograminearum	fungi	PX370044.1	538	452	452	50.0000	ITS1-5.8S-ITS2	ITSx-region-extraction
MPDB000870	101028	Fusarium pseudograminearum	fungi	PX370045.1	531	452	452	50.0000	ITS1-5.8S-ITS2	ITSx-region-extraction
MPDB000871	101028	Fusarium pseudograminearum	fungi	PX457499.1	504	451	451	50.3326	ITS1-5.8S-ITS2	ITSx-region-extraction
MPDB000872	101028	Fusarium pseudograminearum	fungi	PX457500.1	502	451	451	50.1109	ITS1-5.8S-ITS2	ITSx-region-extraction
MPDB000873	101028	Fusarium pseudograminearum	fungi	PX457504.1	503	452	452	49.5575	ITS1-5.8S-ITS2	ITSx-region-extraction
MPDB000874	101028	Fusarium pseudograminearum	fungi	PX457506.1	506	452	452	49.5575	ITS1-5.8S-ITS2	ITSx-region-extraction
MPDB000875	101028	Fusarium pseudograminearum	fungi	PX472025.1	483	434	434	50.2304	ITS1-5.8S-ITS2	ITSx-region-extraction
MPDB000876	101028	Fusarium pseudograminearum	fungi	PZ293192.1	477	418	418	52.8708	ITS1-5.8S-ITS2	ITSx-region-extraction
MPDB000877	101201	Trichoderma asperellum	fungi	PX599544.1	598	513	513	55.7505	ITS1-5.8S-ITS2	ITSx-region-extraction
MPDB000878	101201	Trichoderma asperellum	fungi	PZ623881.1	638	513	513	55.7505	ITS1-5.8S-ITS2	ITSx-region-extraction
MPDB000879	101201	Trichoderma asperellum	fungi	PZ623918.1	651	512	512	55.8594	ITS1-5.8S-ITS2	ITSx-region-extraction
MPDB000880	101201	Trichoderma asperellum	fungi	PZ625986.1	594	531	531	55.9322	ITS1-5.8S-ITS2	ITSx-region-extraction
MPDB000881	101201	Trichoderma asperellum	fungi	PZ660808.1	539	539	539	55.4731	ITS1-5.8S-ITS2	ITSx-region-extraction
MPDB000882	101201	Trichoderma asperellum	fungi	PZ671385.1	560	528	528	54.5455	ITS1-5.8S-ITS2	ITSx-region-extraction
MPDB000883	101201	Trichoderma asperellum	fungi	PZ673735.1	473	473	473	57.2939	ITS1-5.8S-ITS2	ITSx-region-extraction
MPDB000884	101201	Trichoderma asperellum	fungi	PZ674016.1	495	495	495	56.7677	ITS1-5.8S-ITS2	ITSx-region-extraction
MPDB000885	101201	Trichoderma asperellum	fungi	PZ675096.1	497	497	497	56.7404	ITS1-5.8S-ITS2	ITSx-region-extraction
MPDB000886	101201	Trichoderma asperellum	fungi	PZ694441.1	572	506	506	56.3241	ITS1-5.8S-ITS2	ITSx-region-extraction
MPDB000887	101201	Trichoderma asperellum	fungi	PZ702501.1	497	497	497	56.1368	ITS1-5.8S-ITS2	ITSx-region-extraction
MPDB000888	101201	Trichoderma asperellum	fungi	PZ702504.1	487	487	487	56.4682	ITS1-5.8S-ITS2	ITSx-region-extraction
MPDB000889	101201	Trichoderma asperellum	fungi	PZ702509.1	581	516	516	56.3953	ITS1-5.8S-ITS2	ITSx-region-extraction
MPDB000890	101201	Trichoderma asperellum	fungi	PZ702510.1	580	518	518	56.5637	ITS1-5.8S-ITS2	ITSx-region-extraction
MPDB000891	101201	Trichoderma asperellum	fungi	PZ702511.1	581	518	518	55.5985	ITS1-5.8S-ITS2	ITSx-region-extraction
MPDB000892	101201	Trichoderma asperellum	fungi	PZ702512.1	582	516	516	56.0078	ITS1-5.8S-ITS2	ITSx-region-extraction
MPDB000893	101201	Trichoderma asperellum	fungi	PZ708500.1	511	511	511	56.3601	ITS1-5.8S-ITS2	ITSx-region-extraction
MPDB000894	101201	Trichoderma asperellum	fungi	PZ710498.1	330	181	181	55.8011	ITS1	ITSx-region-extraction
MPDB000895	101201	Trichoderma asperellum	fungi	PZ711025.1	599	487	487	56.0575	ITS1-5.8S-ITS2	ITSx-region-extraction
MPDB000896	101201	Trichoderma asperellum	fungi	PZ711027.1	480	480	480	56.4583	ITS1-5.8S-ITS2	ITSx-region-extraction
MPDB000897	101201	Trichoderma asperellum	fungi	PZ711390.1	535	505	505	56.8317	ITS1-5.8S-ITS2	ITSx-region-extraction
MPDB000898	101201	Trichoderma asperellum	fungi	PZ712057.1	500	500	500	56.6000	ITS1-5.8S-ITS2	ITSx-region-extraction
MPDB000899	101201	Trichoderma asperellum	fungi	PZ713279.1	544	544	544	55.3309	ITS1-5.8S-ITS2	ITSx-region-extraction
MPDB000900	101201	Trichoderma asperellum	fungi	PZ722104.1	585	523	523	55.8317	ITS1-5.8S-ITS2	ITSx-region-extraction
MPDB000901	101201	Trichoderma asperellum	fungi	PZ723407.1	602	512	512	56.0547	ITS1-5.8S-ITS2	ITSx-region-extraction
MPDB000902	101201	Trichoderma asperellum	fungi	PZ728837.1	498	498	498	56.4257	ITS1-5.8S-ITS2	ITSx-region-extraction
MPDB000903	101201	Trichoderma asperellum	fungi	PZ728846.1	523	523	523	56.0229	ITS1-5.8S-ITS2	ITSx-region-extraction
MPDB000904	101201	Trichoderma asperellum	fungi	PZ728849.1	450	450	450	57.1111	ITS1-5.8S-ITS2	ITSx-region-extraction
MPDB000905	101201	Trichoderma asperellum	fungi	PZ737013.1	552	552	552	55.6159	ITS1-5.8S-ITS2	ITSx-region-extraction
MPDB000906	101201	Trichoderma asperellum	fungi	PZ741003.1	510	510	510	55.7957	ITS1-5.8S-ITS2	ITSx-region-extraction
MPDB000907	101201	Trichoderma asperellum	fungi	PZ756708.1	642	512	512	56.0547	ITS1-5.8S-ITS2	ITSx-region-extraction
MPDB000908	101201	Trichoderma asperellum	fungi	PZ764224.1	544	510	510	56.2745	ITS1-5.8S-ITS2	ITSx-region-extraction
MPDB000909	101201	Trichoderma asperellum	fungi	PZ766098.1	583	522	522	54.5977	ITS1-5.8S-ITS2	ITSx-region-extraction
MPDB000910	101201	Trichoderma asperellum	fungi	PZ768890.1	584	535	535	55.8879	ITS1-5.8S-ITS2	ITSx-region-extraction
MPDB000911	101201	Trichoderma asperellum	fungi	PZ770416.1	493	493	493	54.9696	ITS1-5.8S-ITS2	ITSx-region-extraction
MPDB000912	101201	Trichoderma asperellum	fungi	PZ770420.1	580	548	548	56.5693	ITS1-5.8S-ITS2	ITSx-region-extraction
MPDB000913	101201	Trichoderma asperellum	fungi	PZ770676.1	553	499	499	56.3126	ITS1-5.8S-ITS2	ITSx-region-extraction
MPDB000914	101201	Trichoderma asperellum	fungi	PZ770678.1	579	512	512	56.4453	ITS1-5.8S-ITS2	ITSx-region-extraction
MPDB000915	101201	Trichoderma asperellum	fungi	PZ770854.1	568	568	568	55.9859	ITS1-5.8S-ITS2	ITSx-region-extraction
MPDB000916	101201	Trichoderma asperellum	fungi	PZ779474.1	601	509	509	56.1886	ITS1-5.8S-ITS2	ITSx-region-extraction
MPDB000917	101201	Trichoderma asperellum	fungi	PZ794737.1	531	486	486	56.5844	ITS1-5.8S-ITS2	ITSx-region-extraction
MPDB000918	101201	Trichoderma asperellum	fungi	PZ799364.1	573	509	509	55.7957	ITS1-5.8S-ITS2	ITSx-region-extraction
MPDB000919	101201	Trichoderma asperellum	fungi	PZ806572.1	479	479	479	58.0376	ITS1-5.8S-ITS2	ITSx-region-extraction
MPDB000920	1036732	Sarocladium zeae/Acremonium zeae	fungi	MH859433.1	503	503	503	58.2505	ITS1-5.8S-ITS2	ITSx-region-extraction
MPDB000921	1036732	Sarocladium zeae/Acremonium zeae	fungi	MH859633.1	579	491	491	58.4521	ITS1-5.8S-ITS2	ITSx-region-extraction
MPDB000922	1036732	Sarocladium zeae/Acremonium zeae	fungi	MH859763.1	584	488	488	58.8115	ITS1-5.8S-ITS2	ITSx-region-extraction
MPDB000923	1036732	Sarocladium zeae/Acremonium zeae	fungi	MZ353527.1	233	188	188	57.4468	ITS1	ITSx-region-extraction
MPDB000924	1036732	Sarocladium zeae/Acremonium zeae	fungi	OQ429857.1	497	497	497	58.3501	ITS1-5.8S-ITS2	ITSx-region-extraction
MPDB000925	1036732	Sarocladium zeae/Acremonium zeae	fungi	OQ429858.1	509	509	509	58.7426	ITS1-5.8S-ITS2	ITSx-region-extraction
MPDB000926	1036732	Sarocladium zeae/Acremonium zeae	fungi	OR500031.1	862	488	488	58.8115	ITS1-5.8S-ITS2	ITSx-region-extraction
MPDB000927	1036732	Sarocladium zeae/Acremonium zeae	fungi	OR500035.1	851	488	488	58.8115	ITS1-5.8S-ITS2	ITSx-region-extraction
MPDB000928	1036732	Sarocladium zeae/Acremonium zeae	fungi	OR500039.1	862	488	488	58.8115	ITS1-5.8S-ITS2	ITSx-region-extraction
MPDB000929	1036732	Sarocladium zeae/Acremonium zeae	fungi	OR500040.1	864	488	488	58.8115	ITS1-5.8S-ITS2	ITSx-region-extraction
MPDB000930	1036732	Sarocladium zeae/Acremonium zeae	fungi	OR500045.1	856	488	488	58.8115	ITS1-5.8S-ITS2	ITSx-region-extraction
MPDB000931	1036732	Sarocladium zeae/Acremonium zeae	fungi	OR500051.1	858	488	488	58.8115	ITS1-5.8S-ITS2	ITSx-region-extraction
MPDB000932	1036732	Sarocladium zeae/Acremonium zeae	fungi	OR500054.1	857	488	488	58.8115	ITS1-5.8S-ITS2	ITSx-region-extraction
MPDB000933	1036732	Sarocladium zeae/Acremonium zeae	fungi	OR500055.1	855	488	488	58.8115	ITS1-5.8S-ITS2	ITSx-region-extraction
MPDB000934	1036732	Sarocladium zeae/Acremonium zeae	fungi	OR500061.1	865	488	488	58.8115	ITS1-5.8S-ITS2	ITSx-region-extraction
MPDB000935	1036732	Sarocladium zeae/Acremonium zeae	fungi	PP721194.1	866	488	488	58.8115	ITS1-5.8S-ITS2	ITSx-region-extraction
MPDB000936	1036732	Sarocladium zeae/Acremonium zeae	fungi	PP721195.1	748	488	488	58.8115	ITS1-5.8S-ITS2	ITSx-region-extraction
MPDB000937	1036732	Sarocladium zeae/Acremonium zeae	fungi	PP721196.1	1053	467	467	58.4582	ITS1-5.8S-ITS2	ITSx-region-extraction
MPDB000938	1036732	Sarocladium zeae/Acremonium zeae	fungi	PP721197.1	863	488	488	58.8115	ITS1-5.8S-ITS2	ITSx-region-extraction
MPDB000939	1036732	Sarocladium zeae/Acremonium zeae	fungi	PP721198.1	865	488	488	58.8115	ITS1-5.8S-ITS2	ITSx-region-extraction
MPDB000940	1036732	Sarocladium zeae/Acremonium zeae	fungi	PP721200.1	861	488	488	58.8115	ITS1-5.8S-ITS2	ITSx-region-extraction
MPDB000941	1036732	Sarocladium zeae/Acremonium zeae	fungi	PP721201.1	859	488	488	58.8115	ITS1-5.8S-ITS2	ITSx-region-extraction
MPDB000942	1036732	Sarocladium zeae/Acremonium zeae	fungi	PP721202.1	858	488	488	58.8115	ITS1-5.8S-ITS2	ITSx-region-extraction
MPDB000943	1036732	Sarocladium zeae/Acremonium zeae	fungi	PP721203.1	853	488	488	58.8115	ITS1-5.8S-ITS2	ITSx-region-extraction
MPDB000944	1036732	Sarocladium zeae/Acremonium zeae	fungi	PP721204.1	854	488	488	58.8115	ITS1-5.8S-ITS2	ITSx-region-extraction
MPDB000945	1036732	Sarocladium zeae/Acremonium zeae	fungi	PP721205.1	805	488	488	58.8115	ITS1-5.8S-ITS2	ITSx-region-extraction
MPDB000946	1036732	Sarocladium zeae/Acremonium zeae	fungi	PP721206.1	857	488	488	58.8115	ITS1-5.8S-ITS2	ITSx-region-extraction
MPDB000947	1036732	Sarocladium zeae/Acremonium zeae	fungi	PP721207.1	867	488	488	58.8115	ITS1-5.8S-ITS2	ITSx-region-extraction
MPDB000948	1036732	Sarocladium zeae/Acremonium zeae	fungi	PP721208.1	857	488	488	58.8115	ITS1-5.8S-ITS2	ITSx-region-extraction
MPDB000949	1036732	Sarocladium zeae/Acremonium zeae	fungi	PQ236698.1	550	488	488	58.8115	ITS1-5.8S-ITS2	ITSx-region-extraction
MPDB000950	1036732	Sarocladium zeae/Acremonium zeae	fungi	PQ304517.1	586	488	488	58.8115	ITS1-5.8S-ITS2	ITSx-region-extraction
MPDB000951	1036732	Sarocladium zeae/Acremonium zeae	fungi	PV368045.1	481	454	454	59.0308	ITS1-5.8S-ITS2	ITSx-region-extraction
MPDB000952	1036732	Sarocladium zeae/Acremonium zeae	fungi	PV368046.1	515	454	454	59.0308	ITS1-5.8S-ITS2	ITSx-region-extraction
MPDB000953	1036732	Sarocladium zeae/Acremonium zeae	fungi	PV407543.1	552	510	510	58.4314	ITS1-5.8S-ITS2	ITSx-region-extraction
MPDB000954	1036732	Sarocladium zeae/Acremonium zeae	fungi	PV407545.1	492	492	492	58.9431	ITS1-5.8S-ITS2	ITSx-region-extraction
MPDB000955	1036732	Sarocladium zeae/Acremonium zeae	fungi	PV492239.1	312	292	292	53.7671	ITS1-5.8S	ITSx-region-extraction
MPDB000956	1036732	Sarocladium zeae/Acremonium zeae	fungi	PV862258.1	537	493	493	58.4178	ITS1-5.8S-ITS2	ITSx-region-extraction
MPDB000957	1036732	Sarocladium zeae/Acremonium zeae	fungi	PV862259.1	539	495	495	58.3838	ITS1-5.8S-ITS2	ITSx-region-extraction
MPDB000958	1036732	Sarocladium zeae/Acremonium zeae	fungi	PX858207.1	594	528	528	59.0909	ITS1-5.8S-ITS2	ITSx-region-extraction
MPDB000959	1036732	Sarocladium zeae/Acremonium zeae	fungi	PX965531.1	530	485	485	58.7629	ITS1-5.8S-ITS2	ITSx-region-extraction
MPDB000960	1036732	Sarocladium zeae/Acremonium zeae	fungi	PX965538.1	533	488	488	58.8115	ITS1-5.8S-ITS2	ITSx-region-extraction
MPDB000961	1036732	Sarocladium zeae/Acremonium zeae	fungi	PX965544.1	523	479	479	58.6639	ITS1-5.8S-ITS2	ITSx-region-extraction
MPDB000962	1036732	Sarocladium zeae/Acremonium zeae	fungi	PX965551.1	530	485	485	58.7629	ITS1-5.8S-ITS2	ITSx-region-extraction
MPDB000963	1056642	Curvularia tuberculata / Cochliobolus tuberculatus	fungi	HF934907.1	740	514	514	46.6926	ITS1-5.8S-ITS2	ITSx-region-extraction
MPDB000964	1056642	Curvularia tuberculata / Cochliobolus tuberculatus	fungi	JN192374.1	521	521	521	47.6008	ITS1-5.8S-ITS2	ITSx-region-extraction
MPDB000965	1056642	Curvularia tuberculata / Cochliobolus tuberculatus	fungi	JQ724383.1	606	484	484	47.3140	ITS1-5.8S-ITS2	ITSx-region-extraction
MPDB000966	1056642	Curvularia tuberculata / Cochliobolus tuberculatus	fungi	JQ724434.1	606	484	484	47.5207	ITS1-5.8S-ITS2	ITSx-region-extraction
MPDB000967	1056642	Curvularia tuberculata / Cochliobolus tuberculatus	fungi	JQ724489.1	600	484	484	47.3140	ITS1-5.8S-ITS2	ITSx-region-extraction
MPDB000968	1056642	Curvularia tuberculata / Cochliobolus tuberculatus	fungi	JQ724512.1	604	484	484	47.3140	ITS1-5.8S-ITS2	ITSx-region-extraction
MPDB000969	1056642	Curvularia tuberculata / Cochliobolus tuberculatus	fungi	JX256433.1	463	463	463	47.5162	ITS1-5.8S-ITS2	ITSx-region-extraction
MPDB000970	1056642	Curvularia tuberculata / Cochliobolus tuberculatus	fungi	KC315948.1	575	511	511	47.5538	ITS1-5.8S-ITS2	ITSx-region-extraction
MPDB000971	1056642	Curvularia tuberculata / Cochliobolus tuberculatus	fungi	KJ767096.1	609	515	515	46.6019	ITS1-5.8S-ITS2	ITSx-region-extraction
MPDB000972	1056642	Curvularia tuberculata / Cochliobolus tuberculatus	fungi	KP122965.1	482	482	482	46.8880	ITS1-5.8S-ITS2	ITSx-region-extraction
MPDB000973	1056642	Curvularia tuberculata / Cochliobolus tuberculatus	fungi	KR704891.1	576	549	549	45.9016	ITS1-5.8S-ITS2	ITSx-region-extraction
MPDB000974	1056642	Curvularia tuberculata / Cochliobolus tuberculatus	fungi	KT385714.1	518	457	457	46.3895	ITS1-5.8S-ITS2	ITSx-region-extraction
MPDB000975	1056642	Curvularia tuberculata / Cochliobolus tuberculatus	fungi	KY995629.1	562	500	500	47.4000	ITS1-5.8S-ITS2	ITSx-region-extraction
MPDB000976	1056642	Curvularia tuberculata / Cochliobolus tuberculatus	fungi	LC494371.1	593	514	514	46.6926	ITS1-5.8S-ITS2	ITSx-region-extraction
MPDB000977	1056642	Curvularia tuberculata / Cochliobolus tuberculatus	fungi	MF448225.1	567	519	519	46.4355	ITS1-5.8S-ITS2	ITSx-region-extraction
MPDB000978	1056642	Curvularia tuberculata / Cochliobolus tuberculatus	fungi	MH665453.1	566	504	504	47.2222	ITS1-5.8S-ITS2	ITSx-region-extraction
MPDB000979	1056642	Curvularia tuberculata / Cochliobolus tuberculatus	fungi	MH858243.1	529	529	529	46.1248	ITS1-5.8S-ITS2	ITSx-region-extraction
MPDB000980	1056642	Curvularia tuberculata / Cochliobolus tuberculatus	fungi	MH859834.1	569	529	529	46.8809	ITS1-5.8S-ITS2	ITSx-region-extraction
MPDB000981	1056642	Curvularia tuberculata / Cochliobolus tuberculatus	fungi	MN402766.1	459	459	459	47.4946	ITS1-5.8S-ITS2	ITSx-region-extraction
MPDB000982	1056642	Curvularia tuberculata / Cochliobolus tuberculatus	fungi	MN519517.1	485	485	485	47.6289	ITS1-5.8S-ITS2	ITSx-region-extraction
MPDB000983	1056642	Curvularia tuberculata / Cochliobolus tuberculatus	fungi	MN519519.1	508	508	508	45.4724	ITS1-5.8S-ITS2	ITSx-region-extraction
MPDB000984	1056642	Curvularia tuberculata / Cochliobolus tuberculatus	fungi	MN521832.1	485	485	485	48.2474	ITS1-5.8S-ITS2	ITSx-region-extraction
MPDB000985	1056642	Curvularia tuberculata / Cochliobolus tuberculatus	fungi	MN540245.1	579	533	533	46.9043	ITS1-5.8S-ITS2	ITSx-region-extraction
MPDB000986	1056642	Curvularia tuberculata / Cochliobolus tuberculatus	fungi	MN540247.1	561	530	530	46.6038	ITS1-5.8S-ITS2	ITSx-region-extraction
MPDB000987	1056642	Curvularia tuberculata / Cochliobolus tuberculatus	fungi	MT229266.1	502	468	468	46.7949	ITS1-5.8S-ITS2	ITSx-region-extraction
MPDB000988	1056642	Curvularia tuberculata / Cochliobolus tuberculatus	fungi	ON329689.1	603	514	514	46.6926	ITS1-5.8S-ITS2	ITSx-region-extraction
MPDB000989	1056642	Curvularia tuberculata / Cochliobolus tuberculatus	fungi	OR262502.1	557	491	491	47.0468	ITS1-5.8S-ITS2	ITSx-region-extraction
MPDB000990	1056642	Curvularia tuberculata / Cochliobolus tuberculatus	fungi	OR262504.1	505	505	505	47.1287	ITS1-5.8S-ITS2	ITSx-region-extraction
MPDB000991	1056642	Curvularia tuberculata / Cochliobolus tuberculatus	fungi	OR262505.1	563	511	511	46.3796	ITS1-5.8S-ITS2	ITSx-region-extraction
MPDB000992	1056642	Curvularia tuberculata / Cochliobolus tuberculatus	fungi	OR555998.1	497	497	497	48.2897	ITS1-5.8S-ITS2	ITSx-region-extraction
MPDB000993	1056642	Curvularia tuberculata / Cochliobolus tuberculatus	fungi	PV250306.1	539	491	491	47.0468	ITS1-5.8S-ITS2	ITSx-region-extraction
MPDB000994	1056642	Curvularia tuberculata / Cochliobolus tuberculatus	fungi	PV290864.1	536	484	484	46.9008	ITS1-5.8S-ITS2	ITSx-region-extraction
MPDB000995	1056642	Curvularia tuberculata / Cochliobolus tuberculatus	fungi	PX518059.1	571	521	521	46.2572	ITS1-5.8S-ITS2	ITSx-region-extraction
MPDB000996	105696	Epicoccum nigrum	fungi	MH854713.1	545	454	454	47.7974	ITS1-5.8S-ITS2	ITSx-region-extraction
MPDB000997	105696	Epicoccum nigrum	fungi	MH855167.1	577	509	509	47.3477	ITS1-5.8S-ITS2	ITSx-region-extraction
MPDB000998	105696	Epicoccum nigrum	fungi	MH855260.1	550	454	454	47.5771	ITS1-5.8S-ITS2	ITSx-region-extraction
MPDB000999	105696	Epicoccum nigrum	fungi	MH855396.1	542	454	454	47.5771	ITS1-5.8S-ITS2	ITSx-region-extraction
MPDB001000	105696	Epicoccum nigrum	fungi	MH855478.1	501	444	444	47.9730	ITS1-5.8S-ITS2	ITSx-region-extraction
MPDB001001	105696	Epicoccum nigrum	fungi	MH855943.1	469	469	469	47.3348	ITS1-5.8S-ITS2	ITSx-region-extraction
MPDB001002	105696	Epicoccum nigrum	fungi	MH857847.1	573	455	455	48.5714	ITS1-5.8S-ITS2	ITSx-region-extraction
MPDB001003	105696	Epicoccum nigrum	fungi	MH857848.1	545	454	454	47.5771	ITS1-5.8S-ITS2	ITSx-region-extraction
MPDB001004	105696	Epicoccum nigrum	fungi	MH857849.1	546	454	454	47.5771	ITS1-5.8S-ITS2	ITSx-region-extraction
MPDB001005	105696	Epicoccum nigrum	fungi	MH857850.1	543	454	454	47.7974	ITS1-5.8S-ITS2	ITSx-region-extraction
MPDB001006	105696	Epicoccum nigrum	fungi	MH857851.1	543	454	454	47.5771	ITS1-5.8S-ITS2	ITSx-region-extraction
MPDB001007	105696	Epicoccum nigrum	fungi	MH860625.1	542	454	454	47.7974	ITS1-5.8S-ITS2	ITSx-region-extraction
MPDB001008	105696	Epicoccum nigrum	fungi	MH860655.1	489	461	461	47.0716	ITS1-5.8S-ITS2	ITSx-region-extraction
MPDB001009	105696	Epicoccum nigrum	fungi	MH861752.1	515	470	470	48.7234	ITS1-5.8S-ITS2	ITSx-region-extraction
MPDB001010	105696	Epicoccum nigrum	fungi	PQ350493.1	487	456	456	47.5877	ITS1-5.8S-ITS2	ITSx-region-extraction
MPDB001011	105696	Epicoccum nigrum	fungi	PQ350496.1	487	455	455	47.6923	ITS1-5.8S-ITS2	ITSx-region-extraction
MPDB001012	105696	Epicoccum nigrum	fungi	PQ350591.1	502	458	458	47.3799	ITS1-5.8S-ITS2	ITSx-region-extraction
MPDB001013	105696	Epicoccum nigrum	fungi	PQ350642.1	481	455	455	47.6923	ITS1-5.8S-ITS2	ITSx-region-extraction
MPDB001014	105696	Epicoccum nigrum	fungi	PQ350643.1	479	479	479	48.0167	ITS1-5.8S-ITS2	ITSx-region-extraction
MPDB001015	105696	Epicoccum nigrum	fungi	PQ350657.1	476	476	476	47.6891	ITS1-5.8S-ITS2	ITSx-region-extraction
MPDB001016	105696	Epicoccum nigrum	fungi	PV498642.1	601	399	399	48.8722	ITS1-5.8S-ITS2	ITSx-region-extraction
MPDB001017	105696	Epicoccum nigrum	fungi	PV498646.1	601	399	399	47.8697	ITS1-5.8S-ITS2	ITSx-region-extraction
MPDB001018	105696	Epicoccum nigrum	fungi	PV498651.1	491	438	438	48.6301	ITS1-5.8S-ITS2	ITSx-region-extraction
MPDB001019	105696	Epicoccum nigrum	fungi	PV498652.1	471	417	417	48.2014	ITS1-5.8S-ITS2	ITSx-region-extraction
MPDB001020	105696	Epicoccum nigrum	fungi	PV498653.1	491	424	424	47.4057	ITS1-5.8S-ITS2	ITSx-region-extraction
MPDB001021	105696	Epicoccum nigrum	fungi	PV498654.1	481	414	414	48.3092	ITS1-5.8S-ITS2	ITSx-region-extraction
MPDB001022	105696	Epicoccum nigrum	fungi	PV498655.1	601	398	398	48.7437	ITS1-5.8S-ITS2	ITSx-region-extraction
MPDB001023	105696	Epicoccum nigrum	fungi	PV498688.1	471	407	407	47.9115	ITS1-5.8S-ITS2	ITSx-region-extraction
MPDB001024	105696	Epicoccum nigrum	fungi	PZ281865.1	586	455	455	48.5714	ITS1-5.8S-ITS2	ITSx-region-extraction
MPDB001025	105696	Epicoccum nigrum	fungi	PZ462612.1	476	431	431	47.5638	ITS1-5.8S-ITS2	ITSx-region-extraction
MPDB001026	105696	Epicoccum nigrum	fungi	PZ476674.1	410	312	312	47.7564	5.8S-ITS2	ITSx-region-extraction
MPDB001027	105696	Epicoccum nigrum	fungi	PZ526881.1	503	456	456	47.5877	ITS1-5.8S-ITS2	ITSx-region-extraction
MPDB001028	105696	Epicoccum nigrum	fungi	PZ544358.1	492	426	426	47.6526	ITS1-5.8S-ITS2	ITSx-region-extraction
MPDB001029	105696	Epicoccum nigrum	fungi	PZ556471.1	549	454	454	47.5771	ITS1-5.8S-ITS2	ITSx-region-extraction
MPDB001030	105696	Epicoccum nigrum	fungi	PZ572952.1	428	428	428	48.3412	ITS1-5.8S-ITS2	ITSx-region-extraction
MPDB001031	105696	Epicoccum nigrum	fungi	PZ573887.1	189	94	94	54.2553	ITS2	ITSx-region-extraction
MPDB001032	105696	Epicoccum nigrum	fungi	PZ573951.1	219	128	128	50.0000	ITS2	ITSx-region-extraction
MPDB001033	105696	Epicoccum nigrum	fungi	PZ658190.1	487	440	440	47.7273	ITS1-5.8S-ITS2	ITSx-region-extraction
MPDB001034	105696	Epicoccum nigrum	fungi	PZ661246.1	546	155	155	51.6129	ITS2	ITSx-region-extraction
MPDB001035	105696	Epicoccum nigrum	fungi	PZ683424.1	529	455	455	47.6923	ITS1-5.8S-ITS2	ITSx-region-extraction
MPDB001036	105696	Epicoccum nigrum	fungi	PZ695141.1	474	437	437	49.1991	ITS1-5.8S-ITS2	ITSx-region-extraction
MPDB001037	105696	Epicoccum nigrum	fungi	PZ734650.1	582	454	454	47.5771	ITS1-5.8S-ITS2	ITSx-region-extraction
MPDB001038	105696	Epicoccum nigrum	fungi	PZ779821.1	521	464	464	46.9828	ITS1-5.8S-ITS2	ITSx-region-extraction
MPDB001039	1159556	Ustilaginoidea virens	fungi	OQ645537.1	634	516	516	56.3953	ITS1-5.8S-ITS2	ITSx-region-extraction
MPDB001040	1159556	Ustilaginoidea virens	fungi	OQ645538.1	631	541	541	55.6377	ITS1-5.8S-ITS2	ITSx-region-extraction
MPDB001041	1159556	Ustilaginoidea virens	fungi	OQ645540.1	609	546	546	56.2271	ITS1-5.8S-ITS2	ITSx-region-extraction
MPDB001042	1159556	Ustilaginoidea virens	fungi	OQ645541.1	637	545	545	56.6972	ITS1-5.8S-ITS2	ITSx-region-extraction
MPDB001043	1159556	Ustilaginoidea virens	fungi	OQ645542.1	615	563	563	55.0622	ITS1-5.8S-ITS2	ITSx-region-extraction
MPDB001044	1159556	Ustilaginoidea virens	fungi	OQ645543.1	639	581	581	56.7986	ITS1-5.8S-ITS2	ITSx-region-extraction
MPDB001045	1159556	Ustilaginoidea virens	fungi	OQ645544.1	472	442	442	52.9412	ITS1-5.8S-ITS2	ITSx-region-extraction
MPDB001046	1159556	Ustilaginoidea virens	fungi	OQ645545.1	624	534	534	55.8052	ITS1-5.8S-ITS2	ITSx-region-extraction
MPDB001047	1159556	Ustilaginoidea virens	fungi	OQ645546.1	638	544	544	56.6176	ITS1-5.8S-ITS2	ITSx-region-extraction
MPDB001048	1159556	Ustilaginoidea virens	fungi	OQ645548.1	629	569	569	56.2390	ITS1-5.8S-ITS2	ITSx-region-extraction
MPDB001049	1159556	Ustilaginoidea virens	fungi	OQ645549.1	629	569	569	56.2390	ITS1-5.8S-ITS2	ITSx-region-extraction
MPDB001050	1159556	Ustilaginoidea virens	fungi	PP800271.1	559	559	559	56.1717	ITS1-5.8S-ITS2	ITSx-region-extraction
MPDB001051	1159556	Ustilaginoidea virens	fungi	PP972763.1	679	559	559	56.4516	ITS1-5.8S-ITS2	ITSx-region-extraction
MPDB001052	1159556	Ustilaginoidea virens	fungi	PP972764.1	634	577	577	56.4460	ITS1-5.8S-ITS2	ITSx-region-extraction
MPDB001053	1159556	Ustilaginoidea virens	fungi	PP972765.1	638	558	558	55.9140	ITS1-5.8S-ITS2	ITSx-region-extraction
MPDB001054	1159556	Ustilaginoidea virens	fungi	PP972766.1	616	540	540	57.2222	ITS1-5.8S-ITS2	ITSx-region-extraction
MPDB001055	1159556	Ustilaginoidea virens	fungi	PP972767.1	430	430	430	53.9535	ITS1-5.8S-ITS2	ITSx-region-extraction
MPDB001056	1159556	Ustilaginoidea virens	fungi	PP972768.1	618	555	555	56.0360	ITS1-5.8S-ITS2	ITSx-region-extraction
MPDB001057	1159556	Ustilaginoidea virens	fungi	PP972769.1	679	536	536	56.9030	ITS1-5.8S-ITS2	ITSx-region-extraction
MPDB001058	1159556	Ustilaginoidea virens	fungi	PP972770.1	639	552	552	56.3406	ITS1-5.8S-ITS2	ITSx-region-extraction
MPDB001059	1159556	Ustilaginoidea virens	fungi	PP972771.1	674	548	548	56.2044	ITS1-5.8S-ITS2	ITSx-region-extraction
MPDB001060	1159556	Ustilaginoidea virens	fungi	PQ656350.1	520	474	474	41.5612	ITS1-5.8S-ITS2	ITSx-region-extraction
MPDB001061	1159556	Ustilaginoidea virens	fungi	PQ780755.1	632	583	583	56.4322	ITS1-5.8S-ITS2	ITSx-region-extraction
MPDB001062	1159556	Ustilaginoidea virens	fungi	PQ780756.1	642	580	580	56.4767	ITS1-5.8S-ITS2	ITSx-region-extraction
MPDB001063	1159556	Ustilaginoidea virens	fungi	PQ780757.1	637	584	584	56.3356	ITS1-5.8S-ITS2	ITSx-region-extraction
MPDB001064	1159556	Ustilaginoidea virens	fungi	PQ780758.1	632	573	573	56.3700	ITS1-5.8S-ITS2	ITSx-region-extraction
MPDB001065	1159556	Ustilaginoidea virens	fungi	PQ780759.1	638	580	580	56.3793	ITS1-5.8S-ITS2	ITSx-region-extraction
MPDB001066	1159556	Ustilaginoidea virens	fungi	PV464054.1	631	571	571	56.3923	ITS1-5.8S-ITS2	ITSx-region-extraction
MPDB001067	1159556	Ustilaginoidea virens	fungi	PV581597.1	290	215	215	57.6744	ITS1	ITSx-region-extraction
MPDB001068	1159556	Ustilaginoidea virens	fungi	PX056884.1	658	553	553	56.4195	ITS1-5.8S-ITS2	ITSx-region-extraction
MPDB001069	1159556	Ustilaginoidea virens	fungi	PX775585.1	640	556	556	56.1151	ITS1-5.8S-ITS2	ITSx-region-extraction
MPDB001070	1159556	Ustilaginoidea virens	fungi	PX775586.1	640	552	552	56.5217	ITS1-5.8S-ITS2	ITSx-region-extraction
MPDB001071	1159556	Ustilaginoidea virens	fungi	PZ441335.1	215	158	158	46.2025	5.8S	ITSx-region-extraction
MPDB001072	1159556	Ustilaginoidea virens	fungi	PZ441354.1	317	287	287	54.3554	5.8S-ITS2	ITSx-region-extraction
MPDB001073	1159556	Ustilaginoidea virens	fungi	PZ447652.1	320	289	289	53.9792	5.8S-ITS2	ITSx-region-extraction
MPDB001074	1159556	Ustilaginoidea virens	fungi	PZ447655.1	298	277	277	54.8736	5.8S-ITS2	ITSx-region-extraction
MPDB001075	1159556	Ustilaginoidea virens	fungi	PZ447656.1	318	288	288	54.1667	5.8S-ITS2	ITSx-region-extraction
MPDB001076	1159556	Ustilaginoidea virens	fungi	PZ448556.1	327	296	296	54.3919	5.8S-ITS2	ITSx-region-extraction
MPDB001077	1159556	Ustilaginoidea virens	fungi	PZ448627.1	202	158	158	46.2025	5.8S	ITSx-region-extraction
MPDB001078	1159556	Ustilaginoidea virens	fungi	PZ448630.1	306	285	285	54.0351	5.8S-ITS2	ITSx-region-extraction
MPDB001079	1159556	Ustilaginoidea virens	fungi	PZ585080.1	613	576	576	56.2500	ITS1-5.8S-ITS2	ITSx-region-extraction
MPDB001080	1159556	Ustilaginoidea virens	fungi	PZ711415.1	613	554	554	42.7798	ITS1-5.8S-ITS2	ITSx-region-extraction
MPDB001081	1159556	Ustilaginoidea virens	fungi	PZ770853.1	520	520	520	55.5769	ITS1-5.8S-ITS2	ITSx-region-extraction
MPDB001082	117187	Fusarium verticillioides (Gibberella moniliformis)	fungi	PV862255.1	505	461	461	49.0239	ITS1-5.8S-ITS2	ITSx-region-extraction
MPDB001083	117187	Fusarium verticillioides (Gibberella moniliformis)	fungi	PZ734327.1	539	475	475	49.6842	ITS1-5.8S-ITS2	ITSx-region-extraction
MPDB001084	117187	Fusarium verticillioides (Gibberella moniliformis)	fungi	PZ734332.1	541	475	475	49.6842	ITS1-5.8S-ITS2	ITSx-region-extraction
MPDB001085	117187	Fusarium verticillioides (Gibberella moniliformis)	fungi	PZ734338.1	552	491	491	49.2872	ITS1-5.8S-ITS2	ITSx-region-extraction
MPDB001086	117187	Fusarium verticillioides (Gibberella moniliformis)	fungi	PZ734339.1	555	492	492	49.5935	ITS1-5.8S-ITS2	ITSx-region-extraction
MPDB001087	117187	Fusarium verticillioides (Gibberella moniliformis)	fungi	PZ734340.1	542	476	476	49.3697	ITS1-5.8S-ITS2	ITSx-region-extraction
MPDB001088	117187	Fusarium verticillioides (Gibberella moniliformis)	fungi	PZ734345.1	543	479	479	49.8956	ITS1-5.8S-ITS2	ITSx-region-extraction
MPDB001089	117187	Fusarium verticillioides (Gibberella moniliformis)	fungi	PZ734347.1	553	456	456	49.3421	ITS1-5.8S-ITS2	ITSx-region-extraction
MPDB001090	117187	Fusarium verticillioides (Gibberella moniliformis)	fungi	PZ734350.1	538	475	475	49.6842	ITS1-5.8S-ITS2	ITSx-region-extraction
MPDB001091	117187	Fusarium verticillioides (Gibberella moniliformis)	fungi	PZ734351.1	552	456	456	49.3421	ITS1-5.8S-ITS2	ITSx-region-extraction
MPDB001092	117187	Fusarium verticillioides (Gibberella moniliformis)	fungi	PZ734352.1	558	492	492	49.5935	ITS1-5.8S-ITS2	ITSx-region-extraction
MPDB001093	117187	Fusarium verticillioides (Gibberella moniliformis)	fungi	PZ734360.1	551	488	488	50.0000	ITS1-5.8S-ITS2	ITSx-region-extraction
MPDB001094	117187	Fusarium verticillioides (Gibberella moniliformis)	fungi	PZ734362.1	557	491	491	50.1018	ITS1-5.8S-ITS2	ITSx-region-extraction
MPDB001095	117187	Fusarium verticillioides (Gibberella moniliformis)	fungi	PZ734363.1	538	473	473	49.4715	ITS1-5.8S-ITS2	ITSx-region-extraction
MPDB001096	117187	Fusarium verticillioides (Gibberella moniliformis)	fungi	PZ734366.1	537	476	476	49.7899	ITS1-5.8S-ITS2	ITSx-region-extraction
MPDB001097	117187	Fusarium verticillioides (Gibberella moniliformis)	fungi	PZ734367.1	554	493	493	50.3043	ITS1-5.8S-ITS2	ITSx-region-extraction
MPDB001098	117187	Fusarium verticillioides (Gibberella moniliformis)	fungi	PZ734370.1	536	475	475	49.6842	ITS1-5.8S-ITS2	ITSx-region-extraction
MPDB001099	117187	Fusarium verticillioides (Gibberella moniliformis)	fungi	PZ734372.1	547	485	485	49.7934	ITS1-5.8S-ITS2	ITSx-region-extraction
MPDB001100	117187	Fusarium verticillioides (Gibberella moniliformis)	fungi	PZ734373.1	539	474	474	49.3671	ITS1-5.8S-ITS2	ITSx-region-extraction
MPDB001101	117187	Fusarium verticillioides (Gibberella moniliformis)	fungi	PZ734375.1	555	490	490	49.5918	ITS1-5.8S-ITS2	ITSx-region-extraction
MPDB001102	117187	Fusarium verticillioides (Gibberella moniliformis)	fungi	PZ734376.1	559	493	493	49.4929	ITS1-5.8S-ITS2	ITSx-region-extraction
MPDB001103	117187	Fusarium verticillioides (Gibberella moniliformis)	fungi	PZ734378.1	551	489	489	50.5112	ITS1-5.8S-ITS2	ITSx-region-extraction
MPDB001104	117187	Fusarium verticillioides (Gibberella moniliformis)	fungi	PZ734382.1	552	489	489	50.1022	ITS1-5.8S-ITS2	ITSx-region-extraction
MPDB001105	117187	Fusarium verticillioides (Gibberella moniliformis)	fungi	PZ734386.1	550	456	456	49.3421	ITS1-5.8S-ITS2	ITSx-region-extraction
MPDB001106	117187	Fusarium verticillioides (Gibberella moniliformis)	fungi	PZ734388.1	556	489	489	50.5112	ITS1-5.8S-ITS2	ITSx-region-extraction
MPDB001107	117187	Fusarium verticillioides (Gibberella moniliformis)	fungi	PZ734389.1	556	493	493	50.3043	ITS1-5.8S-ITS2	ITSx-region-extraction
MPDB001108	117187	Fusarium verticillioides (Gibberella moniliformis)	fungi	PZ734394.1	558	493	493	50.3043	ITS1-5.8S-ITS2	ITSx-region-extraction
MPDB001109	117187	Fusarium verticillioides (Gibberella moniliformis)	fungi	PZ734396.1	553	488	488	50.0000	ITS1-5.8S-ITS2	ITSx-region-extraction
MPDB001110	117187	Fusarium verticillioides (Gibberella moniliformis)	fungi	PZ734397.1	551	489	489	49.6933	ITS1-5.8S-ITS2	ITSx-region-extraction
MPDB001111	117187	Fusarium verticillioides (Gibberella moniliformis)	fungi	PZ734399.1	552	489	489	49.6933	ITS1-5.8S-ITS2	ITSx-region-extraction
MPDB001112	117187	Fusarium verticillioides (Gibberella moniliformis)	fungi	PZ734401.1	540	476	476	49.3697	ITS1-5.8S-ITS2	ITSx-region-extraction
MPDB001113	117187	Fusarium verticillioides (Gibberella moniliformis)	fungi	PZ734403.1	549	456	456	49.3421	ITS1-5.8S-ITS2	ITSx-region-extraction
MPDB001114	117187	Fusarium verticillioides (Gibberella moniliformis)	fungi	PZ734405.1	541	476	476	49.3697	ITS1-5.8S-ITS2	ITSx-region-extraction
MPDB001115	117187	Fusarium verticillioides (Gibberella moniliformis)	fungi	PZ734407.1	538	475	475	49.6842	ITS1-5.8S-ITS2	ITSx-region-extraction
MPDB001116	117187	Fusarium verticillioides (Gibberella moniliformis)	fungi	PZ734408.1	551	488	488	48.9754	ITS1-5.8S-ITS2	ITSx-region-extraction
MPDB001117	117187	Fusarium verticillioides (Gibberella moniliformis)	fungi	PZ734414.1	540	475	475	49.6842	ITS1-5.8S-ITS2	ITSx-region-extraction
MPDB001118	117187	Fusarium verticillioides (Gibberella moniliformis)	fungi	PZ734415.1	538	476	476	49.3697	ITS1-5.8S-ITS2	ITSx-region-extraction
MPDB001119	117187	Fusarium verticillioides (Gibberella moniliformis)	fungi	PZ779813.1	538	487	487	49.6920	ITS1-5.8S-ITS2	ITSx-region-extraction
MPDB001120	117187	Fusarium verticillioides (Gibberella moniliformis)	fungi	PZ780481.1	505	456	456	49.3421	ITS1-5.8S-ITS2	ITSx-region-extraction
MPDB001121	117187	Fusarium verticillioides (Gibberella moniliformis)	fungi	PZ780482.1	471	408	408	49.5098	ITS1-5.8S-ITS2	ITSx-region-extraction
MPDB001122	117187	Fusarium verticillioides (Gibberella moniliformis)	fungi	PZ780483.1	489	424	424	49.5283	ITS1-5.8S-ITS2	ITSx-region-extraction
MPDB001123	117187	Fusarium verticillioides (Gibberella moniliformis)	fungi	PZ794754.1	500	500	500	49.6957	ITS1-5.8S-ITS2	ITSx-region-extraction
MPDB001124	117187	Fusarium verticillioides (Gibberella moniliformis)	fungi	PZ805112.1	524	474	474	49.5781	ITS1-5.8S-ITS2	ITSx-region-extraction
MPDB001125	1187904	Alternaria burnsii	fungi	MH863039.1	571	479	479	45.7203	ITS1-5.8S-ITS2	ITSx-region-extraction
MPDB001126	1187904	Alternaria burnsii	fungi	MH863040.1	569	479	479	45.7203	ITS1-5.8S-ITS2	ITSx-region-extraction
MPDB001127	1187904	Alternaria burnsii	fungi	MH865506.1	575	479	479	45.7203	ITS1-5.8S-ITS2	ITSx-region-extraction
MPDB001128	1187904	Alternaria burnsii	fungi	PP818958.1	573	512	512	46.6797	ITS1-5.8S-ITS2	ITSx-region-extraction
MPDB001129	1187904	Alternaria burnsii	fungi	PP915572.1	456	428	428	45.5607	ITS1-5.8S-ITS2	ITSx-region-extraction
MPDB001130	1187904	Alternaria burnsii	fungi	PQ060524.1	552	485	485	46.1856	ITS1-5.8S-ITS2	ITSx-region-extraction
MPDB001131	1187904	Alternaria burnsii	fungi	PQ119820.1	437	437	437	46.2243	ITS1-5.8S-ITS2	ITSx-region-extraction
MPDB001132	1187904	Alternaria burnsii	fungi	PQ285273.1	1337	687	687	47.7438	ITS1-5.8S-ITS2	ITSx-region-extraction
MPDB001133	1187904	Alternaria burnsii	fungi	PQ285359.1	1280	629	629	47.5358	ITS1-5.8S-ITS2	ITSx-region-extraction
MPDB001134	1187904	Alternaria burnsii	fungi	PQ584514.1	576	502	502	45.8167	ITS1-5.8S-ITS2	ITSx-region-extraction
MPDB001135	1187904	Alternaria burnsii	fungi	PQ584542.1	577	504	504	46.2302	ITS1-5.8S-ITS2	ITSx-region-extraction
MPDB001136	1187904	Alternaria burnsii	fungi	PQ605800.1	560	507	507	46.9428	ITS1-5.8S-ITS2	ITSx-region-extraction
MPDB001137	1187904	Alternaria burnsii	fungi	PQ651414.1	575	479	479	45.7203	ITS1-5.8S-ITS2	ITSx-region-extraction
MPDB001138	1187904	Alternaria burnsii	fungi	PQ651417.1	549	485	485	45.5670	ITS1-5.8S-ITS2	ITSx-region-extraction
MPDB001139	1187904	Alternaria burnsii	fungi	PQ651441.1	721	480	480	45.8333	ITS1-5.8S-ITS2	ITSx-region-extraction
MPDB001140	1187904	Alternaria burnsii	fungi	PV021216.1	502	502	502	46.0159	ITS1-5.8S-ITS2	ITSx-region-extraction
MPDB001141	1187904	Alternaria burnsii	fungi	PV124578.1	572	505	505	46.5347	ITS1-5.8S-ITS2	ITSx-region-extraction
MPDB001142	1187904	Alternaria burnsii	fungi	PV230488.1	541	495	495	45.8586	ITS1-5.8S-ITS2	ITSx-region-extraction
MPDB001143	1187904	Alternaria burnsii	fungi	PV234051.1	547	483	483	45.7557	ITS1-5.8S-ITS2	ITSx-region-extraction
MPDB001144	1187904	Alternaria burnsii	fungi	PV370362.1	531	488	488	45.4918	ITS1-5.8S-ITS2	ITSx-region-extraction
MPDB001145	1187904	Alternaria burnsii	fungi	PV455609.1	559	559	559	40.9660	ITS1-5.8S-ITS2	ITSx-region-extraction
MPDB001146	1187904	Alternaria burnsii	fungi	PV533641.1	533	466	466	45.7082	ITS1-5.8S-ITS2	ITSx-region-extraction
MPDB001147	1187904	Alternaria burnsii	fungi	PV533644.1	527	460	460	45.6522	ITS1-5.8S-ITS2	ITSx-region-extraction
MPDB001148	1187904	Alternaria burnsii	fungi	PV602354.1	540	470	470	46.3830	ITS1-5.8S-ITS2	ITSx-region-extraction
MPDB001149	1187904	Alternaria burnsii	fungi	PV704998.1	457	457	457	46.3895	ITS1-5.8S-ITS2	ITSx-region-extraction
MPDB001150	1187904	Alternaria burnsii	fungi	PV915450.1	561	497	497	46.2777	ITS1-5.8S-ITS2	ITSx-region-extraction
MPDB001151	1187904	Alternaria burnsii	fungi	PV961372.1	505	457	457	45.7330	ITS1-5.8S-ITS2	ITSx-region-extraction
MPDB001152	1187904	Alternaria burnsii	fungi	PX048803.1	514	486	486	45.4733	ITS1-5.8S-ITS2	ITSx-region-extraction
MPDB001153	1187904	Alternaria burnsii	fungi	PX116852.1	509	472	472	45.9746	ITS1-5.8S-ITS2	ITSx-region-extraction
MPDB001154	1187904	Alternaria burnsii	fungi	PX285291.1	532	494	494	45.9514	ITS1-5.8S-ITS2	ITSx-region-extraction
MPDB001155	1187904	Alternaria burnsii	fungi	PX435312.1	535	479	479	45.7203	ITS1-5.8S-ITS2	ITSx-region-extraction
MPDB001156	1187904	Alternaria burnsii	fungi	PX448602.1	489	489	489	46.4213	ITS1-5.8S-ITS2	ITSx-region-extraction
MPDB001157	1187904	Alternaria burnsii	fungi	PX457138.1	528	495	495	45.8586	ITS1-5.8S-ITS2	ITSx-region-extraction
MPDB001158	1187904	Alternaria burnsii	fungi	PX735823.1	547	486	486	46.0905	ITS1-5.8S-ITS2	ITSx-region-extraction
MPDB001159	1187904	Alternaria burnsii	fungi	PX752285.1	514	486	486	45.2675	ITS1-5.8S-ITS2	ITSx-region-extraction
MPDB001160	1187904	Alternaria burnsii	fungi	PX842235.1	550	479	479	45.7203	ITS1-5.8S-ITS2	ITSx-region-extraction
MPDB001161	1187904	Alternaria burnsii	fungi	PX945825.1	477	436	436	44.9541	ITS1-5.8S-ITS2	ITSx-region-extraction
MPDB001162	1187904	Alternaria burnsii	fungi	PZ017494.1	573	479	479	45.7203	ITS1-5.8S-ITS2	ITSx-region-extraction
MPDB001163	1187904	Alternaria burnsii	fungi	PZ098972.1	586	479	479	45.7203	ITS1-5.8S-ITS2	ITSx-region-extraction
MPDB001164	1187904	Alternaria burnsii	fungi	PZ267196.1	552	502	502	46.2151	ITS1-5.8S-ITS2	ITSx-region-extraction
MPDB001165	1187904	Alternaria burnsii	fungi	PZ385187.1	545	482	482	45.4357	ITS1-5.8S-ITS2	ITSx-region-extraction
MPDB001166	1187904	Alternaria burnsii	fungi	PZ492660.1	839	479	479	45.7203	ITS1-5.8S-ITS2	ITSx-region-extraction
MPDB001167	1187904	Alternaria burnsii	fungi	PZ783952.1	558	497	497	46.0765	ITS1-5.8S-ITS2	ITSx-region-extraction
MPDB001168	119927	Alternaria tenuissima	fungi	LC939292.1	518	518	518	43.8224	ITS1-5.8S-ITS2	ITSx-region-extraction
MPDB001169	119927	Alternaria tenuissima	fungi	MH856117.1	541	493	493	46.0446	ITS1-5.8S-ITS2	ITSx-region-extraction
MPDB001170	119927	Alternaria tenuissima	fungi	MH864067.1	569	479	479	45.9290	ITS1-5.8S-ITS2	ITSx-region-extraction
MPDB001171	119927	Alternaria tenuissima	fungi	PX765461.1	530	490	490	45.7143	ITS1-5.8S-ITS2	ITSx-region-extraction
MPDB001172	119927	Alternaria tenuissima	fungi	PZ154704.1	533	473	473	46.3002	ITS1-5.8S-ITS2	ITSx-region-extraction
MPDB001173	119927	Alternaria tenuissima	fungi	PZ154705.1	537	476	476	46.0084	ITS1-5.8S-ITS2	ITSx-region-extraction
MPDB001174	119927	Alternaria tenuissima	fungi	PZ326482.1	571	480	480	45.8333	ITS1-5.8S-ITS2	ITSx-region-extraction
MPDB001175	119927	Alternaria tenuissima	fungi	PZ359470.1	524	477	477	47.1698	ITS1-5.8S-ITS2	ITSx-region-extraction
MPDB001176	119927	Alternaria tenuissima	fungi	PZ360081.1	539	491	491	45.6212	ITS1-5.8S-ITS2	ITSx-region-extraction
MPDB001177	119927	Alternaria tenuissima	fungi	PZ368548.1	426	426	426	45.7746	ITS1-5.8S-ITS2	ITSx-region-extraction
MPDB001178	119927	Alternaria tenuissima	fungi	PZ390053.1	457	457	457	45.0766	ITS1-5.8S-ITS2	ITSx-region-extraction
MPDB001179	119927	Alternaria tenuissima	fungi	PZ395211.1	530	491	491	45.6212	ITS1-5.8S-ITS2	ITSx-region-extraction
MPDB001180	119927	Alternaria tenuissima	fungi	PZ401100.1	528	486	486	45.4733	ITS1-5.8S-ITS2	ITSx-region-extraction
MPDB001181	119927	Alternaria tenuissima	fungi	PZ401105.1	528	490	490	45.7143	ITS1-5.8S-ITS2	ITSx-region-extraction
MPDB001182	119927	Alternaria tenuissima	fungi	PZ401109.1	536	488	488	45.9016	ITS1-5.8S-ITS2	ITSx-region-extraction
MPDB001183	119927	Alternaria tenuissima	fungi	PZ401111.1	530	490	490	45.5102	ITS1-5.8S-ITS2	ITSx-region-extraction
MPDB001184	119927	Alternaria tenuissima	fungi	PZ424331.1	456	456	456	45.1754	ITS1-5.8S-ITS2	ITSx-region-extraction
MPDB001185	119927	Alternaria tenuissima	fungi	PZ531991.1	429	381	381	45.6693	ITS1-5.8S-ITS2	ITSx-region-extraction
MPDB001186	119927	Alternaria tenuissima	fungi	PZ537238.1	499	453	453	45.4746	ITS1-5.8S-ITS2	ITSx-region-extraction
MPDB001187	119927	Alternaria tenuissima	fungi	PZ538189.1	532	470	470	46.3830	ITS1-5.8S-ITS2	ITSx-region-extraction
MPDB001188	119927	Alternaria tenuissima	fungi	PZ540352.1	532	470	470	46.3830	ITS1-5.8S-ITS2	ITSx-region-extraction
MPDB001189	119927	Alternaria tenuissima	fungi	PZ556451.1	604	553	553	47.9204	ITS1-5.8S-ITS2	ITSx-region-extraction
MPDB001190	119927	Alternaria tenuissima	fungi	PZ575847.1	579	480	480	45.8333	ITS1-5.8S-ITS2	ITSx-region-extraction
MPDB001191	119927	Alternaria tenuissima	fungi	PZ584630.1	570	480	480	45.8333	ITS1-5.8S-ITS2	ITSx-region-extraction
MPDB001192	119927	Alternaria tenuissima	fungi	PZ584631.1	572	480	480	45.8333	ITS1-5.8S-ITS2	ITSx-region-extraction
MPDB001193	119927	Alternaria tenuissima	fungi	PZ584632.1	544	502	502	46.0159	ITS1-5.8S-ITS2	ITSx-region-extraction
MPDB001194	119927	Alternaria tenuissima	fungi	PZ585958.1	532	493	493	45.8418	ITS1-5.8S-ITS2	ITSx-region-extraction
MPDB001195	119927	Alternaria tenuissima	fungi	PZ620330.1	484	484	484	46.4876	ITS1-5.8S-ITS2	ITSx-region-extraction
MPDB001196	119927	Alternaria tenuissima	fungi	PZ621006.1	470	470	470	46.3830	ITS1-5.8S-ITS2	ITSx-region-extraction
MPDB001197	119927	Alternaria tenuissima	fungi	PZ624027.1	528	475	475	45.8947	ITS1-5.8S-ITS2	ITSx-region-extraction
MPDB001198	119927	Alternaria tenuissima	fungi	PZ625950.1	524	488	488	45.4918	ITS1-5.8S-ITS2	ITSx-region-extraction
MPDB001199	119927	Alternaria tenuissima	fungi	PZ626849.1	540	496	496	45.9677	ITS1-5.8S-ITS2	ITSx-region-extraction
MPDB001200	119927	Alternaria tenuissima	fungi	PZ645955.1	519	467	467	46.0385	ITS1-5.8S-ITS2	ITSx-region-extraction
MPDB001201	119927	Alternaria tenuissima	fungi	PZ653134.1	594	495	495	47.0707	ITS1-5.8S-ITS2	ITSx-region-extraction
MPDB001202	119927	Alternaria tenuissima	fungi	PZ658215.1	517	471	471	46.2845	ITS1-5.8S-ITS2	ITSx-region-extraction
MPDB001203	119927	Alternaria tenuissima	fungi	PZ658224.1	513	469	469	46.2687	ITS1-5.8S-ITS2	ITSx-region-extraction
MPDB001204	119927	Alternaria tenuissima	fungi	PZ675721.1	428	428	428	45.4118	ITS1-5.8S-ITS2	ITSx-region-extraction
MPDB001205	119927	Alternaria tenuissima	fungi	PZ679418.1	431	431	431	45.7077	ITS1-5.8S-ITS2	ITSx-region-extraction
MPDB001206	119927	Alternaria tenuissima	fungi	PZ695127.1	497	466	466	46.1373	ITS1-5.8S-ITS2	ITSx-region-extraction
MPDB001207	119927	Alternaria tenuissima	fungi	PZ716778.1	549	484	484	45.8678	ITS1-5.8S-ITS2	ITSx-region-extraction
MPDB001208	119927	Alternaria tenuissima	fungi	PZ789846.1	564	480	480	45.8333	ITS1-5.8S-ITS2	ITSx-region-extraction
MPDB001209	119927	Alternaria tenuissima	fungi	PZ789847.1	367	335	335	47.7612	5.8S-ITS2	ITSx-region-extraction
MPDB001210	119927	Alternaria tenuissima	fungi	PZ830033.1	488	488	488	47.1311	ITS1-5.8S-ITS2	ITSx-region-extraction
MPDB001211	119929	Helminthosporium pedicellatum/Exserohilum pedicellatum	fungi	AF229478.1	541	500	500	47.4000	ITS1-5.8S-ITS2	ITSx-region-extraction
MPDB001212	119929	Helminthosporium pedicellatum/Exserohilum pedicellatum	fungi	LT631330.1	713	489	489	47.6483	ITS1-5.8S-ITS2	ITSx-region-extraction
MPDB001213	119929	Helminthosporium pedicellatum/Exserohilum pedicellatum	fungi	LT837452.1	772	489	489	47.6483	ITS1-5.8S-ITS2	ITSx-region-extraction
MPDB001214	119929	Helminthosporium pedicellatum/Exserohilum pedicellatum	fungi	MH818807.1	658	480	480	47.7083	ITS1-5.8S-ITS2	ITSx-region-extraction
MPDB001215	119929	Helminthosporium pedicellatum/Exserohilum pedicellatum	fungi	MN957742.1	312	164	164	53.6585	ITS2	ITSx-region-extraction
MPDB001216	119929	Helminthosporium pedicellatum/Exserohilum pedicellatum	fungi	MW376920.1	492	492	492	48.3740	ITS1-5.8S-ITS2	ITSx-region-extraction
MPDB001217	119929	Helminthosporium pedicellatum/Exserohilum pedicellatum	fungi	MW548088.1	521	484	484	47.5207	ITS1-5.8S-ITS2	ITSx-region-extraction
MPDB001218	119929	Helminthosporium pedicellatum/Exserohilum pedicellatum	fungi	MW628170.1	483	483	483	48.0331	ITS1-5.8S-ITS2	ITSx-region-extraction
MPDB001219	119929	Helminthosporium pedicellatum/Exserohilum pedicellatum	fungi	MW775862.1	410	410	410	46.0976	ITS1-5.8S-ITS2	ITSx-region-extraction
MPDB001220	119929	Helminthosporium pedicellatum/Exserohilum pedicellatum	fungi	MW775863.1	380	380	380	45.2632	ITS1-5.8S-ITS2	ITSx-region-extraction
MPDB001221	119929	Helminthosporium pedicellatum/Exserohilum pedicellatum	fungi	MW775943.1	300	172	172	43.6047	ITS1	ITSx-region-extraction
MPDB001222	119929	Helminthosporium pedicellatum/Exserohilum pedicellatum	fungi	MW776092.1	546	494	494	47.3684	ITS1-5.8S-ITS2	ITSx-region-extraction
MPDB001223	119929	Helminthosporium pedicellatum/Exserohilum pedicellatum	fungi	MW776278.1	546	494	494	47.3684	ITS1-5.8S-ITS2	ITSx-region-extraction
MPDB001224	119929	Helminthosporium pedicellatum/Exserohilum pedicellatum	fungi	OP218544.1	542	481	481	48.2328	ITS1-5.8S-ITS2	ITSx-region-extraction
MPDB001225	119929	Helminthosporium pedicellatum/Exserohilum pedicellatum	fungi	OR600305.1	562	489	489	47.6483	ITS1-5.8S-ITS2	ITSx-region-extraction
MPDB001226	119929	Helminthosporium pedicellatum/Exserohilum pedicellatum	fungi	PP564799.1	580	480	480	47.7083	ITS1-5.8S-ITS2	ITSx-region-extraction
MPDB001227	119929	Helminthosporium pedicellatum/Exserohilum pedicellatum	fungi	PV520550.1	572	474	474	47.6793	ITS1-5.8S-ITS2	ITSx-region-extraction
MPDB001228	119929	Helminthosporium pedicellatum/Exserohilum pedicellatum	fungi	PX251466.1	540	492	492	48.5772	ITS1-5.8S-ITS2	ITSx-region-extraction
MPDB001229	119929	Helminthosporium pedicellatum/Exserohilum pedicellatum	fungi	PX251467.1	538	489	489	48.2618	ITS1-5.8S-ITS2	ITSx-region-extraction
MPDB001230	119929	Helminthosporium pedicellatum/Exserohilum pedicellatum	fungi	PX251468.1	541	506	506	47.8261	ITS1-5.8S-ITS2	ITSx-region-extraction
MPDB001231	1203437	Curvularia aeria / Curvularia lunata var. aeria	fungi	LC494368.1	517	477	477	45.9119	ITS1-5.8S-ITS2	ITSx-region-extraction
MPDB001232	1203437	Curvularia aeria / Curvularia lunata var. aeria	fungi	MH424595.1	442	442	442	46.8326	ITS1-5.8S-ITS2	ITSx-region-extraction
MPDB001233	1203437	Curvularia aeria / Curvularia lunata var. aeria	fungi	MH858056.1	498	498	498	45.1807	ITS1-5.8S-ITS2	ITSx-region-extraction
MPDB001234	1203437	Curvularia aeria / Curvularia lunata var. aeria	fungi	MH859836.1	570	482	482	45.6432	ITS1-5.8S-ITS2	ITSx-region-extraction
MPDB001235	1203437	Curvularia aeria / Curvularia lunata var. aeria	fungi	MK736814.1	377	377	377	46.6844	ITS1-5.8S-ITS2	ITSx-region-extraction
MPDB001236	1203437	Curvularia aeria / Curvularia lunata var. aeria	fungi	MK736815.1	448	448	448	46.8750	ITS1-5.8S-ITS2	ITSx-region-extraction
MPDB001237	1203437	Curvularia aeria / Curvularia lunata var. aeria	fungi	MN006621.1	508	508	508	46.0630	ITS1-5.8S-ITS2	ITSx-region-extraction
MPDB001238	1203437	Curvularia aeria / Curvularia lunata var. aeria	fungi	MN170718.1	551	504	504	46.6270	ITS1-5.8S-ITS2	ITSx-region-extraction
MPDB001239	1203437	Curvularia aeria / Curvularia lunata var. aeria	fungi	MN881067.1	517	465	465	46.8817	ITS1-5.8S-ITS2	ITSx-region-extraction
MPDB001240	1203437	Curvularia aeria / Curvularia lunata var. aeria	fungi	MN999546.1	532	486	486	45.2675	ITS1-5.8S-ITS2	ITSx-region-extraction
MPDB001241	1203437	Curvularia aeria / Curvularia lunata var. aeria	fungi	MT043775.1	574	484	484	45.4545	ITS1-5.8S-ITS2	ITSx-region-extraction
MPDB001242	1203437	Curvularia aeria / Curvularia lunata var. aeria	fungi	MT158678.1	536	500	500	46.0000	ITS1-5.8S-ITS2	ITSx-region-extraction
MPDB001243	1203437	Curvularia aeria / Curvularia lunata var. aeria	fungi	MT470608.1	521	461	461	46.4208	ITS1-5.8S-ITS2	ITSx-region-extraction
MPDB001244	1203437	Curvularia aeria / Curvularia lunata var. aeria	fungi	OM265294.1	577	483	483	45.5487	ITS1-5.8S-ITS2	ITSx-region-extraction
MPDB001245	1203437	Curvularia aeria / Curvularia lunata var. aeria	fungi	OP380878.1	481	434	434	47.2350	ITS1-5.8S-ITS2	ITSx-region-extraction
MPDB001246	1203437	Curvularia aeria / Curvularia lunata var. aeria	fungi	OP819300.1	495	433	433	46.6513	ITS1-5.8S-ITS2	ITSx-region-extraction
MPDB001247	1203437	Curvularia aeria / Curvularia lunata var. aeria	fungi	OQ085111.2	525	463	463	46.2203	ITS1-5.8S-ITS2	ITSx-region-extraction
MPDB001248	1203437	Curvularia aeria / Curvularia lunata var. aeria	fungi	OQ435847.1	527	468	468	46.7949	ITS1-5.8S-ITS2	ITSx-region-extraction
MPDB001249	1203437	Curvularia aeria / Curvularia lunata var. aeria	fungi	OQ435856.1	525	463	463	46.6523	ITS1-5.8S-ITS2	ITSx-region-extraction
MPDB001250	1203437	Curvularia aeria / Curvularia lunata var. aeria	fungi	OQ435873.1	522	471	471	46.4968	ITS1-5.8S-ITS2	ITSx-region-extraction
MPDB001251	1203437	Curvularia aeria / Curvularia lunata var. aeria	fungi	OQ657944.1	1003	394	394	45.1777	ITS1-5.8S-ITS2	ITSx-region-extraction
MPDB001252	1203437	Curvularia aeria / Curvularia lunata var. aeria	fungi	OQ657945.1	1115	502	502	45.8167	ITS1-5.8S-ITS2	ITSx-region-extraction
MPDB001253	1203437	Curvularia aeria / Curvularia lunata var. aeria	fungi	OQ692607.1	511	511	511	46.5753	ITS1-5.8S-ITS2	ITSx-region-extraction
MPDB001254	1203437	Curvularia aeria / Curvularia lunata var. aeria	fungi	OR101252.1	555	503	503	45.7256	ITS1-5.8S-ITS2	ITSx-region-extraction
MPDB001255	1203437	Curvularia aeria / Curvularia lunata var. aeria	fungi	OR256268.1	541	484	484	45.4545	ITS1-5.8S-ITS2	ITSx-region-extraction
MPDB001256	1203437	Curvularia aeria / Curvularia lunata var. aeria	fungi	OR425097.1	552	501	501	45.7086	ITS1-5.8S-ITS2	ITSx-region-extraction
MPDB001257	1203437	Curvularia aeria / Curvularia lunata var. aeria	fungi	OR425098.1	556	505	505	45.7426	ITS1-5.8S-ITS2	ITSx-region-extraction
MPDB001258	1203437	Curvularia aeria / Curvularia lunata var. aeria	fungi	OR501386.1	518	457	457	45.9519	ITS1-5.8S-ITS2	ITSx-region-extraction
MPDB001259	1203437	Curvularia aeria / Curvularia lunata var. aeria	fungi	OR858888.1	489	489	489	46.0123	ITS1-5.8S-ITS2	ITSx-region-extraction
MPDB001260	1203437	Curvularia aeria / Curvularia lunata var. aeria	fungi	OW985728.1	576	483	483	45.5487	ITS1-5.8S-ITS2	ITSx-region-extraction
MPDB001261	1203437	Curvularia aeria / Curvularia lunata var. aeria	fungi	OW986267.1	575	483	483	45.5487	ITS1-5.8S-ITS2	ITSx-region-extraction
MPDB001262	1203437	Curvularia aeria / Curvularia lunata var. aeria	fungi	PP291902.1	529	468	468	46.5812	ITS1-5.8S-ITS2	ITSx-region-extraction
MPDB001263	1203437	Curvularia aeria / Curvularia lunata var. aeria	fungi	PV978689.1	468	468	468	46.7949	ITS1-5.8S-ITS2	ITSx-region-extraction
MPDB001264	1203437	Curvularia aeria / Curvularia lunata var. aeria	fungi	PV979372.1	445	445	445	46.9663	ITS1-5.8S-ITS2	ITSx-region-extraction
MPDB001265	1203437	Curvularia aeria / Curvularia lunata var. aeria	fungi	PV979376.1	443	443	443	46.5011	ITS1-5.8S-ITS2	ITSx-region-extraction
MPDB001266	1203437	Curvularia aeria / Curvularia lunata var. aeria	fungi	PV979412.1	450	450	450	46.4444	ITS1-5.8S-ITS2	ITSx-region-extraction
MPDB001267	1203437	Curvularia aeria / Curvularia lunata var. aeria	fungi	PX061842.1	533	482	482	44.8133	ITS1-5.8S-ITS2	ITSx-region-extraction
MPDB001268	1203437	Curvularia aeria / Curvularia lunata var. aeria	fungi	PX588339.1	519	459	459	46.1874	ITS1-5.8S-ITS2	ITSx-region-extraction
MPDB001269	1203437	Curvularia aeria / Curvularia lunata var. aeria	fungi	PX627198.1	421	421	421	47.0309	ITS1-5.8S-ITS2	ITSx-region-extraction
MPDB001270	1203437	Curvularia aeria / Curvularia lunata var. aeria	fungi	PX654071.1	546	485	485	47.0103	ITS1-5.8S-ITS2	ITSx-region-extraction
MPDB001271	1203437	Curvularia aeria / Curvularia lunata var. aeria	fungi	PX908926.1	580	483	483	45.5487	ITS1-5.8S-ITS2	ITSx-region-extraction
MPDB001272	1203437	Curvularia aeria / Curvularia lunata var. aeria	fungi	PZ185322.1	502	440	440	47.2727	ITS1-5.8S-ITS2	ITSx-region-extraction
MPDB001273	1203437	Curvularia aeria / Curvularia lunata var. aeria	fungi	PZ482264.1	542	494	494	45.3441	ITS1-5.8S-ITS2	ITSx-region-extraction
MPDB001274	1230527	Helminthosporium hawaiiensis / Curvularia hawaiiensis	fungi	LC802637.1	553	502	502	47.2112	ITS1-5.8S-ITS2	ITSx-region-extraction
MPDB001275	1230527	Helminthosporium hawaiiensis / Curvularia hawaiiensis	fungi	MH857687.1	585	480	480	47.0833	ITS1-5.8S-ITS2	ITSx-region-extraction
MPDB001276	1230527	Helminthosporium hawaiiensis / Curvularia hawaiiensis	fungi	MH860526.1	568	480	480	47.0833	ITS1-5.8S-ITS2	ITSx-region-extraction
MPDB001277	1230527	Helminthosporium hawaiiensis / Curvularia hawaiiensis	fungi	MH863647.1	703	480	480	47.0833	ITS1-5.8S-ITS2	ITSx-region-extraction
MPDB001278	1230527	Helminthosporium hawaiiensis / Curvularia hawaiiensis	fungi	MH864411.1	705	480	480	47.5000	ITS1-5.8S-ITS2	ITSx-region-extraction
MPDB001279	1230527	Helminthosporium hawaiiensis / Curvularia hawaiiensis	fungi	MH864412.1	707	484	484	47.1074	ITS1-5.8S-ITS2	ITSx-region-extraction
MPDB001280	1230527	Helminthosporium hawaiiensis / Curvularia hawaiiensis	fungi	MH864413.1	708	482	482	47.3029	ITS1-5.8S-ITS2	ITSx-region-extraction
MPDB001281	1230527	Helminthosporium hawaiiensis / Curvularia hawaiiensis	fungi	OP710128.1	536	505	505	47.5149	ITS1-5.8S-ITS2	ITSx-region-extraction
MPDB001282	1230527	Helminthosporium hawaiiensis / Curvularia hawaiiensis	fungi	OQ076443.1	563	480	480	47.0833	ITS1-5.8S-ITS2	ITSx-region-extraction
MPDB001283	1230527	Helminthosporium hawaiiensis / Curvularia hawaiiensis	fungi	OQ928768.1	541	499	499	49.0982	ITS1-5.8S-ITS2	ITSx-region-extraction
MPDB001284	1230527	Helminthosporium hawaiiensis / Curvularia hawaiiensis	fungi	OR095766.1	511	461	461	47.5054	ITS1-5.8S-ITS2	ITSx-region-extraction
MPDB001285	1230527	Helminthosporium hawaiiensis / Curvularia hawaiiensis	fungi	OR095781.1	339	301	301	44.8505	ITS1-5.8S	ITSx-region-extraction
MPDB001286	1230527	Helminthosporium hawaiiensis / Curvularia hawaiiensis	fungi	OR095819.1	439	439	439	47.3804	ITS1-5.8S-ITS2	ITSx-region-extraction
MPDB001287	1230527	Helminthosporium hawaiiensis / Curvularia hawaiiensis	fungi	OR269172.1	521	467	467	47.7516	ITS1-5.8S-ITS2	ITSx-region-extraction
MPDB001288	1230527	Helminthosporium hawaiiensis / Curvularia hawaiiensis	fungi	OR272046.1	533	487	487	46.6119	ITS1-5.8S-ITS2	ITSx-region-extraction
MPDB001289	1230527	Helminthosporium hawaiiensis / Curvularia hawaiiensis	fungi	OR485004.1	542	487	487	46.8172	ITS1-5.8S-ITS2	ITSx-region-extraction
MPDB001290	1230527	Helminthosporium hawaiiensis / Curvularia hawaiiensis	fungi	OR543164.1	459	459	459	47.7124	ITS1-5.8S-ITS2	ITSx-region-extraction
MPDB001291	1230527	Helminthosporium hawaiiensis / Curvularia hawaiiensis	fungi	OR543165.1	434	434	434	47.4654	ITS1-5.8S-ITS2	ITSx-region-extraction
MPDB001292	1230527	Helminthosporium hawaiiensis / Curvularia hawaiiensis	fungi	OR782121.1	499	499	499	46.6934	ITS1-5.8S-ITS2	ITSx-region-extraction
MPDB001293	1230527	Helminthosporium hawaiiensis / Curvularia hawaiiensis	fungi	OR835252.1	527	476	476	45.5882	ITS1-5.8S-ITS2	ITSx-region-extraction
MPDB001294	1230527	Helminthosporium hawaiiensis / Curvularia hawaiiensis	fungi	OR835253.1	540	496	496	46.9758	ITS1-5.8S-ITS2	ITSx-region-extraction
MPDB001295	1230527	Helminthosporium hawaiiensis / Curvularia hawaiiensis	fungi	OW983650.1	575	480	480	47.2917	ITS1-5.8S-ITS2	ITSx-region-extraction
MPDB001296	1230527	Helminthosporium hawaiiensis / Curvularia hawaiiensis	fungi	OW987550.1	569	480	480	47.0833	ITS1-5.8S-ITS2	ITSx-region-extraction
MPDB001297	1230527	Helminthosporium hawaiiensis / Curvularia hawaiiensis	fungi	OW987948.1	571	481	481	47.1933	ITS1-5.8S-ITS2	ITSx-region-extraction
MPDB001298	1230527	Helminthosporium hawaiiensis / Curvularia hawaiiensis	fungi	PP266807.1	442	442	442	46.6063	ITS1-5.8S-ITS2	ITSx-region-extraction
MPDB001299	1230527	Helminthosporium hawaiiensis / Curvularia hawaiiensis	fungi	PP374625.1	557	496	496	47.1774	ITS1-5.8S-ITS2	ITSx-region-extraction
MPDB001300	1230527	Helminthosporium hawaiiensis / Curvularia hawaiiensis	fungi	PP374626.1	516	516	516	57.9457	ITS1-5.8S-ITS2	ITSx-region-extraction
MPDB001301	1230527	Helminthosporium hawaiiensis / Curvularia hawaiiensis	fungi	PP463968.1	571	509	509	47.1513	ITS1-5.8S-ITS2	ITSx-region-extraction
MPDB001302	1230527	Helminthosporium hawaiiensis / Curvularia hawaiiensis	fungi	PP506328.1	358	358	358	46.6480	ITS1-5.8S-ITS2	ITSx-region-extraction
MPDB001303	1230527	Helminthosporium hawaiiensis / Curvularia hawaiiensis	fungi	PP861219.1	539	494	494	46.7611	ITS1-5.8S-ITS2	ITSx-region-extraction
MPDB001304	1230527	Helminthosporium hawaiiensis / Curvularia hawaiiensis	fungi	PP861220.1	540	495	495	47.4747	ITS1-5.8S-ITS2	ITSx-region-extraction
MPDB001305	1230527	Helminthosporium hawaiiensis / Curvularia hawaiiensis	fungi	PP861222.1	539	494	494	47.3684	ITS1-5.8S-ITS2	ITSx-region-extraction
MPDB001306	1230527	Helminthosporium hawaiiensis / Curvularia hawaiiensis	fungi	PP861223.1	538	493	493	47.2617	ITS1-5.8S-ITS2	ITSx-region-extraction
MPDB001307	1230527	Helminthosporium hawaiiensis / Curvularia hawaiiensis	fungi	PQ219414.1	552	487	487	47.2279	ITS1-5.8S-ITS2	ITSx-region-extraction
MPDB001308	1230527	Helminthosporium hawaiiensis / Curvularia hawaiiensis	fungi	PQ312634.1	557	494	494	46.9636	ITS1-5.8S-ITS2	ITSx-region-extraction
MPDB001309	1230527	Helminthosporium hawaiiensis / Curvularia hawaiiensis	fungi	PQ476034.1	568	480	480	47.0833	ITS1-5.8S-ITS2	ITSx-region-extraction
MPDB001310	1230527	Helminthosporium hawaiiensis / Curvularia hawaiiensis	fungi	PQ522053.1	350	162	162	53.0864	ITS2	ITSx-region-extraction
MPDB001311	1230527	Helminthosporium hawaiiensis / Curvularia hawaiiensis	fungi	PQ857674.1	546	484	484	47.9339	ITS1-5.8S-ITS2	ITSx-region-extraction
MPDB001312	1230527	Helminthosporium hawaiiensis / Curvularia hawaiiensis	fungi	PV035705.1	605	554	554	47.8339	ITS1-5.8S-ITS2	ITSx-region-extraction
MPDB001313	1230527	Helminthosporium hawaiiensis / Curvularia hawaiiensis	fungi	PV864881.1	528	477	477	47.5891	ITS1-5.8S-ITS2	ITSx-region-extraction
MPDB001314	1230527	Helminthosporium hawaiiensis / Curvularia hawaiiensis	fungi	PV990331.1	402	402	402	46.7662	ITS1-5.8S-ITS2	ITSx-region-extraction
MPDB001315	1230527	Helminthosporium hawaiiensis / Curvularia hawaiiensis	fungi	PX210759.1	503	469	469	47.1215	ITS1-5.8S-ITS2	ITSx-region-extraction
MPDB001316	1230527	Helminthosporium hawaiiensis / Curvularia hawaiiensis	fungi	PX271055.1	553	488	488	47.3361	ITS1-5.8S-ITS2	ITSx-region-extraction
MPDB001317	125373	Paraphaeosphaeria michotii / Sphaeria michotii	fungi	AB809639.1	538	506	506	52.9644	ITS1-5.8S-ITS2	ITSx-region-extraction
MPDB001318	125373	Paraphaeosphaeria michotii / Sphaeria michotii	fungi	JF340243.1	540	485	485	53.4021	ITS1-5.8S-ITS2	ITSx-region-extraction
MPDB001319	125373	Paraphaeosphaeria michotii / Sphaeria michotii	fungi	JX496103.1	515	515	515	53.0097	ITS1-5.8S-ITS2	ITSx-region-extraction
MPDB001320	125373	Paraphaeosphaeria michotii / Sphaeria michotii	fungi	JX629111.1	513	513	513	53.0214	ITS1-5.8S-ITS2	ITSx-region-extraction
MPDB001321	125373	Paraphaeosphaeria michotii / Sphaeria michotii	fungi	KJ406848.1	437	437	437	52.4027	ITS1-5.8S-ITS2	ITSx-region-extraction
MPDB001322	125373	Paraphaeosphaeria michotii / Sphaeria michotii	fungi	KJ406851.1	437	437	437	52.1739	ITS1-5.8S-ITS2	ITSx-region-extraction
MPDB001323	125373	Paraphaeosphaeria michotii / Sphaeria michotii	fungi	KJ939279.1	560	506	506	53.3597	ITS1-5.8S-ITS2	ITSx-region-extraction
MPDB001324	125373	Paraphaeosphaeria michotii / Sphaeria michotii	fungi	KR093907.1	565	493	493	53.1440	ITS1-5.8S-ITS2	ITSx-region-extraction
MPDB001325	125373	Paraphaeosphaeria michotii / Sphaeria michotii	fungi	KT827260.1	547	496	496	53.4274	ITS1-5.8S-ITS2	ITSx-region-extraction
MPDB001326	125373	Paraphaeosphaeria michotii / Sphaeria michotii	fungi	KU751878.1	556	509	509	53.2417	ITS1-5.8S-ITS2	ITSx-region-extraction
MPDB001327	125373	Paraphaeosphaeria michotii / Sphaeria michotii	fungi	KY228674.1	308	153	153	62.7451	ITS2	ITSx-region-extraction
MPDB001328	125373	Paraphaeosphaeria michotii / Sphaeria michotii	fungi	LN714580.1	509	509	509	53.2417	ITS1-5.8S-ITS2	ITSx-region-extraction
MPDB001329	125373	Paraphaeosphaeria michotii / Sphaeria michotii	fungi	LR876473.1	250	153	153	64.0523	ITS2	ITSx-region-extraction
MPDB001330	125373	Paraphaeosphaeria michotii / Sphaeria michotii	fungi	MG572395.1	512	512	512	52.9297	ITS1-5.8S-ITS2	ITSx-region-extraction
MPDB001331	125373	Paraphaeosphaeria michotii / Sphaeria michotii	fungi	MG828933.1	475	435	435	52.1839	ITS1-5.8S-ITS2	ITSx-region-extraction
MPDB001332	125373	Paraphaeosphaeria michotii / Sphaeria michotii	fungi	MG828934.1	456	456	456	52.1930	ITS1-5.8S-ITS2	ITSx-region-extraction
MPDB001333	125373	Paraphaeosphaeria michotii / Sphaeria michotii	fungi	MH178728.1	497	497	497	53.3199	ITS1-5.8S-ITS2	ITSx-region-extraction
MPDB001334	125373	Paraphaeosphaeria michotii / Sphaeria michotii	fungi	MH860778.1	517	517	517	52.8046	ITS1-5.8S-ITS2	ITSx-region-extraction
MPDB001335	125373	Paraphaeosphaeria michotii / Sphaeria michotii	fungi	MH861961.1	586	492	492	53.4553	ITS1-5.8S-ITS2	ITSx-region-extraction
MPDB001336	125373	Paraphaeosphaeria michotii / Sphaeria michotii	fungi	MH862008.1	527	499	499	52.7054	ITS1-5.8S-ITS2	ITSx-region-extraction
MPDB001337	125373	Paraphaeosphaeria michotii / Sphaeria michotii	fungi	MK911665.1	587	515	515	53.7864	ITS1-5.8S-ITS2	ITSx-region-extraction
MPDB001338	125373	Paraphaeosphaeria michotii / Sphaeria michotii	fungi	MN173033.1	523	523	523	52.9637	ITS1-5.8S-ITS2	ITSx-region-extraction
MPDB001339	125373	Paraphaeosphaeria michotii / Sphaeria michotii	fungi	MT000378.1	545	498	498	53.2129	ITS1-5.8S-ITS2	ITSx-region-extraction
MPDB001340	125373	Paraphaeosphaeria michotii / Sphaeria michotii	fungi	MT000428.1	547	500	500	53.2000	ITS1-5.8S-ITS2	ITSx-region-extraction
MPDB001341	125373	Paraphaeosphaeria michotii / Sphaeria michotii	fungi	MT852531.1	254	159	159	52.8302	ITS1	ITSx-region-extraction
MPDB001342	125373	Paraphaeosphaeria michotii / Sphaeria michotii	fungi	MW157750.1	278	182	182	65.9341	ITS1	ITSx-region-extraction
MPDB001343	125373	Paraphaeosphaeria michotii / Sphaeria michotii	fungi	MW483799.1	524	524	524	55.1527	ITS1-5.8S-ITS2	ITSx-region-extraction
MPDB001344	125373	Paraphaeosphaeria michotii / Sphaeria michotii	fungi	MZ098686.1	620	492	492	53.4553	ITS1-5.8S-ITS2	ITSx-region-extraction
MPDB001345	125373	Paraphaeosphaeria michotii / Sphaeria michotii	fungi	MZ492971.1	606	492	492	53.4553	ITS1-5.8S-ITS2	ITSx-region-extraction
MPDB001346	125373	Paraphaeosphaeria michotii / Sphaeria michotii	fungi	MZ567858.1	218	184	184	49.4565	ITS1	ITSx-region-extraction
MPDB001347	125373	Paraphaeosphaeria michotii / Sphaeria michotii	fungi	ON130594.1	526	475	475	53.6842	ITS1-5.8S-ITS2	ITSx-region-extraction
MPDB001348	125373	Paraphaeosphaeria michotii / Sphaeria michotii	fungi	OP076879.1	566	492	492	53.2520	ITS1-5.8S-ITS2	ITSx-region-extraction
MPDB001349	125373	Paraphaeosphaeria michotii / Sphaeria michotii	fungi	OQ842752.1	479	430	430	51.8605	ITS1-5.8S-ITS2	ITSx-region-extraction
MPDB001350	125373	Paraphaeosphaeria michotii / Sphaeria michotii	fungi	OQ924429.1	552	505	505	53.2673	ITS1-5.8S-ITS2	ITSx-region-extraction
MPDB001351	125373	Paraphaeosphaeria michotii / Sphaeria michotii	fungi	OR134752.1	584	492	492	53.0488	ITS1-5.8S-ITS2	ITSx-region-extraction
MPDB001352	125373	Paraphaeosphaeria michotii / Sphaeria michotii	fungi	OR237610.1	570	509	509	53.2417	ITS1-5.8S-ITS2	ITSx-region-extraction
MPDB001353	125373	Paraphaeosphaeria michotii / Sphaeria michotii	fungi	OR600348.1	547	507	507	53.4517	ITS1-5.8S-ITS2	ITSx-region-extraction
MPDB001354	125373	Paraphaeosphaeria michotii / Sphaeria michotii	fungi	PQ741231.1	253	202	202	50.0000	ITS1	ITSx-region-extraction
MPDB001355	125373	Paraphaeosphaeria michotii / Sphaeria michotii	fungi	PV608536.1	535	497	497	53.3199	ITS1-5.8S-ITS2	ITSx-region-extraction
MPDB001356	125373	Paraphaeosphaeria michotii / Sphaeria michotii	fungi	PV608537.1	528	490	490	53.4694	ITS1-5.8S-ITS2	ITSx-region-extraction
MPDB001357	125373	Paraphaeosphaeria michotii / Sphaeria michotii	fungi	PV608538.1	575	492	492	53.4553	ITS1-5.8S-ITS2	ITSx-region-extraction
MPDB001358	125373	Paraphaeosphaeria michotii / Sphaeria michotii	fungi	PV833215.1	568	508	508	52.3622	ITS1-5.8S-ITS2	ITSx-region-extraction
MPDB001359	125373	Paraphaeosphaeria michotii / Sphaeria michotii	fungi	PX387417.1	218	184	184	49.4565	ITS1	ITSx-region-extraction
MPDB001360	13001	Ceratocystis paradoxa/Thielaviopsis paradoxa	fungi	MH855239.1	543	455	455	43.7363	ITS1-5.8S-ITS2	ITSx-region-extraction
MPDB001361	13001	Ceratocystis paradoxa/Thielaviopsis paradoxa	fungi	MH859867.1	544	456	456	43.6404	ITS1-5.8S-ITS2	ITSx-region-extraction
MPDB001362	13001	Ceratocystis paradoxa/Thielaviopsis paradoxa	fungi	OQ422147.1	518	518	518	44.9807	ITS1-5.8S-ITS2	ITSx-region-extraction
MPDB001363	13001	Ceratocystis paradoxa/Thielaviopsis paradoxa	fungi	OQ422148.1	517	485	485	44.7423	ITS1-5.8S-ITS2	ITSx-region-extraction
MPDB001364	13001	Ceratocystis paradoxa/Thielaviopsis paradoxa	fungi	OQ422149.1	518	518	518	44.5946	ITS1-5.8S-ITS2	ITSx-region-extraction
MPDB001365	13001	Ceratocystis paradoxa/Thielaviopsis paradoxa	fungi	OQ422150.1	518	485	485	44.3299	ITS1-5.8S-ITS2	ITSx-region-extraction
MPDB001366	13001	Ceratocystis paradoxa/Thielaviopsis paradoxa	fungi	OQ422151.1	519	519	519	45.4721	ITS1-5.8S-ITS2	ITSx-region-extraction
MPDB001367	13001	Ceratocystis paradoxa/Thielaviopsis paradoxa	fungi	OQ422152.1	517	517	517	44.4874	ITS1-5.8S-ITS2	ITSx-region-extraction
MPDB001368	13001	Ceratocystis paradoxa/Thielaviopsis paradoxa	fungi	OQ422153.1	521	521	521	44.7217	ITS1-5.8S-ITS2	ITSx-region-extraction
MPDB001369	13001	Ceratocystis paradoxa/Thielaviopsis paradoxa	fungi	OQ422154.1	519	519	519	44.8940	ITS1-5.8S-ITS2	ITSx-region-extraction
MPDB001370	13001	Ceratocystis paradoxa/Thielaviopsis paradoxa	fungi	OQ422155.1	521	521	521	44.9136	ITS1-5.8S-ITS2	ITSx-region-extraction
MPDB001371	13001	Ceratocystis paradoxa/Thielaviopsis paradoxa	fungi	OQ422156.1	517	517	517	44.1006	ITS1-5.8S-ITS2	ITSx-region-extraction
MPDB001372	13001	Ceratocystis paradoxa/Thielaviopsis paradoxa	fungi	OQ422157.1	519	519	519	45.0867	ITS1-5.8S-ITS2	ITSx-region-extraction
MPDB001373	13001	Ceratocystis paradoxa/Thielaviopsis paradoxa	fungi	OQ422158.1	518	485	485	44.3299	ITS1-5.8S-ITS2	ITSx-region-extraction
MPDB001374	13001	Ceratocystis paradoxa/Thielaviopsis paradoxa	fungi	OQ422159.1	516	484	484	44.6281	ITS1-5.8S-ITS2	ITSx-region-extraction
MPDB001375	13001	Ceratocystis paradoxa/Thielaviopsis paradoxa	fungi	OQ422160.1	516	516	516	44.5736	ITS1-5.8S-ITS2	ITSx-region-extraction
MPDB001376	13001	Ceratocystis paradoxa/Thielaviopsis paradoxa	fungi	OQ448884.1	505	456	456	44.5175	ITS1-5.8S-ITS2	ITSx-region-extraction
MPDB001377	13001	Ceratocystis paradoxa/Thielaviopsis paradoxa	fungi	OQ791411.1	491	442	442	44.7964	ITS1-5.8S-ITS2	ITSx-region-extraction
MPDB001378	13001	Ceratocystis paradoxa/Thielaviopsis paradoxa	fungi	OR345245.1	514	455	455	44.6429	ITS1-5.8S-ITS2	ITSx-region-extraction
MPDB001379	13001	Ceratocystis paradoxa/Thielaviopsis paradoxa	fungi	OR564191.1	508	446	446	43.9462	ITS1-5.8S-ITS2	ITSx-region-extraction
MPDB001380	13001	Ceratocystis paradoxa/Thielaviopsis paradoxa	fungi	PP502916.1	506	506	506	46.0474	ITS1-5.8S-ITS2	ITSx-region-extraction
MPDB001381	13001	Ceratocystis paradoxa/Thielaviopsis paradoxa	fungi	PP587644.1	442	442	442	44.1176	ITS1-5.8S-ITS2	ITSx-region-extraction
MPDB001382	13001	Ceratocystis paradoxa/Thielaviopsis paradoxa	fungi	PP838332.1	1172	456	456	44.2982	ITS1-5.8S-ITS2	ITSx-region-extraction
MPDB001383	13001	Ceratocystis paradoxa/Thielaviopsis paradoxa	fungi	PQ001935.1	428	428	428	45.0935	ITS1-5.8S-ITS2	ITSx-region-extraction
MPDB001384	13001	Ceratocystis paradoxa/Thielaviopsis paradoxa	fungi	PQ390716.1	516	454	454	44.7137	ITS1-5.8S-ITS2	ITSx-region-extraction
MPDB001385	13001	Ceratocystis paradoxa/Thielaviopsis paradoxa	fungi	PQ390717.1	514	514	514	46.3035	ITS1-5.8S-ITS2	ITSx-region-extraction
MPDB001386	13001	Ceratocystis paradoxa/Thielaviopsis paradoxa	fungi	PQ489344.1	417	417	417	45.8034	ITS1-5.8S-ITS2	ITSx-region-extraction
MPDB001387	13001	Ceratocystis paradoxa/Thielaviopsis paradoxa	fungi	PQ489346.1	418	418	418	45.6938	ITS1-5.8S-ITS2	ITSx-region-extraction
MPDB001388	13001	Ceratocystis paradoxa/Thielaviopsis paradoxa	fungi	PQ489348.1	517	517	517	44.2940	ITS1-5.8S-ITS2	ITSx-region-extraction
MPDB001389	13001	Ceratocystis paradoxa/Thielaviopsis paradoxa	fungi	PQ643222.1	505	466	466	44.2060	ITS1-5.8S-ITS2	ITSx-region-extraction
MPDB001390	13001	Ceratocystis paradoxa/Thielaviopsis paradoxa	fungi	PQ643223.1	504	465	465	44.3011	ITS1-5.8S-ITS2	ITSx-region-extraction
MPDB001391	13001	Ceratocystis paradoxa/Thielaviopsis paradoxa	fungi	PQ846880.1	541	455	455	43.7363	ITS1-5.8S-ITS2	ITSx-region-extraction
MPDB001392	13001	Ceratocystis paradoxa/Thielaviopsis paradoxa	fungi	PV290762.1	542	485	485	44.3299	ITS1-5.8S-ITS2	ITSx-region-extraction
MPDB001393	13001	Ceratocystis paradoxa/Thielaviopsis paradoxa	fungi	PV534988.1	513	444	444	44.5946	ITS1-5.8S-ITS2	ITSx-region-extraction
MPDB001394	13001	Ceratocystis paradoxa/Thielaviopsis paradoxa	fungi	PV562478.1	508	445	445	43.3708	ITS1-5.8S-ITS2	ITSx-region-extraction
MPDB001395	13001	Ceratocystis paradoxa/Thielaviopsis paradoxa	fungi	PV998055.1	520	458	458	44.1048	ITS1-5.8S-ITS2	ITSx-region-extraction
MPDB001396	13001	Ceratocystis paradoxa/Thielaviopsis paradoxa	fungi	PV998057.1	493	444	444	43.9189	ITS1-5.8S-ITS2	ITSx-region-extraction
MPDB001397	13001	Ceratocystis paradoxa/Thielaviopsis paradoxa	fungi	PV998079.1	477	432	432	44.4444	ITS1-5.8S-ITS2	ITSx-region-extraction
MPDB001398	13001	Ceratocystis paradoxa/Thielaviopsis paradoxa	fungi	PV998083.1	482	435	435	44.3678	ITS1-5.8S-ITS2	ITSx-region-extraction
MPDB001399	13001	Ceratocystis paradoxa/Thielaviopsis paradoxa	fungi	PV998085.1	497	435	435	44.3678	ITS1-5.8S-ITS2	ITSx-region-extraction
MPDB001400	13001	Ceratocystis paradoxa/Thielaviopsis paradoxa	fungi	PX858216.1	560	492	492	45.1220	ITS1-5.8S-ITS2	ITSx-region-extraction
MPDB001401	13001	Ceratocystis paradoxa/Thielaviopsis paradoxa	fungi	PX858217.1	550	486	486	44.4444	ITS1-5.8S-ITS2	ITSx-region-extraction
MPDB001402	13001	Ceratocystis paradoxa/Thielaviopsis paradoxa	fungi	PZ392141.1	553	492	492	44.3089	ITS1-5.8S-ITS2	ITSx-region-extraction
MPDB001403	135779	Cercospora zeae-maydis	fungi	OQ732341.1	427	427	427	51.5222	ITS1-5.8S-ITS2	ITSx-region-extraction
MPDB001404	135779	Cercospora zeae-maydis	fungi	OQ732350.1	427	427	427	51.9906	ITS1-5.8S-ITS2	ITSx-region-extraction
MPDB001405	135779	Cercospora zeae-maydis	fungi	OQ732363.1	427	427	427	51.7564	ITS1-5.8S-ITS2	ITSx-region-extraction
MPDB001406	135779	Cercospora zeae-maydis	fungi	OR945717.1	504	444	444	52.4775	ITS1-5.8S-ITS2	ITSx-region-extraction
MPDB001407	135779	Cercospora zeae-maydis	fungi	PQ571649.1	509	477	477	53.0398	ITS1-5.8S-ITS2	ITSx-region-extraction
MPDB001408	135779	Cercospora zeae-maydis	fungi	PQ571652.1	506	445	445	52.3596	ITS1-5.8S-ITS2	ITSx-region-extraction
MPDB001409	135779	Cercospora zeae-maydis	fungi	PQ571656.1	515	454	454	51.7621	ITS1-5.8S-ITS2	ITSx-region-extraction
MPDB001410	135779	Cercospora zeae-maydis	fungi	PQ650760.1	511	480	480	52.5000	ITS1-5.8S-ITS2	ITSx-region-extraction
MPDB001411	135779	Cercospora zeae-maydis	fungi	PQ650762.1	507	446	446	52.9148	ITS1-5.8S-ITS2	ITSx-region-extraction
MPDB001412	145392	Helminthosporium tetramera / Curvularia spicifera/Bipolaris spicifera	fungi	MH855184.1	579	479	479	46.5553	ITS1-5.8S-ITS2	ITSx-region-extraction
MPDB001413	145392	Helminthosporium tetramera / Curvularia spicifera/Bipolaris spicifera	fungi	MH855185.1	567	479	479	46.5553	ITS1-5.8S-ITS2	ITSx-region-extraction
MPDB001414	145392	Helminthosporium tetramera / Curvularia spicifera/Bipolaris spicifera	fungi	MH857033.1	572	483	483	46.3768	ITS1-5.8S-ITS2	ITSx-region-extraction
MPDB001415	145392	Helminthosporium tetramera / Curvularia spicifera/Bipolaris spicifera	fungi	MH858441.1	568	480	480	46.8750	ITS1-5.8S-ITS2	ITSx-region-extraction
MPDB001416	145392	Helminthosporium tetramera / Curvularia spicifera/Bipolaris spicifera	fungi	MH858442.1	568	480	480	46.6667	ITS1-5.8S-ITS2	ITSx-region-extraction
MPDB001417	145392	Helminthosporium tetramera / Curvularia spicifera/Bipolaris spicifera	fungi	MH859712.1	570	482	482	46.6805	ITS1-5.8S-ITS2	ITSx-region-extraction
MPDB001418	145392	Helminthosporium tetramera / Curvularia spicifera/Bipolaris spicifera	fungi	MH863648.1	707	480	480	46.6667	ITS1-5.8S-ITS2	ITSx-region-extraction
MPDB001419	145392	Helminthosporium tetramera / Curvularia spicifera/Bipolaris spicifera	fungi	MH864011.1	571	480	480	46.8750	ITS1-5.8S-ITS2	ITSx-region-extraction
MPDB001420	145392	Helminthosporium tetramera / Curvularia spicifera/Bipolaris spicifera	fungi	PQ533629.1	710	662	662	47.2810	ITS1-5.8S-ITS2	ITSx-region-extraction
MPDB001421	145392	Helminthosporium tetramera / Curvularia spicifera/Bipolaris spicifera	fungi	PQ764003.1	560	498	498	46.9880	ITS1-5.8S-ITS2	ITSx-region-extraction
MPDB001422	145392	Helminthosporium tetramera / Curvularia spicifera/Bipolaris spicifera	fungi	PV363273.1	569	480	480	46.6667	ITS1-5.8S-ITS2	ITSx-region-extraction
MPDB001423	145392	Helminthosporium tetramera / Curvularia spicifera/Bipolaris spicifera	fungi	PV639796.1	574	480	480	46.6667	ITS1-5.8S-ITS2	ITSx-region-extraction
MPDB001424	145392	Helminthosporium tetramera / Curvularia spicifera/Bipolaris spicifera	fungi	PV639797.1	576	513	513	47.3684	ITS1-5.8S-ITS2	ITSx-region-extraction
MPDB001425	145392	Helminthosporium tetramera / Curvularia spicifera/Bipolaris spicifera	fungi	PV659839.1	509	458	458	46.9432	ITS1-5.8S-ITS2	ITSx-region-extraction
MPDB001426	145392	Helminthosporium tetramera / Curvularia spicifera/Bipolaris spicifera	fungi	PV665501.1	539	493	493	46.6531	ITS1-5.8S-ITS2	ITSx-region-extraction
MPDB001427	145392	Helminthosporium tetramera / Curvularia spicifera/Bipolaris spicifera	fungi	PV932920.1	545	498	498	46.9880	ITS1-5.8S-ITS2	ITSx-region-extraction
MPDB001428	145392	Helminthosporium tetramera / Curvularia spicifera/Bipolaris spicifera	fungi	PV948935.1	439	439	439	46.6970	ITS1-5.8S-ITS2	ITSx-region-extraction
MPDB001429	145392	Helminthosporium tetramera / Curvularia spicifera/Bipolaris spicifera	fungi	PX061694.1	560	496	496	47.1774	ITS1-5.8S-ITS2	ITSx-region-extraction
MPDB001430	145392	Helminthosporium tetramera / Curvularia spicifera/Bipolaris spicifera	fungi	PX238650.1	545	483	483	47.4120	ITS1-5.8S-ITS2	ITSx-region-extraction
MPDB001431	145392	Helminthosporium tetramera / Curvularia spicifera/Bipolaris spicifera	fungi	PX248712.1	516	465	465	47.3118	ITS1-5.8S-ITS2	ITSx-region-extraction
MPDB001432	145392	Helminthosporium tetramera / Curvularia spicifera/Bipolaris spicifera	fungi	PX317617.1	516	516	516	47.4806	ITS1-5.8S-ITS2	ITSx-region-extraction
MPDB001433	145392	Helminthosporium tetramera / Curvularia spicifera/Bipolaris spicifera	fungi	PX410967.1	537	504	504	47.0238	ITS1-5.8S-ITS2	ITSx-region-extraction
MPDB001434	145392	Helminthosporium tetramera / Curvularia spicifera/Bipolaris spicifera	fungi	PX411416.1	447	447	447	46.7562	ITS1-5.8S-ITS2	ITSx-region-extraction
MPDB001435	145392	Helminthosporium tetramera / Curvularia spicifera/Bipolaris spicifera	fungi	PX480654.1	753	694	694	44.3804	ITS1-5.8S-ITS2	ITSx-region-extraction
MPDB001436	145392	Helminthosporium tetramera / Curvularia spicifera/Bipolaris spicifera	fungi	PX672545.1	500	500	500	49.0000	ITS1-5.8S-ITS2	ITSx-region-extraction
MPDB001437	145392	Helminthosporium tetramera / Curvularia spicifera/Bipolaris spicifera	fungi	PX921693.1	508	508	508	46.6535	ITS1-5.8S-ITS2	ITSx-region-extraction
MPDB001438	145392	Helminthosporium tetramera / Curvularia spicifera/Bipolaris spicifera	fungi	PX944736.1	605	480	480	46.6667	ITS1-5.8S-ITS2	ITSx-region-extraction
MPDB001439	145392	Helminthosporium tetramera / Curvularia spicifera/Bipolaris spicifera	fungi	PX963647.1	564	480	480	46.6667	ITS1-5.8S-ITS2	ITSx-region-extraction
MPDB001440	145392	Helminthosporium tetramera / Curvularia spicifera/Bipolaris spicifera	fungi	PX963692.1	543	480	480	46.5553	ITS1-5.8S-ITS2	ITSx-region-extraction
MPDB001441	145392	Helminthosporium tetramera / Curvularia spicifera/Bipolaris spicifera	fungi	PX969718.1	609	480	480	46.6667	ITS1-5.8S-ITS2	ITSx-region-extraction
MPDB001442	145392	Helminthosporium tetramera / Curvularia spicifera/Bipolaris spicifera	fungi	PX969729.1	448	448	448	46.6518	ITS1-5.8S-ITS2	ITSx-region-extraction
MPDB001443	145392	Helminthosporium tetramera / Curvularia spicifera/Bipolaris spicifera	fungi	PX970191.1	608	480	480	46.7641	ITS1-5.8S-ITS2	ITSx-region-extraction
MPDB001444	145392	Helminthosporium tetramera / Curvularia spicifera/Bipolaris spicifera	fungi	PX974595.1	457	457	457	46.4912	ITS1-5.8S-ITS2	ITSx-region-extraction
MPDB001445	145392	Helminthosporium tetramera / Curvularia spicifera/Bipolaris spicifera	fungi	PZ027921.1	471	471	471	47.1616	ITS1-5.8S-ITS2	ITSx-region-extraction
MPDB001446	145392	Helminthosporium tetramera / Curvularia spicifera/Bipolaris spicifera	fungi	PZ127308.1	709	661	661	47.2012	ITS1-5.8S-ITS2	ITSx-region-extraction
MPDB001447	145392	Helminthosporium tetramera / Curvularia spicifera/Bipolaris spicifera	fungi	PZ179769.1	527	476	476	45.7983	ITS1-5.8S-ITS2	ITSx-region-extraction
MPDB001448	145392	Helminthosporium tetramera / Curvularia spicifera/Bipolaris spicifera	fungi	PZ179770.1	520	459	459	52.0697	ITS1-5.8S-ITS2	ITSx-region-extraction
MPDB001449	145392	Helminthosporium tetramera / Curvularia spicifera/Bipolaris spicifera	fungi	PZ179771.1	534	473	473	46.9345	ITS1-5.8S-ITS2	ITSx-region-extraction
MPDB001450	145392	Helminthosporium tetramera / Curvularia spicifera/Bipolaris spicifera	fungi	PZ231615.1	510	510	510	46.8627	ITS1-5.8S-ITS2	ITSx-region-extraction
MPDB001451	145392	Helminthosporium tetramera / Curvularia spicifera/Bipolaris spicifera	fungi	PZ270548.1	549	382	382	45.5497	ITS1-5.8S-ITS2	ITSx-region-extraction
MPDB001452	145392	Helminthosporium tetramera / Curvularia spicifera/Bipolaris spicifera	fungi	PZ281963.1	450	450	450	46.8889	ITS1-5.8S-ITS2	ITSx-region-extraction
MPDB001453	145392	Helminthosporium tetramera / Curvularia spicifera/Bipolaris spicifera	fungi	PZ380020.1	689	480	480	46.6667	ITS1-5.8S-ITS2	ITSx-region-extraction
MPDB001454	145392	Helminthosporium tetramera / Curvularia spicifera/Bipolaris spicifera	fungi	PZ645953.1	523	465	465	47.3118	ITS1-5.8S-ITS2	ITSx-region-extraction
MPDB001455	1567482	Trichoderma afroharzianum	fungi	MN944475.1	586	522	522	56.1303	ITS1-5.8S-ITS2	ITSx-region-extraction
MPDB001456	1567482	Trichoderma afroharzianum	fungi	MN944477.1	586	521	521	55.8541	ITS1-5.8S-ITS2	ITSx-region-extraction
MPDB001457	1567482	Trichoderma afroharzianum	fungi	MN944478.1	588	525	525	56.5714	ITS1-5.8S-ITS2	ITSx-region-extraction
MPDB001458	1567482	Trichoderma afroharzianum	fungi	MN944483.1	588	524	524	55.7252	ITS1-5.8S-ITS2	ITSx-region-extraction
MPDB001459	1567482	Trichoderma afroharzianum	fungi	OR028877.1	580	539	539	55.8442	ITS1-5.8S-ITS2	ITSx-region-extraction
MPDB001460	1567482	Trichoderma afroharzianum	fungi	OR028878.1	583	538	538	55.9480	ITS1-5.8S-ITS2	ITSx-region-extraction
MPDB001461	1567482	Trichoderma afroharzianum	fungi	PQ771090.1	536	536	536	55.9701	ITS1-5.8S-ITS2	ITSx-region-extraction
MPDB001462	1567482	Trichoderma afroharzianum	fungi	PQ792632.1	513	450	450	49.1111	ITS1-5.8S-ITS2	ITSx-region-extraction
MPDB001463	1567482	Trichoderma afroharzianum	fungi	PV147294.1	577	514	514	56.4202	ITS1-5.8S-ITS2	ITSx-region-extraction
MPDB001464	1567482	Trichoderma afroharzianum	fungi	PV803490.1	613	529	529	55.9546	ITS1-5.8S-ITS2	ITSx-region-extraction
MPDB001465	1567482	Trichoderma afroharzianum	fungi	PV833935.1	595	536	536	58.5821	ITS1-5.8S-ITS2	ITSx-region-extraction
MPDB001466	1567482	Trichoderma afroharzianum	fungi	PV875369.1	575	517	517	56.2863	ITS1-5.8S-ITS2	ITSx-region-extraction
MPDB001467	1567482	Trichoderma afroharzianum	fungi	PV888853.1	562	530	530	56.2264	ITS1-5.8S-ITS2	ITSx-region-extraction
MPDB001468	1567482	Trichoderma afroharzianum	fungi	PV888871.1	570	507	507	56.6075	ITS1-5.8S-ITS2	ITSx-region-extraction
MPDB001469	1567482	Trichoderma afroharzianum	fungi	PV888872.1	560	528	528	56.2500	ITS1-5.8S-ITS2	ITSx-region-extraction
MPDB001470	1567482	Trichoderma afroharzianum	fungi	PV927072.1	568	507	507	56.6075	ITS1-5.8S-ITS2	ITSx-region-extraction
MPDB001471	1567482	Trichoderma afroharzianum	fungi	PV927113.1	622	561	561	55.9715	ITS1-5.8S-ITS2	ITSx-region-extraction
MPDB001472	1567482	Trichoderma afroharzianum	fungi	PV998964.1	595	544	544	55.8824	ITS1-5.8S-ITS2	ITSx-region-extraction
MPDB001473	1567482	Trichoderma afroharzianum	fungi	PX125564.1	589	526	526	55.8935	ITS1-5.8S-ITS2	ITSx-region-extraction
MPDB001474	1567482	Trichoderma afroharzianum	fungi	PX317609.1	564	564	564	56.0284	ITS1-5.8S-ITS2	ITSx-region-extraction
MPDB001475	1567482	Trichoderma afroharzianum	fungi	PX440380.1	522	522	522	55.9387	ITS1-5.8S-ITS2	ITSx-region-extraction
MPDB001476	1567482	Trichoderma afroharzianum	fungi	PX451861.1	604	544	544	55.5147	ITS1-5.8S-ITS2	ITSx-region-extraction
MPDB001477	1567482	Trichoderma afroharzianum	fungi	PX466672.1	643	529	529	55.9546	ITS1-5.8S-ITS2	ITSx-region-extraction
MPDB001478	1567482	Trichoderma afroharzianum	fungi	PX592360.1	595	544	544	55.8824	ITS1-5.8S-ITS2	ITSx-region-extraction
MPDB001479	1567482	Trichoderma afroharzianum	fungi	PX596745.1	558	515	515	58.4466	ITS1-5.8S-ITS2	ITSx-region-extraction
MPDB001480	1567482	Trichoderma afroharzianum	fungi	PX641334.1	602	535	535	56.4486	ITS1-5.8S-ITS2	ITSx-region-extraction
MPDB001481	1567482	Trichoderma afroharzianum	fungi	PX682135.1	593	529	529	55.9546	ITS1-5.8S-ITS2	ITSx-region-extraction
MPDB001482	1567482	Trichoderma afroharzianum	fungi	PX781899.1	583	520	520	56.1538	ITS1-5.8S-ITS2	ITSx-region-extraction
MPDB001483	1567482	Trichoderma afroharzianum	fungi	PX781900.1	592	561	561	56.5062	ITS1-5.8S-ITS2	ITSx-region-extraction
MPDB001484	1567482	Trichoderma afroharzianum	fungi	PX944777.1	593	522	522	56.1303	ITS1-5.8S-ITS2	ITSx-region-extraction
MPDB001485	1567482	Trichoderma afroharzianum	fungi	PX990073.1	484	484	484	57.0248	ITS1-5.8S-ITS2	ITSx-region-extraction
MPDB001486	1567482	Trichoderma afroharzianum	fungi	PX990074.1	621	528	528	56.0606	ITS1-5.8S-ITS2	ITSx-region-extraction
MPDB001487	1567482	Trichoderma afroharzianum	fungi	PZ069395.1	613	530	530	55.8491	ITS1-5.8S-ITS2	ITSx-region-extraction
MPDB001488	1567482	Trichoderma afroharzianum	fungi	PZ122442.1	582	532	532	55.8271	ITS1-5.8S-ITS2	ITSx-region-extraction
MPDB001489	1567482	Trichoderma afroharzianum	fungi	PZ163670.1	577	537	537	55.4935	ITS1-5.8S-ITS2	ITSx-region-extraction
MPDB001490	1567482	Trichoderma afroharzianum	fungi	PZ169959.1	554	504	504	56.3492	ITS1-5.8S-ITS2	ITSx-region-extraction
MPDB001491	1567482	Trichoderma afroharzianum	fungi	PZ227505.1	883	531	531	55.5556	ITS1-5.8S-ITS2	ITSx-region-extraction
MPDB001492	1567482	Trichoderma afroharzianum	fungi	PZ251622.1	663	529	529	55.9546	ITS1-5.8S-ITS2	ITSx-region-extraction
MPDB001493	1567482	Trichoderma afroharzianum	fungi	PZ270822.1	548	548	548	55.4745	ITS1-5.8S-ITS2	ITSx-region-extraction
MPDB001494	1567482	Trichoderma afroharzianum	fungi	PZ357797.1	512	512	512	56.2500	ITS1-5.8S-ITS2	ITSx-region-extraction
MPDB001495	1567482	Trichoderma afroharzianum	fungi	PZ359186.1	245	170	170	65.6805	ITS2	ITSx-region-extraction
MPDB001496	1567482	Trichoderma afroharzianum	fungi	PZ721831.1	598	534	534	55.9925	ITS1-5.8S-ITS2	ITSx-region-extraction
MPDB001497	1567482	Trichoderma afroharzianum	fungi	PZ768225.1	585	529	529	55.9546	ITS1-5.8S-ITS2	ITSx-region-extraction
MPDB001498	1577605	Phialophora radicicola / Gaeumannomyces radicicola	fungi	AB190407.1	545	464	464	55.1724	ITS1-5.8S-ITS2	ITSx-region-extraction
MPDB001499	1577605	Phialophora radicicola / Gaeumannomyces radicicola	fungi	AB190409.1	545	464	464	54.9569	ITS1-5.8S-ITS2	ITSx-region-extraction
MPDB001500	1577605	Phialophora radicicola / Gaeumannomyces radicicola	fungi	AJ010035.1	521	469	469	54.7974	ITS1-5.8S-ITS2	ITSx-region-extraction
MPDB001501	1577605	Phialophora radicicola / Gaeumannomyces radicicola	fungi	AJ010043.1	500	500	500	55.0000	ITS1-5.8S-ITS2	ITSx-region-extraction
MPDB001502	1577605	Phialophora radicicola / Gaeumannomyces radicicola	fungi	AJ010044.1	484	484	484	54.3388	ITS1-5.8S-ITS2	ITSx-region-extraction
MPDB001503	1577605	Phialophora radicicola / Gaeumannomyces radicicola	fungi	AY120939.1	582	468	468	55.3648	ITS1-5.8S-ITS2	ITSx-region-extraction
MPDB001504	1577605	Phialophora radicicola / Gaeumannomyces radicicola	fungi	KJ159572.1	492	492	492	55.4878	ITS1-5.8S-ITS2	ITSx-region-extraction
MPDB001505	1577605	Phialophora radicicola / Gaeumannomyces radicicola	fungi	KM009168.1	517	485	485	55.6701	ITS1-5.8S-ITS2	ITSx-region-extraction
MPDB001506	1577605	Phialophora radicicola / Gaeumannomyces radicicola	fungi	KM009169.1	515	483	483	54.8654	ITS1-5.8S-ITS2	ITSx-region-extraction
MPDB001507	1577605	Phialophora radicicola / Gaeumannomyces radicicola	fungi	KM009170.1	512	480	480	55.2083	ITS1-5.8S-ITS2	ITSx-region-extraction
MPDB001508	1577605	Phialophora radicicola / Gaeumannomyces radicicola	fungi	KM484844.1	488	488	488	54.3033	ITS1-5.8S-ITS2	ITSx-region-extraction
MPDB001509	1577605	Phialophora radicicola / Gaeumannomyces radicicola	fungi	KM484846.1	499	471	471	54.5648	ITS1-5.8S-ITS2	ITSx-region-extraction
MPDB001510	1577605	Phialophora radicicola / Gaeumannomyces radicicola	fungi	KM484848.1	450	450	450	55.7778	ITS1-5.8S-ITS2	ITSx-region-extraction
MPDB001511	1577605	Phialophora radicicola / Gaeumannomyces radicicola	fungi	KM484849.1	499	471	471	54.1401	ITS1-5.8S-ITS2	ITSx-region-extraction
MPDB001512	1577605	Phialophora radicicola / Gaeumannomyces radicicola	fungi	KM484850.1	499	471	471	54.9894	ITS1-5.8S-ITS2	ITSx-region-extraction
MPDB001513	1577605	Phialophora radicicola / Gaeumannomyces radicicola	fungi	MH857211.1	479	479	479	54.6973	ITS1-5.8S-ITS2	ITSx-region-extraction
MPDB001514	1577605	Phialophora radicicola / Gaeumannomyces radicicola	fungi	MH861867.1	541	464	464	54.9569	ITS1-5.8S-ITS2	ITSx-region-extraction
MPDB001515	1577605	Phialophora radicicola / Gaeumannomyces radicicola	fungi	MT276057.1	521	469	469	55.2239	ITS1-5.8S-ITS2	ITSx-region-extraction
MPDB001516	1592451	Kabatiella zeae (Aureobasidium zeae)	fungi	MH855318.1	552	503	503	51.2922	ITS1-5.8S-ITS2	ITSx-region-extraction
MPDB001517	1592451	Kabatiella zeae (Aureobasidium zeae)	fungi	MH860344.1	500	500	500	50.8000	ITS1-5.8S-ITS2	ITSx-region-extraction
MPDB001518	1592451	Kabatiella zeae (Aureobasidium zeae)	fungi	MT568644.1	555	524	524	52.2901	ITS1-5.8S-ITS2	ITSx-region-extraction
MPDB001519	1592451	Kabatiella zeae (Aureobasidium zeae)	fungi	MT889710.1	535	481	481	51.3514	ITS1-5.8S-ITS2	ITSx-region-extraction
MPDB001520	1592451	Kabatiella zeae (Aureobasidium zeae)	fungi	MT889711.1	542	485	485	51.7526	ITS1-5.8S-ITS2	ITSx-region-extraction
MPDB001521	1592451	Kabatiella zeae (Aureobasidium zeae)	fungi	MT889719.1	543	487	487	51.9507	ITS1-5.8S-ITS2	ITSx-region-extraction
MPDB001522	1592451	Kabatiella zeae (Aureobasidium zeae)	fungi	MT889720.1	537	482	482	51.4523	ITS1-5.8S-ITS2	ITSx-region-extraction
MPDB001523	1592451	Kabatiella zeae (Aureobasidium zeae)	fungi	MT889723.1	536	484	484	51.6529	ITS1-5.8S-ITS2	ITSx-region-extraction
MPDB001524	1592451	Kabatiella zeae (Aureobasidium zeae)	fungi	MT889724.1	533	482	482	51.4523	ITS1-5.8S-ITS2	ITSx-region-extraction
MPDB001525	1592451	Kabatiella zeae (Aureobasidium zeae)	fungi	MT889734.1	534	479	479	51.3570	ITS1-5.8S-ITS2	ITSx-region-extraction
MPDB001526	1592451	Kabatiella zeae (Aureobasidium zeae)	fungi	MT889735.1	538	484	484	51.4463	ITS1-5.8S-ITS2	ITSx-region-extraction
MPDB001527	1592451	Kabatiella zeae (Aureobasidium zeae)	fungi	MT889738.1	536	480	480	51.4583	ITS1-5.8S-ITS2	ITSx-region-extraction
MPDB001528	1592451	Kabatiella zeae (Aureobasidium zeae)	fungi	MT889757.1	530	477	477	51.3627	ITS1-5.8S-ITS2	ITSx-region-extraction
MPDB001529	1592451	Kabatiella zeae (Aureobasidium zeae)	fungi	MT889759.1	532	477	477	51.3627	ITS1-5.8S-ITS2	ITSx-region-extraction
MPDB001530	1592451	Kabatiella zeae (Aureobasidium zeae)	fungi	MT889760.1	534	482	482	51.4523	ITS1-5.8S-ITS2	ITSx-region-extraction
MPDB001531	1592451	Kabatiella zeae (Aureobasidium zeae)	fungi	MT889763.1	538	485	485	51.7526	ITS1-5.8S-ITS2	ITSx-region-extraction
MPDB001532	1592451	Kabatiella zeae (Aureobasidium zeae)	fungi	MT889817.1	532	477	477	51.3627	ITS1-5.8S-ITS2	ITSx-region-extraction
MPDB001533	1592451	Kabatiella zeae (Aureobasidium zeae)	fungi	MT889908.1	538	488	488	52.0492	ITS1-5.8S-ITS2	ITSx-region-extraction
MPDB001534	1592451	Kabatiella zeae (Aureobasidium zeae)	fungi	MT889909.1	538	483	483	51.5528	ITS1-5.8S-ITS2	ITSx-region-extraction
MPDB001535	1592451	Kabatiella zeae (Aureobasidium zeae)	fungi	MT889911.1	537	484	484	51.4463	ITS1-5.8S-ITS2	ITSx-region-extraction
MPDB001536	1592451	Kabatiella zeae (Aureobasidium zeae)	fungi	MT889912.1	539	484	484	51.6529	ITS1-5.8S-ITS2	ITSx-region-extraction
MPDB001537	1592451	Kabatiella zeae (Aureobasidium zeae)	fungi	MT889914.1	531	473	473	51.1628	ITS1-5.8S-ITS2	ITSx-region-extraction
MPDB001538	1592451	Kabatiella zeae (Aureobasidium zeae)	fungi	MT889915.1	536	483	483	51.5528	ITS1-5.8S-ITS2	ITSx-region-extraction
MPDB001539	1592451	Kabatiella zeae (Aureobasidium zeae)	fungi	MT889916.1	532	480	480	51.4583	ITS1-5.8S-ITS2	ITSx-region-extraction
MPDB001540	1592451	Kabatiella zeae (Aureobasidium zeae)	fungi	MT889921.1	532	475	475	51.3684	ITS1-5.8S-ITS2	ITSx-region-extraction
MPDB001541	1592451	Kabatiella zeae (Aureobasidium zeae)	fungi	MT889923.1	538	487	487	51.9507	ITS1-5.8S-ITS2	ITSx-region-extraction
MPDB001542	1592451	Kabatiella zeae (Aureobasidium zeae)	fungi	MT889925.1	536	482	482	51.4523	ITS1-5.8S-ITS2	ITSx-region-extraction
MPDB001543	1592451	Kabatiella zeae (Aureobasidium zeae)	fungi	MT889927.1	533	477	477	51.3627	ITS1-5.8S-ITS2	ITSx-region-extraction
MPDB001544	1592451	Kabatiella zeae (Aureobasidium zeae)	fungi	MT889928.1	541	487	487	51.9507	ITS1-5.8S-ITS2	ITSx-region-extraction
MPDB001545	1592451	Kabatiella zeae (Aureobasidium zeae)	fungi	MT889931.1	534	477	477	51.3627	ITS1-5.8S-ITS2	ITSx-region-extraction
MPDB001546	1592451	Kabatiella zeae (Aureobasidium zeae)	fungi	MT889932.1	531	473	473	51.1628	ITS1-5.8S-ITS2	ITSx-region-extraction
MPDB001547	1592451	Kabatiella zeae (Aureobasidium zeae)	fungi	MT889933.1	543	488	488	51.8443	ITS1-5.8S-ITS2	ITSx-region-extraction
MPDB001548	1592451	Kabatiella zeae (Aureobasidium zeae)	fungi	MT889969.1	539	487	487	51.9507	ITS1-5.8S-ITS2	ITSx-region-extraction
MPDB001549	1592451	Kabatiella zeae (Aureobasidium zeae)	fungi	MT889970.1	539	489	489	52.1472	ITS1-5.8S-ITS2	ITSx-region-extraction
MPDB001550	1592451	Kabatiella zeae (Aureobasidium zeae)	fungi	MT892866.1	531	479	479	51.3570	ITS1-5.8S-ITS2	ITSx-region-extraction
MPDB001551	1592451	Kabatiella zeae (Aureobasidium zeae)	fungi	MT892867.1	534	478	478	51.4644	ITS1-5.8S-ITS2	ITSx-region-extraction
MPDB001552	1592451	Kabatiella zeae (Aureobasidium zeae)	fungi	MT892870.1	533	480	480	51.4583	ITS1-5.8S-ITS2	ITSx-region-extraction
MPDB001553	1592451	Kabatiella zeae (Aureobasidium zeae)	fungi	MT892871.1	534	481	481	51.5593	ITS1-5.8S-ITS2	ITSx-region-extraction
MPDB001554	1592451	Kabatiella zeae (Aureobasidium zeae)	fungi	MT892872.1	535	481	481	51.5593	ITS1-5.8S-ITS2	ITSx-region-extraction
MPDB001555	1592451	Kabatiella zeae (Aureobasidium zeae)	fungi	MT892873.1	537	488	488	52.0492	ITS1-5.8S-ITS2	ITSx-region-extraction
MPDB001556	1592451	Kabatiella zeae (Aureobasidium zeae)	fungi	MT892874.1	537	483	483	51.5528	ITS1-5.8S-ITS2	ITSx-region-extraction
MPDB001557	1592451	Kabatiella zeae (Aureobasidium zeae)	fungi	MT892878.1	533	479	479	51.3570	ITS1-5.8S-ITS2	ITSx-region-extraction
MPDB001558	1592451	Kabatiella zeae (Aureobasidium zeae)	fungi	PV875371.1	564	510	510	52.3529	ITS1-5.8S-ITS2	ITSx-region-extraction
MPDB001559	1608309	Eutiarosporella dactylidis	fungi	KM978944.1	566	472	472	56.5678	ITS1-5.8S-ITS2	ITSx-region-extraction
MPDB001560	1608309	Eutiarosporella dactylidis	fungi	KM978945.1	518	475	475	56.6316	ITS1-5.8S-ITS2	ITSx-region-extraction
MPDB001561	1608309	Eutiarosporella dactylidis	fungi	KU246378.1	495	445	445	55.9551	ITS1-5.8S-ITS2	ITSx-region-extraction
MPDB001562	1608309	Eutiarosporella dactylidis	fungi	MF289782.1	534	473	473	57.2939	ITS1-5.8S-ITS2	ITSx-region-extraction
MPDB001563	1608309	Eutiarosporella dactylidis	fungi	MF398898.1	482	445	445	55.9551	ITS1-5.8S-ITS2	ITSx-region-extraction
MPDB001564	1608309	Eutiarosporella dactylidis	fungi	MZ470435.1	535	473	473	56.4482	ITS1-5.8S-ITS2	ITSx-region-extraction
MPDB001565	1608309	Eutiarosporella dactylidis	fungi	MZ470436.1	538	475	475	56.6316	ITS1-5.8S-ITS2	ITSx-region-extraction
MPDB001566	1608309	Eutiarosporella dactylidis	fungi	MZ470437.1	533	471	471	56.6879	ITS1-5.8S-ITS2	ITSx-region-extraction
MPDB001567	1608309	Eutiarosporella dactylidis	fungi	MZ470438.1	535	473	473	56.6596	ITS1-5.8S-ITS2	ITSx-region-extraction
MPDB001568	1608309	Eutiarosporella dactylidis	fungi	MZ470439.1	534	471	471	56.6879	ITS1-5.8S-ITS2	ITSx-region-extraction
MPDB001569	1608309	Eutiarosporella dactylidis	fungi	MZ470440.1	537	475	475	56.6316	ITS1-5.8S-ITS2	ITSx-region-extraction
MPDB001570	1608309	Eutiarosporella dactylidis	fungi	MZ470441.1	534	473	473	56.6596	ITS1-5.8S-ITS2	ITSx-region-extraction
MPDB001571	1608309	Eutiarosporella dactylidis	fungi	MZ470442.1	535	474	474	56.7511	ITS1-5.8S-ITS2	ITSx-region-extraction
MPDB001572	1608309	Eutiarosporella dactylidis	fungi	MZ470443.1	535	474	474	56.5401	ITS1-5.8S-ITS2	ITSx-region-extraction
MPDB001573	1608309	Eutiarosporella dactylidis	fungi	MZ470444.1	533	471	471	56.6879	ITS1-5.8S-ITS2	ITSx-region-extraction
MPDB001574	1608309	Eutiarosporella dactylidis	fungi	OM617946.1	535	473	473	56.6596	ITS1-5.8S-ITS2	ITSx-region-extraction
MPDB001575	1608309	Eutiarosporella dactylidis	fungi	OM617947.1	534	472	472	56.7797	ITS1-5.8S-ITS2	ITSx-region-extraction
MPDB001576	1608309	Eutiarosporella dactylidis	fungi	PP422904.1	535	485	485	56.7010	ITS1-5.8S-ITS2	ITSx-region-extraction
MPDB001577	1608309	Eutiarosporella dactylidis	fungi	PP422905.1	535	484	484	56.1983	ITS1-5.8S-ITS2	ITSx-region-extraction
MPDB001578	1608309	Eutiarosporella dactylidis	fungi	PP422906.1	537	488	488	56.3525	ITS1-5.8S-ITS2	ITSx-region-extraction
MPDB001579	1608309	Eutiarosporella dactylidis	fungi	PP422907.1	547	494	494	56.8826	ITS1-5.8S-ITS2	ITSx-region-extraction
MPDB001580	1608309	Eutiarosporella dactylidis	fungi	PP422908.1	534	484	484	56.4050	ITS1-5.8S-ITS2	ITSx-region-extraction
MPDB001581	1608309	Eutiarosporella dactylidis	fungi	PP422909.1	529	481	481	55.9252	ITS1-5.8S-ITS2	ITSx-region-extraction
MPDB001582	1608309	Eutiarosporella dactylidis	fungi	PP422910.1	543	481	481	56.1331	ITS1-5.8S-ITS2	ITSx-region-extraction
MPDB001583	1608309	Eutiarosporella dactylidis	fungi	PP422911.1	530	482	482	56.2241	ITS1-5.8S-ITS2	ITSx-region-extraction
MPDB001584	1608309	Eutiarosporella dactylidis	fungi	PP422912.1	543	489	489	56.2372	ITS1-5.8S-ITS2	ITSx-region-extraction
MPDB001585	1608309	Eutiarosporella dactylidis	fungi	PP422913.1	535	483	483	56.3147	ITS1-5.8S-ITS2	ITSx-region-extraction
MPDB001586	1608309	Eutiarosporella dactylidis	fungi	PP422914.1	536	484	484	56.6116	ITS1-5.8S-ITS2	ITSx-region-extraction
MPDB001587	1608309	Eutiarosporella dactylidis	fungi	PP422915.1	531	482	482	56.2241	ITS1-5.8S-ITS2	ITSx-region-extraction
MPDB001588	1608309	Eutiarosporella dactylidis	fungi	PP422916.1	539	488	488	56.1475	ITS1-5.8S-ITS2	ITSx-region-extraction
MPDB001589	1608309	Eutiarosporella dactylidis	fungi	PP422917.1	546	484	484	55.9917	ITS1-5.8S-ITS2	ITSx-region-extraction
MPDB001590	1608309	Eutiarosporella dactylidis	fungi	PP422918.1	532	482	482	56.2241	ITS1-5.8S-ITS2	ITSx-region-extraction
MPDB001591	1608309	Eutiarosporella dactylidis	fungi	PP422919.1	537	485	485	56.4948	ITS1-5.8S-ITS2	ITSx-region-extraction
MPDB001592	1608309	Eutiarosporella dactylidis	fungi	PP422920.1	531	482	482	56.0166	ITS1-5.8S-ITS2	ITSx-region-extraction
MPDB001593	1608309	Eutiarosporella dactylidis	fungi	PP422921.1	533	483	483	56.3147	ITS1-5.8S-ITS2	ITSx-region-extraction
MPDB001594	1608309	Eutiarosporella dactylidis	fungi	PP422925.1	555	494	494	56.4777	ITS1-5.8S-ITS2	ITSx-region-extraction
MPDB001595	1608309	Eutiarosporella dactylidis	fungi	PP422926.1	548	495	495	56.3636	ITS1-5.8S-ITS2	ITSx-region-extraction
MPDB001596	1608309	Eutiarosporella dactylidis	fungi	PP422927.1	543	494	494	56.2753	ITS1-5.8S-ITS2	ITSx-region-extraction
MPDB001597	160937	Marasmius graminum var. brevispora / Marasmius graminum	fungi	JF908341.1	264	236	236	41.5254	ITS1-5.8S	ITSx-region-extraction
MPDB001598	160937	Marasmius graminum var. brevispora / Marasmius graminum	fungi	JN943595.1	648	601	601	43.7604	ITS1-5.8S-ITS2	ITSx-region-extraction
MPDB001599	160937	Marasmius graminum var. brevispora / Marasmius graminum	fungi	MH857692.1	666	577	577	42.6343	ITS1-5.8S-ITS2	ITSx-region-extraction
MPDB001600	160937	Marasmius graminum var. brevispora / Marasmius graminum	fungi	MT524457.1	635	598	598	42.9766	ITS1-5.8S-ITS2	ITSx-region-extraction
MPDB001601	161743	Cercospora sorghi var. maydis	fungi	AF297232.1	559	446	446	53.3632	ITS1-5.8S-ITS2	ITSx-region-extraction
MPDB001602	161743	Cercospora sorghi var. maydis	fungi	AF297233.1	560	448	448	53.1250	ITS1-5.8S-ITS2	ITSx-region-extraction
MPDB001603	1659837	Exserohilum rostratum (Setosphaeria rostrata)	fungi	MH855990.1	602	513	513	46.7836	ITS1-5.8S-ITS2	ITSx-region-extraction
MPDB001604	1659837	Exserohilum rostratum (Setosphaeria rostrata)	fungi	MH857032.1	600	512	512	46.8750	ITS1-5.8S-ITS2	ITSx-region-extraction
MPDB001605	1659837	Exserohilum rostratum (Setosphaeria rostrata)	fungi	MH859108.1	597	510	510	46.6667	ITS1-5.8S-ITS2	ITSx-region-extraction
MPDB001606	1659837	Exserohilum rostratum (Setosphaeria rostrata)	fungi	MH860942.1	621	512	512	47.8516	ITS1-5.8S-ITS2	ITSx-region-extraction
MPDB001607	1659837	Exserohilum rostratum (Setosphaeria rostrata)	fungi	MH865917.1	601	513	513	46.5887	ITS1-5.8S-ITS2	ITSx-region-extraction
MPDB001608	1659837	Exserohilum rostratum (Setosphaeria rostrata)	fungi	PV111194.1	481	481	481	46.1538	ITS1-5.8S-ITS2	ITSx-region-extraction
MPDB001609	1659837	Exserohilum rostratum (Setosphaeria rostrata)	fungi	PV664735.1	556	513	513	46.7836	ITS1-5.8S-ITS2	ITSx-region-extraction
MPDB001610	1659837	Exserohilum rostratum (Setosphaeria rostrata)	fungi	PV875662.1	576	511	511	46.9667	ITS1-5.8S-ITS2	ITSx-region-extraction
MPDB001611	1659837	Exserohilum rostratum (Setosphaeria rostrata)	fungi	PX421027.2	605	512	512	46.8750	ITS1-5.8S-ITS2	ITSx-region-extraction
MPDB001612	1659837	Exserohilum rostratum (Setosphaeria rostrata)	fungi	PX494404.1	601	512	512	46.8750	ITS1-5.8S-ITS2	ITSx-region-extraction
MPDB001613	1659837	Exserohilum rostratum (Setosphaeria rostrata)	fungi	PX659725.1	633	512	512	47.2656	ITS1-5.8S-ITS2	ITSx-region-extraction
MPDB001614	1659837	Exserohilum rostratum (Setosphaeria rostrata)	fungi	PX659732.1	587	520	520	46.5385	ITS1-5.8S-ITS2	ITSx-region-extraction
MPDB001615	1659837	Exserohilum rostratum (Setosphaeria rostrata)	fungi	PX659734.1	583	520	520	46.7308	ITS1-5.8S-ITS2	ITSx-region-extraction
MPDB001616	1659837	Exserohilum rostratum (Setosphaeria rostrata)	fungi	PX659739.1	585	520	520	46.7308	ITS1-5.8S-ITS2	ITSx-region-extraction
MPDB001617	1659837	Exserohilum rostratum (Setosphaeria rostrata)	fungi	PX659740.1	588	504	504	46.8254	ITS1-5.8S-ITS2	ITSx-region-extraction
MPDB001618	1659837	Exserohilum rostratum (Setosphaeria rostrata)	fungi	PX659741.1	587	520	520	46.5385	ITS1-5.8S-ITS2	ITSx-region-extraction
MPDB001619	1659837	Exserohilum rostratum (Setosphaeria rostrata)	fungi	PX659742.1	594	542	542	46.8635	ITS1-5.8S-ITS2	ITSx-region-extraction
MPDB001620	1659837	Exserohilum rostratum (Setosphaeria rostrata)	fungi	PX837032.1	386	386	386	46.1140	ITS1-5.8S-ITS2	ITSx-region-extraction
MPDB001622	1659837	Exserohilum rostratum (Setosphaeria rostrata)	fungi	PX970222.1	372	372	372	45.9677	ITS1-5.8S-ITS2	ITSx-region-extraction
MPDB001623	1659837	Exserohilum rostratum (Setosphaeria rostrata)	fungi	PX998467.1	603	540	540	47.4074	ITS1-5.8S-ITS2	ITSx-region-extraction
MPDB001624	1659837	Exserohilum rostratum (Setosphaeria rostrata)	fungi	PZ120405.1	610	512	512	46.8750	ITS1-5.8S-ITS2	ITSx-region-extraction
MPDB001625	1659837	Exserohilum rostratum (Setosphaeria rostrata)	fungi	PZ120406.1	613	512	512	46.8750	ITS1-5.8S-ITS2	ITSx-region-extraction
MPDB001626	1659837	Exserohilum rostratum (Setosphaeria rostrata)	fungi	PZ153433.1	596	535	535	47.1698	ITS1-5.8S-ITS2	ITSx-region-extraction
MPDB001627	1659837	Exserohilum rostratum (Setosphaeria rostrata)	fungi	PZ185320.1	548	509	509	47.1513	ITS1-5.8S-ITS2	ITSx-region-extraction
MPDB001628	1659837	Exserohilum rostratum (Setosphaeria rostrata)	fungi	PZ231153.1	466	466	466	46.1373	ITS1-5.8S-ITS2	ITSx-region-extraction
MPDB001629	1659837	Exserohilum rostratum (Setosphaeria rostrata)	fungi	PZ266804.1	548	548	548	47.0803	ITS1-5.8S-ITS2	ITSx-region-extraction
MPDB001630	1659837	Exserohilum rostratum (Setosphaeria rostrata)	fungi	PZ287891.1	588	524	524	48.8550	ITS1-5.8S-ITS2	ITSx-region-extraction
MPDB001631	1659837	Exserohilum rostratum (Setosphaeria rostrata)	fungi	PZ342843.1	546	503	503	47.1173	ITS1-5.8S-ITS2	ITSx-region-extraction
MPDB001632	1659837	Exserohilum rostratum (Setosphaeria rostrata)	fungi	PZ359477.1	527	477	477	47.1698	ITS1-5.8S-ITS2	ITSx-region-extraction
MPDB001633	1659837	Exserohilum rostratum (Setosphaeria rostrata)	fungi	PZ359657.1	201	125	125	40.8000	ITS1	ITSx-region-extraction
MPDB001634	1659837	Exserohilum rostratum (Setosphaeria rostrata)	fungi	PZ456912.1	606	512	512	46.8750	ITS1-5.8S-ITS2	ITSx-region-extraction
MPDB001635	1659837	Exserohilum rostratum (Setosphaeria rostrata)	fungi	PZ456913.1	540	494	494	47.3684	ITS1-5.8S-ITS2	ITSx-region-extraction
MPDB001636	1659837	Exserohilum rostratum (Setosphaeria rostrata)	fungi	PZ477991.1	588	526	526	46.9582	ITS1-5.8S-ITS2	ITSx-region-extraction
MPDB001637	1659837	Exserohilum rostratum (Setosphaeria rostrata)	fungi	PZ478025.1	743	512	512	46.8750	ITS1-5.8S-ITS2	ITSx-region-extraction
MPDB001638	1659837	Exserohilum rostratum (Setosphaeria rostrata)	fungi	PZ489342.1	536	489	489	47.0348	ITS1-5.8S-ITS2	ITSx-region-extraction
MPDB001639	1659837	Exserohilum rostratum (Setosphaeria rostrata)	fungi	PZ489347.1	526	462	462	46.1039	ITS1-5.8S-ITS2	ITSx-region-extraction
MPDB001640	1659837	Exserohilum rostratum (Setosphaeria rostrata)	fungi	PZ531697.1	635	512	512	46.8750	ITS1-5.8S-ITS2	ITSx-region-extraction
MPDB001641	1659837	Exserohilum rostratum (Setosphaeria rostrata)	fungi	PZ531698.1	629	512	512	46.8750	ITS1-5.8S-ITS2	ITSx-region-extraction
MPDB001642	1659837	Exserohilum rostratum (Setosphaeria rostrata)	fungi	PZ531699.1	624	512	512	46.8750	ITS1-5.8S-ITS2	ITSx-region-extraction
MPDB001643	1659837	Exserohilum rostratum (Setosphaeria rostrata)	fungi	PZ768233.1	591	520	520	46.7308	ITS1-5.8S-ITS2	ITSx-region-extraction
MPDB001644	1659837	Exserohilum rostratum (Setosphaeria rostrata)	fungi	PZ783594.1	577	514	514	47.4708	ITS1-5.8S-ITS2	ITSx-region-extraction
MPDB001645	1659837	Exserohilum rostratum (Setosphaeria rostrata)	fungi	PZ790917.1	598	512	512	46.8750	ITS1-5.8S-ITS2	ITSx-region-extraction
MPDB001646	1682390	Microdochium seminicola	fungi	KP859007.1	556	470	470	47.6596	ITS1-5.8S-ITS2	ITSx-region-extraction
MPDB001647	1682390	Microdochium seminicola	fungi	KP859011.1	549	470	470	47.6596	ITS1-5.8S-ITS2	ITSx-region-extraction
MPDB001648	1682390	Microdochium seminicola	fungi	KP859017.1	542	487	487	48.0493	ITS1-5.8S-ITS2	ITSx-region-extraction
MPDB001649	1682390	Microdochium seminicola	fungi	KP859019.1	554	470	470	47.6596	ITS1-5.8S-ITS2	ITSx-region-extraction
MPDB001650	1682390	Microdochium seminicola	fungi	KP859020.1	535	475	475	47.1579	ITS1-5.8S-ITS2	ITSx-region-extraction
MPDB001651	1682390	Microdochium seminicola	fungi	KP859021.1	534	475	475	47.3684	ITS1-5.8S-ITS2	ITSx-region-extraction
MPDB001652	1682390	Microdochium seminicola	fungi	KP859023.1	536	475	475	47.3684	ITS1-5.8S-ITS2	ITSx-region-extraction
MPDB001653	1682390	Microdochium seminicola	fungi	KP859029.1	526	475	475	47.3684	ITS1-5.8S-ITS2	ITSx-region-extraction
MPDB001654	1682390	Microdochium seminicola	fungi	KP859030.1	530	476	476	47.2689	ITS1-5.8S-ITS2	ITSx-region-extraction
MPDB001655	1682390	Microdochium seminicola	fungi	KP859031.1	555	470	470	47.6596	ITS1-5.8S-ITS2	ITSx-region-extraction
MPDB001656	1682390	Microdochium seminicola	fungi	KP859032.1	562	470	470	47.6596	ITS1-5.8S-ITS2	ITSx-region-extraction
MPDB001657	1682390	Microdochium seminicola	fungi	KP859033.1	559	470	470	47.6596	ITS1-5.8S-ITS2	ITSx-region-extraction
MPDB001658	1682390	Microdochium seminicola	fungi	KP859034.1	562	470	470	47.6596	ITS1-5.8S-ITS2	ITSx-region-extraction
MPDB001659	1682390	Microdochium seminicola	fungi	KP859036.1	535	475	475	47.3684	ITS1-5.8S-ITS2	ITSx-region-extraction
MPDB001660	1682390	Microdochium seminicola	fungi	KP859037.1	528	475	475	47.3684	ITS1-5.8S-ITS2	ITSx-region-extraction
MPDB001661	1682390	Microdochium seminicola	fungi	KP859038.1	533	478	478	47.0711	ITS1-5.8S-ITS2	ITSx-region-extraction
MPDB001662	1682390	Microdochium seminicola	fungi	KX426950.1	510	460	460	48.0435	ITS1-5.8S-ITS2	ITSx-region-extraction
MPDB001663	1682390	Microdochium seminicola	fungi	KX426969.1	518	456	456	47.8070	ITS1-5.8S-ITS2	ITSx-region-extraction
MPDB001664	1682390	Microdochium seminicola	fungi	MK990150.1	549	472	472	46.8220	ITS1-5.8S-ITS2	ITSx-region-extraction
MPDB001665	1682390	Microdochium seminicola	fungi	MN759671.1	477	477	477	47.3795	ITS1-5.8S-ITS2	ITSx-region-extraction
MPDB001666	1682390	Microdochium seminicola	fungi	MN759684.1	476	476	476	47.4790	ITS1-5.8S-ITS2	ITSx-region-extraction
MPDB001667	1682390	Microdochium seminicola	fungi	MN759684.1	476	476	476	47.4790	ITS1-5.8S-ITS2	ITSx-region-extraction
MPDB001668	1682390	Microdochium seminicola	fungi	OQ415349.1	497	440	440	47.7273	ITS1-5.8S-ITS2	ITSx-region-extraction
MPDB001669	1682391	Gloeocercospora sorghi / Microdochium sorghi	fungi	OR157960.1	528	467	467	47.3118	ITS1-5.8S-ITS2	ITSx-region-extraction
MPDB001670	1682391	Gloeocercospora sorghi / Microdochium sorghi	fungi	OR157963.1	536	474	474	46.7949	ITS1-5.8S-ITS2	ITSx-region-extraction
MPDB001671	1682391	Gloeocercospora sorghi / Microdochium sorghi	fungi	OR157965.1	528	467	467	47.0968	ITS1-5.8S-ITS2	ITSx-region-extraction
MPDB001672	1682391	Gloeocercospora sorghi / Microdochium sorghi	fungi	OR157966.1	533	466	466	46.8410	ITS1-5.8S-ITS2	ITSx-region-extraction
MPDB001673	1682391	Gloeocercospora sorghi / Microdochium sorghi	fungi	OR157975.1	529	466	466	47.0842	ITS1-5.8S-ITS2	ITSx-region-extraction
MPDB001674	1682391	Gloeocercospora sorghi / Microdochium sorghi	fungi	OR157976.1	530	469	469	47.3233	ITS1-5.8S-ITS2	ITSx-region-extraction
MPDB001675	1682391	Gloeocercospora sorghi / Microdochium sorghi	fungi	OR157978.1	530	469	469	47.4138	ITS1-5.8S-ITS2	ITSx-region-extraction
MPDB001676	1682391	Gloeocercospora sorghi / Microdochium sorghi	fungi	OR157983.1	531	470	470	47.6395	ITS1-5.8S-ITS2	ITSx-region-extraction
MPDB001677	1682391	Gloeocercospora sorghi / Microdochium sorghi	fungi	OR161409.1	441	396	396	46.3291	ITS1-5.8S-ITS2	ITSx-region-extraction
MPDB001678	1682391	Gloeocercospora sorghi / Microdochium sorghi	fungi	OR161829.1	529	466	466	47.7322	ITS1-5.8S-ITS2	ITSx-region-extraction
MPDB001679	1682391	Gloeocercospora sorghi / Microdochium sorghi	fungi	OR161880.1	527	465	465	46.7933	ITS1-5.8S-ITS2	ITSx-region-extraction
MPDB001680	1682391	Gloeocercospora sorghi / Microdochium sorghi	fungi	OR161881.1	526	465	465	46.4516	ITS1-5.8S-ITS2	ITSx-region-extraction
MPDB001681	1682391	Gloeocercospora sorghi / Microdochium sorghi	fungi	OR161882.1	526	465	465	46.7672	ITS1-5.8S-ITS2	ITSx-region-extraction
MPDB001682	1682391	Gloeocercospora sorghi / Microdochium sorghi	fungi	OR164427.1	390	390	390	46.1538	ITS1-5.8S-ITS2	ITSx-region-extraction
MPDB001683	1682391	Gloeocercospora sorghi / Microdochium sorghi	fungi	OR164429.1	332	332	332	45.7831	ITS1-5.8S-ITS2	ITSx-region-extraction
MPDB001684	1682391	Gloeocercospora sorghi / Microdochium sorghi	fungi	OR164431.1	554	475	475	48.4979	ITS1-5.8S-ITS2	ITSx-region-extraction
MPDB001685	1682391	Gloeocercospora sorghi / Microdochium sorghi	fungi	OR164439.1	530	467	467	47.4249	ITS1-5.8S-ITS2	ITSx-region-extraction
MPDB001686	1682391	Gloeocercospora sorghi / Microdochium sorghi	fungi	OR164443.1	495	446	446	47.0852	ITS1-5.8S-ITS2	ITSx-region-extraction
MPDB001687	1682391	Gloeocercospora sorghi / Microdochium sorghi	fungi	OR164444.1	528	466	466	47.4138	ITS1-5.8S-ITS2	ITSx-region-extraction
MPDB001688	1682391	Gloeocercospora sorghi / Microdochium sorghi	fungi	OR164447.1	528	467	467	46.8817	ITS1-5.8S-ITS2	ITSx-region-extraction
MPDB001689	1682391	Gloeocercospora sorghi / Microdochium sorghi	fungi	OR164448.1	451	451	451	47.6718	ITS1-5.8S-ITS2	ITSx-region-extraction
MPDB001690	1682391	Gloeocercospora sorghi / Microdochium sorghi	fungi	OR164449.1	519	458	458	46.7249	ITS1-5.8S-ITS2	ITSx-region-extraction
MPDB001691	1682391	Gloeocercospora sorghi / Microdochium sorghi	fungi	OR164455.1	531	470	470	47.4249	ITS1-5.8S-ITS2	ITSx-region-extraction
MPDB001692	1682391	Gloeocercospora sorghi / Microdochium sorghi	fungi	OR164456.1	527	466	466	47.2103	ITS1-5.8S-ITS2	ITSx-region-extraction
MPDB001693	1682391	Gloeocercospora sorghi / Microdochium sorghi	fungi	OR165792.1	387	387	387	47.7454	ITS1-5.8S-ITS2	ITSx-region-extraction
MPDB001694	1682391	Gloeocercospora sorghi / Microdochium sorghi	fungi	OR165793.1	530	469	469	45.5782	ITS1-5.8S-ITS2	ITSx-region-extraction
MPDB001695	1682391	Gloeocercospora sorghi / Microdochium sorghi	fungi	OR165804.1	530	499	499	47.4542	ITS1-5.8S-ITS2	ITSx-region-extraction
MPDB001696	1682391	Gloeocercospora sorghi / Microdochium sorghi	fungi	OR178930.1	489	304	304	43.7500	ITS1-5.8S	ITSx-region-extraction
MPDB001697	1682391	Gloeocercospora sorghi / Microdochium sorghi	fungi	OR178990.1	553	470	470	47.2885	ITS1-5.8S-ITS2	ITSx-region-extraction
MPDB001698	1682391	Gloeocercospora sorghi / Microdochium sorghi	fungi	OR179013.1	526	494	494	47.1660	ITS1-5.8S-ITS2	ITSx-region-extraction
MPDB001699	1682391	Gloeocercospora sorghi / Microdochium sorghi	fungi	OR179642.1	478	478	478	47.5480	ITS1-5.8S-ITS2	ITSx-region-extraction
MPDB001700	1682391	Gloeocercospora sorghi / Microdochium sorghi	fungi	OR179649.1	491	491	491	49.0605	ITS1-5.8S-ITS2	ITSx-region-extraction
MPDB001701	1682391	Gloeocercospora sorghi / Microdochium sorghi	fungi	OR179893.1	449	449	449	47.6615	ITS1-5.8S-ITS2	ITSx-region-extraction
MPDB001702	1682391	Gloeocercospora sorghi / Microdochium sorghi	fungi	OR179894.1	483	483	483	47.8261	ITS1-5.8S-ITS2	ITSx-region-extraction
MPDB001703	1682391	Gloeocercospora sorghi / Microdochium sorghi	fungi	OR179925.1	536	536	536	48.7280	ITS1-5.8S-ITS2	ITSx-region-extraction
MPDB001704	1682391	Gloeocercospora sorghi / Microdochium sorghi	fungi	OR180024.1	357	357	357	44.7447	ITS1-5.8S-ITS2	ITSx-region-extraction
MPDB001705	1682391	Gloeocercospora sorghi / Microdochium sorghi	fungi	OR180025.1	453	427	427	47.3171	ITS1-5.8S-ITS2	ITSx-region-extraction
MPDB001706	1682391	Gloeocercospora sorghi / Microdochium sorghi	fungi	OR180114.1	424	424	424	43.6548	ITS1-5.8S-ITS2	ITSx-region-extraction
MPDB001707	1682391	Gloeocercospora sorghi / Microdochium sorghi	fungi	OR185563.1	482	304	304	43.7500	ITS1-5.8S	ITSx-region-extraction
MPDB001708	1682391	Gloeocercospora sorghi / Microdochium sorghi	fungi	OR187003.1	426	426	426	47.5294	ITS1-5.8S-ITS2	ITSx-region-extraction
MPDB001709	1682391	Gloeocercospora sorghi / Microdochium sorghi	fungi	OR527957.1	537	489	489	47.0348	ITS1-5.8S-ITS2	ITSx-region-extraction
MPDB001710	1682391	Gloeocercospora sorghi / Microdochium sorghi	fungi	OR527957.1	537	489	489	47.0348	ITS1-5.8S-ITS2	ITSx-region-extraction
MPDB001711	1682391	Gloeocercospora sorghi / Microdochium sorghi	fungi	PZ714586.1	536	475	475	46.1053	ITS1-5.8S-ITS2	ITSx-region-extraction
MPDB001712	169388	Fusarium solani (Neocosmospora solani)	fungi	LC903137.1	435	435	435	54.2529	ITS1-5.8S-ITS2	ITSx-region-extraction
MPDB001713	169388	Fusarium solani (Neocosmospora solani)	fungi	PV960692.1	354	312	312	46.1538	ITS1-5.8S	ITSx-region-extraction
MPDB001714	169388	Fusarium solani (Neocosmospora solani)	fungi	PZ373007.1	571	477	477	53.8784	ITS1-5.8S-ITS2	ITSx-region-extraction
MPDB001715	169388	Fusarium solani (Neocosmospora solani)	fungi	PZ433258.2	527	487	487	54.0041	ITS1-5.8S-ITS2	ITSx-region-extraction
MPDB001716	169388	Fusarium solani (Neocosmospora solani)	fungi	PZ725497.1	632	476	476	52.9412	ITS1-5.8S-ITS2	ITSx-region-extraction
MPDB001717	169388	Fusarium solani (Neocosmospora solani)	fungi	PZ727094.1	410	410	410	56.5854	ITS1-5.8S-ITS2	ITSx-region-extraction
MPDB001718	169388	Fusarium solani (Neocosmospora solani)	fungi	PZ734314.1	577	512	512	52.9297	ITS1-5.8S-ITS2	ITSx-region-extraction
MPDB001719	169388	Fusarium solani (Neocosmospora solani)	fungi	PZ734328.1	573	510	510	53.1373	ITS1-5.8S-ITS2	ITSx-region-extraction
MPDB001720	169388	Fusarium solani (Neocosmospora solani)	fungi	PZ734329.1	558	497	497	52.9175	ITS1-5.8S-ITS2	ITSx-region-extraction
MPDB001721	169388	Fusarium solani (Neocosmospora solani)	fungi	PZ734334.1	570	507	507	53.2544	ITS1-5.8S-ITS2	ITSx-region-extraction
MPDB001722	169388	Fusarium solani (Neocosmospora solani)	fungi	PZ734343.1	558	496	496	52.8226	ITS1-5.8S-ITS2	ITSx-region-extraction
MPDB001723	169388	Fusarium solani (Neocosmospora solani)	fungi	PZ734356.1	563	501	501	54.0918	ITS1-5.8S-ITS2	ITSx-region-extraction
MPDB001724	169388	Fusarium solani (Neocosmospora solani)	fungi	PZ734357.1	572	509	509	52.8487	ITS1-5.8S-ITS2	ITSx-region-extraction
MPDB001725	169388	Fusarium solani (Neocosmospora solani)	fungi	PZ734371.1	576	513	513	53.4113	ITS1-5.8S-ITS2	ITSx-region-extraction
MPDB001726	169388	Fusarium solani (Neocosmospora solani)	fungi	PZ734379.1	571	509	509	53.0452	ITS1-5.8S-ITS2	ITSx-region-extraction
MPDB001727	169388	Fusarium solani (Neocosmospora solani)	fungi	PZ734380.1	572	509	509	53.2417	ITS1-5.8S-ITS2	ITSx-region-extraction
MPDB001728	169388	Fusarium solani (Neocosmospora solani)	fungi	PZ734390.1	537	491	491	54.9898	ITS1-5.8S-ITS2	ITSx-region-extraction
MPDB001729	169388	Fusarium solani (Neocosmospora solani)	fungi	PZ734400.1	569	508	508	52.9528	ITS1-5.8S-ITS2	ITSx-region-extraction
MPDB001730	169388	Fusarium solani (Neocosmospora solani)	fungi	PZ734412.1	578	512	512	53.5156	ITS1-5.8S-ITS2	ITSx-region-extraction
MPDB001731	169388	Fusarium solani (Neocosmospora solani)	fungi	PZ734418.1	584	520	520	53.6538	ITS1-5.8S-ITS2	ITSx-region-extraction
MPDB001732	169388	Fusarium solani (Neocosmospora solani)	fungi	PZ738473.1	534	409	409	50.6112	ITS1-5.8S-ITS2	ITSx-region-extraction
MPDB001733	169388	Fusarium solani (Neocosmospora solani)	fungi	PZ741299.1	277	253	253	56.5217	5.8S-ITS2	ITSx-region-extraction
MPDB001734	169388	Fusarium solani (Neocosmospora solani)	fungi	PZ745970.1	480	444	444	50.4505	ITS1-5.8S-ITS2	ITSx-region-extraction
MPDB001735	169388	Fusarium solani (Neocosmospora solani)	fungi	PZ745971.1	294	294	294	47.2789	ITS1-5.8S	ITSx-region-extraction
MPDB001736	169388	Fusarium solani (Neocosmospora solani)	fungi	PZ745972.1	325	299	299	48.1605	ITS1-5.8S	ITSx-region-extraction
MPDB001737	169388	Fusarium solani (Neocosmospora solani)	fungi	PZ748725.1	523	465	465	54.8387	ITS1-5.8S-ITS2	ITSx-region-extraction
MPDB001738	169388	Fusarium solani (Neocosmospora solani)	fungi	PZ748726.1	540	465	465	54.8387	ITS1-5.8S-ITS2	ITSx-region-extraction
MPDB001739	169388	Fusarium solani (Neocosmospora solani)	fungi	PZ748727.1	559	501	501	54.4910	ITS1-5.8S-ITS2	ITSx-region-extraction
MPDB001740	169388	Fusarium solani (Neocosmospora solani)	fungi	PZ748730.1	539	481	481	54.2620	ITS1-5.8S-ITS2	ITSx-region-extraction
MPDB001741	169388	Fusarium solani (Neocosmospora solani)	fungi	PZ748731.1	508	450	450	55.1111	ITS1-5.8S-ITS2	ITSx-region-extraction
MPDB001742	169388	Fusarium solani (Neocosmospora solani)	fungi	PZ748732.1	520	462	462	54.9784	ITS1-5.8S-ITS2	ITSx-region-extraction
MPDB001743	169388	Fusarium solani (Neocosmospora solani)	fungi	PZ748733.1	524	466	466	54.9356	ITS1-5.8S-ITS2	ITSx-region-extraction
MPDB001744	169388	Fusarium solani (Neocosmospora solani)	fungi	PZ748734.1	503	445	445	55.5056	ITS1-5.8S-ITS2	ITSx-region-extraction
MPDB001745	169388	Fusarium solani (Neocosmospora solani)	fungi	PZ748735.1	340	170	170	67.0588	ITS2	ITSx-region-extraction
MPDB001746	169388	Fusarium solani (Neocosmospora solani)	fungi	PZ766233.1	420	420	420	52.6190	ITS1-5.8S-ITS2	ITSx-region-extraction
MPDB001747	169388	Fusarium solani (Neocosmospora solani)	fungi	PZ766601.1	520	490	490	54.4898	ITS1-5.8S-ITS2	ITSx-region-extraction
MPDB001748	169388	Fusarium solani (Neocosmospora solani)	fungi	PZ785585.1	398	398	398	50.2513	ITS1-5.8S-ITS2	ITSx-region-extraction
MPDB001749	169388	Fusarium solani (Neocosmospora solani)	fungi	PZ796555.1	521	521	521	54.1267	ITS1-5.8S-ITS2	ITSx-region-extraction
MPDB001750	169388	Fusarium solani (Neocosmospora solani)	fungi	PZ796556.1	521	521	521	54.1267	ITS1-5.8S-ITS2	ITSx-region-extraction
MPDB001751	169388	Fusarium solani (Neocosmospora solani)	fungi	PZ796557.1	521	521	521	53.9347	ITS1-5.8S-ITS2	ITSx-region-extraction
MPDB001752	169388	Fusarium solani (Neocosmospora solani)	fungi	PZ796558.1	520	520	520	54.0385	ITS1-5.8S-ITS2	ITSx-region-extraction
MPDB001753	169388	Fusarium solani (Neocosmospora solani)	fungi	PZ804687.1	541	510	510	54.5098	ITS1-5.8S-ITS2	ITSx-region-extraction
MPDB001754	169388	Fusarium solani (Neocosmospora solani)	fungi	PZ827122.1	684	476	476	52.9412	ITS1-5.8S-ITS2	ITSx-region-extraction
MPDB001755	1825666	Phyllachora maydis	fungi	OL342916.1	506	378	378	58.7302	ITS1-5.8S-ITS2	ITSx-region-extraction
MPDB001756	1825666	Phyllachora maydis	fungi	OL342922.1	585	457	457	54.0481	ITS1-5.8S-ITS2	ITSx-region-extraction
MPDB001757	1825666	Phyllachora maydis	fungi	ON241789.1	418	385	385	58.9610	ITS1-5.8S-ITS2	ITSx-region-extraction
MPDB001758	1825666	Phyllachora maydis	fungi	ON400514.1	369	369	369	59.0786	ITS1-5.8S-ITS2	ITSx-region-extraction
MPDB001759	1825666	Phyllachora maydis	fungi	OP831220.1	355	314	314	61.4650	5.8S-ITS2	ITSx-region-extraction
MPDB001760	1825666	Phyllachora maydis	fungi	OP831221.1	517	378	378	58.7302	ITS1-5.8S-ITS2	ITSx-region-extraction
MPDB001761	1825666	Phyllachora maydis	fungi	OP831222.1	476	378	378	58.7302	ITS1-5.8S-ITS2	ITSx-region-extraction
MPDB001762	1825666	Phyllachora maydis	fungi	OP831223.1	352	314	314	61.4650	5.8S-ITS2	ITSx-region-extraction
MPDB001763	1825666	Phyllachora maydis	fungi	OP831224.1	353	303	303	60.0660	5.8S-ITS2	ITSx-region-extraction
MPDB001764	1825666	Phyllachora maydis	fungi	OP831225.1	398	312	312	59.2949	5.8S-ITS2	ITSx-region-extraction
MPDB001765	1825666	Phyllachora maydis	fungi	OP984077.1	426	365	365	58.9041	ITS1-5.8S-ITS2	ITSx-region-extraction
MPDB001766	1825666	Phyllachora maydis	fungi	OP984079.1	453	392	392	58.4184	ITS1-5.8S-ITS2	ITSx-region-extraction
MPDB001767	1825666	Phyllachora maydis	fungi	OQ034699.1	437	376	376	58.7766	ITS1-5.8S-ITS2	ITSx-region-extraction
MPDB001768	1825666	Phyllachora maydis	fungi	OQ200487.1	443	392	392	58.4184	ITS1-5.8S-ITS2	ITSx-region-extraction
MPDB001769	1825666	Phyllachora maydis	fungi	OQ200489.1	439	393	393	58.5242	ITS1-5.8S-ITS2	ITSx-region-extraction
MPDB001770	1825666	Phyllachora maydis	fungi	PP725321.1	424	376	376	56.6489	ITS1-5.8S-ITS2	ITSx-region-extraction
MPDB001771	1825666	Phyllachora maydis	fungi	PP725378.1	422	376	376	56.6489	ITS1-5.8S-ITS2	ITSx-region-extraction
MPDB001772	1825666	Phyllachora maydis	fungi	PX852345.1	435	350	350	57.4286	ITS1-5.8S-ITS2	ITSx-region-extraction
MPDB001773	1825666	Phyllachora maydis	fungi	PX854774.1	440	398	398	56.9620	ITS1-5.8S-ITS2	ITSx-region-extraction
MPDB001774	196109	Microdochium bolleyi	fungi	LC897489.1	582	476	476	45.3782	ITS1-5.8S-ITS2	ITSx-region-extraction
MPDB001775	196109	Microdochium bolleyi	fungi	MH858255.1	591	464	464	45.4741	ITS1-5.8S-ITS2	ITSx-region-extraction
MPDB001776	196109	Microdochium bolleyi	fungi	MH858394.1	584	464	464	45.4741	ITS1-5.8S-ITS2	ITSx-region-extraction
MPDB001777	196109	Microdochium bolleyi	fungi	MH860598.1	543	464	464	45.4741	ITS1-5.8S-ITS2	ITSx-region-extraction
MPDB001778	196109	Microdochium bolleyi	fungi	MN957201.1	316	168	168	51.1905	ITS2	ITSx-region-extraction
MPDB001779	196109	Microdochium bolleyi	fungi	MN957605.1	316	169	169	51.4793	ITS2	ITSx-region-extraction
MPDB001780	196109	Microdochium bolleyi	fungi	MZ950665.1	469	469	469	46.4819	ITS1-5.8S-ITS2	ITSx-region-extraction
MPDB001781	196109	Microdochium bolleyi	fungi	MZ950666.1	472	472	472	46.6102	ITS1-5.8S-ITS2	ITSx-region-extraction
MPDB001782	196109	Microdochium bolleyi	fungi	MZ950667.1	489	428	428	46.0280	ITS1-5.8S-ITS2	ITSx-region-extraction
MPDB001783	196109	Microdochium bolleyi	fungi	MZ950668.1	471	471	471	46.7091	ITS1-5.8S-ITS2	ITSx-region-extraction
MPDB001784	196109	Microdochium bolleyi	fungi	MZ950669.1	482	452	452	46.2389	ITS1-5.8S-ITS2	ITSx-region-extraction
MPDB001785	196109	Microdochium bolleyi	fungi	MZ950670.1	474	446	446	45.5157	ITS1-5.8S-ITS2	ITSx-region-extraction
MPDB001786	196109	Microdochium bolleyi	fungi	OP710188.1	513	452	452	46.0177	ITS1-5.8S-ITS2	ITSx-region-extraction
MPDB001787	196109	Microdochium bolleyi	fungi	OR077980.1	515	485	485	45.7732	ITS1-5.8S-ITS2	ITSx-region-extraction
MPDB001788	196109	Microdochium bolleyi	fungi	PP156737.1	564	503	503	46.7197	ITS1-5.8S-ITS2	ITSx-region-extraction
MPDB001789	196109	Microdochium bolleyi	fungi	PP175541.1	624	464	464	45.4741	ITS1-5.8S-ITS2	ITSx-region-extraction
MPDB001790	196109	Microdochium bolleyi	fungi	PP175542.1	587	464	464	45.4741	ITS1-5.8S-ITS2	ITSx-region-extraction
MPDB001791	196109	Microdochium bolleyi	fungi	PP175543.1	600	464	464	45.6897	ITS1-5.8S-ITS2	ITSx-region-extraction
MPDB001792	196109	Microdochium bolleyi	fungi	PP175544.1	645	481	481	45.9459	ITS1-5.8S-ITS2	ITSx-region-extraction
MPDB001793	196109	Microdochium bolleyi	fungi	PP175545.1	624	464	464	45.4741	ITS1-5.8S-ITS2	ITSx-region-extraction
MPDB001794	196109	Microdochium bolleyi	fungi	PP175546.1	649	465	465	45.3763	ITS1-5.8S-ITS2	ITSx-region-extraction
MPDB001795	196109	Microdochium bolleyi	fungi	PP175547.1	641	465	465	45.3763	ITS1-5.8S-ITS2	ITSx-region-extraction
MPDB001796	196109	Microdochium bolleyi	fungi	PP175548.1	641	464	464	45.4741	ITS1-5.8S-ITS2	ITSx-region-extraction
MPDB001797	196109	Microdochium bolleyi	fungi	PP956625.1	833	464	464	45.4741	ITS1-5.8S-ITS2	ITSx-region-extraction
MPDB001798	196109	Microdochium bolleyi	fungi	PP956626.1	840	464	464	45.4741	ITS1-5.8S-ITS2	ITSx-region-extraction
MPDB001799	196109	Microdochium bolleyi	fungi	PQ804179.1	653	464	464	45.4741	ITS1-5.8S-ITS2	ITSx-region-extraction
MPDB001800	196109	Microdochium bolleyi	fungi	PQ879999.1	536	464	464	45.4741	ITS1-5.8S-ITS2	ITSx-region-extraction
MPDB001801	196109	Microdochium bolleyi	fungi	PQ880021.1	262	167	167	51.4970	ITS2	ITSx-region-extraction
MPDB001802	196109	Microdochium bolleyi	fungi	PV226166.1	537	462	462	45.2381	ITS1-5.8S-ITS2	ITSx-region-extraction
MPDB001803	196109	Microdochium bolleyi	fungi	PV368024.1	489	443	443	46.0497	ITS1-5.8S-ITS2	ITSx-region-extraction
MPDB001804	196109	Microdochium bolleyi	fungi	PV432480.1	555	465	465	45.3763	ITS1-5.8S-ITS2	ITSx-region-extraction
MPDB001805	196109	Microdochium bolleyi	fungi	PV444748.1	480	434	434	46.0829	ITS1-5.8S-ITS2	ITSx-region-extraction
MPDB001806	196109	Microdochium bolleyi	fungi	PV590691.1	1104	465	465	45.3763	ITS1-5.8S-ITS2	ITSx-region-extraction
MPDB001807	196109	Microdochium bolleyi	fungi	PV592488.1	548	464	464	45.4741	ITS1-5.8S-ITS2	ITSx-region-extraction
MPDB001808	196109	Microdochium bolleyi	fungi	PV688660.1	521	488	488	46.5164	ITS1-5.8S-ITS2	ITSx-region-extraction
MPDB001809	196109	Microdochium bolleyi	fungi	PX118463.1	531	472	472	45.6476	ITS1-5.8S-ITS2	ITSx-region-extraction
MPDB001810	196109	Microdochium bolleyi	fungi	PX587459.1	1150	463	463	45.5724	ITS1-5.8S-ITS2	ITSx-region-extraction
MPDB001811	196109	Microdochium bolleyi	fungi	PX682838.1	590	467	467	45.6103	ITS1-5.8S-ITS2	ITSx-region-extraction
MPDB001812	196109	Microdochium bolleyi	fungi	PX684562.1	565	497	497	46.4789	ITS1-5.8S-ITS2	ITSx-region-extraction
MPDB001813	196109	Microdochium bolleyi	fungi	PX979157.1	531	482	482	45.8506	ITS1-5.8S-ITS2	ITSx-region-extraction
MPDB001814	196109	Microdochium bolleyi	fungi	PX979159.1	525	478	478	45.6067	ITS1-5.8S-ITS2	ITSx-region-extraction
MPDB001815	196109	Microdochium bolleyi	fungi	PX979160.1	527	480	480	45.6250	ITS1-5.8S-ITS2	ITSx-region-extraction
MPDB001816	196109	Microdochium bolleyi	fungi	PX979393.1	523	458	458	45.6332	ITS1-5.8S-ITS2	ITSx-region-extraction
MPDB001817	215132	Curvularia senegalensis / Brachysporium senegalense	fungi	AB444664.1	445	445	445	46.2921	ITS1-5.8S-ITS2	ITSx-region-extraction
MPDB001818	215132	Curvularia senegalensis / Brachysporium senegalense	fungi	HG779001.1	728	499	499	46.6934	ITS1-5.8S-ITS2	ITSx-region-extraction
MPDB001819	215132	Curvularia senegalensis / Brachysporium senegalense	fungi	JN006788.1	501	501	501	46.5070	ITS1-5.8S-ITS2	ITSx-region-extraction
MPDB001820	215132	Curvularia senegalensis / Brachysporium senegalense	fungi	MH087107.1	691	499	499	46.6934	ITS1-5.8S-ITS2	ITSx-region-extraction
MPDB001821	215132	Curvularia senegalensis / Brachysporium senegalense	fungi	MH087110.1	689	498	498	46.7871	ITS1-5.8S-ITS2	ITSx-region-extraction
MPDB001822	215132	Curvularia senegalensis / Brachysporium senegalense	fungi	MH368101.1	594	533	533	47.2795	ITS1-5.8S-ITS2	ITSx-region-extraction
MPDB001823	215132	Curvularia senegalensis / Brachysporium senegalense	fungi	MK359853.1	435	435	435	46.8966	ITS1-5.8S-ITS2	ITSx-region-extraction
MPDB001824	215132	Curvularia senegalensis / Brachysporium senegalense	fungi	MK804485.1	684	498	498	47.1888	ITS1-5.8S-ITS2	ITSx-region-extraction
MPDB001825	215132	Curvularia senegalensis / Brachysporium senegalense	fungi	MT410577.1	560	516	516	46.8992	ITS1-5.8S-ITS2	ITSx-region-extraction
MPDB001826	215132	Curvularia senegalensis / Brachysporium senegalense	fungi	MT476857.1	1185	499	499	46.6934	ITS1-5.8S-ITS2	ITSx-region-extraction
MPDB001827	215132	Curvularia senegalensis / Brachysporium senegalense	fungi	MT476858.1	1089	455	455	49.0110	ITS1-5.8S-ITS2	ITSx-region-extraction
MPDB001828	215132	Curvularia senegalensis / Brachysporium senegalense	fungi	MT476859.1	1067	456	456	49.3421	ITS1-5.8S-ITS2	ITSx-region-extraction
MPDB001829	215132	Curvularia senegalensis / Brachysporium senegalense	fungi	MW353711.1	558	514	514	46.8872	ITS1-5.8S-ITS2	ITSx-region-extraction
MPDB001830	215132	Curvularia senegalensis / Brachysporium senegalense	fungi	MZ595769.1	524	464	464	49.5690	ITS1-5.8S-ITS2	ITSx-region-extraction
MPDB001831	215132	Curvularia senegalensis / Brachysporium senegalense	fungi	MZ733747.1	560	497	497	46.6801	ITS1-5.8S-ITS2	ITSx-region-extraction
MPDB001832	215132	Curvularia senegalensis / Brachysporium senegalense	fungi	OQ657946.1	1083	486	486	47.5309	ITS1-5.8S-ITS2	ITSx-region-extraction
MPDB001833	215132	Curvularia senegalensis / Brachysporium senegalense	fungi	OQ657947.1	1121	512	512	46.6797	ITS1-5.8S-ITS2	ITSx-region-extraction
MPDB001834	215132	Curvularia senegalensis / Brachysporium senegalense	fungi	OR544404.1	515	470	470	46.1702	ITS1-5.8S-ITS2	ITSx-region-extraction
MPDB001835	215132	Curvularia senegalensis / Brachysporium senegalense	fungi	OR761601.1	574	524	524	46.9466	ITS1-5.8S-ITS2	ITSx-region-extraction
MPDB001836	215132	Curvularia senegalensis / Brachysporium senegalense	fungi	OW985594.1	596	499	499	46.6934	ITS1-5.8S-ITS2	ITSx-region-extraction
MPDB001837	215132	Curvularia senegalensis / Brachysporium senegalense	fungi	PP053177.1	558	499	499	46.6934	ITS1-5.8S-ITS2	ITSx-region-extraction
MPDB001838	215132	Curvularia senegalensis / Brachysporium senegalense	fungi	PP275247.1	516	469	469	46.6951	ITS1-5.8S-ITS2	ITSx-region-extraction
MPDB001839	215132	Curvularia senegalensis / Brachysporium senegalense	fungi	PP564498.1	929	503	503	47.2112	ITS1-5.8S-ITS2	ITSx-region-extraction
MPDB001840	215132	Curvularia senegalensis / Brachysporium senegalense	fungi	PP564499.1	933	505	505	48.9109	ITS1-5.8S-ITS2	ITSx-region-extraction
MPDB001841	215132	Curvularia senegalensis / Brachysporium senegalense	fungi	PP621721.1	585	499	499	46.6934	ITS1-5.8S-ITS2	ITSx-region-extraction
MPDB001842	215132	Curvularia senegalensis / Brachysporium senegalense	fungi	PQ881650.1	700	499	499	46.6934	ITS1-5.8S-ITS2	ITSx-region-extraction
MPDB001843	215132	Curvularia senegalensis / Brachysporium senegalense	fungi	PV157292.1	593	520	520	47.1154	ITS1-5.8S-ITS2	ITSx-region-extraction
MPDB001844	215132	Curvularia senegalensis / Brachysporium senegalense	fungi	PV157293.1	594	520	520	46.9231	ITS1-5.8S-ITS2	ITSx-region-extraction
MPDB001845	215132	Curvularia senegalensis / Brachysporium senegalense	fungi	PV848768.1	564	517	517	47.0019	ITS1-5.8S-ITS2	ITSx-region-extraction
MPDB001846	215132	Curvularia senegalensis / Brachysporium senegalense	fungi	PV848768.1	564	517	517	47.0019	ITS1-5.8S-ITS2	ITSx-region-extraction
MPDB001847	215132	Curvularia senegalensis / Brachysporium senegalense	fungi	PZ185326.1	553	492	492	46.9512	ITS1-5.8S-ITS2	ITSx-region-extraction
MPDB001848	226117	Xepiculopsis graminea/Myrothecium gramineum	fungi	AY254151.1	565	493	493	56.3895	ITS1-5.8S-ITS2	ITSx-region-extraction
MPDB001849	226117	Xepiculopsis graminea/Myrothecium gramineum	fungi	FJ235084.1	2404	508	508	55.7087	ITS1-5.8S-ITS2	ITSx-region-extraction
MPDB001850	226117	Xepiculopsis graminea/Myrothecium gramineum	fungi	FJ825374.1	593	501	501	56.4870	ITS1-5.8S-ITS2	ITSx-region-extraction
MPDB001851	226117	Xepiculopsis graminea/Myrothecium gramineum	fungi	GQ373154.1	611	510	510	55.8824	ITS1-5.8S-ITS2	ITSx-region-extraction
MPDB001852	226117	Xepiculopsis graminea/Myrothecium gramineum	fungi	HQ608010.1	609	495	495	56.9697	ITS1-5.8S-ITS2	ITSx-region-extraction
MPDB001853	226117	Xepiculopsis graminea/Myrothecium gramineum	fungi	JQ936265.1	569	519	519	56.4547	ITS1-5.8S-ITS2	ITSx-region-extraction
MPDB001854	226117	Xepiculopsis graminea/Myrothecium gramineum	fungi	JQ936266.1	573	523	523	56.5966	ITS1-5.8S-ITS2	ITSx-region-extraction
MPDB001855	226117	Xepiculopsis graminea/Myrothecium gramineum	fungi	JX077058.1	431	386	386	54.4041	ITS1-5.8S-ITS2	ITSx-region-extraction
MPDB001856	226117	Xepiculopsis graminea/Myrothecium gramineum	fungi	JX077063.1	481	433	433	58.6605	ITS1-5.8S-ITS2	ITSx-region-extraction
MPDB001857	226117	Xepiculopsis graminea/Myrothecium gramineum	fungi	JX406554.1	562	500	500	55.4000	ITS1-5.8S-ITS2	ITSx-region-extraction
MPDB001858	226117	Xepiculopsis graminea/Myrothecium gramineum	fungi	JX868793.1	469	469	469	56.5032	ITS1-5.8S-ITS2	ITSx-region-extraction
MPDB001859	226117	Xepiculopsis graminea/Myrothecium gramineum	fungi	KF414681.1	597	536	536	56.7416	ITS1-5.8S-ITS2	ITSx-region-extraction
MPDB001860	226117	Xepiculopsis graminea/Myrothecium gramineum	fungi	KJ780796.1	581	491	491	56.4155	ITS1-5.8S-ITS2	ITSx-region-extraction
MPDB001870	226117	Xepiculopsis graminea/Myrothecium gramineum	fungi	MF327243.1	590	496	496	58.6694	ITS1-5.8S-ITS2	ITSx-region-extraction
MPDB001871	226117	Xepiculopsis graminea/Myrothecium gramineum	fungi	MF449215.1	213	163	163	54.6012	ITS1	ITSx-region-extraction
MPDB001872	226117	Xepiculopsis graminea/Myrothecium gramineum	fungi	MG988390.1	537	477	477	57.0231	ITS1-5.8S-ITS2	ITSx-region-extraction
MPDB001873	226117	Xepiculopsis graminea/Myrothecium gramineum	fungi	MH173809.1	547	485	485	57.1134	ITS1-5.8S-ITS2	ITSx-region-extraction
MPDB001874	226117	Xepiculopsis graminea/Myrothecium gramineum	fungi	MH173819.1	545	480	480	58.1250	ITS1-5.8S-ITS2	ITSx-region-extraction
MPDB001875	226117	Xepiculopsis graminea/Myrothecium gramineum	fungi	MH809373.1	512	472	472	57.2034	ITS1-5.8S-ITS2	ITSx-region-extraction
MPDB001876	226117	Xepiculopsis graminea/Myrothecium gramineum	fungi	MK304398.1	548	512	512	56.4453	ITS1-5.8S-ITS2	ITSx-region-extraction
MPDB001877	226117	Xepiculopsis graminea/Myrothecium gramineum	fungi	MK720190.1	420	420	420	57.1429	ITS1-5.8S-ITS2	ITSx-region-extraction
MPDB001878	226117	Xepiculopsis graminea/Myrothecium gramineum	fungi	MN202731.1	574	531	531	56.1205	ITS1-5.8S-ITS2	ITSx-region-extraction
MPDB001879	226117	Xepiculopsis graminea/Myrothecium gramineum	fungi	MN614058.1	219	150	150	68.0000	ITS2	ITSx-region-extraction
MPDB001881	226117	Xepiculopsis graminea/Myrothecium gramineum	fungi	OL347751.1	509	509	509	56.1024	ITS1-5.8S-ITS2	ITSx-region-extraction
MPDB001882	226117	Xepiculopsis graminea/Myrothecium gramineum	fungi	OL454703.1	540	493	493	54.7667	ITS1-5.8S-ITS2	ITSx-region-extraction
MPDB001883	226117	Xepiculopsis graminea/Myrothecium gramineum	fungi	OM057628.1	548	487	487	56.6735	ITS1-5.8S-ITS2	ITSx-region-extraction
MPDB001884	226117	Xepiculopsis graminea/Myrothecium gramineum	fungi	OM670094.1	554	492	492	56.5041	ITS1-5.8S-ITS2	ITSx-region-extraction
MPDB001885	226117	Xepiculopsis graminea/Myrothecium gramineum	fungi	OP303281.1	331	331	331	55.2870	ITS1-5.8S-ITS2	ITSx-region-extraction
MPDB001886	226117	Xepiculopsis graminea/Myrothecium gramineum	fungi	PQ381801.1	555	493	493	56.7951	ITS1-5.8S-ITS2	ITSx-region-extraction
MPDB001887	228353	Talaromyces radicus	fungi	JN899324.1	750	505	505	64.3564	ITS1-5.8S-ITS2	ITSx-region-extraction
MPDB001888	228353	Talaromyces radicus	fungi	JX091490.1	538	538	538	62.6394	ITS1-5.8S-ITS2	ITSx-region-extraction
MPDB001889	228353	Talaromyces radicus	fungi	JX091491.1	537	537	537	62.5698	ITS1-5.8S-ITS2	ITSx-region-extraction
MPDB001890	228353	Talaromyces radicus	fungi	JX091492.1	536	536	536	62.6866	ITS1-5.8S-ITS2	ITSx-region-extraction
MPDB001891	228353	Talaromyces radicus	fungi	KF984879.1	584	522	522	62.8352	ITS1-5.8S-ITS2	ITSx-region-extraction
MPDB001892	228353	Talaromyces radicus	fungi	KF984881.1	583	521	521	62.7639	ITS1-5.8S-ITS2	ITSx-region-extraction
MPDB001893	228353	Talaromyces radicus	fungi	LC743858.1	574	509	509	62.8684	ITS1-5.8S-ITS2	ITSx-region-extraction
MPDB001894	228353	Talaromyces radicus	fungi	MH862702.1	612	511	511	63.6008	ITS1-5.8S-ITS2	ITSx-region-extraction
MPDB001895	228353	Talaromyces radicus	fungi	MK045813.1	590	511	511	63.0137	ITS1-5.8S-ITS2	ITSx-region-extraction
MPDB001896	228353	Talaromyces radicus	fungi	MK646059.1	596	530	530	62.4528	ITS1-5.8S-ITS2	ITSx-region-extraction
MPDB001897	228353	Talaromyces radicus	fungi	MK805489.1	502	475	475	62.7368	ITS1-5.8S-ITS2	ITSx-region-extraction
MPDB001898	228353	Talaromyces radicus	fungi	MW543021.1	585	533	533	62.8518	ITS1-5.8S-ITS2	ITSx-region-extraction
MPDB001899	228353	Talaromyces radicus	fungi	MW578828.1	548	497	497	64.3863	ITS1-5.8S-ITS2	ITSx-region-extraction
MPDB001900	228353	Talaromyces radicus	fungi	MW897747.1	583	511	511	63.6008	ITS1-5.8S-ITS2	ITSx-region-extraction
MPDB001901	228353	Talaromyces radicus	fungi	MZ031136.1	412	412	412	62.3786	ITS1-5.8S-ITS2	ITSx-region-extraction
MPDB001902	228353	Talaromyces radicus	fungi	MZ835641.1	553	505	505	59.8020	ITS1-5.8S-ITS2	ITSx-region-extraction
MPDB001903	228353	Talaromyces radicus	fungi	OK011815.1	572	490	490	60.2041	ITS1-5.8S-ITS2	ITSx-region-extraction
MPDB001904	228353	Talaromyces radicus	fungi	OK035203.1	528	481	481	63.6175	ITS1-5.8S-ITS2	ITSx-region-extraction
MPDB001905	228353	Talaromyces radicus	fungi	OM237068.1	575	507	507	62.7219	ITS1-5.8S-ITS2	ITSx-region-extraction
MPDB001906	228353	Talaromyces radicus	fungi	OM237078.1	570	509	509	62.2790	ITS1-5.8S-ITS2	ITSx-region-extraction
MPDB001907	228353	Talaromyces radicus	fungi	OM487041.1	524	479	479	63.2568	ITS1-5.8S-ITS2	ITSx-region-extraction
MPDB001908	228353	Talaromyces radicus	fungi	ON208514.1	552	552	552	59.6014	ITS1-5.8S-ITS2	ITSx-region-extraction
MPDB001909	228353	Talaromyces radicus	fungi	ON208515.1	536	536	536	62.3134	ITS1-5.8S-ITS2	ITSx-region-extraction
MPDB001910	228353	Talaromyces radicus	fungi	ON208737.1	420	420	420	55.9524	ITS1-5.8S-ITS2	ITSx-region-extraction
MPDB001911	228353	Talaromyces radicus	fungi	ON394880.1	569	505	505	63.5644	ITS1-5.8S-ITS2	ITSx-region-extraction
MPDB001912	228353	Talaromyces radicus	fungi	ON394881.1	575	506	506	63.6364	ITS1-5.8S-ITS2	ITSx-region-extraction
MPDB001913	228353	Talaromyces radicus	fungi	ON428466.1	579	528	528	63.0682	ITS1-5.8S-ITS2	ITSx-region-extraction
MPDB001914	228353	Talaromyces radicus	fungi	ON492846.1	1071	414	414	57.7295	ITS1-5.8S-ITS2	ITSx-region-extraction
MPDB001915	228353	Talaromyces radicus	fungi	OQ981228.1	410	370	370	59.4595	ITS1-5.8S	ITSx-region-extraction
MPDB001916	228353	Talaromyces radicus	fungi	OQ981229.1	406	370	370	59.4595	ITS1-5.8S	ITSx-region-extraction
MPDB001917	228353	Talaromyces radicus	fungi	OQ981230.1	407	371	371	57.6819	ITS1-5.8S	ITSx-region-extraction
MPDB001918	228353	Talaromyces radicus	fungi	OR673580.1	581	517	517	63.8298	ITS1-5.8S-ITS2	ITSx-region-extraction
MPDB001919	228353	Talaromyces radicus	fungi	OR835532.1	578	510	510	63.5294	ITS1-5.8S-ITS2	ITSx-region-extraction
MPDB001920	228353	Talaromyces radicus	fungi	OR835533.1	561	561	561	62.5668	ITS1-5.8S-ITS2	ITSx-region-extraction
MPDB001921	228353	Talaromyces radicus	fungi	OR922574.1	554	511	511	63.6008	ITS1-5.8S-ITS2	ITSx-region-extraction
MPDB001922	228353	Talaromyces radicus	fungi	OW982510.1	616	511	511	63.6008	ITS1-5.8S-ITS2	ITSx-region-extraction
MPDB001923	228353	Talaromyces radicus	fungi	OW988101.1	600	511	511	63.6008	ITS1-5.8S-ITS2	ITSx-region-extraction
MPDB001924	228353	Talaromyces radicus	fungi	PP844393.1	572	538	538	63.0112	ITS1-5.8S-ITS2	ITSx-region-extraction
MPDB001925	228353	Talaromyces radicus	fungi	PP844405.1	528	492	492	63.6179	ITS1-5.8S-ITS2	ITSx-region-extraction
MPDB001926	228353	Talaromyces radicus	fungi	PV369555.1	560	506	506	63.0435	ITS1-5.8S-ITS2	ITSx-region-extraction
MPDB001927	228353	Talaromyces radicus	fungi	PV369691.1	551	506	506	63.2411	ITS1-5.8S-ITS2	ITSx-region-extraction
MPDB001928	228353	Talaromyces radicus	fungi	PX071999.1	590	527	527	63.1879	ITS1-5.8S-ITS2	ITSx-region-extraction
MPDB001929	228353	Talaromyces radicus	fungi	PX072000.1	587	530	530	63.3962	ITS1-5.8S-ITS2	ITSx-region-extraction
MPDB001930	238245	Stenocarpella maydis (Diplodia maydis)	fungi	FR748050.1	680	491	491	55.3971	ITS1-5.8S-ITS2	ITSx-region-extraction
MPDB001931	238245	Stenocarpella maydis (Diplodia maydis)	fungi	FR748052.1	678	491	491	55.3971	ITS1-5.8S-ITS2	ITSx-region-extraction
MPDB001932	238245	Stenocarpella maydis (Diplodia maydis)	fungi	FR748053.1	663	491	491	55.3971	ITS1-5.8S-ITS2	ITSx-region-extraction
MPDB001933	238245	Stenocarpella maydis (Diplodia maydis)	fungi	FR748054.1	669	491	491	55.3971	ITS1-5.8S-ITS2	ITSx-region-extraction
MPDB001934	238245	Stenocarpella maydis (Diplodia maydis)	fungi	FR748055.1	670	491	491	55.3971	ITS1-5.8S-ITS2	ITSx-region-extraction
MPDB001935	238245	Stenocarpella maydis (Diplodia maydis)	fungi	FR748056.1	651	491	491	55.3971	ITS1-5.8S-ITS2	ITSx-region-extraction
MPDB001936	238245	Stenocarpella maydis (Diplodia maydis)	fungi	FR748059.1	668	491	491	55.3971	ITS1-5.8S-ITS2	ITSx-region-extraction
MPDB001937	238245	Stenocarpella maydis (Diplodia maydis)	fungi	FR748060.1	658	491	491	55.3971	ITS1-5.8S-ITS2	ITSx-region-extraction
MPDB001938	238245	Stenocarpella maydis (Diplodia maydis)	fungi	FR748061.1	667	491	491	55.3971	ITS1-5.8S-ITS2	ITSx-region-extraction
MPDB001939	238245	Stenocarpella maydis (Diplodia maydis)	fungi	FR748062.1	661	491	491	55.3971	ITS1-5.8S-ITS2	ITSx-region-extraction
MPDB001940	238245	Stenocarpella maydis (Diplodia maydis)	fungi	FR748063.1	665	491	491	55.3971	ITS1-5.8S-ITS2	ITSx-region-extraction
MPDB001941	238245	Stenocarpella maydis (Diplodia maydis)	fungi	FR748064.1	675	491	491	55.3971	ITS1-5.8S-ITS2	ITSx-region-extraction
MPDB001942	238245	Stenocarpella maydis (Diplodia maydis)	fungi	FR748065.1	676	491	491	55.3971	ITS1-5.8S-ITS2	ITSx-region-extraction
MPDB001943	238245	Stenocarpella maydis (Diplodia maydis)	fungi	GQ167220.1	1071	484	484	55.3719	ITS1-5.8S-ITS2	ITSx-region-extraction
MPDB001944	238245	Stenocarpella maydis (Diplodia maydis)	fungi	GQ167221.1	1062	474	474	54.6414	ITS1-5.8S-ITS2	ITSx-region-extraction
MPDB001945	238245	Stenocarpella maydis (Diplodia maydis)	fungi	GQ167222.1	1074	482	482	55.1867	ITS1-5.8S-ITS2	ITSx-region-extraction
MPDB001946	238245	Stenocarpella maydis (Diplodia maydis)	fungi	GQ167223.1	1110	505	505	55.6436	ITS1-5.8S-ITS2	ITSx-region-extraction
MPDB001947	238245	Stenocarpella maydis (Diplodia maydis)	fungi	GQ259129.1	1072	484	484	55.3719	ITS1-5.8S-ITS2	ITSx-region-extraction
MPDB001948	238245	Stenocarpella maydis (Diplodia maydis)	fungi	GQ259130.1	1073	479	479	54.9061	ITS1-5.8S-ITS2	ITSx-region-extraction
MPDB001949	238245	Stenocarpella maydis (Diplodia maydis)	fungi	GQ428199.1	1057	471	471	55.8386	ITS1-5.8S-ITS2	ITSx-region-extraction
MPDB001950	238245	Stenocarpella maydis (Diplodia maydis)	fungi	KC311732.1	1058	477	477	54.7170	ITS1-5.8S-ITS2	ITSx-region-extraction
MPDB001951	238245	Stenocarpella maydis (Diplodia maydis)	fungi	KM030331.1	1034	472	472	54.4492	ITS1-5.8S-ITS2	ITSx-region-extraction
MPDB001952	238245	Stenocarpella maydis (Diplodia maydis)	fungi	KP164561.1	7800	491	491	55.3971	ITS1-5.8S-ITS2	ITSx-region-extraction
MPDB001953	238245	Stenocarpella maydis (Diplodia maydis)	fungi	KP691031.1	413	413	413	55.4479	ITS1-5.8S-ITS2	ITSx-region-extraction
MPDB001954	238245	Stenocarpella maydis (Diplodia maydis)	fungi	KU680414.1	565	486	486	55.5556	ITS1-5.8S-ITS2	ITSx-region-extraction
MPDB001955	238245	Stenocarpella maydis (Diplodia maydis)	fungi	KY940797.1	526	498	498	55.0201	ITS1-5.8S-ITS2	ITSx-region-extraction
MPDB001956	238245	Stenocarpella maydis (Diplodia maydis)	fungi	MF076624.1	967	485	485	52.7835	ITS1-5.8S-ITS2	ITSx-region-extraction
MPDB001957	238245	Stenocarpella maydis (Diplodia maydis)	fungi	MK249739.1	564	512	512	55.7730	ITS1-5.8S-ITS2	ITSx-region-extraction
MPDB001958	238245	Stenocarpella maydis (Diplodia maydis)	fungi	MT556638.1	538	488	488	55.5328	ITS1-5.8S-ITS2	ITSx-region-extraction
MPDB001959	238245	Stenocarpella maydis (Diplodia maydis)	fungi	MT571456.1	556	505	505	55.7540	ITS1-5.8S-ITS2	ITSx-region-extraction
MPDB001960	238245	Stenocarpella maydis (Diplodia maydis)	fungi	MT772176.1	459	459	459	54.9020	ITS1-5.8S-ITS2	ITSx-region-extraction
MPDB001961	238245	Stenocarpella maydis (Diplodia maydis)	fungi	MW995721.1	584	486	486	55.5556	ITS1-5.8S-ITS2	ITSx-region-extraction
MPDB001962	238245	Stenocarpella maydis (Diplodia maydis)	fungi	MZ895508.1	563	497	497	54.7284	ITS1-5.8S-ITS2	ITSx-region-extraction
MPDB001963	238245	Stenocarpella maydis (Diplodia maydis)	fungi	MZ948964.1	536	475	475	54.7368	ITS1-5.8S-ITS2	ITSx-region-extraction
MPDB001964	238245	Stenocarpella maydis (Diplodia maydis)	fungi	ON209722.1	815	491	491	55.3971	ITS1-5.8S-ITS2	ITSx-region-extraction
MPDB001965	238245	Stenocarpella maydis (Diplodia maydis)	fungi	ON310802.1	534	503	503	55.5777	ITS1-5.8S-ITS2	ITSx-region-extraction
MPDB001966	238245	Stenocarpella maydis (Diplodia maydis)	fungi	OQ683861.1	556	494	494	53.9554	ITS1-5.8S-ITS2	ITSx-region-extraction
MPDB001967	238245	Stenocarpella maydis (Diplodia maydis)	fungi	OR500033.1	851	491	491	55.3971	ITS1-5.8S-ITS2	ITSx-region-extraction
MPDB001968	238245	Stenocarpella maydis (Diplodia maydis)	fungi	PQ609689.1	544	497	497	55.1308	ITS1-5.8S-ITS2	ITSx-region-extraction
MPDB001969	238245	Stenocarpella maydis (Diplodia maydis)	fungi	PV124187.1	552	489	489	55.2147	ITS1-5.8S-ITS2	ITSx-region-extraction
MPDB001970	238245	Stenocarpella maydis (Diplodia maydis)	fungi	PX444915.1	497	497	497	54.7284	ITS1-5.8S-ITS2	ITSx-region-extraction
MPDB001971	259522	Didymella maydis (Phyllosticta maydis)	fungi	KF512826.1	1035	439	439	48.7472	ITS1-5.8S-ITS2	ITSx-region-extraction
MPDB001972	259522	Didymella maydis (Phyllosticta maydis)	fungi	MH859380.1	485	457	457	47.0460	ITS1-5.8S-ITS2	ITSx-region-extraction
MPDB001973	259522	Didymella maydis (Phyllosticta maydis)	fungi	MN972882.1	449	421	421	47.5059	ITS1-5.8S-ITS2	ITSx-region-extraction
MPDB001974	259522	Didymella maydis (Phyllosticta maydis)	fungi	MN973269.2	1407	421	421	47.5059	ITS1-5.8S-ITS2	ITSx-region-extraction
MPDB001975	259522	Didymella maydis (Phyllosticta maydis)	fungi	OM701808.1	670	451	451	47.8936	ITS1-5.8S-ITS2	ITSx-region-extraction
MPDB001976	259522	Didymella maydis (Phyllosticta maydis)	fungi	OM701809.1	639	451	451	47.8936	ITS1-5.8S-ITS2	ITSx-region-extraction
MPDB001977	259522	Didymella maydis (Phyllosticta maydis)	fungi	PZ745918.1	412	368	368	46.1957	ITS1-5.8S-ITS2	ITSx-region-extraction
MPDB001978	259522	Didymella maydis (Phyllosticta maydis)	fungi	PZ745919.1	463	417	417	47.9616	ITS1-5.8S-ITS2	ITSx-region-extraction
MPDB001979	259522	Didymella maydis (Phyllosticta maydis)	fungi	PZ745920.1	496	450	450	47.7778	ITS1-5.8S-ITS2	ITSx-region-extraction
MPDB001980	2713053	Gonatobotrys simplex	fungi	MT110303.1	926	563	563	63.7655	ITS1-5.8S-ITS2	ITSx-region-extraction
MPDB001981	2713053	Gonatobotrys simplex	fungi	MT110304.1	930	563	563	63.7655	ITS1-5.8S-ITS2	ITSx-region-extraction
MPDB001982	27349	Puccinia sorghi	fungi	AY114291.1	1350	622	622	31.9936	ITS1-5.8S-ITS2	ITSx-region-extraction
MPDB001983	27349	Puccinia sorghi	fungi	DQ345724.1	1384	239	239	27.6151	ITS2	ITSx-region-extraction
MPDB001984	27349	Puccinia sorghi	fungi	HQ154038.1	666	606	606	32.1782	ITS1-5.8S-ITS2	ITSx-region-extraction
MPDB001985	27349	Puccinia sorghi	fungi	KY354211.1	930	239	239	27.6151	ITS2	ITSx-region-extraction
MPDB001986	27349	Puccinia sorghi	fungi	KY764163.1	1328	239	239	27.6151	ITS2	ITSx-region-extraction
MPDB001987	27349	Puccinia sorghi	fungi	L08734.1	458	413	413	32.2034	5.8S-ITS2	ITSx-region-extraction
MPDB001988	27349	Puccinia sorghi	fungi	MT955202.1	638	239	239	27.6151	ITS2	ITSx-region-extraction
MPDB001989	27349	Puccinia sorghi	fungi	MT955203.1	640	239	239	27.6151	ITS2	ITSx-region-extraction
MPDB001990	27349	Puccinia sorghi	fungi	MT965574.1	549	239	239	27.6151	ITS2	ITSx-region-extraction
MPDB001991	27349	Puccinia sorghi	fungi	MT965630.1	620	239	239	27.6151	ITS2	ITSx-region-extraction
MPDB001992	27349	Puccinia sorghi	fungi	MT965631.1	551	239	239	27.6151	ITS2	ITSx-region-extraction
MPDB001993	27349	Puccinia sorghi	fungi	MT965639.1	551	238	238	27.7311	ITS2	ITSx-region-extraction
MPDB001995	27349	Puccinia sorghi	fungi	PP469634.1	1341	622	622	31.9936	ITS1-5.8S-ITS2	ITSx-region-extraction
MPDB001996	27349	Puccinia sorghi	fungi	PP471887.1	455	412	412	32.0388	5.8S-ITS2	ITSx-region-extraction
MPDB001997	27349	Puccinia sorghi	fungi	PV593786.1	363	238	238	27.7311	ITS2	ITSx-region-extraction
MPDB001999	27349	Puccinia sorghi	fungi	PX955827.1	780	622	622	31.9936	ITS1-5.8S-ITS2	ITSx-region-extraction
MPDB002000	27349	Puccinia sorghi	fungi	PX955856.1	780	622	622	31.9936	ITS1-5.8S-ITS2	ITSx-region-extraction
MPDB002001	27349	Puccinia sorghi	fungi	PX955856.1	780	622	622	31.9936	ITS1-5.8S-ITS2	ITSx-region-extraction
MPDB002002	27349	Puccinia sorghi	fungi	PX955856.1	780	622	622	31.9936	ITS1-5.8S-ITS2	ITSx-region-extraction
MPDB002004	276838	Physoderma maydis	fungi	AY997072.1	692	652	652	30.2147	ITS1-5.8S-ITS2	ITSx-region-extraction
MPDB002005	282267	Fusarium asiaticum	fungi	MZ353563.1	218	173	173	49.1329	ITS1	ITSx-region-extraction
MPDB002006	282267	Fusarium asiaticum	fungi	ON492625.1	1179	480	480	55.4167	ITS1-5.8S-ITS2	ITSx-region-extraction
MPDB002007	282267	Fusarium asiaticum	fungi	OR143379.1	531	477	477	50.3145	ITS1-5.8S-ITS2	ITSx-region-extraction
MPDB002008	282267	Fusarium asiaticum	fungi	OR565903.1	509	446	446	49.1031	ITS1-5.8S-ITS2	ITSx-region-extraction
MPDB002009	282267	Fusarium asiaticum	fungi	OR733675.1	520	453	453	49.4481	ITS1-5.8S-ITS2	ITSx-region-extraction
MPDB002010	282267	Fusarium asiaticum	fungi	OR735579.1	516	485	485	49.8969	ITS1-5.8S-ITS2	ITSx-region-extraction
MPDB002011	282267	Fusarium asiaticum	fungi	OR735582.1	514	483	483	49.4824	ITS1-5.8S-ITS2	ITSx-region-extraction
MPDB002012	282267	Fusarium asiaticum	fungi	OR735583.1	539	508	508	54.7244	ITS1-5.8S-ITS2	ITSx-region-extraction
MPDB002013	282267	Fusarium asiaticum	fungi	OR735585.1	514	485	485	49.2784	ITS1-5.8S-ITS2	ITSx-region-extraction
MPDB002014	282267	Fusarium asiaticum	fungi	OR880595.1	551	455	455	49.2308	ITS1-5.8S-ITS2	ITSx-region-extraction
MPDB002015	282267	Fusarium asiaticum	fungi	OR888992.1	285	151	151	50.9934	ITS1	ITSx-region-extraction
MPDB002016	282267	Fusarium asiaticum	fungi	OR975670.1	506	455	455	49.4505	ITS1-5.8S-ITS2	ITSx-region-extraction
MPDB002017	282267	Fusarium asiaticum	fungi	PP033955.1	486	440	440	49.5455	ITS1-5.8S-ITS2	ITSx-region-extraction
MPDB002018	282267	Fusarium asiaticum	fungi	PP087929.1	506	443	443	49.4357	ITS1-5.8S-ITS2	ITSx-region-extraction
MPDB002019	282267	Fusarium asiaticum	fungi	PP087930.1	507	444	444	49.3243	ITS1-5.8S-ITS2	ITSx-region-extraction
MPDB002020	282267	Fusarium asiaticum	fungi	PP087931.1	502	439	439	49.2027	ITS1-5.8S-ITS2	ITSx-region-extraction
MPDB002021	282267	Fusarium asiaticum	fungi	PP087932.1	501	438	438	49.0868	ITS1-5.8S-ITS2	ITSx-region-extraction
MPDB002022	282267	Fusarium asiaticum	fungi	PP087933.1	518	518	518	50.1931	ITS1-5.8S-ITS2	ITSx-region-extraction
MPDB002023	282267	Fusarium asiaticum	fungi	PP087934.1	517	517	517	50.2901	ITS1-5.8S-ITS2	ITSx-region-extraction
MPDB002024	282267	Fusarium asiaticum	fungi	PP087935.1	509	509	509	50.0982	ITS1-5.8S-ITS2	ITSx-region-extraction
MPDB002025	282267	Fusarium asiaticum	fungi	PP087936.1	500	500	500	50.4000	ITS1-5.8S-ITS2	ITSx-region-extraction
MPDB002026	282267	Fusarium asiaticum	fungi	PP357976.1	554	455	455	49.2308	ITS1-5.8S-ITS2	ITSx-region-extraction
MPDB002027	282267	Fusarium asiaticum	fungi	PP422018.1	548	485	485	49.2784	ITS1-5.8S-ITS2	ITSx-region-extraction
MPDB002028	282267	Fusarium asiaticum	fungi	PP474103.1	487	439	439	49.6583	ITS1-5.8S-ITS2	ITSx-region-extraction
MPDB002029	282267	Fusarium asiaticum	fungi	PP710694.1	530	454	454	49.1189	ITS1-5.8S-ITS2	ITSx-region-extraction
MPDB002030	282267	Fusarium asiaticum	fungi	PP905109.1	570	521	521	48.6538	ITS1-5.8S-ITS2	ITSx-region-extraction
MPDB002031	282267	Fusarium asiaticum	fungi	PQ152259.1	544	483	483	49.6894	ITS1-5.8S-ITS2	ITSx-region-extraction
MPDB002032	282267	Fusarium asiaticum	fungi	PQ219475.1	531	455	455	49.6703	ITS1-5.8S-ITS2	ITSx-region-extraction
MPDB002033	282267	Fusarium asiaticum	fungi	PV367982.1	480	443	443	49.6614	ITS1-5.8S-ITS2	ITSx-region-extraction
MPDB002034	282267	Fusarium asiaticum	fungi	PV367983.1	504	443	443	49.4357	ITS1-5.8S-ITS2	ITSx-region-extraction
MPDB002035	282267	Fusarium asiaticum	fungi	PV459639.1	516	453	453	50.3311	ITS1-5.8S-ITS2	ITSx-region-extraction
MPDB002036	282267	Fusarium asiaticum	fungi	PV569524.1	511	468	468	49.1453	ITS1-5.8S-ITS2	ITSx-region-extraction
MPDB002037	282267	Fusarium asiaticum	fungi	PV581227.1	223	147	147	48.9796	ITS1	ITSx-region-extraction
MPDB002038	282267	Fusarium asiaticum	fungi	PX057298.1	537	506	506	55.1383	ITS1-5.8S-ITS2	ITSx-region-extraction
MPDB002039	282267	Fusarium asiaticum	fungi	PX057303.1	513	483	483	49.4824	ITS1-5.8S-ITS2	ITSx-region-extraction
MPDB002040	282267	Fusarium asiaticum	fungi	PX057310.1	529	529	529	54.8204	ITS1-5.8S-ITS2	ITSx-region-extraction
MPDB002041	282267	Fusarium asiaticum	fungi	PZ266785.1	476	476	476	49.1597	ITS1-5.8S-ITS2	ITSx-region-extraction
MPDB002042	282267	Fusarium asiaticum	fungi	PZ266813.1	489	461	461	49.2408	ITS1-5.8S-ITS2	ITSx-region-extraction
MPDB002043	282267	Fusarium asiaticum	fungi	PZ466060.1	476	424	424	49.0566	ITS1-5.8S-ITS2	ITSx-region-extraction
MPDB002044	282267	Fusarium asiaticum	fungi	PZ466061.1	470	421	421	49.4062	ITS1-5.8S-ITS2	ITSx-region-extraction
MPDB002045	282267	Fusarium asiaticum	fungi	PZ671480.1	547	496	496	52.2177	ITS1-5.8S-ITS2	ITSx-region-extraction
MPDB002046	282267	Fusarium asiaticum	fungi	PZ671481.1	547	498	498	52.2088	ITS1-5.8S-ITS2	ITSx-region-extraction
MPDB002047	282267	Fusarium asiaticum	fungi	PZ780547.1	471	422	422	49.5261	ITS1-5.8S-ITS2	ITSx-region-extraction
MPDB002048	282269	Fusarium meridionale	fungi	KY466816.1	492	430	430	49.0698	ITS1-5.8S-ITS2	ITSx-region-extraction
MPDB002049	282269	Fusarium meridionale	fungi	KY466821.1	492	430	430	49.0698	ITS1-5.8S-ITS2	ITSx-region-extraction
MPDB002050	282269	Fusarium meridionale	fungi	KY466822.1	498	435	435	49.4253	ITS1-5.8S-ITS2	ITSx-region-extraction
MPDB002051	282269	Fusarium meridionale	fungi	KY466823.1	493	431	431	49.1879	ITS1-5.8S-ITS2	ITSx-region-extraction
MPDB002052	282269	Fusarium meridionale	fungi	KY466835.1	492	431	431	49.1879	ITS1-5.8S-ITS2	ITSx-region-extraction
MPDB002053	282269	Fusarium meridionale	fungi	KY466836.1	491	430	430	49.0698	ITS1-5.8S-ITS2	ITSx-region-extraction
MPDB002054	282269	Fusarium meridionale	fungi	KY466837.1	492	433	433	49.4226	ITS1-5.8S-ITS2	ITSx-region-extraction
MPDB002055	282269	Fusarium meridionale	fungi	KY466839.1	496	434	434	49.3088	ITS1-5.8S-ITS2	ITSx-region-extraction
MPDB002056	282269	Fusarium meridionale	fungi	KY466876.1	504	441	441	49.6599	ITS1-5.8S-ITS2	ITSx-region-extraction
MPDB002057	282269	Fusarium meridionale	fungi	KY466877.1	499	438	438	49.5434	ITS1-5.8S-ITS2	ITSx-region-extraction
MPDB002058	282269	Fusarium meridionale	fungi	KY466878.1	503	441	441	49.6599	ITS1-5.8S-ITS2	ITSx-region-extraction
MPDB002059	282269	Fusarium meridionale	fungi	KY466883.1	502	441	441	49.6599	ITS1-5.8S-ITS2	ITSx-region-extraction
MPDB002060	282269	Fusarium meridionale	fungi	KY466887.1	494	433	433	49.4226	ITS1-5.8S-ITS2	ITSx-region-extraction
MPDB002061	282269	Fusarium meridionale	fungi	MK524722.1	493	432	432	49.0741	ITS1-5.8S-ITS2	ITSx-region-extraction
MPDB002062	282269	Fusarium meridionale	fungi	MW016620.1	514	453	453	49.6689	ITS1-5.8S-ITS2	ITSx-region-extraction
MPDB002063	282269	Fusarium meridionale	fungi	MW016621.1	480	432	432	49.3056	ITS1-5.8S-ITS2	ITSx-region-extraction
MPDB002064	282269	Fusarium meridionale	fungi	MW016622.1	481	432	432	49.3056	ITS1-5.8S-ITS2	ITSx-region-extraction
MPDB002065	282269	Fusarium meridionale	fungi	OR538625.1	511	468	468	49.3590	ITS1-5.8S-ITS2	ITSx-region-extraction
MPDB002066	282269	Fusarium meridionale	fungi	OR538638.1	511	468	468	49.3590	ITS1-5.8S-ITS2	ITSx-region-extraction
MPDB002067	282269	Fusarium meridionale	fungi	PQ295802.1	541	455	455	49.2308	ITS1-5.8S-ITS2	ITSx-region-extraction
MPDB002068	282269	Fusarium meridionale	fungi	PQ295805.1	543	455	455	49.2308	ITS1-5.8S-ITS2	ITSx-region-extraction
MPDB002069	282269	Fusarium meridionale	fungi	PX447086.1	541	455	455	49.2308	ITS1-5.8S-ITS2	ITSx-region-extraction
MPDB002070	282269	Fusarium meridionale	fungi	PX789767.1	447	404	404	48.2673	ITS1-5.8S-ITS2	ITSx-region-extraction
MPDB002071	282269	Fusarium meridionale	fungi	PX789770.1	447	404	404	49.2574	ITS1-5.8S-ITS2	ITSx-region-extraction
MPDB002072	282269	Fusarium meridionale	fungi	PX789772.1	447	404	404	48.7624	ITS1-5.8S-ITS2	ITSx-region-extraction
MPDB002073	282269	Fusarium meridionale	fungi	PX789782.1	447	404	404	48.5149	ITS1-5.8S-ITS2	ITSx-region-extraction
MPDB002074	282269	Fusarium meridionale	fungi	PX789783.1	446	403	403	51.1166	ITS1-5.8S-ITS2	ITSx-region-extraction
MPDB002075	282269	Fusarium meridionale	fungi	PX789784.1	447	404	404	48.7624	ITS1-5.8S-ITS2	ITSx-region-extraction
MPDB002076	282271	Fusarium boothii	fungi	MH860690.1	1131	455	455	49.2308	ITS1-5.8S-ITS2	ITSx-region-extraction
MPDB002077	282271	Fusarium boothii	fungi	ON207915.1	859	455	455	49.2308	ITS1-5.8S-ITS2	ITSx-region-extraction
MPDB002078	282271	Fusarium boothii	fungi	ON207918.1	824	455	455	49.2308	ITS1-5.8S-ITS2	ITSx-region-extraction
MPDB002079	282271	Fusarium boothii	fungi	ON207920.1	857	455	455	49.2308	ITS1-5.8S-ITS2	ITSx-region-extraction
MPDB002080	282271	Fusarium boothii	fungi	ON207921.1	860	455	455	49.2308	ITS1-5.8S-ITS2	ITSx-region-extraction
MPDB002081	282271	Fusarium boothii	fungi	ON207922.1	863	455	455	49.2308	ITS1-5.8S-ITS2	ITSx-region-extraction
MPDB002082	282271	Fusarium boothii	fungi	ON207927.1	860	455	455	49.2308	ITS1-5.8S-ITS2	ITSx-region-extraction
MPDB002083	282271	Fusarium boothii	fungi	ON209618.1	861	455	455	49.2308	ITS1-5.8S-ITS2	ITSx-region-extraction
MPDB002084	282271	Fusarium boothii	fungi	ON492702.1	1190	481	481	57.7963	ITS1-5.8S-ITS2	ITSx-region-extraction
MPDB002085	282271	Fusarium boothii	fungi	OP163634.1	550	488	488	50.0000	ITS1-5.8S-ITS2	ITSx-region-extraction
MPDB002086	282271	Fusarium boothii	fungi	OP163654.1	553	489	489	50.1022	ITS1-5.8S-ITS2	ITSx-region-extraction
MPDB002087	282271	Fusarium boothii	fungi	OP163698.1	552	486	486	49.7942	ITS1-5.8S-ITS2	ITSx-region-extraction
MPDB002088	282271	Fusarium boothii	fungi	OP782316.2	523	458	458	48.9083	ITS1-5.8S-ITS2	ITSx-region-extraction
MPDB002089	282271	Fusarium boothii	fungi	OQ421787.1	498	434	434	49.3088	ITS1-5.8S-ITS2	ITSx-region-extraction
MPDB002090	282271	Fusarium boothii	fungi	OQ421788.1	511	447	447	49.4407	ITS1-5.8S-ITS2	ITSx-region-extraction
MPDB002091	282271	Fusarium boothii	fungi	OQ421789.1	505	440	440	49.5455	ITS1-5.8S-ITS2	ITSx-region-extraction
MPDB002092	282271	Fusarium boothii	fungi	OQ421790.1	488	424	424	49.0566	ITS1-5.8S-ITS2	ITSx-region-extraction
MPDB002093	282271	Fusarium boothii	fungi	OQ421791.1	497	433	433	49.4226	ITS1-5.8S-ITS2	ITSx-region-extraction
MPDB002094	282271	Fusarium boothii	fungi	OQ421792.1	502	438	438	49.7717	ITS1-5.8S-ITS2	ITSx-region-extraction
MPDB002095	282271	Fusarium boothii	fungi	OQ421793.1	500	436	436	49.3119	ITS1-5.8S-ITS2	ITSx-region-extraction
MPDB002096	282271	Fusarium boothii	fungi	OQ421794.1	506	442	442	49.7738	ITS1-5.8S-ITS2	ITSx-region-extraction
MPDB002097	282271	Fusarium boothii	fungi	OQ421795.1	508	442	442	49.5475	ITS1-5.8S-ITS2	ITSx-region-extraction
MPDB002098	282271	Fusarium boothii	fungi	OQ422856.1	579	455	455	49.2308	ITS1-5.8S-ITS2	ITSx-region-extraction
MPDB002099	282271	Fusarium boothii	fungi	OQ422857.1	489	424	424	49.0566	ITS1-5.8S-ITS2	ITSx-region-extraction
MPDB002100	282271	Fusarium boothii	fungi	OQ422858.1	572	455	455	49.2308	ITS1-5.8S-ITS2	ITSx-region-extraction
MPDB002101	282271	Fusarium boothii	fungi	OQ422859.1	505	438	438	49.7717	ITS1-5.8S-ITS2	ITSx-region-extraction
MPDB002102	282271	Fusarium boothii	fungi	OR245537.1	547	455	455	49.2308	ITS1-5.8S-ITS2	ITSx-region-extraction
MPDB002103	282271	Fusarium boothii	fungi	OR400431.1	543	456	456	47.8070	ITS1-5.8S-ITS2	ITSx-region-extraction
MPDB002104	282271	Fusarium boothii	fungi	OR880018.1	454	454	454	49.1189	ITS1-5.8S-ITS2	ITSx-region-extraction
MPDB002105	282271	Fusarium boothii	fungi	OR880024.1	423	423	423	49.1726	ITS1-5.8S-ITS2	ITSx-region-extraction
MPDB002106	282271	Fusarium boothii	fungi	OR880036.1	466	439	439	49.2027	ITS1-5.8S-ITS2	ITSx-region-extraction
MPDB002107	282271	Fusarium boothii	fungi	PP125731.1	473	425	425	48.9412	ITS1-5.8S-ITS2	ITSx-region-extraction
MPDB002108	282271	Fusarium boothii	fungi	PP422017.1	539	457	457	49.6718	ITS1-5.8S-ITS2	ITSx-region-extraction
MPDB002109	282271	Fusarium boothii	fungi	PQ039684.1	503	442	442	49.3213	ITS1-5.8S-ITS2	ITSx-region-extraction
MPDB002110	282271	Fusarium boothii	fungi	PQ772045.1	561	455	455	49.2308	ITS1-5.8S-ITS2	ITSx-region-extraction
MPDB002111	282271	Fusarium boothii	fungi	PV562992.1	544	482	482	49.5851	ITS1-5.8S-ITS2	ITSx-region-extraction
MPDB002112	282271	Fusarium boothii	fungi	PV801542.1	452	452	452	49.3363	ITS1-5.8S-ITS2	ITSx-region-extraction
MPDB002113	282271	Fusarium boothii	fungi	PV801553.1	482	482	482	49.5833	ITS1-5.8S-ITS2	ITSx-region-extraction
MPDB002114	282271	Fusarium boothii	fungi	PV801562.1	417	417	417	49.4005	ITS1-5.8S-ITS2	ITSx-region-extraction
MPDB002115	282271	Fusarium boothii	fungi	PV927250.1	462	424	424	48.5849	ITS1-5.8S-ITS2	ITSx-region-extraction
MPDB002116	282271	Fusarium boothii	fungi	PX108382.1	528	474	474	49.1561	ITS1-5.8S-ITS2	ITSx-region-extraction
MPDB002117	282271	Fusarium boothii	fungi	PZ266803.1	476	476	476	47.8992	ITS1-5.8S-ITS2	ITSx-region-extraction
MPDB002118	282271	Fusarium boothii	fungi	PZ627247.1	832	455	455	49.2308	ITS1-5.8S-ITS2	ITSx-region-extraction
MPDB002119	28572	Penicillium funiculosum / Talaromyces funiculosus	fungi	LC901906.1	565	515	515	59.4175	ITS1-5.8S-ITS2	ITSx-region-extraction
MPDB002120	28572	Penicillium funiculosum / Talaromyces funiculosus	fungi	MH859993.1	1144	507	507	60.1578	ITS1-5.8S-ITS2	ITSx-region-extraction
MPDB002121	28572	Penicillium funiculosum / Talaromyces funiculosus	fungi	MH859994.1	1452	490	490	59.5918	ITS1-5.8S-ITS2	ITSx-region-extraction
MPDB002122	28572	Penicillium funiculosum / Talaromyces funiculosus	fungi	MH860395.1	504	466	466	58.7983	ITS1-5.8S-ITS2	ITSx-region-extraction
MPDB002123	28572	Penicillium funiculosum / Talaromyces funiculosus	fungi	MH860396.1	506	468	468	58.1197	ITS1-5.8S-ITS2	ITSx-region-extraction
MPDB002124	28572	Penicillium funiculosum / Talaromyces funiculosus	fungi	MH860684.1	581	490	490	60.2041	ITS1-5.8S-ITS2	ITSx-region-extraction
MPDB002125	28572	Penicillium funiculosum / Talaromyces funiculosus	fungi	MH861957.1	784	490	490	59.1837	ITS1-5.8S-ITS2	ITSx-region-extraction
MPDB002126	28572	Penicillium funiculosum / Talaromyces funiculosus	fungi	MH864243.1	587	492	492	59.7561	ITS1-5.8S-ITS2	ITSx-region-extraction
MPDB002127	28572	Penicillium funiculosum / Talaromyces funiculosus	fungi	MH864872.1	582	485	485	59.5876	ITS1-5.8S-ITS2	ITSx-region-extraction
MPDB002128	28572	Penicillium funiculosum / Talaromyces funiculosus	fungi	MH864919.1	539	481	481	60.4990	ITS1-5.8S-ITS2	ITSx-region-extraction
MPDB002129	28572	Penicillium funiculosum / Talaromyces funiculosus	fungi	MH864925.1	583	485	485	59.5876	ITS1-5.8S-ITS2	ITSx-region-extraction
MPDB002130	28572	Penicillium funiculosum / Talaromyces funiculosus	fungi	MH865292.1	575	485	485	59.5876	ITS1-5.8S-ITS2	ITSx-region-extraction
MPDB002131	28572	Penicillium funiculosum / Talaromyces funiculosus	fungi	MH865441.1	578	489	489	60.1227	ITS1-5.8S-ITS2	ITSx-region-extraction
MPDB002132	28572	Penicillium funiculosum / Talaromyces funiculosus	fungi	MH865549.1	582	489	489	59.9182	ITS1-5.8S-ITS2	ITSx-region-extraction
MPDB002133	28572	Penicillium funiculosum / Talaromyces funiculosus	fungi	MZ353523.1	245	200	200	64.0000	ITS1	ITSx-region-extraction
MPDB002134	28572	Penicillium funiculosum / Talaromyces funiculosus	fungi	MZ353530.1	247	202	202	63.8614	ITS1	ITSx-region-extraction
MPDB002135	28572	Penicillium funiculosum / Talaromyces funiculosus	fungi	MZ353546.1	247	202	202	63.8614	ITS1	ITSx-region-extraction
MPDB002136	28572	Penicillium funiculosum / Talaromyces funiculosus	fungi	MZ353561.1	245	200	200	64.5000	ITS1	ITSx-region-extraction
MPDB002137	28572	Penicillium funiculosum / Talaromyces funiculosus	fungi	PP844509.1	549	505	505	60.0000	ITS1-5.8S-ITS2	ITSx-region-extraction
MPDB002138	28572	Penicillium funiculosum / Talaromyces funiculosus	fungi	PQ555628.1	560	507	507	59.1716	ITS1-5.8S-ITS2	ITSx-region-extraction
MPDB002139	28572	Penicillium funiculosum / Talaromyces funiculosus	fungi	PQ721339.1	250	155	155	63.8710	ITS2	ITSx-region-extraction
MPDB002140	28572	Penicillium funiculosum / Talaromyces funiculosus	fungi	PV362176.1	522	459	459	58.3878	ITS1-5.8S-ITS2	ITSx-region-extraction
MPDB002141	28572	Penicillium funiculosum / Talaromyces funiculosus	fungi	PV363923.1	552	487	487	59.5483	ITS1-5.8S-ITS2	ITSx-region-extraction
MPDB002142	28572	Penicillium funiculosum / Talaromyces funiculosus	fungi	PV363924.1	557	490	490	59.7959	ITS1-5.8S-ITS2	ITSx-region-extraction
MPDB002143	28572	Penicillium funiculosum / Talaromyces funiculosus	fungi	PV363925.1	553	485	485	59.7938	ITS1-5.8S-ITS2	ITSx-region-extraction
MPDB002144	28572	Penicillium funiculosum / Talaromyces funiculosus	fungi	PV581222.1	252	177	177	65.5367	ITS1	ITSx-region-extraction
MPDB002145	28572	Penicillium funiculosum / Talaromyces funiculosus	fungi	PV652812.1	405	377	377	50.6631	ITS1-5.8S-ITS2	ITSx-region-extraction
MPDB002146	28572	Penicillium funiculosum / Talaromyces funiculosus	fungi	PV839589.1	542	500	500	60.2000	ITS1-5.8S-ITS2	ITSx-region-extraction
MPDB002147	28572	Penicillium funiculosum / Talaromyces funiculosus	fungi	PX287135.1	545	513	513	59.4542	ITS1-5.8S-ITS2	ITSx-region-extraction
MPDB002148	28572	Penicillium funiculosum / Talaromyces funiculosus	fungi	PX427499.1	587	531	531	59.3220	ITS1-5.8S-ITS2	ITSx-region-extraction
MPDB002149	28572	Penicillium funiculosum / Talaromyces funiculosus	fungi	PX471239.1	633	517	517	60.9284	ITS1-5.8S-ITS2	ITSx-region-extraction
MPDB002150	28572	Penicillium funiculosum / Talaromyces funiculosus	fungi	PX494403.1	569	490	490	59.5918	ITS1-5.8S-ITS2	ITSx-region-extraction
MPDB002152	28572	Penicillium funiculosum / Talaromyces funiculosus	fungi	PX600458.1	526	476	476	59.0336	ITS1-5.8S-ITS2	ITSx-region-extraction
MPDB002153	28572	Penicillium funiculosum / Talaromyces funiculosus	fungi	PX830115.1	605	490	490	59.7959	ITS1-5.8S-ITS2	ITSx-region-extraction
MPDB002154	28572	Penicillium funiculosum / Talaromyces funiculosus	fungi	PX854934.1	490	490	490	58.9796	ITS1-5.8S-ITS2	ITSx-region-extraction
MPDB002155	28572	Penicillium funiculosum / Talaromyces funiculosus	fungi	PX916096.1	335	295	295	55.2542	ITS1-5.8S	ITSx-region-extraction
MPDB002157	28572	Penicillium funiculosum / Talaromyces funiculosus	fungi	PZ288163.1	512	512	512	59.3750	ITS1-5.8S-ITS2	ITSx-region-extraction
MPDB002158	28572	Penicillium funiculosum / Talaromyces funiculosus	fungi	PZ319438.1	499	499	499	58.5170	ITS1-5.8S-ITS2	ITSx-region-extraction
MPDB002159	28572	Penicillium funiculosum / Talaromyces funiculosus	fungi	PZ394571.1	572	521	521	58.7332	ITS1-5.8S-ITS2	ITSx-region-extraction
MPDB002160	28572	Penicillium funiculosum / Talaromyces funiculosus	fungi	PZ691477.1	253	177	177	66.1017	ITS1	ITSx-region-extraction
MPDB002161	28572	Penicillium funiculosum / Talaromyces funiculosus	fungi	PZ742578.1	591	490	490	59.7959	ITS1-5.8S-ITS2	ITSx-region-extraction
MPDB002162	298378	Fusarium incarnatum (F. semitectum)	fungi	MH854830.1	544	455	455	50.3297	ITS1-5.8S-ITS2	ITSx-region-extraction
MPDB002163	298378	Fusarium incarnatum (F. semitectum)	fungi	MH857950.1	543	455	455	50.1099	ITS1-5.8S-ITS2	ITSx-region-extraction
MPDB002164	298378	Fusarium incarnatum (F. semitectum)	fungi	MH857951.1	544	456	456	50.2193	ITS1-5.8S-ITS2	ITSx-region-extraction
MPDB002165	298378	Fusarium incarnatum (F. semitectum)	fungi	MH859944.1	470	470	470	50.0000	ITS1-5.8S-ITS2	ITSx-region-extraction
MPDB002166	298378	Fusarium incarnatum (F. semitectum)	fungi	MH865892.1	545	456	456	50.4386	ITS1-5.8S-ITS2	ITSx-region-extraction
MPDB002167	298378	Fusarium incarnatum (F. semitectum)	fungi	MH865893.1	515	471	471	50.5308	ITS1-5.8S-ITS2	ITSx-region-extraction
MPDB002168	298378	Fusarium incarnatum (F. semitectum)	fungi	MH865894.1	464	422	422	49.7630	ITS1-5.8S-ITS2	ITSx-region-extraction
MPDB002169	298378	Fusarium incarnatum (F. semitectum)	fungi	MH865895.1	491	451	451	50.3326	ITS1-5.8S-ITS2	ITSx-region-extraction
MPDB002170	298378	Fusarium incarnatum (F. semitectum)	fungi	MH865896.1	543	455	455	50.3297	ITS1-5.8S-ITS2	ITSx-region-extraction
MPDB002171	298378	Fusarium incarnatum (F. semitectum)	fungi	MH865897.1	543	455	455	50.1099	ITS1-5.8S-ITS2	ITSx-region-extraction
MPDB002172	298378	Fusarium incarnatum (F. semitectum)	fungi	MH866000.1	544	456	456	50.4386	ITS1-5.8S-ITS2	ITSx-region-extraction
MPDB002173	298378	Fusarium incarnatum (F. semitectum)	fungi	MH866002.1	544	456	456	50.4386	ITS1-5.8S-ITS2	ITSx-region-extraction
MPDB002174	298378	Fusarium incarnatum (F. semitectum)	fungi	PV076917.1	545	456	456	50.4386	ITS1-5.8S-ITS2	ITSx-region-extraction
MPDB002175	298378	Fusarium incarnatum (F. semitectum)	fungi	PX312709.1	529	467	467	50.9636	ITS1-5.8S-ITS2	ITSx-region-extraction
MPDB002176	298378	Fusarium incarnatum (F. semitectum)	fungi	PX312713.1	1133	457	457	50.3282	ITS1-5.8S-ITS2	ITSx-region-extraction
MPDB002177	298378	Fusarium incarnatum (F. semitectum)	fungi	PX312714.1	614	550	550	34.5455	ITS1-5.8S-ITS2	ITSx-region-extraction
MPDB002178	298378	Fusarium incarnatum (F. semitectum)	fungi	PZ025892.1	531	456	456	50.4386	ITS1-5.8S-ITS2	ITSx-region-extraction
MPDB002179	298378	Fusarium incarnatum (F. semitectum)	fungi	PZ025893.1	532	456	456	50.2193	ITS1-5.8S-ITS2	ITSx-region-extraction
MPDB002180	298378	Fusarium incarnatum (F. semitectum)	fungi	PZ306215.1	425	385	385	48.8312	ITS1-5.8S-ITS2	ITSx-region-extraction
MPDB002181	298378	Fusarium incarnatum (F. semitectum)	fungi	PZ366124.1	525	474	474	50.6329	ITS1-5.8S-ITS2	ITSx-region-extraction
MPDB002182	298378	Fusarium incarnatum (F. semitectum)	fungi	PZ368453.1	454	454	454	50.8811	ITS1-5.8S-ITS2	ITSx-region-extraction
MPDB002183	298378	Fusarium incarnatum (F. semitectum)	fungi	PZ384665.1	535	451	451	50.5543	ITS1-5.8S-ITS2	ITSx-region-extraction
MPDB002184	298378	Fusarium incarnatum (F. semitectum)	fungi	PZ403190.1	532	484	484	50.6198	ITS1-5.8S-ITS2	ITSx-region-extraction
MPDB002185	298378	Fusarium incarnatum (F. semitectum)	fungi	PZ413130.1	497	470	470	50.6383	ITS1-5.8S-ITS2	ITSx-region-extraction
MPDB002186	298378	Fusarium incarnatum (F. semitectum)	fungi	PZ413567.1	518	470	470	50.4255	ITS1-5.8S-ITS2	ITSx-region-extraction
MPDB002187	298378	Fusarium incarnatum (F. semitectum)	fungi	PZ432629.1	572	455	455	50.1099	ITS1-5.8S-ITS2	ITSx-region-extraction
MPDB002188	298378	Fusarium incarnatum (F. semitectum)	fungi	PZ432652.1	574	455	455	50.1099	ITS1-5.8S-ITS2	ITSx-region-extraction
MPDB002189	298378	Fusarium incarnatum (F. semitectum)	fungi	PZ433257.1	519	469	469	50.3198	ITS1-5.8S-ITS2	ITSx-region-extraction
MPDB002190	298378	Fusarium incarnatum (F. semitectum)	fungi	PZ509288.1	538	427	427	50.3513	ITS1-5.8S-ITS2	ITSx-region-extraction
MPDB002191	298378	Fusarium incarnatum (F. semitectum)	fungi	PZ540807.1	499	436	436	50.4587	ITS1-5.8S-ITS2	ITSx-region-extraction
MPDB002192	298378	Fusarium incarnatum (F. semitectum)	fungi	PZ556446.1	524	474	474	50.6329	ITS1-5.8S-ITS2	ITSx-region-extraction
MPDB002193	298378	Fusarium incarnatum (F. semitectum)	fungi	PZ586688.1	558	455	455	50.1099	ITS1-5.8S-ITS2	ITSx-region-extraction
MPDB002194	298378	Fusarium incarnatum (F. semitectum)	fungi	PZ586743.1	518	453	453	49.2274	ITS1-5.8S-ITS2	ITSx-region-extraction
MPDB002195	298378	Fusarium incarnatum (F. semitectum)	fungi	PZ611343.1	516	450	450	49.3333	ITS1-5.8S-ITS2	ITSx-region-extraction
MPDB002196	298378	Fusarium incarnatum (F. semitectum)	fungi	PZ626031.1	446	419	419	50.1193	ITS1-5.8S-ITS2	ITSx-region-extraction
MPDB002197	298378	Fusarium incarnatum (F. semitectum)	fungi	PZ673698.1	553	456	456	50.4386	ITS1-5.8S-ITS2	ITSx-region-extraction
MPDB002198	298378	Fusarium incarnatum (F. semitectum)	fungi	PZ675169.1	439	406	406	50.0000	ITS1-5.8S-ITS2	ITSx-region-extraction
MPDB002199	298378	Fusarium incarnatum (F. semitectum)	fungi	PZ695144.1	461	432	432	50.4630	ITS1-5.8S-ITS2	ITSx-region-extraction
MPDB002200	298378	Fusarium incarnatum (F. semitectum)	fungi	PZ710561.1	554	434	434	50.4608	ITS1-5.8S-ITS2	ITSx-region-extraction
MPDB002201	298378	Fusarium incarnatum (F. semitectum)	fungi	PZ779759.1	578	456	456	50.4386	ITS1-5.8S-ITS2	ITSx-region-extraction
MPDB002202	298378	Fusarium incarnatum (F. semitectum)	fungi	PZ779762.1	576	456	456	50.4386	ITS1-5.8S-ITS2	ITSx-region-extraction
MPDB002203	298378	Fusarium incarnatum (F. semitectum)	fungi	PZ779763.1	572	456	456	50.4386	ITS1-5.8S-ITS2	ITSx-region-extraction
MPDB002204	298378	Fusarium incarnatum (F. semitectum)	fungi	PZ780070.1	525	475	475	50.5263	ITS1-5.8S-ITS2	ITSx-region-extraction
MPDB002205	29850	Gaeumannomyces graminis	fungi	JF414847.1	534	479	479	54.6025	ITS1-5.8S-ITS2	ITSx-region-extraction
MPDB002206	29850	Gaeumannomyces graminis	fungi	JF414848.1	536	481	481	56.0417	ITS1-5.8S-ITS2	ITSx-region-extraction
MPDB002207	29850	Gaeumannomyces graminis	fungi	JF414849.1	537	482	482	54.1667	ITS1-5.8S-ITS2	ITSx-region-extraction
MPDB002208	29850	Gaeumannomyces graminis	fungi	JF710374.1	528	479	479	55.9499	ITS1-5.8S-ITS2	ITSx-region-extraction
MPDB002209	29850	Gaeumannomyces graminis	fungi	JQ658339.1	519	456	456	55.4825	ITS1-5.8S-ITS2	ITSx-region-extraction
MPDB002210	29850	Gaeumannomyces graminis	fungi	KC989064.1	569	469	469	55.4371	ITS1-5.8S-ITS2	ITSx-region-extraction
MPDB002211	29850	Gaeumannomyces graminis	fungi	KJ188682.1	518	486	486	54.7325	ITS1-5.8S-ITS2	ITSx-region-extraction
MPDB002212	29850	Gaeumannomyces graminis	fungi	KJ572178.1	553	487	487	54.6201	ITS1-5.8S-ITS2	ITSx-region-extraction
MPDB002213	29850	Gaeumannomyces graminis	fungi	KP288244.1	530	487	487	55.0308	ITS1-5.8S-ITS2	ITSx-region-extraction
MPDB002214	29850	Gaeumannomyces graminis	fungi	KP404099.1	516	476	476	54.2017	ITS1-5.8S-ITS2	ITSx-region-extraction
MPDB002215	29850	Gaeumannomyces graminis	fungi	KR534655.1	466	401	401	53.3666	ITS1-5.8S-ITS2	ITSx-region-extraction
MPDB002216	29850	Gaeumannomyces graminis	fungi	KR610476.1	430	430	430	56.5116	ITS1-5.8S-ITS2	ITSx-region-extraction
MPDB002217	29850	Gaeumannomyces graminis	fungi	KR610477.1	429	429	429	56.4103	ITS1-5.8S-ITS2	ITSx-region-extraction
MPDB002218	29850	Gaeumannomyces graminis	fungi	KR610479.1	429	429	429	55.7110	ITS1-5.8S-ITS2	ITSx-region-extraction
MPDB002219	29850	Gaeumannomyces graminis	fungi	KR610481.1	430	430	430	55.8140	ITS1-5.8S-ITS2	ITSx-region-extraction
MPDB002220	29850	Gaeumannomyces graminis	fungi	KR610482.1	430	430	430	56.0465	ITS1-5.8S-ITS2	ITSx-region-extraction
MPDB002221	29850	Gaeumannomyces graminis	fungi	KR610485.1	431	431	431	56.6125	ITS1-5.8S-ITS2	ITSx-region-extraction
MPDB002222	29850	Gaeumannomyces graminis	fungi	KR610486.1	431	431	431	56.3805	ITS1-5.8S-ITS2	ITSx-region-extraction
MPDB002223	29850	Gaeumannomyces graminis	fungi	KR610487.1	430	430	430	55.8140	ITS1-5.8S-ITS2	ITSx-region-extraction
MPDB002224	29850	Gaeumannomyces graminis	fungi	KR610489.1	429	429	429	55.7110	ITS1-5.8S-ITS2	ITSx-region-extraction
MPDB002225	29850	Gaeumannomyces graminis	fungi	KR610490.1	429	429	429	56.1772	ITS1-5.8S-ITS2	ITSx-region-extraction
MPDB002226	29850	Gaeumannomyces graminis	fungi	KT692582.1	548	464	464	55.6034	ITS1-5.8S-ITS2	ITSx-region-extraction
MPDB002227	29850	Gaeumannomyces graminis	fungi	KU204557.1	515	429	429	52.9138	ITS1-5.8S-ITS2	ITSx-region-extraction
MPDB002228	29850	Gaeumannomyces graminis	fungi	KU574696.1	540	495	495	54.7475	ITS1-5.8S-ITS2	ITSx-region-extraction
MPDB002229	29850	Gaeumannomyces graminis	fungi	KU680382.1	527	473	473	54.7569	ITS1-5.8S-ITS2	ITSx-region-extraction
MPDB002230	29850	Gaeumannomyces graminis	fungi	KX306498.1	687	467	467	53.9615	ITS1-5.8S-ITS2	ITSx-region-extraction
MPDB002231	29850	Gaeumannomyces graminis	fungi	KX306499.1	681	467	467	53.9615	ITS1-5.8S-ITS2	ITSx-region-extraction
MPDB002232	29850	Gaeumannomyces graminis	fungi	KX306500.1	688	467	467	53.9615	ITS1-5.8S-ITS2	ITSx-region-extraction
MPDB002233	29850	Gaeumannomyces graminis	fungi	KX306501.1	687	467	467	53.7473	ITS1-5.8S-ITS2	ITSx-region-extraction
MPDB002234	29850	Gaeumannomyces graminis	fungi	KX306502.1	691	467	467	53.9615	ITS1-5.8S-ITS2	ITSx-region-extraction
MPDB002235	29850	Gaeumannomyces graminis	fungi	KX306503.1	691	467	467	53.7473	ITS1-5.8S-ITS2	ITSx-region-extraction
MPDB002236	29850	Gaeumannomyces graminis	fungi	KX306504.1	688	467	467	53.9615	ITS1-5.8S-ITS2	ITSx-region-extraction
MPDB002237	29850	Gaeumannomyces graminis	fungi	KX306505.1	691	467	467	53.9615	ITS1-5.8S-ITS2	ITSx-region-extraction
MPDB002238	29850	Gaeumannomyces graminis	fungi	KY570518.1	538	479	479	55.3236	ITS1-5.8S-ITS2	ITSx-region-extraction
MPDB002239	29850	Gaeumannomyces graminis	fungi	KY570519.1	540	477	477	54.9266	ITS1-5.8S-ITS2	ITSx-region-extraction
MPDB002240	29850	Gaeumannomyces graminis	fungi	MK281686.1	223	142	142	51.4085	ITS1	ITSx-region-extraction
MPDB002241	29850	Gaeumannomyces graminis	fungi	MK934588.1	524	470	470	55.3191	ITS1-5.8S-ITS2	ITSx-region-extraction
MPDB002242	29850	Gaeumannomyces graminis	fungi	MN587994.1	490	490	490	55.5102	ITS1-5.8S-ITS2	ITSx-region-extraction
MPDB002243	29850	Gaeumannomyces graminis	fungi	MT446125.1	688	465	465	54.6237	ITS1-5.8S-ITS2	ITSx-region-extraction
MPDB002244	29850	Gaeumannomyces graminis	fungi	MW157765.1	260	135	135	60.0000	ITS1	ITSx-region-extraction
MPDB002245	29850	Gaeumannomyces graminis	fungi	MZ513052.1	477	430	430	56.2791	ITS1-5.8S-ITS2	ITSx-region-extraction
MPDB002246	29850	Gaeumannomyces graminis	fungi	OM262259.1	550	465	465	54.8387	ITS1-5.8S-ITS2	ITSx-region-extraction
MPDB002247	29850	Gaeumannomyces graminis	fungi	OM262261.1	531	485	485	54.4330	ITS1-5.8S-ITS2	ITSx-region-extraction
MPDB002248	29917	Cladosporium cladosporioides	fungi	MH857281.1	509	466	466	51.9313	ITS1-5.8S-ITS2	ITSx-region-extraction
MPDB002249	29917	Cladosporium cladosporioides	fungi	MH863917.1	549	461	461	51.4100	ITS1-5.8S-ITS2	ITSx-region-extraction
MPDB002250	29917	Cladosporium cladosporioides	fungi	MH863979.1	567	461	461	51.4100	ITS1-5.8S-ITS2	ITSx-region-extraction
MPDB002251	29917	Cladosporium cladosporioides	fungi	MH864012.1	561	461	461	51.4100	ITS1-5.8S-ITS2	ITSx-region-extraction
MPDB002252	29917	Cladosporium cladosporioides	fungi	MH864338.1	575	461	461	52.0607	ITS1-5.8S-ITS2	ITSx-region-extraction
MPDB002253	29917	Cladosporium cladosporioides	fungi	MH864397.1	550	460	460	51.5217	ITS1-5.8S-ITS2	ITSx-region-extraction
MPDB002254	29917	Cladosporium cladosporioides	fungi	MH864399.1	563	461	461	51.4100	ITS1-5.8S-ITS2	ITSx-region-extraction
MPDB002255	29917	Cladosporium cladosporioides	fungi	MH864505.1	685	461	461	51.4100	ITS1-5.8S-ITS2	ITSx-region-extraction
MPDB002256	29917	Cladosporium cladosporioides	fungi	MH864528.1	550	461	461	51.4100	ITS1-5.8S-ITS2	ITSx-region-extraction
MPDB002257	29917	Cladosporium cladosporioides	fungi	MH864765.1	553	461	461	51.4100	ITS1-5.8S-ITS2	ITSx-region-extraction
MPDB002258	29917	Cladosporium cladosporioides	fungi	MH864834.1	551	461	461	51.4100	ITS1-5.8S-ITS2	ITSx-region-extraction
MPDB002259	29917	Cladosporium cladosporioides	fungi	MH865207.1	552	461	461	51.4100	ITS1-5.8S-ITS2	ITSx-region-extraction
MPDB002260	29917	Cladosporium cladosporioides	fungi	PP844230.1	478	432	432	50.6944	ITS1-5.8S-ITS2	ITSx-region-extraction
MPDB002261	29917	Cladosporium cladosporioides	fungi	PP844306.1	478	431	431	50.8121	ITS1-5.8S-ITS2	ITSx-region-extraction
MPDB002262	29917	Cladosporium cladosporioides	fungi	PP922467.1	524	463	463	51.4039	ITS1-5.8S-ITS2	ITSx-region-extraction
MPDB002263	29917	Cladosporium cladosporioides	fungi	PQ350598.1	482	482	482	51.4523	ITS1-5.8S-ITS2	ITSx-region-extraction
MPDB002264	29917	Cladosporium cladosporioides	fungi	PQ350611.1	482	482	482	51.4523	ITS1-5.8S-ITS2	ITSx-region-extraction
MPDB002265	29917	Cladosporium cladosporioides	fungi	PQ350620.1	487	463	463	51.1879	ITS1-5.8S-ITS2	ITSx-region-extraction
MPDB002266	29917	Cladosporium cladosporioides	fungi	PQ350628.1	484	458	458	51.5284	ITS1-5.8S-ITS2	ITSx-region-extraction
MPDB002267	29917	Cladosporium cladosporioides	fungi	PQ350633.1	489	463	463	51.1879	ITS1-5.8S-ITS2	ITSx-region-extraction
MPDB002268	29917	Cladosporium cladosporioides	fungi	PQ350635.1	488	459	459	51.4161	ITS1-5.8S-ITS2	ITSx-region-extraction
MPDB002269	29917	Cladosporium cladosporioides	fungi	PV620203.1	558	461	461	51.4100	ITS1-5.8S-ITS2	ITSx-region-extraction
MPDB002270	29917	Cladosporium cladosporioides	fungi	PX071371.1	512	461	461	52.0607	ITS1-5.8S-ITS2	ITSx-region-extraction
MPDB002271	29917	Cladosporium cladosporioides	fungi	PX071389.1	511	460	460	51.7391	ITS1-5.8S-ITS2	ITSx-region-extraction
MPDB002272	29917	Cladosporium cladosporioides	fungi	PX132778.1	552	490	490	52.2449	ITS1-5.8S-ITS2	ITSx-region-extraction
MPDB002273	29917	Cladosporium cladosporioides	fungi	PX587824.1	1430	461	461	51.4100	ITS1-5.8S-ITS2	ITSx-region-extraction
MPDB002274	29917	Cladosporium cladosporioides	fungi	PZ575793.1	522	477	477	51.3627	ITS1-5.8S-ITS2	ITSx-region-extraction
MPDB002275	29917	Cladosporium cladosporioides	fungi	PZ575807.1	523	477	477	51.3627	ITS1-5.8S-ITS2	ITSx-region-extraction
MPDB002276	29917	Cladosporium cladosporioides	fungi	PZ575811.1	519	473	473	51.1628	ITS1-5.8S-ITS2	ITSx-region-extraction
MPDB002277	29917	Cladosporium cladosporioides	fungi	PZ575815.1	520	474	474	51.2658	ITS1-5.8S-ITS2	ITSx-region-extraction
MPDB002278	29917	Cladosporium cladosporioides	fungi	PZ579211.1	530	479	479	51.5658	ITS1-5.8S-ITS2	ITSx-region-extraction
MPDB002279	29917	Cladosporium cladosporioides	fungi	PZ579228.1	526	478	478	51.4644	ITS1-5.8S-ITS2	ITSx-region-extraction
MPDB002280	29917	Cladosporium cladosporioides	fungi	PZ658197.1	495	452	452	51.5487	ITS1-5.8S-ITS2	ITSx-region-extraction
MPDB002281	29917	Cladosporium cladosporioides	fungi	PZ661514.1	481	412	412	51.4563	ITS1-5.8S-ITS2	ITSx-region-extraction
MPDB002282	29917	Cladosporium cladosporioides	fungi	PZ691839.1	258	182	182	67.0330	ITS1	ITSx-region-extraction
MPDB002283	29917	Cladosporium cladosporioides	fungi	PZ706475.1	478	431	431	50.8121	ITS1-5.8S-ITS2	ITSx-region-extraction
MPDB002284	29917	Cladosporium cladosporioides	fungi	PZ719801.1	426	426	426	51.6432	ITS1-5.8S-ITS2	ITSx-region-extraction
MPDB002285	29917	Cladosporium cladosporioides	fungi	PZ728842.1	507	481	481	51.7672	ITS1-5.8S-ITS2	ITSx-region-extraction
MPDB002286	29917	Cladosporium cladosporioides	fungi	PZ770543.1	355	355	355	52.1127	ITS1-5.8S-ITS2	ITSx-region-extraction
MPDB002287	29917	Cladosporium cladosporioides	fungi	PZ794430.1	530	478	478	51.4644	ITS1-5.8S-ITS2	ITSx-region-extraction
MPDB002288	29917	Cladosporium cladosporioides	fungi	PZ816501.1	556	461	461	51.4100	ITS1-5.8S-ITS2	ITSx-region-extraction
MPDB002289	29917	Cladosporium cladosporioides	fungi	PZ818897.1	588	459	459	51.8519	ITS1-5.8S-ITS2	ITSx-region-extraction
MPDB002290	29917	Cladosporium cladosporioides	fungi	PZ830435.1	479	431	431	50.8121	ITS1-5.8S-ITS2	ITSx-region-extraction
MPDB002291	29918	Cladosporium herbarum	fungi	MH856530.1	479	479	479	51.1482	ITS1-5.8S-ITS2	ITSx-region-extraction
MPDB002292	29918	Cladosporium herbarum	fungi	MH856534.1	497	471	471	51.1677	ITS1-5.8S-ITS2	ITSx-region-extraction
MPDB002293	29918	Cladosporium herbarum	fungi	MH863793.1	572	460	460	50.6522	ITS1-5.8S-ITS2	ITSx-region-extraction
MPDB002294	29918	Cladosporium herbarum	fungi	MH863798.1	702	460	460	51.5217	ITS1-5.8S-ITS2	ITSx-region-extraction
MPDB002295	29918	Cladosporium herbarum	fungi	MH863980.1	575	460	460	50.8696	ITS1-5.8S-ITS2	ITSx-region-extraction
MPDB002296	29918	Cladosporium herbarum	fungi	MH863981.1	577	460	460	50.8696	ITS1-5.8S-ITS2	ITSx-region-extraction
MPDB002297	29918	Cladosporium herbarum	fungi	MH864758.1	514	465	465	51.1828	ITS1-5.8S-ITS2	ITSx-region-extraction
MPDB002298	29918	Cladosporium herbarum	fungi	MH864772.1	551	460	460	51.5217	ITS1-5.8S-ITS2	ITSx-region-extraction
MPDB002299	29918	Cladosporium herbarum	fungi	MH864860.1	565	460	460	51.5217	ITS1-5.8S-ITS2	ITSx-region-extraction
MPDB002300	29918	Cladosporium herbarum	fungi	MH864921.1	564	461	461	51.4100	ITS1-5.8S-ITS2	ITSx-region-extraction
MPDB002301	29918	Cladosporium herbarum	fungi	MH865142.1	521	476	476	51.8908	ITS1-5.8S-ITS2	ITSx-region-extraction
MPDB002302	29918	Cladosporium herbarum	fungi	MH865203.1	550	461	461	51.4100	ITS1-5.8S-ITS2	ITSx-region-extraction
MPDB002303	29918	Cladosporium herbarum	fungi	PQ206470.1	463	463	463	51.8359	ITS1-5.8S-ITS2	ITSx-region-extraction
MPDB002304	29918	Cladosporium herbarum	fungi	PQ671421.1	471	471	471	51.5924	ITS1-5.8S-ITS2	ITSx-region-extraction
MPDB002305	29918	Cladosporium herbarum	fungi	PQ770979.1	478	478	478	51.0460	ITS1-5.8S-ITS2	ITSx-region-extraction
MPDB002306	29918	Cladosporium herbarum	fungi	PV610483.1	502	456	456	51.5351	ITS1-5.8S-ITS2	ITSx-region-extraction
MPDB002307	29918	Cladosporium herbarum	fungi	PV620838.1	1429	460	460	51.5217	ITS1-5.8S-ITS2	ITSx-region-extraction
MPDB002308	29918	Cladosporium herbarum	fungi	PV627107.1	230	154	154	52.5974	ITS1	ITSx-region-extraction
MPDB002309	29918	Cladosporium herbarum	fungi	PV926999.1	499	452	452	51.5487	ITS1-5.8S-ITS2	ITSx-region-extraction
MPDB002310	29918	Cladosporium herbarum	fungi	PX251922.1	426	426	426	51.1737	ITS1-5.8S-ITS2	ITSx-region-extraction
MPDB002311	29918	Cladosporium herbarum	fungi	PX307988.1	400	400	400	52.5000	ITS1-5.8S-ITS2	ITSx-region-extraction
MPDB002312	29918	Cladosporium herbarum	fungi	PX387364.1	191	157	157	51.5924	ITS1	ITSx-region-extraction
MPDB002313	29918	Cladosporium herbarum	fungi	PX487951.1	582	582	582	52.4055	ITS1-5.8S-ITS2	ITSx-region-extraction
MPDB002314	29918	Cladosporium herbarum	fungi	PX642697.1	499	499	499	51.7034	ITS1-5.8S-ITS2	ITSx-region-extraction
MPDB002315	29918	Cladosporium herbarum	fungi	PX789605.1	480	480	480	54.1667	ITS1-5.8S-ITS2	ITSx-region-extraction
MPDB002316	29918	Cladosporium herbarum	fungi	PX875864.1	226	175	175	52.0000	ITS1	ITSx-region-extraction
MPDB002317	29918	Cladosporium herbarum	fungi	PX917478.1	488	488	488	51.4344	ITS1-5.8S-ITS2	ITSx-region-extraction
MPDB002318	29918	Cladosporium herbarum	fungi	PZ027909.1	480	444	444	52.2523	ITS1-5.8S-ITS2	ITSx-region-extraction
MPDB002319	29918	Cladosporium herbarum	fungi	PZ059824.1	500	500	500	51.8000	ITS1-5.8S-ITS2	ITSx-region-extraction
MPDB002320	29918	Cladosporium herbarum	fungi	PZ135076.1	472	434	434	52.0737	ITS1-5.8S-ITS2	ITSx-region-extraction
MPDB002321	29918	Cladosporium herbarum	fungi	PZ177861.1	390	390	390	53.0769	ITS1-5.8S-ITS2	ITSx-region-extraction
MPDB002322	29918	Cladosporium herbarum	fungi	PZ204099.1	460	434	434	51.1521	ITS1-5.8S-ITS2	ITSx-region-extraction
MPDB002323	29918	Cladosporium herbarum	fungi	PZ204109.1	460	434	434	51.1521	ITS1-5.8S-ITS2	ITSx-region-extraction
MPDB002324	29918	Cladosporium herbarum	fungi	PZ242070.1	487	436	436	50.6881	ITS1-5.8S-ITS2	ITSx-region-extraction
MPDB002325	29918	Cladosporium herbarum	fungi	PZ278099.1	533	481	481	51.5593	ITS1-5.8S-ITS2	ITSx-region-extraction
MPDB002326	29918	Cladosporium herbarum	fungi	PZ278104.1	540	486	486	51.4403	ITS1-5.8S-ITS2	ITSx-region-extraction
MPDB002327	29918	Cladosporium herbarum	fungi	PZ465749.1	505	471	471	51.1677	ITS1-5.8S-ITS2	ITSx-region-extraction
MPDB002328	29918	Cladosporium herbarum	fungi	PZ567589.1	526	461	461	51.4100	ITS1-5.8S-ITS2	ITSx-region-extraction
MPDB002329	29918	Cladosporium herbarum	fungi	PZ627261.1	615	460	460	51.5217	ITS1-5.8S-ITS2	ITSx-region-extraction
MPDB002330	29918	Cladosporium herbarum	fungi	PZ658223.1	506	457	457	51.6411	ITS1-5.8S-ITS2	ITSx-region-extraction
MPDB002331	29918	Cladosporium herbarum	fungi	PZ690027.1	336	148	148	56.0811	ITS2	ITSx-region-extraction
MPDB002332	29918	Cladosporium herbarum	fungi	PZ690029.1	336	148	148	56.0811	ITS2	ITSx-region-extraction
MPDB002333	29918	Cladosporium herbarum	fungi	PZ742013.1	514	514	514	52.1401	ITS1-5.8S-ITS2	ITSx-region-extraction
MPDB002334	3021703	Marasmiellus inoderma	fungi	OQ282825.1	692	652	652	42.7914	ITS1-5.8S-ITS2	ITSx-region-extraction
MPDB002335	31870	Colletotrichum graminicola /Glomerella graminicola	fungi	OM100560.1	588	528	528	54.5455	ITS1-5.8S-ITS2	ITSx-region-extraction
MPDB002336	31870	Colletotrichum graminicola /Glomerella graminicola	fungi	OM744895.1	274	178	178	58.9888	ITS1	ITSx-region-extraction
MPDB002337	31870	Colletotrichum graminicola /Glomerella graminicola	fungi	ON207619.1	957	497	497	54.9296	ITS1-5.8S-ITS2	ITSx-region-extraction
MPDB002338	31870	Colletotrichum graminicola /Glomerella graminicola	fungi	OQ708382.1	513	513	513	54.3860	ITS1-5.8S-ITS2	ITSx-region-extraction
MPDB002339	31870	Colletotrichum graminicola /Glomerella graminicola	fungi	OQ708383.1	529	499	499	54.3086	ITS1-5.8S-ITS2	ITSx-region-extraction
MPDB002340	31870	Colletotrichum graminicola /Glomerella graminicola	fungi	OR652903.1	215	181	181	58.0110	ITS1	ITSx-region-extraction
MPDB002341	31870	Colletotrichum graminicola /Glomerella graminicola	fungi	OR652904.1	215	181	181	58.0110	ITS1	ITSx-region-extraction
MPDB002342	31870	Colletotrichum graminicola /Glomerella graminicola	fungi	OR672067.1	591	496	496	53.9256	ITS1-5.8S-ITS2	ITSx-region-extraction
MPDB002343	31870	Colletotrichum graminicola /Glomerella graminicola	fungi	OR672083.1	600	493	493	54.1582	ITS1-5.8S-ITS2	ITSx-region-extraction
MPDB002344	31870	Colletotrichum graminicola /Glomerella graminicola	fungi	PP175020.1	600	505	505	54.2574	ITS1-5.8S-ITS2	ITSx-region-extraction
MPDB002345	31870	Colletotrichum graminicola /Glomerella graminicola	fungi	PP175021.1	652	491	491	54.1752	ITS1-5.8S-ITS2	ITSx-region-extraction
MPDB002346	31870	Colletotrichum graminicola /Glomerella graminicola	fungi	PP175022.1	626	491	491	54.1752	ITS1-5.8S-ITS2	ITSx-region-extraction
MPDB002347	31870	Colletotrichum graminicola /Glomerella graminicola	fungi	PP175023.1	620	491	491	54.1752	ITS1-5.8S-ITS2	ITSx-region-extraction
MPDB002348	31870	Colletotrichum graminicola /Glomerella graminicola	fungi	PP175024.1	666	491	491	54.1752	ITS1-5.8S-ITS2	ITSx-region-extraction
MPDB002349	31870	Colletotrichum graminicola /Glomerella graminicola	fungi	PP175025.1	566	491	491	54.1752	ITS1-5.8S-ITS2	ITSx-region-extraction
MPDB002350	31870	Colletotrichum graminicola /Glomerella graminicola	fungi	PP175026.1	514	489	489	54.1922	ITS1-5.8S-ITS2	ITSx-region-extraction
MPDB002351	31870	Colletotrichum graminicola /Glomerella graminicola	fungi	PP175029.1	600	504	504	54.3651	ITS1-5.8S-ITS2	ITSx-region-extraction
MPDB002352	31870	Colletotrichum graminicola /Glomerella graminicola	fungi	PP175030.1	636	491	491	54.1752	ITS1-5.8S-ITS2	ITSx-region-extraction
MPDB002353	31870	Colletotrichum graminicola /Glomerella graminicola	fungi	PP175031.1	651	491	491	54.1752	ITS1-5.8S-ITS2	ITSx-region-extraction
MPDB002354	31870	Colletotrichum graminicola /Glomerella graminicola	fungi	PP175032.1	603	507	507	54.2406	ITS1-5.8S-ITS2	ITSx-region-extraction
MPDB002355	31870	Colletotrichum graminicola /Glomerella graminicola	fungi	PP175033.1	600	503	503	54.4732	ITS1-5.8S-ITS2	ITSx-region-extraction
MPDB002356	31870	Colletotrichum graminicola /Glomerella graminicola	fungi	PP216364.1	514	465	465	54.6237	ITS1-5.8S-ITS2	ITSx-region-extraction
MPDB002357	31870	Colletotrichum graminicola /Glomerella graminicola	fungi	PP794884.1	581	496	496	58.7879	ITS1-5.8S-ITS2	ITSx-region-extraction
MPDB002358	31870	Colletotrichum graminicola /Glomerella graminicola	fungi	PP921285.1	502	502	502	54.3825	ITS1-5.8S-ITS2	ITSx-region-extraction
MPDB002359	31870	Colletotrichum graminicola /Glomerella graminicola	fungi	PV111058.1	557	512	512	54.4922	ITS1-5.8S-ITS2	ITSx-region-extraction
MPDB002360	31870	Colletotrichum graminicola /Glomerella graminicola	fungi	PV200082.1	585	497	497	54.5272	ITS1-5.8S-ITS2	ITSx-region-extraction
MPDB002361	31870	Colletotrichum graminicola /Glomerella graminicola	fungi	PV200083.1	568	521	521	54.5106	ITS1-5.8S-ITS2	ITSx-region-extraction
MPDB002362	31870	Colletotrichum graminicola /Glomerella graminicola	fungi	PV726012.1	541	497	497	54.5272	ITS1-5.8S-ITS2	ITSx-region-extraction
MPDB002363	31870	Colletotrichum graminicola /Glomerella graminicola	fungi	PV726013.1	553	508	508	54.3307	ITS1-5.8S-ITS2	ITSx-region-extraction
MPDB002364	31870	Colletotrichum graminicola /Glomerella graminicola	fungi	PV726014.1	549	504	504	53.9683	ITS1-5.8S-ITS2	ITSx-region-extraction
MPDB002365	31870	Colletotrichum graminicola /Glomerella graminicola	fungi	PV726019.1	553	508	508	54.1339	ITS1-5.8S-ITS2	ITSx-region-extraction
MPDB002366	31870	Colletotrichum graminicola /Glomerella graminicola	fungi	PV726020.1	554	509	509	54.2240	ITS1-5.8S-ITS2	ITSx-region-extraction
MPDB002367	31870	Colletotrichum graminicola /Glomerella graminicola	fungi	PV726021.1	552	507	507	54.2406	ITS1-5.8S-ITS2	ITSx-region-extraction
MPDB002368	31870	Colletotrichum graminicola /Glomerella graminicola	fungi	PV726033.1	558	513	513	54.3860	ITS1-5.8S-ITS2	ITSx-region-extraction
MPDB002369	31870	Colletotrichum graminicola /Glomerella graminicola	fungi	PV726038.1	559	514	514	54.4747	ITS1-5.8S-ITS2	ITSx-region-extraction
MPDB002370	31870	Colletotrichum graminicola /Glomerella graminicola	fungi	PV726039.1	549	507	507	54.2406	ITS1-5.8S-ITS2	ITSx-region-extraction
MPDB002371	31870	Colletotrichum graminicola /Glomerella graminicola	fungi	PV726040.1	550	508	508	54.1339	ITS1-5.8S-ITS2	ITSx-region-extraction
MPDB002372	31870	Colletotrichum graminicola /Glomerella graminicola	fungi	PV726041.1	561	516	516	54.4574	ITS1-5.8S-ITS2	ITSx-region-extraction
MPDB002373	31870	Colletotrichum graminicola /Glomerella graminicola	fungi	PX736229.1	559	497	497	55.5332	ITS1-5.8S-ITS2	ITSx-region-extraction
MPDB002374	31870	Colletotrichum graminicola /Glomerella graminicola	fungi	PX974531.1	493	493	493	54.5639	ITS1-5.8S-ITS2	ITSx-region-extraction
MPDB002375	31870	Colletotrichum graminicola /Glomerella graminicola	fungi	PX974532.1	552	492	492	55.0813	ITS1-5.8S-ITS2	ITSx-region-extraction
MPDB002376	31870	Colletotrichum graminicola /Glomerella graminicola	fungi	PZ360773.1	587	497	497	54.5272	ITS1-5.8S-ITS2	ITSx-region-extraction
MPDB002379	318706	Curvularia pallescens	fungi	EU339370.1	535	500	500	52.2000	ITS1-5.8S-ITS2	ITSx-region-extraction
MPDB002380	318706	Curvularia pallescens	fungi	JN006786.1	490	490	490	44.8980	ITS1-5.8S-ITS2	ITSx-region-extraction
MPDB002381	318706	Curvularia pallescens	fungi	JQ585675.1	534	493	493	47.6673	ITS1-5.8S-ITS2	ITSx-region-extraction
MPDB002382	318706	Curvularia pallescens	fungi	KJ922380.1	508	444	444	48.6486	ITS1-5.8S-ITS2	ITSx-region-extraction
MPDB002383	318706	Curvularia pallescens	fungi	MH855614.1	606	515	515	49.1262	ITS1-5.8S-ITS2	ITSx-region-extraction
MPDB002384	318706	Curvularia pallescens	fungi	MH856585.1	534	534	534	49.2509	ITS1-5.8S-ITS2	ITSx-region-extraction
MPDB002385	318706	Curvularia pallescens	fungi	MK426806.1	495	451	451	45.2328	ITS1-5.8S-ITS2	ITSx-region-extraction
MPDB002386	318706	Curvularia pallescens	fungi	MK583547.1	555	496	496	44.5565	ITS1-5.8S-ITS2	ITSx-region-extraction
MPDB002387	318706	Curvularia pallescens	fungi	MN055718.1	399	399	399	45.8647	ITS1-5.8S-ITS2	ITSx-region-extraction
MPDB002388	318706	Curvularia pallescens	fungi	OM262208.1	570	488	488	44.8770	ITS1-5.8S-ITS2	ITSx-region-extraction
MPDB002389	318710	Leptosphaerulina australis	fungi	MH857342.1	701	450	450	46.6667	ITS1-5.8S-ITS2	ITSx-region-extraction
MPDB002390	318710	Leptosphaerulina australis	fungi	MH857343.1	560	449	449	46.7706	ITS1-5.8S-ITS2	ITSx-region-extraction
MPDB002391	318710	Leptosphaerulina australis	fungi	MH857344.1	691	450	450	46.6667	ITS1-5.8S-ITS2	ITSx-region-extraction
MPDB002392	318710	Leptosphaerulina australis	fungi	MH857766.1	557	450	450	46.6667	ITS1-5.8S-ITS2	ITSx-region-extraction
MPDB002393	318710	Leptosphaerulina australis	fungi	MH859488.1	485	457	457	46.1707	ITS1-5.8S-ITS2	ITSx-region-extraction
MPDB002394	318710	Leptosphaerulina australis	fungi	MH861604.1	498	454	454	46.4758	ITS1-5.8S-ITS2	ITSx-region-extraction
MPDB002395	318710	Leptosphaerulina australis	fungi	MH862995.1	570	450	450	46.6667	ITS1-5.8S-ITS2	ITSx-region-extraction
MPDB002396	318710	Leptosphaerulina australis	fungi	MN972986.1	449	421	421	46.5558	ITS1-5.8S-ITS2	ITSx-region-extraction
MPDB002397	318710	Leptosphaerulina australis	fungi	MN972987.1	468	440	440	46.5909	ITS1-5.8S-ITS2	ITSx-region-extraction
MPDB002398	318710	Leptosphaerulina australis	fungi	MN973372.2	1427	440	440	46.5909	ITS1-5.8S-ITS2	ITSx-region-extraction
MPDB002399	318710	Leptosphaerulina australis	fungi	MN973373.2	1305	421	421	46.5558	ITS1-5.8S-ITS2	ITSx-region-extraction
MPDB002400	318710	Leptosphaerulina australis	fungi	MN973374.2	1408	421	421	46.5558	ITS1-5.8S-ITS2	ITSx-region-extraction
MPDB002401	318710	Leptosphaerulina australis	fungi	MN973375.2	1321	421	421	46.5558	ITS1-5.8S-ITS2	ITSx-region-extraction
MPDB002402	318710	Leptosphaerulina australis	fungi	MN973376.2	1346	440	440	46.5909	ITS1-5.8S-ITS2	ITSx-region-extraction
MPDB002403	318710	Leptosphaerulina australis	fungi	MW063542.1	708	451	451	46.5632	ITS1-5.8S-ITS2	ITSx-region-extraction
MPDB002404	318710	Leptosphaerulina australis	fungi	MW063543.1	711	451	451	46.5632	ITS1-5.8S-ITS2	ITSx-region-extraction
MPDB002405	318710	Leptosphaerulina australis	fungi	MW063544.1	708	451	451	46.5632	ITS1-5.8S-ITS2	ITSx-region-extraction
MPDB002406	318710	Leptosphaerulina australis	fungi	MW063545.1	705	451	451	46.5632	ITS1-5.8S-ITS2	ITSx-region-extraction
MPDB002407	318710	Leptosphaerulina australis	fungi	MW063546.1	683	451	451	46.5632	ITS1-5.8S-ITS2	ITSx-region-extraction
MPDB002408	318710	Leptosphaerulina australis	fungi	MW063547.1	711	451	451	46.5632	ITS1-5.8S-ITS2	ITSx-region-extraction
MPDB002409	318710	Leptosphaerulina australis	fungi	MZ569635.1	505	468	468	47.2222	ITS1-5.8S-ITS2	ITSx-region-extraction
MPDB002410	318710	Leptosphaerulina australis	fungi	MZ950664.1	457	457	457	47.4836	ITS1-5.8S-ITS2	ITSx-region-extraction
MPDB002411	318710	Leptosphaerulina australis	fungi	OL617010.1	525	473	473	47.3573	ITS1-5.8S-ITS2	ITSx-region-extraction
MPDB002412	318710	Leptosphaerulina australis	fungi	OL664059.1	533	450	450	46.6667	ITS1-5.8S-ITS2	ITSx-region-extraction
MPDB002413	318710	Leptosphaerulina australis	fungi	OL664060.1	526	481	481	46.7775	ITS1-5.8S-ITS2	ITSx-region-extraction
MPDB002414	318710	Leptosphaerulina australis	fungi	OL664061.1	531	484	484	46.9008	ITS1-5.8S-ITS2	ITSx-region-extraction
MPDB002415	318710	Leptosphaerulina australis	fungi	OM237304.1	529	452	452	47.3451	ITS1-5.8S-ITS2	ITSx-region-extraction
MPDB002416	318710	Leptosphaerulina australis	fungi	ON500579.1	508	508	508	47.4409	ITS1-5.8S-ITS2	ITSx-region-extraction
MPDB002417	318710	Leptosphaerulina australis	fungi	ON712005.1	508	508	508	47.6378	ITS1-5.8S-ITS2	ITSx-region-extraction
MPDB002418	318710	Leptosphaerulina australis	fungi	ON712588.1	504	468	468	47.6496	ITS1-5.8S-ITS2	ITSx-region-extraction
MPDB002419	318710	Leptosphaerulina australis	fungi	OP219725.1	344	320	320	47.5000	5.8S-ITS2	ITSx-region-extraction
MPDB002420	318710	Leptosphaerulina australis	fungi	PP217321.1	441	441	441	47.3923	ITS1-5.8S-ITS2	ITSx-region-extraction
MPDB002421	318710	Leptosphaerulina australis	fungi	PP217322.1	363	363	363	45.7300	ITS1-5.8S-ITS2	ITSx-region-extraction
MPDB002422	318710	Leptosphaerulina australis	fungi	PP217323.1	426	426	426	46.9484	ITS1-5.8S-ITS2	ITSx-region-extraction
MPDB002423	318710	Leptosphaerulina australis	fungi	PP217324.1	444	444	444	47.0721	ITS1-5.8S-ITS2	ITSx-region-extraction
MPDB002424	318710	Leptosphaerulina australis	fungi	PP217325.1	419	419	419	47.2554	ITS1-5.8S-ITS2	ITSx-region-extraction
MPDB002425	318710	Leptosphaerulina australis	fungi	PP217326.1	436	436	436	46.7890	ITS1-5.8S-ITS2	ITSx-region-extraction
MPDB002426	318710	Leptosphaerulina australis	fungi	PP217327.1	452	452	452	46.6814	ITS1-5.8S-ITS2	ITSx-region-extraction
MPDB002427	318710	Leptosphaerulina australis	fungi	PP217328.1	440	440	440	46.8182	ITS1-5.8S-ITS2	ITSx-region-extraction
MPDB002428	318710	Leptosphaerulina australis	fungi	PP217329.1	443	443	443	47.1783	ITS1-5.8S-ITS2	ITSx-region-extraction
MPDB002429	318710	Leptosphaerulina australis	fungi	PP217330.1	442	442	442	47.2851	ITS1-5.8S-ITS2	ITSx-region-extraction
MPDB002430	318710	Leptosphaerulina australis	fungi	PP257796.1	375	375	375	47.2000	ITS1-5.8S-ITS2	ITSx-region-extraction
MPDB002431	318710	Leptosphaerulina australis	fungi	PP351801.1	416	416	416	47.1154	ITS1-5.8S-ITS2	ITSx-region-extraction
MPDB002432	318829	Pyricularia oryzae (Magnaporthe oryzae)	fungi	MH424730.1	474	414	414	54.8309	ITS1-5.8S-ITS2	ITSx-region-extraction
MPDB002433	318829	Pyricularia oryzae (Magnaporthe oryzae)	fungi	MH424731.1	468	417	417	54.4365	ITS1-5.8S-ITS2	ITSx-region-extraction
MPDB002434	318829	Pyricularia oryzae (Magnaporthe oryzae)	fungi	MH424732.1	479	427	427	54.0984	ITS1-5.8S-ITS2	ITSx-region-extraction
MPDB002435	318829	Pyricularia oryzae (Magnaporthe oryzae)	fungi	MH424733.1	393	330	330	56.3636	5.8S-ITS2	ITSx-region-extraction
MPDB002436	318829	Pyricularia oryzae (Magnaporthe oryzae)	fungi	MH424734.1	476	416	416	54.8077	ITS1-5.8S-ITS2	ITSx-region-extraction
MPDB002437	318829	Pyricularia oryzae (Magnaporthe oryzae)	fungi	MH424735.1	389	330	330	56.3636	5.8S-ITS2	ITSx-region-extraction
MPDB002438	318829	Pyricularia oryzae (Magnaporthe oryzae)	fungi	MH424736.1	467	416	416	54.5673	ITS1-5.8S-ITS2	ITSx-region-extraction
MPDB002439	318829	Pyricularia oryzae (Magnaporthe oryzae)	fungi	MH424737.1	476	426	426	54.2254	ITS1-5.8S-ITS2	ITSx-region-extraction
MPDB002440	318829	Pyricularia oryzae (Magnaporthe oryzae)	fungi	MH424738.1	458	408	408	54.9020	ITS1-5.8S-ITS2	ITSx-region-extraction
MPDB002441	318829	Pyricularia oryzae (Magnaporthe oryzae)	fungi	MH424739.1	466	415	415	54.4578	ITS1-5.8S-ITS2	ITSx-region-extraction
MPDB002442	318829	Pyricularia oryzae (Magnaporthe oryzae)	fungi	MH424740.1	474	425	425	54.1176	ITS1-5.8S-ITS2	ITSx-region-extraction
MPDB002443	318829	Pyricularia oryzae (Magnaporthe oryzae)	fungi	MH424741.1	465	414	414	54.5894	ITS1-5.8S-ITS2	ITSx-region-extraction
MPDB002444	318829	Pyricularia oryzae (Magnaporthe oryzae)	fungi	MH424742.1	476	424	424	54.2453	ITS1-5.8S-ITS2	ITSx-region-extraction
MPDB002445	318829	Pyricularia oryzae (Magnaporthe oryzae)	fungi	MH424743.1	454	406	406	54.6798	ITS1-5.8S-ITS2	ITSx-region-extraction
MPDB002446	318829	Pyricularia oryzae (Magnaporthe oryzae)	fungi	MH424744.1	381	330	330	56.3636	5.8S-ITS2	ITSx-region-extraction
MPDB002447	318829	Pyricularia oryzae (Magnaporthe oryzae)	fungi	MH424745.1	464	413	413	54.4794	ITS1-5.8S-ITS2	ITSx-region-extraction
MPDB002448	318829	Pyricularia oryzae (Magnaporthe oryzae)	fungi	MH424746.1	469	423	423	54.1371	ITS1-5.8S-ITS2	ITSx-region-extraction
MPDB002449	318829	Pyricularia oryzae (Magnaporthe oryzae)	fungi	MH424747.1	463	412	412	54.6117	ITS1-5.8S-ITS2	ITSx-region-extraction
MPDB002450	318829	Pyricularia oryzae (Magnaporthe oryzae)	fungi	MH424748.1	463	421	421	54.3943	ITS1-5.8S-ITS2	ITSx-region-extraction
MPDB002451	318829	Pyricularia oryzae (Magnaporthe oryzae)	fungi	MH424749.1	467	418	418	54.5455	ITS1-5.8S-ITS2	ITSx-region-extraction
MPDB002452	318829	Pyricularia oryzae (Magnaporthe oryzae)	fungi	MH424750.1	469	424	424	54.2453	ITS1-5.8S-ITS2	ITSx-region-extraction
MPDB002453	318829	Pyricularia oryzae (Magnaporthe oryzae)	fungi	MH424751.1	465	417	417	54.4365	ITS1-5.8S-ITS2	ITSx-region-extraction
MPDB002454	318829	Pyricularia oryzae (Magnaporthe oryzae)	fungi	MH424752.1	470	420	420	54.5238	ITS1-5.8S-ITS2	ITSx-region-extraction
MPDB002455	318829	Pyricularia oryzae (Magnaporthe oryzae)	fungi	MH424753.1	455	415	415	54.4578	ITS1-5.8S-ITS2	ITSx-region-extraction
MPDB002456	318829	Pyricularia oryzae (Magnaporthe oryzae)	fungi	MH424754.1	468	421	421	54.3943	ITS1-5.8S-ITS2	ITSx-region-extraction
MPDB002457	318829	Pyricularia oryzae (Magnaporthe oryzae)	fungi	MH857082.1	541	453	453	53.2009	ITS1-5.8S-ITS2	ITSx-region-extraction
MPDB002458	318829	Pyricularia oryzae (Magnaporthe oryzae)	fungi	MH859782.1	549	453	453	53.6424	ITS1-5.8S-ITS2	ITSx-region-extraction
MPDB002459	318829	Pyricularia oryzae (Magnaporthe oryzae)	fungi	PZ451090.1	288	259	259	47.8764	ITS1-5.8S	ITSx-region-extraction
MPDB002460	318829	Pyricularia oryzae (Magnaporthe oryzae)	fungi	PZ513395.1	304	304	304	51.6447	ITS1-5.8S-ITS2	ITSx-region-extraction
MPDB002461	318829	Pyricularia oryzae (Magnaporthe oryzae)	fungi	PZ538835.1	496	462	462	53.2468	ITS1-5.8S-ITS2	ITSx-region-extraction
MPDB002462	318829	Pyricularia oryzae (Magnaporthe oryzae)	fungi	PZ675881.1	483	441	441	54.8753	ITS1-5.8S-ITS2	ITSx-region-extraction
MPDB002463	318829	Pyricularia oryzae (Magnaporthe oryzae)	fungi	PZ687988.1	523	473	473	53.9112	ITS1-5.8S-ITS2	ITSx-region-extraction
MPDB002464	318829	Pyricularia oryzae (Magnaporthe oryzae)	fungi	PZ687989.1	495	462	462	53.2468	ITS1-5.8S-ITS2	ITSx-region-extraction
MPDB002465	318829	Pyricularia oryzae (Magnaporthe oryzae)	fungi	PZ687991.1	504	468	468	53.6325	ITS1-5.8S-ITS2	ITSx-region-extraction
MPDB002466	318829	Pyricularia oryzae (Magnaporthe oryzae)	fungi	PZ687992.1	520	467	467	53.5332	ITS1-5.8S-ITS2	ITSx-region-extraction
MPDB002467	318829	Pyricularia oryzae (Magnaporthe oryzae)	fungi	PZ687993.1	520	473	473	53.4884	ITS1-5.8S-ITS2	ITSx-region-extraction
MPDB002468	318829	Pyricularia oryzae (Magnaporthe oryzae)	fungi	PZ687994.1	516	469	469	53.7313	ITS1-5.8S-ITS2	ITSx-region-extraction
MPDB002469	318829	Pyricularia oryzae (Magnaporthe oryzae)	fungi	PZ687995.1	459	459	459	55.1198	ITS1-5.8S-ITS2	ITSx-region-extraction
MPDB002470	318829	Pyricularia oryzae (Magnaporthe oryzae)	fungi	PZ687996.1	519	470	470	53.4043	ITS1-5.8S-ITS2	ITSx-region-extraction
MPDB002471	318829	Pyricularia oryzae (Magnaporthe oryzae)	fungi	PZ687997.1	523	471	471	53.7155	ITS1-5.8S-ITS2	ITSx-region-extraction
MPDB002472	318829	Pyricularia oryzae (Magnaporthe oryzae)	fungi	PZ688001.1	461	461	461	55.0976	ITS1-5.8S-ITS2	ITSx-region-extraction
MPDB002473	318829	Pyricularia oryzae (Magnaporthe oryzae)	fungi	PZ702463.1	500	500	500	54.0000	ITS1-5.8S-ITS2	ITSx-region-extraction
MPDB002474	318829	Pyricularia oryzae (Magnaporthe oryzae)	fungi	PZ745921.1	541	453	453	53.4216	ITS1-5.8S-ITS2	ITSx-region-extraction
MPDB002477	33175	Phaeosphaeria herpotricha / Ophiosphaerella herpotricha	fungi	KC841020.1	4337	476	476	43.9076	ITS1-5.8S-ITS2	ITSx-region-extraction
MPDB002478	33175	Phaeosphaeria herpotricha / Ophiosphaerella herpotricha	fungi	KC841028.1	4347	476	476	43.4874	ITS1-5.8S-ITS2	ITSx-region-extraction
MPDB002479	33175	Phaeosphaeria herpotricha / Ophiosphaerella herpotricha	fungi	KC841030.1	4339	477	477	45.2830	ITS1-5.8S-ITS2	ITSx-region-extraction
MPDB002480	33175	Phaeosphaeria herpotricha / Ophiosphaerella herpotricha	fungi	KC841031.1	4813	476	476	43.4874	ITS1-5.8S-ITS2	ITSx-region-extraction
MPDB002481	33175	Phaeosphaeria herpotricha / Ophiosphaerella herpotricha	fungi	KC841033.1	4000	476	476	43.4874	ITS1-5.8S-ITS2	ITSx-region-extraction
MPDB002482	33175	Phaeosphaeria herpotricha / Ophiosphaerella herpotricha	fungi	KC841038.1	4000	476	476	43.9076	ITS1-5.8S-ITS2	ITSx-region-extraction
MPDB002483	33175	Phaeosphaeria herpotricha / Ophiosphaerella herpotricha	fungi	KC841046.1	4337	476	476	43.4874	ITS1-5.8S-ITS2	ITSx-region-extraction
MPDB002484	33175	Phaeosphaeria herpotricha / Ophiosphaerella herpotricha	fungi	KC841048.1	4000	476	476	43.6975	ITS1-5.8S-ITS2	ITSx-region-extraction
MPDB002485	33175	Phaeosphaeria herpotricha / Ophiosphaerella herpotricha	fungi	KC841049.1	4336	476	476	43.4874	ITS1-5.8S-ITS2	ITSx-region-extraction
MPDB002486	33175	Phaeosphaeria herpotricha / Ophiosphaerella herpotricha	fungi	KC841052.1	4000	476	476	43.6975	ITS1-5.8S-ITS2	ITSx-region-extraction
MPDB002487	33175	Phaeosphaeria herpotricha / Ophiosphaerella herpotricha	fungi	KC841053.1	4000	476	476	43.6975	ITS1-5.8S-ITS2	ITSx-region-extraction
MPDB002488	33175	Phaeosphaeria herpotricha / Ophiosphaerella herpotricha	fungi	KC841054.1	4002	476	476	43.6975	ITS1-5.8S-ITS2	ITSx-region-extraction
MPDB002489	33175	Phaeosphaeria herpotricha / Ophiosphaerella herpotricha	fungi	KC841058.1	3969	476	476	43.9076	ITS1-5.8S-ITS2	ITSx-region-extraction
MPDB002490	33175	Phaeosphaeria herpotricha / Ophiosphaerella herpotricha	fungi	KC841059.1	4337	476	476	43.4874	ITS1-5.8S-ITS2	ITSx-region-extraction
MPDB002491	33175	Phaeosphaeria herpotricha / Ophiosphaerella herpotricha	fungi	KC841060.1	4000	476	476	43.9076	ITS1-5.8S-ITS2	ITSx-region-extraction
MPDB002492	33175	Phaeosphaeria herpotricha / Ophiosphaerella herpotricha	fungi	KC841061.1	4337	476	476	43.4874	ITS1-5.8S-ITS2	ITSx-region-extraction
MPDB002493	33175	Phaeosphaeria herpotricha / Ophiosphaerella herpotricha	fungi	KC841063.1	4336	476	476	43.4874	ITS1-5.8S-ITS2	ITSx-region-extraction
MPDB002494	33175	Phaeosphaeria herpotricha / Ophiosphaerella herpotricha	fungi	KC841064.1	4338	476	476	43.4874	ITS1-5.8S-ITS2	ITSx-region-extraction
MPDB002495	33175	Phaeosphaeria herpotricha / Ophiosphaerella herpotricha	fungi	KC841065.1	3631	476	476	43.9076	ITS1-5.8S-ITS2	ITSx-region-extraction
MPDB002496	33175	Phaeosphaeria herpotricha / Ophiosphaerella herpotricha	fungi	KC841066.1	4337	476	476	43.4874	ITS1-5.8S-ITS2	ITSx-region-extraction
MPDB002497	33175	Phaeosphaeria herpotricha / Ophiosphaerella herpotricha	fungi	KC841067.1	4338	476	476	43.4874	ITS1-5.8S-ITS2	ITSx-region-extraction
MPDB002498	33175	Phaeosphaeria herpotricha / Ophiosphaerella herpotricha	fungi	KC841073.1	4338	476	476	43.4874	ITS1-5.8S-ITS2	ITSx-region-extraction
MPDB002499	33175	Phaeosphaeria herpotricha / Ophiosphaerella herpotricha	fungi	KC841080.1	4338	476	476	43.4874	ITS1-5.8S-ITS2	ITSx-region-extraction
MPDB002500	33175	Phaeosphaeria herpotricha / Ophiosphaerella herpotricha	fungi	KF498728.1	517	517	517	45.2611	ITS1-5.8S-ITS2	ITSx-region-extraction
MPDB002502	33175	Phaeosphaeria herpotricha / Ophiosphaerella herpotricha	fungi	KP690986.1	4315	476	476	43.4874	ITS1-5.8S-ITS2	ITSx-region-extraction
MPDB002503	33175	Phaeosphaeria herpotricha / Ophiosphaerella herpotricha	fungi	KP690987.1	4287	476	476	43.4874	ITS1-5.8S-ITS2	ITSx-region-extraction
MPDB002504	33175	Phaeosphaeria herpotricha / Ophiosphaerella herpotricha	fungi	KP690988.1	4310	476	476	43.4874	ITS1-5.8S-ITS2	ITSx-region-extraction
MPDB002505	33175	Phaeosphaeria herpotricha / Ophiosphaerella herpotricha	fungi	KP690989.1	4316	476	476	43.4874	ITS1-5.8S-ITS2	ITSx-region-extraction
MPDB002506	33175	Phaeosphaeria herpotricha / Ophiosphaerella herpotricha	fungi	KP690990.1	4254	476	476	43.4874	ITS1-5.8S-ITS2	ITSx-region-extraction
MPDB002507	33175	Phaeosphaeria herpotricha / Ophiosphaerella herpotricha	fungi	KP690991.1	4316	476	476	43.4874	ITS1-5.8S-ITS2	ITSx-region-extraction
MPDB002508	33175	Phaeosphaeria herpotricha / Ophiosphaerella herpotricha	fungi	KP690992.1	4315	476	476	43.4874	ITS1-5.8S-ITS2	ITSx-region-extraction
MPDB002509	33175	Phaeosphaeria herpotricha / Ophiosphaerella herpotricha	fungi	KT274698.1	560	500	500	44.6000	ITS1-5.8S-ITS2	ITSx-region-extraction
MPDB002510	33175	Phaeosphaeria herpotricha / Ophiosphaerella herpotricha	fungi	MN587172.1	4346	476	476	43.4874	ITS1-5.8S-ITS2	ITSx-region-extraction
MPDB002511	33175	Phaeosphaeria herpotricha / Ophiosphaerella herpotricha	fungi	MT446090.1	530	498	498	44.7791	ITS1-5.8S-ITS2	ITSx-region-extraction
MPDB002512	33175	Phaeosphaeria herpotricha / Ophiosphaerella herpotricha	fungi	ON407117.1	593	501	501	45.9082	ITS1-5.8S-ITS2	ITSx-region-extraction
MPDB002513	335854	Nigrospora oryzae (Khuskia oryzae)	fungi	MH855300.1	554	466	466	48.7124	ITS1-5.8S-ITS2	ITSx-region-extraction
MPDB002514	335854	Nigrospora oryzae (Khuskia oryzae)	fungi	MH860749.1	480	480	480	48.5417	ITS1-5.8S-ITS2	ITSx-region-extraction
MPDB002515	335854	Nigrospora oryzae (Khuskia oryzae)	fungi	PV786828.1	456	422	422	47.8673	ITS1-5.8S-ITS2	ITSx-region-extraction
MPDB002516	335854	Nigrospora oryzae (Khuskia oryzae)	fungi	PX832329.1	457	430	430	48.1395	ITS1-5.8S-ITS2	ITSx-region-extraction
MPDB002517	335854	Nigrospora oryzae (Khuskia oryzae)	fungi	PX908935.1	571	462	462	48.0519	ITS1-5.8S-ITS2	ITSx-region-extraction
MPDB002518	335854	Nigrospora oryzae (Khuskia oryzae)	fungi	PX923130.1	535	463	463	48.8121	ITS1-5.8S-ITS2	ITSx-region-extraction
MPDB002519	335854	Nigrospora oryzae (Khuskia oryzae)	fungi	PX953057.1	552	463	463	48.8121	ITS1-5.8S-ITS2	ITSx-region-extraction
MPDB002520	335854	Nigrospora oryzae (Khuskia oryzae)	fungi	PX953059.1	555	463	463	48.8121	ITS1-5.8S-ITS2	ITSx-region-extraction
MPDB002521	335854	Nigrospora oryzae (Khuskia oryzae)	fungi	PX953060.1	415	415	415	49.3976	ITS1-5.8S-ITS2	ITSx-region-extraction
MPDB002522	335854	Nigrospora oryzae (Khuskia oryzae)	fungi	PX953061.1	593	465	465	48.6022	ITS1-5.8S-ITS2	ITSx-region-extraction
MPDB002523	335854	Nigrospora oryzae (Khuskia oryzae)	fungi	PX965520.1	515	466	466	49.1416	ITS1-5.8S-ITS2	ITSx-region-extraction
MPDB002524	335854	Nigrospora oryzae (Khuskia oryzae)	fungi	PZ054261.1	441	441	441	49.4331	ITS1-5.8S-ITS2	ITSx-region-extraction
MPDB002525	335854	Nigrospora oryzae (Khuskia oryzae)	fungi	PZ113118.1	548	484	484	51.6529	ITS1-5.8S-ITS2	ITSx-region-extraction
MPDB002526	335854	Nigrospora oryzae (Khuskia oryzae)	fungi	PZ113130.1	527	463	463	49.0281	ITS1-5.8S-ITS2	ITSx-region-extraction
MPDB002527	335854	Nigrospora oryzae (Khuskia oryzae)	fungi	PZ113170.1	530	468	468	48.5043	ITS1-5.8S-ITS2	ITSx-region-extraction
MPDB002528	335854	Nigrospora oryzae (Khuskia oryzae)	fungi	PZ117519.1	467	443	443	49.6614	ITS1-5.8S-ITS2	ITSx-region-extraction
MPDB002529	335854	Nigrospora oryzae (Khuskia oryzae)	fungi	PZ163948.1	567	501	501	50.6986	ITS1-5.8S-ITS2	ITSx-region-extraction
MPDB002530	335854	Nigrospora oryzae (Khuskia oryzae)	fungi	PZ179767.1	505	452	452	49.1150	ITS1-5.8S-ITS2	ITSx-region-extraction
MPDB002531	335854	Nigrospora oryzae (Khuskia oryzae)	fungi	PZ179768.1	510	450	450	49.3333	ITS1-5.8S-ITS2	ITSx-region-extraction
MPDB002532	335854	Nigrospora oryzae (Khuskia oryzae)	fungi	PZ231266.1	529	468	468	49.3590	ITS1-5.8S-ITS2	ITSx-region-extraction
MPDB002533	335854	Nigrospora oryzae (Khuskia oryzae)	fungi	PZ262216.1	524	463	463	50.3240	ITS1-5.8S-ITS2	ITSx-region-extraction
MPDB002534	335854	Nigrospora oryzae (Khuskia oryzae)	fungi	PZ262228.1	528	467	467	50.1071	ITS1-5.8S-ITS2	ITSx-region-extraction
MPDB002535	335854	Nigrospora oryzae (Khuskia oryzae)	fungi	PZ288198.1	528	461	461	49.0239	ITS1-5.8S-ITS2	ITSx-region-extraction
MPDB002536	335854	Nigrospora oryzae (Khuskia oryzae)	fungi	PZ342846.1	480	437	437	48.9703	ITS1-5.8S-ITS2	ITSx-region-extraction
MPDB002537	335854	Nigrospora oryzae (Khuskia oryzae)	fungi	PZ386890.1	447	447	447	48.0984	ITS1-5.8S-ITS2	ITSx-region-extraction
MPDB002538	335854	Nigrospora oryzae (Khuskia oryzae)	fungi	PZ448570.1	530	468	468	48.7179	ITS1-5.8S-ITS2	ITSx-region-extraction
MPDB002539	335854	Nigrospora oryzae (Khuskia oryzae)	fungi	PZ478029.1	553	465	465	48.8172	ITS1-5.8S-ITS2	ITSx-region-extraction
MPDB002540	335854	Nigrospora oryzae (Khuskia oryzae)	fungi	PZ543369.1	526	479	479	48.8518	ITS1-5.8S-ITS2	ITSx-region-extraction
MPDB002541	335854	Nigrospora oryzae (Khuskia oryzae)	fungi	PZ556456.1	556	463	463	48.8121	ITS1-5.8S-ITS2	ITSx-region-extraction
MPDB002542	335854	Nigrospora oryzae (Khuskia oryzae)	fungi	PZ577576.1	550	467	467	49.4647	ITS1-5.8S-ITS2	ITSx-region-extraction
MPDB002543	335854	Nigrospora oryzae (Khuskia oryzae)	fungi	PZ579198.1	533	482	482	47.9253	ITS1-5.8S-ITS2	ITSx-region-extraction
MPDB002544	335854	Nigrospora oryzae (Khuskia oryzae)	fungi	PZ579209.1	534	483	483	48.0331	ITS1-5.8S-ITS2	ITSx-region-extraction
MPDB002545	335854	Nigrospora oryzae (Khuskia oryzae)	fungi	PZ579221.1	530	481	481	47.8170	ITS1-5.8S-ITS2	ITSx-region-extraction
MPDB002546	335854	Nigrospora oryzae (Khuskia oryzae)	fungi	PZ627202.1	584	464	464	48.0603	ITS1-5.8S-ITS2	ITSx-region-extraction
MPDB002547	335854	Nigrospora oryzae (Khuskia oryzae)	fungi	PZ627230.1	573	465	465	48.1720	ITS1-5.8S-ITS2	ITSx-region-extraction
MPDB002548	335854	Nigrospora oryzae (Khuskia oryzae)	fungi	PZ653124.1	529	464	464	48.9224	ITS1-5.8S-ITS2	ITSx-region-extraction
MPDB002549	335854	Nigrospora oryzae (Khuskia oryzae)	fungi	PZ653155.1	561	561	561	50.0891	ITS1-5.8S-ITS2	ITSx-region-extraction
MPDB002550	335854	Nigrospora oryzae (Khuskia oryzae)	fungi	PZ716311.1	554	463	463	48.8121	ITS1-5.8S-ITS2	ITSx-region-extraction
MPDB002551	335854	Nigrospora oryzae (Khuskia oryzae)	fungi	PZ785580.1	407	407	407	47.4201	ITS1-5.8S-ITS2	ITSx-region-extraction
MPDB002552	335854	Nigrospora oryzae (Khuskia oryzae)	fungi	PZ794735.1	496	442	442	49.0950	ITS1-5.8S-ITS2	ITSx-region-extraction
MPDB002553	335854	Nigrospora oryzae (Khuskia oryzae)	fungi	PZ798438.1	482	452	452	49.7788	ITS1-5.8S-ITS2	ITSx-region-extraction
MPDB002554	335854	Nigrospora oryzae (Khuskia oryzae)	fungi	PZ798441.1	480	452	452	49.5575	ITS1-5.8S-ITS2	ITSx-region-extraction
MPDB002555	335854	Nigrospora oryzae (Khuskia oryzae)	fungi	PZ818903.1	657	465	465	48.8172	ITS1-5.8S-ITS2	ITSx-region-extraction
MPDB002556	348901	Cercospora zeina	fungi	DQ185082.1	485	459	459	53.5948	ITS1-5.8S-ITS2	ITSx-region-extraction
MPDB002557	348901	Cercospora zeina	fungi	EU569219.1	460	434	434	53.2258	ITS1-5.8S-ITS2	ITSx-region-extraction
MPDB002558	348901	Cercospora zeina	fungi	EU569225.1	467	441	441	53.5147	ITS1-5.8S-ITS2	ITSx-region-extraction
MPDB002559	348901	Cercospora zeina	fungi	EU569227.1	463	437	437	53.7757	ITS1-5.8S-ITS2	ITSx-region-extraction
MPDB002560	348901	Cercospora zeina	fungi	EU569228.1	462	436	436	53.4404	ITS1-5.8S-ITS2	ITSx-region-extraction
MPDB002561	348901	Cercospora zeina	fungi	EU569229.1	472	446	446	53.8117	ITS1-5.8S-ITS2	ITSx-region-extraction
MPDB002562	348901	Cercospora zeina	fungi	KC878692.1	509	461	461	53.7961	ITS1-5.8S-ITS2	ITSx-region-extraction
MPDB002563	348901	Cercospora zeina	fungi	KM087687.1	536	476	476	53.5714	ITS1-5.8S-ITS2	ITSx-region-extraction
MPDB002564	348901	Cercospora zeina	fungi	KM087691.1	536	476	476	53.7815	ITS1-5.8S-ITS2	ITSx-region-extraction
MPDB002565	348901	Cercospora zeina	fungi	KX458028.1	466	466	466	53.6481	ITS1-5.8S-ITS2	ITSx-region-extraction
MPDB002566	348901	Cercospora zeina	fungi	MW486035.1	562	446	446	53.8117	ITS1-5.8S-ITS2	ITSx-region-extraction
MPDB002567	348901	Cercospora zeina	fungi	MW486036.1	554	446	446	53.8117	ITS1-5.8S-ITS2	ITSx-region-extraction
MPDB002568	348901	Cercospora zeina	fungi	PQ056514.1	508	447	447	53.4676	ITS1-5.8S-ITS2	ITSx-region-extraction
MPDB002569	348901	Cercospora zeina	fungi	PQ056515.1	506	445	445	53.2584	ITS1-5.8S-ITS2	ITSx-region-extraction
MPDB002570	348901	Cercospora zeina	fungi	PQ056516.1	504	443	443	53.2731	ITS1-5.8S-ITS2	ITSx-region-extraction
MPDB002571	348901	Cercospora zeina	fungi	PQ056517.1	509	448	448	53.1250	ITS1-5.8S-ITS2	ITSx-region-extraction
MPDB002572	348901	Cercospora zeina	fungi	PQ056518.1	508	447	447	53.0201	ITS1-5.8S-ITS2	ITSx-region-extraction
MPDB002573	348901	Cercospora zeina	fungi	PQ056519.1	508	446	446	53.1390	ITS1-5.8S-ITS2	ITSx-region-extraction
MPDB002574	348901	Cercospora zeina	fungi	PQ056520.1	507	446	446	53.3632	ITS1-5.8S-ITS2	ITSx-region-extraction
MPDB002575	348901	Cercospora zeina	fungi	PQ056521.1	506	445	445	52.8090	ITS1-5.8S-ITS2	ITSx-region-extraction
MPDB002576	348901	Cercospora zeina	fungi	PQ056522.1	506	445	445	53.2584	ITS1-5.8S-ITS2	ITSx-region-extraction
MPDB002577	348901	Cercospora zeina	fungi	PQ056523.1	506	445	445	53.2584	ITS1-5.8S-ITS2	ITSx-region-extraction
MPDB002578	348901	Cercospora zeina	fungi	PQ056524.1	508	446	446	53.1390	ITS1-5.8S-ITS2	ITSx-region-extraction
MPDB002579	348901	Cercospora zeina	fungi	PQ056525.1	510	449	449	53.4521	ITS1-5.8S-ITS2	ITSx-region-extraction
MPDB002580	348901	Cercospora zeina	fungi	PQ056526.1	448	448	448	53.5714	ITS1-5.8S-ITS2	ITSx-region-extraction
MPDB002581	348901	Cercospora zeina	fungi	PQ056527.1	454	454	454	53.5242	ITS1-5.8S-ITS2	ITSx-region-extraction
MPDB002582	348901	Cercospora zeina	fungi	PQ056553.1	267	226	226	50.4425	5.8S-ITS2	ITSx-region-extraction
MPDB002583	348901	Cercospora zeina	fungi	PQ056554.1	282	282	282	48.5816	ITS1-5.8S-ITS2	ITSx-region-extraction
MPDB002584	348901	Cercospora zeina	fungi	PQ056555.1	276	276	276	48.5507	ITS1-5.8S-ITS2	ITSx-region-extraction
MPDB002585	348901	Cercospora zeina	fungi	PQ056556.1	274	225	225	50.6667	5.8S-ITS2	ITSx-region-extraction
MPDB002586	348901	Cercospora zeina	fungi	PQ056557.1	277	277	277	49.4585	ITS1-5.8S-ITS2	ITSx-region-extraction
MPDB002587	348901	Cercospora zeina	fungi	PQ056558.1	277	277	277	49.0975	ITS1-5.8S-ITS2	ITSx-region-extraction
MPDB002588	348901	Cercospora zeina	fungi	PQ056559.1	263	227	227	50.6608	5.8S-ITS2	ITSx-region-extraction
MPDB002589	348901	Cercospora zeina	fungi	PQ056587.1	507	446	446	53.5874	ITS1-5.8S-ITS2	ITSx-region-extraction
MPDB002590	348901	Cercospora zeina	fungi	PQ061883.1	274	226	226	50.4425	5.8S-ITS2	ITSx-region-extraction
MPDB002591	348901	Cercospora zeina	fungi	PQ571645.1	278	278	278	48.5612	ITS1-5.8S-ITS2	ITSx-region-extraction
MPDB002592	348901	Cercospora zeina	fungi	PQ571646.1	276	276	276	48.9130	ITS1-5.8S-ITS2	ITSx-region-extraction
MPDB002593	348901	Cercospora zeina	fungi	PQ571647.1	278	278	278	49.2806	ITS1-5.8S-ITS2	ITSx-region-extraction
MPDB002594	348901	Cercospora zeina	fungi	PQ571650.1	508	447	447	53.9150	ITS1-5.8S-ITS2	ITSx-region-extraction
MPDB002595	348901	Cercospora zeina	fungi	PQ571655.1	507	446	446	53.3632	ITS1-5.8S-ITS2	ITSx-region-extraction
MPDB002596	348901	Cercospora zeina	fungi	PQ571657.1	506	444	444	53.6036	ITS1-5.8S-ITS2	ITSx-region-extraction
MPDB002597	348901	Cercospora zeina	fungi	PV133732.1	532	473	473	53.9112	ITS1-5.8S-ITS2	ITSx-region-extraction
MPDB002598	35725	Macrophomina phaseolina	fungi	MH864176.1	594	493	493	53.3469	ITS1-5.8S-ITS2	ITSx-region-extraction
MPDB002599	35725	Macrophomina phaseolina	fungi	MH864177.1	604	494	494	53.2389	ITS1-5.8S-ITS2	ITSx-region-extraction
MPDB002600	35725	Macrophomina phaseolina	fungi	MH864178.1	539	500	500	53.6145	ITS1-5.8S-ITS2	ITSx-region-extraction
MPDB002601	35725	Macrophomina phaseolina	fungi	MH864179.1	559	506	506	53.5573	ITS1-5.8S-ITS2	ITSx-region-extraction
MPDB002602	35725	Macrophomina phaseolina	fungi	MH864180.1	544	505	505	53.7698	ITS1-5.8S-ITS2	ITSx-region-extraction
MPDB002603	35725	Macrophomina phaseolina	fungi	MH864181.1	547	502	502	53.7849	ITS1-5.8S-ITS2	ITSx-region-extraction
MPDB002604	35725	Macrophomina phaseolina	fungi	MH864183.1	596	494	494	53.4413	ITS1-5.8S-ITS2	ITSx-region-extraction
MPDB002605	35725	Macrophomina phaseolina	fungi	MH864184.1	559	506	506	53.5573	ITS1-5.8S-ITS2	ITSx-region-extraction
MPDB002606	35725	Macrophomina phaseolina	fungi	PZ274760.1	588	493	493	53.1440	ITS1-5.8S-ITS2	ITSx-region-extraction
MPDB002607	35725	Macrophomina phaseolina	fungi	PZ578617.1	416	416	416	53.7349	ITS1-5.8S-ITS2	ITSx-region-extraction
MPDB002608	35725	Macrophomina phaseolina	fungi	PZ580501.1	414	414	414	52.1845	ITS1-5.8S-ITS2	ITSx-region-extraction
MPDB002609	35725	Macrophomina phaseolina	fungi	PZ583678.1	402	402	402	52.4876	ITS1-5.8S-ITS2	ITSx-region-extraction
MPDB002610	35725	Macrophomina phaseolina	fungi	PZ584633.1	398	398	398	51.5075	ITS1-5.8S-ITS2	ITSx-region-extraction
MPDB002611	35725	Macrophomina phaseolina	fungi	PZ585468.1	389	389	389	52.1851	ITS1-5.8S-ITS2	ITSx-region-extraction
MPDB002612	35725	Macrophomina phaseolina	fungi	PZ585477.1	457	412	412	51.6990	ITS1-5.8S-ITS2	ITSx-region-extraction
MPDB002613	35725	Macrophomina phaseolina	fungi	PZ585556.1	507	507	507	53.4517	ITS1-5.8S-ITS2	ITSx-region-extraction
MPDB002614	35725	Macrophomina phaseolina	fungi	PZ585569.1	479	440	440	52.9545	ITS1-5.8S-ITS2	ITSx-region-extraction
MPDB002615	35725	Macrophomina phaseolina	fungi	PZ585570.1	529	496	496	52.2177	ITS1-5.8S-ITS2	ITSx-region-extraction
MPDB002616	35725	Macrophomina phaseolina	fungi	PZ585684.1	573	464	464	53.2328	ITS1-5.8S-ITS2	ITSx-region-extraction
MPDB002617	35725	Macrophomina phaseolina	fungi	PZ585970.1	673	454	454	52.4229	ITS1-5.8S-ITS2	ITSx-region-extraction
MPDB002618	35725	Macrophomina phaseolina	fungi	PZ585973.1	463	463	463	53.3477	ITS1-5.8S-ITS2	ITSx-region-extraction
MPDB002619	35725	Macrophomina phaseolina	fungi	PZ590381.1	762	447	447	52.7964	ITS1-5.8S-ITS2	ITSx-region-extraction
MPDB002620	35725	Macrophomina phaseolina	fungi	PZ590382.1	687	426	426	53.0516	ITS1-5.8S-ITS2	ITSx-region-extraction
MPDB002621	35725	Macrophomina phaseolina	fungi	PZ619148.1	661	446	446	52.2422	ITS1-5.8S-ITS2	ITSx-region-extraction
MPDB002622	35725	Macrophomina phaseolina	fungi	PZ619157.1	644	493	493	53.3469	ITS1-5.8S-ITS2	ITSx-region-extraction
MPDB002623	35725	Macrophomina phaseolina	fungi	PZ619159.1	488	452	452	46.6814	ITS1-5.8S-ITS2	ITSx-region-extraction
MPDB002624	35725	Macrophomina phaseolina	fungi	PZ619173.1	627	563	563	52.9307	ITS1-5.8S-ITS2	ITSx-region-extraction
MPDB002625	35725	Macrophomina phaseolina	fungi	PZ619177.1	546	505	505	53.2673	ITS1-5.8S-ITS2	ITSx-region-extraction
MPDB002626	35725	Macrophomina phaseolina	fungi	PZ619180.1	461	461	461	53.5792	ITS1-5.8S-ITS2	ITSx-region-extraction
MPDB002627	35725	Macrophomina phaseolina	fungi	PZ623692.1	364	364	364	51.0989	ITS1-5.8S-ITS2	ITSx-region-extraction
MPDB002628	35725	Macrophomina phaseolina	fungi	PZ625881.1	491	458	458	52.4017	ITS1-5.8S-ITS2	ITSx-region-extraction
MPDB002629	35725	Macrophomina phaseolina	fungi	PZ654857.1	531	531	531	52.5424	ITS1-5.8S-ITS2	ITSx-region-extraction
MPDB002630	35725	Macrophomina phaseolina	fungi	PZ673730.1	535	470	470	52.3404	ITS1-5.8S-ITS2	ITSx-region-extraction
MPDB002631	35725	Macrophomina phaseolina	fungi	PZ675044.1	427	427	427	51.9906	ITS1-5.8S-ITS2	ITSx-region-extraction
MPDB002632	35725	Macrophomina phaseolina	fungi	PZ675045.1	442	442	442	52.0362	ITS1-5.8S-ITS2	ITSx-region-extraction
MPDB002633	35725	Macrophomina phaseolina	fungi	PZ675046.1	442	442	442	52.0362	ITS1-5.8S-ITS2	ITSx-region-extraction
MPDB002634	35725	Macrophomina phaseolina	fungi	PZ713693.1	370	335	335	50.7463	ITS1-5.8S	ITSx-region-extraction
MPDB002635	35725	Macrophomina phaseolina	fungi	PZ728854.1	596	476	476	53.1513	ITS1-5.8S-ITS2	ITSx-region-extraction
MPDB002636	35725	Macrophomina phaseolina	fungi	PZ742592.1	616	492	492	53.5417	ITS1-5.8S-ITS2	ITSx-region-extraction
MPDB002637	35725	Macrophomina phaseolina	fungi	PZ745973.1	522	471	471	52.8662	ITS1-5.8S-ITS2	ITSx-region-extraction
MPDB002638	35725	Macrophomina phaseolina	fungi	PZ746421.1	380	380	380	51.0526	ITS1-5.8S-ITS2	ITSx-region-extraction
MPDB002639	35725	Macrophomina phaseolina	fungi	PZ761564.1	445	445	445	52.1348	ITS1-5.8S-ITS2	ITSx-region-extraction
MPDB002640	35725	Macrophomina phaseolina	fungi	PZ798764.1	406	406	406	50.7389	ITS1-5.8S-ITS2	ITSx-region-extraction
MPDB002641	36050	Fusarium poae	fungi	MH854775.1	510	467	467	49.0364	ITS1-5.8S-ITS2	ITSx-region-extraction
MPDB002642	36050	Fusarium poae	fungi	MH855173.1	544	456	456	48.6842	ITS1-5.8S-ITS2	ITSx-region-extraction
MPDB002643	36050	Fusarium poae	fungi	MH858407.1	533	445	445	48.3146	ITS1-5.8S-ITS2	ITSx-region-extraction
MPDB002644	36050	Fusarium poae	fungi	MH859029.1	511	445	445	48.3146	ITS1-5.8S-ITS2	ITSx-region-extraction
MPDB002645	36050	Fusarium poae	fungi	MH864974.1	536	445	445	48.3146	ITS1-5.8S-ITS2	ITSx-region-extraction
MPDB002646	36050	Fusarium poae	fungi	ON209613.1	906	445	445	48.3146	ITS1-5.8S-ITS2	ITSx-region-extraction
MPDB002647	36050	Fusarium poae	fungi	ON209614.1	888	447	447	47.8747	ITS1-5.8S-ITS2	ITSx-region-extraction
MPDB002648	36050	Fusarium poae	fungi	ON209615.1	853	445	445	48.3146	ITS1-5.8S-ITS2	ITSx-region-extraction
MPDB002649	36050	Fusarium poae	fungi	ON209616.1	883	445	445	48.3146	ITS1-5.8S-ITS2	ITSx-region-extraction
MPDB002650	36050	Fusarium poae	fungi	ON209617.1	818	447	447	47.8747	ITS1-5.8S-ITS2	ITSx-region-extraction
MPDB002651	36050	Fusarium poae	fungi	ON229418.1	859	445	445	48.3146	ITS1-5.8S-ITS2	ITSx-region-extraction
MPDB002652	36050	Fusarium poae	fungi	ON229421.1	854	445	445	48.3146	ITS1-5.8S-ITS2	ITSx-region-extraction
MPDB002653	36050	Fusarium poae	fungi	ON229422.1	853	445	445	48.5393	ITS1-5.8S-ITS2	ITSx-region-extraction
MPDB002654	36050	Fusarium poae	fungi	OP437866.1	474	446	446	48.4305	ITS1-5.8S-ITS2	ITSx-region-extraction
MPDB002655	36050	Fusarium poae	fungi	OR142397.1	455	428	428	48.5981	ITS1-5.8S-ITS2	ITSx-region-extraction
MPDB002656	36050	Fusarium poae	fungi	OR346014.1	514	464	464	48.7069	ITS1-5.8S-ITS2	ITSx-region-extraction
MPDB002657	36050	Fusarium poae	fungi	OR357887.1	530	451	451	48.1153	ITS1-5.8S-ITS2	ITSx-region-extraction
MPDB002658	36050	Fusarium poae	fungi	OR392722.1	572	445	445	48.7640	ITS1-5.8S-ITS2	ITSx-region-extraction
MPDB002659	36050	Fusarium poae	fungi	OR562038.1	573	445	445	48.3146	ITS1-5.8S-ITS2	ITSx-region-extraction
MPDB002660	36050	Fusarium poae	fungi	OR562043.1	573	445	445	48.5393	ITS1-5.8S-ITS2	ITSx-region-extraction
MPDB002661	36050	Fusarium poae	fungi	OR598700.1	1125	445	445	48.3146	ITS1-5.8S-ITS2	ITSx-region-extraction
MPDB002662	36050	Fusarium poae	fungi	PP336541.1	1635	445	445	48.3146	ITS1-5.8S-ITS2	ITSx-region-extraction
MPDB002663	36050	Fusarium poae	fungi	PP501042.1	439	408	408	48.5294	ITS1-5.8S-ITS2	ITSx-region-extraction
MPDB002664	36050	Fusarium poae	fungi	PP947375.1	823	445	445	48.3146	ITS1-5.8S-ITS2	ITSx-region-extraction
MPDB002665	36050	Fusarium poae	fungi	PQ340546.1	530	470	470	48.7234	ITS1-5.8S-ITS2	ITSx-region-extraction
MPDB002666	36050	Fusarium poae	fungi	PV077297.1	458	410	410	48.5366	ITS1-5.8S-ITS2	ITSx-region-extraction
MPDB002667	36050	Fusarium poae	fungi	PV367985.1	478	417	417	47.7218	ITS1-5.8S-ITS2	ITSx-region-extraction
MPDB002668	36050	Fusarium poae	fungi	PV444245.1	436	406	406	48.7685	ITS1-5.8S-ITS2	ITSx-region-extraction
MPDB002669	36050	Fusarium poae	fungi	PV592550.1	501	450	450	54.2222	ITS1-5.8S-ITS2	ITSx-region-extraction
MPDB002670	36050	Fusarium poae	fungi	PV639391.1	502	447	447	48.5459	ITS1-5.8S-ITS2	ITSx-region-extraction
MPDB002671	36050	Fusarium poae	fungi	PV843836.1	369	369	369	48.2385	ITS1-5.8S-ITS2	ITSx-region-extraction
MPDB002672	36050	Fusarium poae	fungi	PV931816.1	359	149	149	50.3356	ITS2	ITSx-region-extraction
MPDB002673	36050	Fusarium poae	fungi	PX363266.1	296	151	151	50.9934	ITS2	ITSx-region-extraction
MPDB002674	36050	Fusarium poae	fungi	PX363269.1	294	149	149	50.3356	ITS2	ITSx-region-extraction
MPDB002675	36050	Fusarium poae	fungi	PX369158.1	495	440	440	48.4091	ITS1-5.8S-ITS2	ITSx-region-extraction
MPDB002676	36050	Fusarium poae	fungi	PX369159.1	523	447	447	48.5459	ITS1-5.8S-ITS2	ITSx-region-extraction
MPDB002677	36050	Fusarium poae	fungi	PX369160.1	500	446	446	48.4305	ITS1-5.8S-ITS2	ITSx-region-extraction
MPDB002678	36050	Fusarium poae	fungi	PX591066.1	1359	448	448	47.9911	ITS1-5.8S-ITS2	ITSx-region-extraction
MPDB002679	36050	Fusarium poae	fungi	PX659853.1	496	469	469	48.6141	ITS1-5.8S-ITS2	ITSx-region-extraction
MPDB002680	36050	Fusarium poae	fungi	PX725696.1	307	178	178	61.2360	ITS2	ITSx-region-extraction
MPDB002681	36050	Fusarium poae	fungi	PZ675597.1	498	431	431	48.7239	ITS1-5.8S-ITS2	ITSx-region-extraction
MPDB002682	36050	Fusarium poae	fungi	PZ695182.1	493	431	431	48.9559	ITS1-5.8S-ITS2	ITSx-region-extraction
MPDB002683	36050	Fusarium poae	fungi	PZ695189.1	490	428	428	48.5981	ITS1-5.8S-ITS2	ITSx-region-extraction
MPDB002684	36080	Mucor circinelloides	fungi	MH854580.1	635	547	547	36.1974	ITS1-5.8S-ITS2	ITSx-region-extraction
MPDB002685	36080	Mucor circinelloides	fungi	MH854641.1	636	548	548	36.3139	ITS1-5.8S-ITS2	ITSx-region-extraction
MPDB002686	36080	Mucor circinelloides	fungi	MH854974.1	645	548	548	36.3139	ITS1-5.8S-ITS2	ITSx-region-extraction
MPDB002687	36080	Mucor circinelloides	fungi	MH854979.1	633	544	544	36.0294	ITS1-5.8S-ITS2	ITSx-region-extraction
MPDB002688	36080	Mucor circinelloides	fungi	MH854980.1	638	549	549	36.4299	ITS1-5.8S-ITS2	ITSx-region-extraction
MPDB002689	36080	Mucor circinelloides	fungi	MH855528.1	596	554	554	36.1011	ITS1-5.8S-ITS2	ITSx-region-extraction
MPDB002690	36080	Mucor circinelloides	fungi	MH855658.1	637	549	549	36.4299	ITS1-5.8S-ITS2	ITSx-region-extraction
MPDB002691	36080	Mucor circinelloides	fungi	MH855659.1	634	547	547	36.5631	ITS1-5.8S-ITS2	ITSx-region-extraction
MPDB002692	36080	Mucor circinelloides	fungi	MH855660.1	635	547	547	36.0146	ITS1-5.8S-ITS2	ITSx-region-extraction
MPDB002693	36080	Mucor circinelloides	fungi	MH856521.1	636	548	548	36.1314	ITS1-5.8S-ITS2	ITSx-region-extraction
MPDB002694	36080	Mucor circinelloides	fungi	MH857182.1	640	552	552	36.2319	ITS1-5.8S-ITS2	ITSx-region-extraction
MPDB002695	36080	Mucor circinelloides	fungi	MH859111.1	635	548	548	35.7664	ITS1-5.8S-ITS2	ITSx-region-extraction
MPDB002696	36080	Mucor circinelloides	fungi	MH859803.1	633	548	548	36.4964	ITS1-5.8S-ITS2	ITSx-region-extraction
MPDB002697	36080	Mucor circinelloides	fungi	MH859804.1	603	554	554	36.6426	ITS1-5.8S-ITS2	ITSx-region-extraction
MPDB002698	36080	Mucor circinelloides	fungi	MH859805.1	605	556	556	36.8705	ITS1-5.8S-ITS2	ITSx-region-extraction
MPDB002699	36080	Mucor circinelloides	fungi	MH859806.1	639	551	551	37.7495	ITS1-5.8S-ITS2	ITSx-region-extraction
MPDB002700	36080	Mucor circinelloides	fungi	MH859807.1	817	517	517	37.3308	ITS1-5.8S-ITS2	ITSx-region-extraction
MPDB002701	36080	Mucor circinelloides	fungi	MH859808.1	637	549	549	36.4299	ITS1-5.8S-ITS2	ITSx-region-extraction
MPDB002702	36080	Mucor circinelloides	fungi	MH860064.1	576	527	527	36.8121	ITS1-5.8S-ITS2	ITSx-region-extraction
MPDB002703	36080	Mucor circinelloides	fungi	MH860622.1	635	547	547	36.1974	ITS1-5.8S-ITS2	ITSx-region-extraction
MPDB002704	36080	Mucor circinelloides	fungi	MH860623.1	637	549	549	36.6120	ITS1-5.8S-ITS2	ITSx-region-extraction
MPDB002705	36080	Mucor circinelloides	fungi	MH862534.1	635	548	548	36.8613	ITS1-5.8S-ITS2	ITSx-region-extraction
MPDB002706	36080	Mucor circinelloides	fungi	MH863646.1	643	548	548	36.3139	ITS1-5.8S-ITS2	ITSx-region-extraction
MPDB002707	36080	Mucor circinelloides	fungi	PP844139.1	523	523	523	38.8145	ITS1-5.8S-ITS2	ITSx-region-extraction
MPDB002708	36080	Mucor circinelloides	fungi	PP844478.1	577	548	548	36.3139	ITS1-5.8S-ITS2	ITSx-region-extraction
MPDB002709	36080	Mucor circinelloides	fungi	PV234064.1	611	559	559	35.5993	ITS1-5.8S-ITS2	ITSx-region-extraction
MPDB002710	36080	Mucor circinelloides	fungi	PZ465995.1	584	532	532	37.9699	ITS1-5.8S-ITS2	ITSx-region-extraction
MPDB002711	36080	Mucor circinelloides	fungi	PZ465996.1	582	530	530	37.7358	ITS1-5.8S-ITS2	ITSx-region-extraction
MPDB002712	36080	Mucor circinelloides	fungi	PZ465997.1	581	529	529	37.6181	ITS1-5.8S-ITS2	ITSx-region-extraction
MPDB002713	36080	Mucor circinelloides	fungi	PZ478071.1	638	549	549	36.4299	ITS1-5.8S-ITS2	ITSx-region-extraction
MPDB002715	36080	Mucor circinelloides	fungi	PZ498035.1	356	356	356	37.0787	ITS1-5.8S-ITS2	ITSx-region-extraction
MPDB002716	36080	Mucor circinelloides	fungi	PZ610053.1	612	612	612	37.2549	ITS1-5.8S-ITS2	ITSx-region-extraction
MPDB002717	36080	Mucor circinelloides	fungi	PZ618550.1	585	556	556	36.1011	ITS1-5.8S-ITS2	ITSx-region-extraction
MPDB002718	36080	Mucor circinelloides	fungi	PZ623857.1	595	564	564	36.3475	ITS1-5.8S-ITS2	ITSx-region-extraction
MPDB002719	36080	Mucor circinelloides	fungi	PZ623906.1	678	548	548	36.1314	ITS1-5.8S-ITS2	ITSx-region-extraction
MPDB002720	36080	Mucor circinelloides	fungi	PZ623919.1	630	542	542	37.0849	ITS1-5.8S-ITS2	ITSx-region-extraction
MPDB002721	36080	Mucor circinelloides	fungi	PZ645930.1	592	535	535	36.8224	ITS1-5.8S-ITS2	ITSx-region-extraction
MPDB002722	36080	Mucor circinelloides	fungi	PZ679022.1	624	549	549	36.4299	ITS1-5.8S-ITS2	ITSx-region-extraction
MPDB002723	36080	Mucor circinelloides	fungi	PZ685956.1	562	519	519	38.9210	ITS1-5.8S-ITS2	ITSx-region-extraction
MPDB002724	36080	Mucor circinelloides	fungi	PZ727093.1	547	547	547	36.8324	ITS1-5.8S-ITS2	ITSx-region-extraction
MPDB002725	36080	Mucor circinelloides	fungi	PZ742424.1	531	531	531	36.5348	ITS1-5.8S-ITS2	ITSx-region-extraction
MPDB002726	36080	Mucor circinelloides	fungi	PZ742477.1	517	517	517	36.1702	ITS1-5.8S-ITS2	ITSx-region-extraction
MPDB002727	371126	Stenocarpella macrospora	fungi	FR748048.1	524	496	496	57.2581	ITS1-5.8S-ITS2	ITSx-region-extraction
MPDB002728	371126	Stenocarpella macrospora	fungi	FR748049.1	528	502	502	57.5697	ITS1-5.8S-ITS2	ITSx-region-extraction
MPDB002729	371126	Stenocarpella macrospora	fungi	GQ167224.1	1060	479	479	57.4113	ITS1-5.8S-ITS2	ITSx-region-extraction
MPDB002730	371126	Stenocarpella macrospora	fungi	GQ167225.1	1069	482	482	57.6763	ITS1-5.8S-ITS2	ITSx-region-extraction
MPDB002731	371126	Stenocarpella macrospora	fungi	GQ259128.1	1078	492	492	57.5203	ITS1-5.8S-ITS2	ITSx-region-extraction
MPDB002732	371126	Stenocarpella macrospora	fungi	KY012337.1	521	460	460	56.7391	ITS1-5.8S-ITS2	ITSx-region-extraction
MPDB002733	371126	Stenocarpella macrospora	fungi	MH865024.1	584	489	489	57.6687	ITS1-5.8S-ITS2	ITSx-region-extraction
MPDB002734	371126	Stenocarpella macrospora	fungi	ON209712.1	813	489	489	57.6687	ITS1-5.8S-ITS2	ITSx-region-extraction
MPDB002735	371126	Stenocarpella macrospora	fungi	PQ241617.1	567	491	491	57.8411	ITS1-5.8S-ITS2	ITSx-region-extraction
MPDB002736	371126	Stenocarpella macrospora	fungi	PV156023.1	551	477	477	57.2327	ITS1-5.8S-ITS2	ITSx-region-extraction
MPDB002737	371126	Stenocarpella macrospora	fungi	PV156059.1	563	488	488	57.9918	ITS1-5.8S-ITS2	ITSx-region-extraction
MPDB002738	371126	Stenocarpella macrospora	fungi	PV156060.1	590	476	476	56.7227	ITS1-5.8S-ITS2	ITSx-region-extraction
MPDB002739	371126	Stenocarpella macrospora	fungi	PV291690.1	574	489	489	57.6687	ITS1-5.8S-ITS2	ITSx-region-extraction
MPDB002740	371126	Stenocarpella macrospora	fungi	PV291691.1	574	489	489	57.6687	ITS1-5.8S-ITS2	ITSx-region-extraction
MPDB002741	371126	Stenocarpella macrospora	fungi	PV291692.1	575	490	490	57.7551	ITS1-5.8S-ITS2	ITSx-region-extraction
MPDB002742	371126	Stenocarpella macrospora	fungi	PV291693.1	575	489	489	57.6687	ITS1-5.8S-ITS2	ITSx-region-extraction
MPDB002743	371126	Stenocarpella macrospora	fungi	PV291694.1	573	522	522	57.4713	ITS1-5.8S-ITS2	ITSx-region-extraction
MPDB002744	371126	Stenocarpella macrospora	fungi	PV291695.1	574	489	489	57.6687	ITS1-5.8S-ITS2	ITSx-region-extraction
MPDB002745	371126	Stenocarpella macrospora	fungi	PX965534.1	522	492	492	57.5203	ITS1-5.8S-ITS2	ITSx-region-extraction
MPDB002746	371126	Stenocarpella macrospora	fungi	PZ726902.1	543	498	498	57.6305	ITS1-5.8S-ITS2	ITSx-region-extraction
MPDB002747	38902	Curvularia inaequalis / Helminthosporium inaequale	fungi	KU935665.1	405	405	405	47.6543	ITS1-5.8S-ITS2	ITSx-region-extraction
MPDB002748	38902	Curvularia inaequalis / Helminthosporium inaequale	fungi	KY114905.1	498	498	498	46.7871	ITS1-5.8S-ITS2	ITSx-region-extraction
MPDB002749	38902	Curvularia inaequalis / Helminthosporium inaequale	fungi	MF461014.1	536	486	486	46.9136	ITS1-5.8S-ITS2	ITSx-region-extraction
MPDB002750	38902	Curvularia inaequalis / Helminthosporium inaequale	fungi	MG654437.1	597	481	481	47.4012	ITS1-5.8S-ITS2	ITSx-region-extraction
MPDB002751	38902	Curvularia inaequalis / Helminthosporium inaequale	fungi	MG654438.1	597	481	481	47.1933	ITS1-5.8S-ITS2	ITSx-region-extraction
MPDB002752	38902	Curvularia inaequalis / Helminthosporium inaequale	fungi	MH473944.1	526	487	487	47.0226	ITS1-5.8S-ITS2	ITSx-region-extraction
MPDB002753	38902	Curvularia inaequalis / Helminthosporium inaequale	fungi	MH856096.1	497	497	497	46.8813	ITS1-5.8S-ITS2	ITSx-region-extraction
MPDB002754	38902	Curvularia inaequalis / Helminthosporium inaequale	fungi	MH856636.1	569	481	481	47.1933	ITS1-5.8S-ITS2	ITSx-region-extraction
MPDB002755	38902	Curvularia inaequalis / Helminthosporium inaequale	fungi	MN720351.1	538	476	476	47.5687	ITS1-5.8S-ITS2	ITSx-region-extraction
MPDB002756	38902	Curvularia inaequalis / Helminthosporium inaequale	fungi	MN830390.1	510	464	464	46.5517	ITS1-5.8S-ITS2	ITSx-region-extraction
MPDB002757	38902	Curvularia inaequalis / Helminthosporium inaequale	fungi	MT000601.1	539	499	499	47.4950	ITS1-5.8S-ITS2	ITSx-region-extraction
MPDB002758	38902	Curvularia inaequalis / Helminthosporium inaequale	fungi	MT192114.1	509	462	462	47.6190	ITS1-5.8S-ITS2	ITSx-region-extraction
MPDB002759	38902	Curvularia inaequalis / Helminthosporium inaequale	fungi	MT229246.1	500	465	465	47.9570	ITS1-5.8S-ITS2	ITSx-region-extraction
MPDB002760	38902	Curvularia inaequalis / Helminthosporium inaequale	fungi	MT229248.1	498	464	464	47.8448	ITS1-5.8S-ITS2	ITSx-region-extraction
MPDB002761	38902	Curvularia inaequalis / Helminthosporium inaequale	fungi	MT229249.1	498	464	464	47.8448	ITS1-5.8S-ITS2	ITSx-region-extraction
MPDB002762	38902	Curvularia inaequalis / Helminthosporium inaequale	fungi	MW332244.1	511	511	511	47.5538	ITS1-5.8S-ITS2	ITSx-region-extraction
MPDB002764	38902	Curvularia inaequalis / Helminthosporium inaequale	fungi	MW940815.1	507	462	462	47.6190	ITS1-5.8S-ITS2	ITSx-region-extraction
MPDB002765	38902	Curvularia inaequalis / Helminthosporium inaequale	fungi	MZ486390.1	535	472	472	47.0339	ITS1-5.8S-ITS2	ITSx-region-extraction
MPDB002766	38902	Curvularia inaequalis / Helminthosporium inaequale	fungi	OK117928.1	605	489	489	46.2168	ITS1-5.8S-ITS2	ITSx-region-extraction
MPDB002767	38902	Curvularia inaequalis / Helminthosporium inaequale	fungi	OM232276.1	352	352	352	44.6023	ITS1-5.8S-ITS2	ITSx-region-extraction
MPDB002768	38902	Curvularia inaequalis / Helminthosporium inaequale	fungi	OM685093.1	500	464	464	47.8448	ITS1-5.8S-ITS2	ITSx-region-extraction
MPDB002769	38902	Curvularia inaequalis / Helminthosporium inaequale	fungi	ON127872.1	544	482	482	47.7178	ITS1-5.8S-ITS2	ITSx-region-extraction
MPDB002770	38902	Curvularia inaequalis / Helminthosporium inaequale	fungi	OP709686.1	547	481	481	47.1933	ITS1-5.8S-ITS2	ITSx-region-extraction
MPDB002771	38902	Curvularia inaequalis / Helminthosporium inaequale	fungi	OP710129.1	530	469	469	47.9744	ITS1-5.8S-ITS2	ITSx-region-extraction
MPDB002772	38902	Curvularia inaequalis / Helminthosporium inaequale	fungi	OR206518.1	452	452	452	47.3451	ITS1-5.8S-ITS2	ITSx-region-extraction
MPDB002773	38902	Curvularia inaequalis / Helminthosporium inaequale	fungi	OR259227.1	470	470	470	47.6596	ITS1-5.8S-ITS2	ITSx-region-extraction
MPDB002774	38902	Curvularia inaequalis / Helminthosporium inaequale	fungi	OR600286.1	567	483	483	47.2050	ITS1-5.8S-ITS2	ITSx-region-extraction
MPDB002775	38902	Curvularia inaequalis / Helminthosporium inaequale	fungi	OR602165.1	240	162	162	44.4444	ITS1	ITSx-region-extraction
MPDB002776	38902	Curvularia inaequalis / Helminthosporium inaequale	fungi	OR652925.1	200	166	166	43.3735	ITS1	ITSx-region-extraction
MPDB002777	38902	Curvularia inaequalis / Helminthosporium inaequale	fungi	OW847525.1	310	162	162	51.8519	ITS2	ITSx-region-extraction
MPDB002778	38902	Curvularia inaequalis / Helminthosporium inaequale	fungi	OW984015.1	712	483	483	47.2050	ITS1-5.8S-ITS2	ITSx-region-extraction
MPDB002779	38902	Curvularia inaequalis / Helminthosporium inaequale	fungi	OW986427.1	577	482	482	47.3029	ITS1-5.8S-ITS2	ITSx-region-extraction
MPDB002780	38902	Curvularia inaequalis / Helminthosporium inaequale	fungi	OW988110.1	579	482	482	47.3029	ITS1-5.8S-ITS2	ITSx-region-extraction
MPDB002781	38902	Curvularia inaequalis / Helminthosporium inaequale	fungi	PP789629.1	542	480	480	47.7083	ITS1-5.8S-ITS2	ITSx-region-extraction
MPDB002782	38902	Curvularia inaequalis / Helminthosporium inaequale	fungi	PP801333.1	485	450	450	46.8889	ITS1-5.8S-ITS2	ITSx-region-extraction
MPDB002783	38902	Curvularia inaequalis / Helminthosporium inaequale	fungi	PP801574.1	472	472	472	48.3051	ITS1-5.8S-ITS2	ITSx-region-extraction
MPDB002784	38902	Curvularia inaequalis / Helminthosporium inaequale	fungi	PP818868.1	505	459	459	47.7124	ITS1-5.8S-ITS2	ITSx-region-extraction
MPDB002785	38902	Curvularia inaequalis / Helminthosporium inaequale	fungi	PP851675.1	519	490	490	46.7347	ITS1-5.8S-ITS2	ITSx-region-extraction
MPDB002786	38902	Curvularia inaequalis / Helminthosporium inaequale	fungi	PP872372.1	544	483	483	47.2050	ITS1-5.8S-ITS2	ITSx-region-extraction
MPDB002787	38902	Curvularia inaequalis / Helminthosporium inaequale	fungi	PQ637670.1	527	467	467	47.9657	ITS1-5.8S-ITS2	ITSx-region-extraction
MPDB002788	38902	Curvularia inaequalis / Helminthosporium inaequale	fungi	PX106831.1	528	481	481	47.2917	ITS1-5.8S-ITS2	ITSx-region-extraction
MPDB002789	38902	Curvularia inaequalis / Helminthosporium inaequale	fungi	PZ694856.1	549	488	488	47.5410	ITS1-5.8S-ITS2	ITSx-region-extraction
MPDB002790	39291	Agroathelia rolfsii (Sclerotium rolfsii, Athelia rolfsii)	fungi	MH854711.1	681	593	593	37.2681	ITS1-5.8S-ITS2	ITSx-region-extraction
MPDB002791	39291	Agroathelia rolfsii (Sclerotium rolfsii, Athelia rolfsii)	fungi	MH858139.1	651	608	608	36.3487	ITS1-5.8S-ITS2	ITSx-region-extraction
MPDB002792	39291	Agroathelia rolfsii (Sclerotium rolfsii, Athelia rolfsii)	fungi	PP622046.1	666	598	598	35.4515	ITS1-5.8S-ITS2	ITSx-region-extraction
MPDB002793	39291	Agroathelia rolfsii (Sclerotium rolfsii, Athelia rolfsii)	fungi	PQ613299.1	1056	603	603	36.6501	ITS1-5.8S-ITS2	ITSx-region-extraction
MPDB002794	39291	Agroathelia rolfsii (Sclerotium rolfsii, Athelia rolfsii)	fungi	PV805654.1	642	609	609	37.4384	ITS1-5.8S-ITS2	ITSx-region-extraction
MPDB002795	39291	Agroathelia rolfsii (Sclerotium rolfsii, Athelia rolfsii)	fungi	PV821533.1	636	636	636	37.8931	ITS1-5.8S-ITS2	ITSx-region-extraction
MPDB002796	39291	Agroathelia rolfsii (Sclerotium rolfsii, Athelia rolfsii)	fungi	PV822558.1	632	632	632	38.1329	ITS1-5.8S-ITS2	ITSx-region-extraction
MPDB002797	39291	Agroathelia rolfsii (Sclerotium rolfsii, Athelia rolfsii)	fungi	PZ127017.1	615	615	615	37.2358	ITS1-5.8S-ITS2	ITSx-region-extraction
MPDB002798	39291	Agroathelia rolfsii (Sclerotium rolfsii, Athelia rolfsii)	fungi	PZ148206.1	584	584	584	36.6438	ITS1-5.8S-ITS2	ITSx-region-extraction
MPDB002799	39291	Agroathelia rolfsii (Sclerotium rolfsii, Athelia rolfsii)	fungi	PZ177363.1	1204	591	591	37.5635	ITS1-5.8S-ITS2	ITSx-region-extraction
MPDB002800	39291	Agroathelia rolfsii (Sclerotium rolfsii, Athelia rolfsii)	fungi	PZ177406.1	1216	595	595	37.4790	ITS1-5.8S-ITS2	ITSx-region-extraction
MPDB002801	39291	Agroathelia rolfsii (Sclerotium rolfsii, Athelia rolfsii)	fungi	PZ213631.1	548	487	487	38.1930	ITS1-5.8S-ITS2	ITSx-region-extraction
MPDB002803	39291	Agroathelia rolfsii (Sclerotium rolfsii, Athelia rolfsii)	fungi	PZ270759.1	662	212	212	32.5472	ITS1	ITSx-region-extraction
MPDB002804	39291	Agroathelia rolfsii (Sclerotium rolfsii, Athelia rolfsii)	fungi	PZ295574.1	203	59	59	55.9322	ITS2	ITSx-region-extraction
MPDB002805	39291	Agroathelia rolfsii (Sclerotium rolfsii, Athelia rolfsii)	fungi	PZ324789.1	600	571	571	37.4781	ITS1-5.8S-ITS2	ITSx-region-extraction
MPDB002806	39291	Agroathelia rolfsii (Sclerotium rolfsii, Athelia rolfsii)	fungi	PZ336356.1	683	593	593	37.2681	ITS1-5.8S-ITS2	ITSx-region-extraction
MPDB002807	39291	Agroathelia rolfsii (Sclerotium rolfsii, Athelia rolfsii)	fungi	PZ361890.1	624	596	596	37.0805	ITS1-5.8S-ITS2	ITSx-region-extraction
MPDB002808	39291	Agroathelia rolfsii (Sclerotium rolfsii, Athelia rolfsii)	fungi	PZ366142.1	572	572	572	37.5874	ITS1-5.8S-ITS2	ITSx-region-extraction
MPDB002809	39291	Agroathelia rolfsii (Sclerotium rolfsii, Athelia rolfsii)	fungi	PZ451097.1	570	570	570	37.3684	ITS1-5.8S-ITS2	ITSx-region-extraction
MPDB002810	39291	Agroathelia rolfsii (Sclerotium rolfsii, Athelia rolfsii)	fungi	PZ519993.1	599	599	599	35.7262	ITS1-5.8S-ITS2	ITSx-region-extraction
MPDB002811	39291	Agroathelia rolfsii (Sclerotium rolfsii, Athelia rolfsii)	fungi	PZ535494.1	694	590	590	37.2881	ITS1-5.8S-ITS2	ITSx-region-extraction
MPDB002812	39291	Agroathelia rolfsii (Sclerotium rolfsii, Athelia rolfsii)	fungi	PZ554746.1	616	577	577	37.4350	ITS1-5.8S-ITS2	ITSx-region-extraction
MPDB002813	39291	Agroathelia rolfsii (Sclerotium rolfsii, Athelia rolfsii)	fungi	PZ559837.1	782	593	593	36.4250	ITS1-5.8S-ITS2	ITSx-region-extraction
MPDB002814	39291	Agroathelia rolfsii (Sclerotium rolfsii, Athelia rolfsii)	fungi	PZ610294.1	398	361	361	38.5042	ITS1-5.8S	ITSx-region-extraction
MPDB002815	39291	Agroathelia rolfsii (Sclerotium rolfsii, Athelia rolfsii)	fungi	PZ630286.1	632	632	632	37.9747	ITS1-5.8S-ITS2	ITSx-region-extraction
MPDB002816	39291	Agroathelia rolfsii (Sclerotium rolfsii, Athelia rolfsii)	fungi	PZ630381.1	613	613	613	37.5204	ITS1-5.8S-ITS2	ITSx-region-extraction
MPDB002817	39291	Agroathelia rolfsii (Sclerotium rolfsii, Athelia rolfsii)	fungi	PZ683046.1	612	612	612	36.9281	ITS1-5.8S-ITS2	ITSx-region-extraction
MPDB002819	39291	Agroathelia rolfsii (Sclerotium rolfsii, Athelia rolfsii)	fungi	PZ686333.1	684	594	594	37.3737	ITS1-5.8S-ITS2	ITSx-region-extraction
MPDB002820	39291	Agroathelia rolfsii (Sclerotium rolfsii, Athelia rolfsii)	fungi	PZ687867.1	729	648	648	37.8086	ITS1-5.8S-ITS2	ITSx-region-extraction
MPDB002822	39291	Agroathelia rolfsii (Sclerotium rolfsii, Athelia rolfsii)	fungi	PZ694641.1	670	594	594	37.3737	ITS1-5.8S-ITS2	ITSx-region-extraction
MPDB002823	39291	Agroathelia rolfsii (Sclerotium rolfsii, Athelia rolfsii)	fungi	PZ694642.1	646	606	606	37.4587	ITS1-5.8S-ITS2	ITSx-region-extraction
MPDB002825	39291	Agroathelia rolfsii (Sclerotium rolfsii, Athelia rolfsii)	fungi	PZ714845.1	599	599	599	36.6038	ITS1-5.8S-ITS2	ITSx-region-extraction
MPDB002826	39291	Agroathelia rolfsii (Sclerotium rolfsii, Athelia rolfsii)	fungi	PZ715215.1	373	367	367	36.7847	ITS1-5.8S	ITSx-region-extraction
MPDB002827	39291	Agroathelia rolfsii (Sclerotium rolfsii, Athelia rolfsii)	fungi	PZ725266.1	614	213	213	36.6197	ITS2	ITSx-region-extraction
MPDB002828	39291	Agroathelia rolfsii (Sclerotium rolfsii, Athelia rolfsii)	fungi	PZ725267.1	600	600	600	36.0000	ITS1-5.8S-ITS2	ITSx-region-extraction
MPDB002829	39291	Agroathelia rolfsii (Sclerotium rolfsii, Athelia rolfsii)	fungi	PZ790401.1	695	594	594	36.5320	ITS1-5.8S-ITS2	ITSx-region-extraction
MPDB002830	39291	Agroathelia rolfsii (Sclerotium rolfsii, Athelia rolfsii)	fungi	PZ827123.1	577	577	577	39.1681	ITS1-5.8S-ITS2	ITSx-region-extraction
MPDB002831	39291	Agroathelia rolfsii (Sclerotium rolfsii, Athelia rolfsii)	fungi	PZ829596.1	630	630	630	36.9841	ITS1-5.8S-ITS2	ITSx-region-extraction
MPDB002833	40199	Fusarium avenaceum	fungi	MH858036.1	564	476	476	51.4706	ITS1-5.8S-ITS2	ITSx-region-extraction
MPDB002834	40199	Fusarium avenaceum	fungi	MH858189.1	565	475	475	51.5789	ITS1-5.8S-ITS2	ITSx-region-extraction
MPDB002835	40199	Fusarium avenaceum	fungi	MH860648.1	567	471	471	52.0170	ITS1-5.8S-ITS2	ITSx-region-extraction
MPDB002836	40199	Fusarium avenaceum	fungi	MH864972.1	570	471	471	52.0170	ITS1-5.8S-ITS2	ITSx-region-extraction
MPDB002837	40199	Fusarium avenaceum	fungi	PQ350464.1	507	471	471	52.0170	ITS1-5.8S-ITS2	ITSx-region-extraction
MPDB002838	40199	Fusarium avenaceum	fungi	PQ350466.1	507	474	474	51.6878	ITS1-5.8S-ITS2	ITSx-region-extraction
MPDB002839	40199	Fusarium avenaceum	fungi	PQ350467.1	491	455	455	52.0879	ITS1-5.8S-ITS2	ITSx-region-extraction
MPDB002840	40199	Fusarium avenaceum	fungi	PQ350469.1	509	473	473	51.7970	ITS1-5.8S-ITS2	ITSx-region-extraction
MPDB002841	40199	Fusarium avenaceum	fungi	PQ350471.1	511	475	475	51.5789	ITS1-5.8S-ITS2	ITSx-region-extraction
MPDB002842	40199	Fusarium avenaceum	fungi	PQ350473.1	510	474	474	51.6878	ITS1-5.8S-ITS2	ITSx-region-extraction
MPDB002843	40199	Fusarium avenaceum	fungi	PQ350477.1	492	456	456	52.1930	ITS1-5.8S-ITS2	ITSx-region-extraction
MPDB002844	40199	Fusarium avenaceum	fungi	PQ350478.1	506	475	475	51.5789	ITS1-5.8S-ITS2	ITSx-region-extraction
MPDB002845	40199	Fusarium avenaceum	fungi	PQ350480.1	505	474	474	51.6878	ITS1-5.8S-ITS2	ITSx-region-extraction
MPDB002846	40199	Fusarium avenaceum	fungi	PQ350481.1	487	455	455	52.0879	ITS1-5.8S-ITS2	ITSx-region-extraction
MPDB002847	40199	Fusarium avenaceum	fungi	PQ350482.1	499	469	469	51.8124	ITS1-5.8S-ITS2	ITSx-region-extraction
MPDB002848	40199	Fusarium avenaceum	fungi	PQ350483.1	499	463	463	52.0518	ITS1-5.8S-ITS2	ITSx-region-extraction
MPDB002849	40199	Fusarium avenaceum	fungi	PQ350563.1	499	471	471	51.8047	ITS1-5.8S-ITS2	ITSx-region-extraction
MPDB002850	40199	Fusarium avenaceum	fungi	PQ350651.1	497	497	497	51.7103	ITS1-5.8S-ITS2	ITSx-region-extraction
MPDB002851	40199	Fusarium avenaceum	fungi	PQ350653.1	499	474	474	51.6878	ITS1-5.8S-ITS2	ITSx-region-extraction
MPDB002852	40199	Fusarium avenaceum	fungi	PQ350659.1	472	472	472	52.1186	ITS1-5.8S-ITS2	ITSx-region-extraction
MPDB002853	40199	Fusarium avenaceum	fungi	PQ350661.1	495	468	468	51.7094	ITS1-5.8S-ITS2	ITSx-region-extraction
MPDB002854	40199	Fusarium avenaceum	fungi	PQ350662.1	495	469	469	51.8124	ITS1-5.8S-ITS2	ITSx-region-extraction
MPDB002855	40199	Fusarium avenaceum	fungi	PQ350665.1	470	470	470	51.9149	ITS1-5.8S-ITS2	ITSx-region-extraction
MPDB002856	40199	Fusarium avenaceum	fungi	PQ350669.1	523	475	475	51.5789	ITS1-5.8S-ITS2	ITSx-region-extraction
MPDB002857	40199	Fusarium avenaceum	fungi	PQ350696.1	494	494	494	51.4170	ITS1-5.8S-ITS2	ITSx-region-extraction
MPDB002858	40199	Fusarium avenaceum	fungi	PX071342.1	532	471	471	53.5032	ITS1-5.8S-ITS2	ITSx-region-extraction
MPDB002859	40199	Fusarium avenaceum	fungi	PX071354.1	533	472	472	53.3898	ITS1-5.8S-ITS2	ITSx-region-extraction
MPDB002860	40199	Fusarium avenaceum	fungi	PX071367.1	531	470	470	52.9787	ITS1-5.8S-ITS2	ITSx-region-extraction
MPDB002861	40199	Fusarium avenaceum	fungi	PX071378.1	523	473	473	53.0655	ITS1-5.8S-ITS2	ITSx-region-extraction
MPDB002862	40199	Fusarium avenaceum	fungi	PX071381.1	543	492	492	54.0650	ITS1-5.8S-ITS2	ITSx-region-extraction
MPDB002863	40199	Fusarium avenaceum	fungi	PX642692.1	504	504	504	51.7857	ITS1-5.8S-ITS2	ITSx-region-extraction
MPDB002864	40199	Fusarium avenaceum	fungi	PZ478041.1	520	490	490	52.0408	ITS1-5.8S-ITS2	ITSx-region-extraction
MPDB002865	40199	Fusarium avenaceum	fungi	PZ489879.1	524	463	463	52.2678	ITS1-5.8S-ITS2	ITSx-region-extraction
MPDB002867	40199	Fusarium avenaceum	fungi	PZ695172.1	516	455	455	52.5275	ITS1-5.8S-ITS2	ITSx-region-extraction
MPDB002868	40199	Fusarium avenaceum	fungi	PZ695173.1	515	455	455	52.5275	ITS1-5.8S-ITS2	ITSx-region-extraction
MPDB002869	40199	Fusarium avenaceum	fungi	PZ695175.1	518	455	455	52.5275	ITS1-5.8S-ITS2	ITSx-region-extraction
MPDB002870	40199	Fusarium avenaceum	fungi	PZ695178.1	516	455	455	52.3077	ITS1-5.8S-ITS2	ITSx-region-extraction
MPDB002871	40199	Fusarium avenaceum	fungi	PZ695179.1	515	455	455	52.3077	ITS1-5.8S-ITS2	ITSx-region-extraction
MPDB002872	40199	Fusarium avenaceum	fungi	PZ697417.1	559	471	471	52.0170	ITS1-5.8S-ITS2	ITSx-region-extraction
MPDB002873	40199	Fusarium avenaceum	fungi	PZ725181.1	569	505	505	52.4752	ITS1-5.8S-ITS2	ITSx-region-extraction
MPDB002874	40199	Fusarium avenaceum	fungi	PZ725182.1	576	511	511	52.8376	ITS1-5.8S-ITS2	ITSx-region-extraction
MPDB002875	40199	Fusarium avenaceum	fungi	PZ795336.1	573	477	477	51.5723	ITS1-5.8S-ITS2	ITSx-region-extraction
MPDB002876	40559	Botrytis cinerea	fungi	PZ707276.1	537	449	449	45.2116	ITS1-5.8S-ITS2	ITSx-region-extraction
MPDB002877	40559	Botrytis cinerea	fungi	PZ707290.1	537	449	449	45.8797	ITS1-5.8S-ITS2	ITSx-region-extraction
MPDB002878	40559	Botrytis cinerea	fungi	PZ715754.1	537	449	449	45.6570	ITS1-5.8S-ITS2	ITSx-region-extraction
MPDB002879	40559	Botrytis cinerea	fungi	PZ715779.1	537	449	449	45.2116	ITS1-5.8S-ITS2	ITSx-region-extraction
MPDB002880	40559	Botrytis cinerea	fungi	PZ715780.1	537	449	449	45.4343	ITS1-5.8S-ITS2	ITSx-region-extraction
MPDB002881	40559	Botrytis cinerea	fungi	PZ734647.1	577	449	449	45.4343	ITS1-5.8S-ITS2	ITSx-region-extraction
MPDB002882	40559	Botrytis cinerea	fungi	PZ756804.1	506	465	465	45.3763	ITS1-5.8S-ITS2	ITSx-region-extraction
MPDB002883	40559	Botrytis cinerea	fungi	PZ756805.1	534	449	449	45.4343	ITS1-5.8S-ITS2	ITSx-region-extraction
MPDB002884	40559	Botrytis cinerea	fungi	PZ774987.1	572	449	449	45.4343	ITS1-5.8S-ITS2	ITSx-region-extraction
MPDB002885	41413	Aspergillus glaucus	fungi	AY373887.1	578	464	464	53.7797	ITS1-5.8S-ITS2	ITSx-region-extraction
MPDB002886	41413	Aspergillus glaucus	fungi	EF652053.1	1111	475	475	53.2632	ITS1-5.8S-ITS2	ITSx-region-extraction
MPDB002887	41413	Aspergillus glaucus	fungi	GU319986.1	539	481	481	53.6383	ITS1-5.8S-ITS2	ITSx-region-extraction
MPDB002888	41413	Aspergillus glaucus	fungi	JF922029.1	1363	164	164	60.9756	ITS2	ITSx-region-extraction
MPDB002889	41413	Aspergillus glaucus	fungi	JN942870.1	510	473	473	53.4884	ITS1-5.8S-ITS2	ITSx-region-extraction
MPDB002890	41413	Aspergillus glaucus	fungi	JQ724365.1	554	490	490	54.4898	ITS1-5.8S-ITS2	ITSx-region-extraction
MPDB002891	41413	Aspergillus glaucus	fungi	JQ724459.1	542	479	479	54.0710	ITS1-5.8S-ITS2	ITSx-region-extraction
MPDB002892	41413	Aspergillus glaucus	fungi	KC485448.1	423	423	423	53.9007	ITS1-5.8S-ITS2	ITSx-region-extraction
MPDB002893	41413	Aspergillus glaucus	fungi	KF298065.1	515	463	463	53.7797	ITS1-5.8S-ITS2	ITSx-region-extraction
MPDB002894	41413	Aspergillus glaucus	fungi	KM232504.1	661	465	465	55.0538	ITS1-5.8S-ITS2	ITSx-region-extraction
MPDB002895	41413	Aspergillus glaucus	fungi	KT151583.1	758	412	412	52.6699	ITS1-5.8S-ITS2	ITSx-region-extraction
MPDB002896	41413	Aspergillus glaucus	fungi	KX022492.1	511	450	450	53.1111	ITS1-5.8S-ITS2	ITSx-region-extraction
MPDB002897	41413	Aspergillus glaucus	fungi	KX394538.1	461	461	461	52.9284	ITS1-5.8S-ITS2	ITSx-region-extraction
MPDB002898	41413	Aspergillus glaucus	fungi	LT670943.1	1066	466	466	53.6481	ITS1-5.8S-ITS2	ITSx-region-extraction
MPDB002899	41413	Aspergillus glaucus	fungi	MH855094.1	476	476	476	53.7815	ITS1-5.8S-ITS2	ITSx-region-extraction
MPDB002900	41413	Aspergillus glaucus	fungi	MH857408.1	553	464	464	53.8793	ITS1-5.8S-ITS2	ITSx-region-extraction
MPDB002901	41413	Aspergillus glaucus	fungi	MH858701.1	552	464	464	53.8793	ITS1-5.8S-ITS2	ITSx-region-extraction
MPDB002902	41413	Aspergillus glaucus	fungi	MH860132.1	479	479	479	53.2359	ITS1-5.8S-ITS2	ITSx-region-extraction
MPDB002903	41413	Aspergillus glaucus	fungi	MK140705.1	555	464	464	53.8793	ITS1-5.8S-ITS2	ITSx-region-extraction
MPDB002904	41413	Aspergillus glaucus	fungi	MN454494.1	523	466	466	54.0773	ITS1-5.8S-ITS2	ITSx-region-extraction
MPDB002905	41413	Aspergillus glaucus	fungi	MT133798.1	545	489	489	55.2147	ITS1-5.8S-ITS2	ITSx-region-extraction
MPDB002906	41413	Aspergillus glaucus	fungi	MT156110.1	514	474	474	53.3755	ITS1-5.8S-ITS2	ITSx-region-extraction
MPDB002907	41413	Aspergillus glaucus	fungi	MT226599.1	1548	466	466	54.7210	ITS1-5.8S-ITS2	ITSx-region-extraction
MPDB002908	41413	Aspergillus glaucus	fungi	MT443927.1	541	488	488	55.3279	ITS1-5.8S-ITS2	ITSx-region-extraction
MPDB002909	41413	Aspergillus glaucus	fungi	MZ091474.1	510	467	467	53.3191	ITS1-5.8S-ITS2	ITSx-region-extraction
MPDB002910	41413	Aspergillus glaucus	fungi	MZ158597.1	578	181	181	56.9061	ITS1	ITSx-region-extraction
MPDB002911	41413	Aspergillus glaucus	fungi	OR136216.1	536	464	464	53.8793	ITS1-5.8S-ITS2	ITSx-region-extraction
MPDB002912	41413	Aspergillus glaucus	fungi	OR342865.1	550	489	489	54.1922	ITS1-5.8S-ITS2	ITSx-region-extraction
MPDB002913	418125	Curvularia eragrostidis	fungi	MH858546.1	586	498	498	46.9880	ITS1-5.8S-ITS2	ITSx-region-extraction
MPDB002914	418125	Curvularia eragrostidis	fungi	MH859837.1	592	497	497	46.8813	ITS1-5.8S-ITS2	ITSx-region-extraction
MPDB002915	418125	Curvularia eragrostidis	fungi	MN905466.1	591	522	522	46.9349	ITS1-5.8S-ITS2	ITSx-region-extraction
MPDB002916	418125	Curvularia eragrostidis	fungi	MW260287.1	550	504	504	46.6270	ITS1-5.8S-ITS2	ITSx-region-extraction
MPDB002917	418125	Curvularia eragrostidis	fungi	MW330259.1	300	179	179	45.8101	ITS1	ITSx-region-extraction
MPDB002918	418125	Curvularia eragrostidis	fungi	MZ148448.1	565	498	498	46.9880	ITS1-5.8S-ITS2	ITSx-region-extraction
MPDB002919	418125	Curvularia eragrostidis	fungi	MZ203545.1	640	640	640	47.3438	ITS1-5.8S-ITS2	ITSx-region-extraction
MPDB002920	418125	Curvularia eragrostidis	fungi	MZ203562.1	531	531	531	47.0810	ITS1-5.8S-ITS2	ITSx-region-extraction
MPDB002921	418125	Curvularia eragrostidis	fungi	MZ203563.1	528	528	528	47.5379	ITS1-5.8S-ITS2	ITSx-region-extraction
MPDB002922	418125	Curvularia eragrostidis	fungi	MZ203564.1	527	527	527	47.0588	ITS1-5.8S-ITS2	ITSx-region-extraction
MPDB002923	418125	Curvularia eragrostidis	fungi	MZ203589.1	529	529	529	47.4480	ITS1-5.8S-ITS2	ITSx-region-extraction
MPDB002924	418125	Curvularia eragrostidis	fungi	MZ203590.1	560	560	560	46.4286	ITS1-5.8S-ITS2	ITSx-region-extraction
MPDB002925	418125	Curvularia eragrostidis	fungi	MZ510930.1	537	490	490	47.5510	ITS1-5.8S-ITS2	ITSx-region-extraction
MPDB002926	418125	Curvularia eragrostidis	fungi	MZ951162.1	522	489	489	47.0348	ITS1-5.8S-ITS2	ITSx-region-extraction
MPDB002927	418125	Curvularia eragrostidis	fungi	OK284522.1	480	471	471	46.4968	ITS1-5.8S	ITSx-region-extraction
MPDB002928	418125	Curvularia eragrostidis	fungi	OL347778.1	506	506	506	46.4427	ITS1-5.8S-ITS2	ITSx-region-extraction
MPDB002929	418125	Curvularia eragrostidis	fungi	OM574679.1	565	504	504	46.6270	ITS1-5.8S-ITS2	ITSx-region-extraction
MPDB002930	418125	Curvularia eragrostidis	fungi	ON130597.1	563	502	502	47.2112	ITS1-5.8S-ITS2	ITSx-region-extraction
MPDB002931	418125	Curvularia eragrostidis	fungi	ON130605.1	565	502	502	47.2112	ITS1-5.8S-ITS2	ITSx-region-extraction
MPDB002932	418125	Curvularia eragrostidis	fungi	OP251366.1	579	523	523	47.2275	ITS1-5.8S-ITS2	ITSx-region-extraction
MPDB002933	418125	Curvularia eragrostidis	fungi	OQ132555.1	570	519	519	47.0135	ITS1-5.8S-ITS2	ITSx-region-extraction
MPDB002934	418125	Curvularia eragrostidis	fungi	OQ421617.1	535	489	489	47.8528	ITS1-5.8S-ITS2	ITSx-region-extraction
MPDB002935	418125	Curvularia eragrostidis	fungi	OQ435851.1	549	488	488	47.5410	ITS1-5.8S-ITS2	ITSx-region-extraction
MPDB002936	418125	Curvularia eragrostidis	fungi	OQ435863.1	531	483	483	47.8261	ITS1-5.8S-ITS2	ITSx-region-extraction
MPDB002937	418125	Curvularia eragrostidis	fungi	OQ435865.1	535	488	488	47.5410	ITS1-5.8S-ITS2	ITSx-region-extraction
MPDB002938	418125	Curvularia eragrostidis	fungi	OQ435867.1	542	482	482	47.5104	ITS1-5.8S-ITS2	ITSx-region-extraction
MPDB002939	418125	Curvularia eragrostidis	fungi	OR552700.1	561	495	495	47.6768	ITS1-5.8S-ITS2	ITSx-region-extraction
MPDB002940	418125	Curvularia eragrostidis	fungi	OR939709.1	831	499	499	46.8938	ITS1-5.8S-ITS2	ITSx-region-extraction
MPDB002941	418125	Curvularia eragrostidis	fungi	PP082869.1	616	573	573	47.6440	ITS1-5.8S-ITS2	ITSx-region-extraction
MPDB002942	418125	Curvularia eragrostidis	fungi	PP761989.1	521	474	474	47.4684	ITS1-5.8S-ITS2	ITSx-region-extraction
MPDB002943	418125	Curvularia eragrostidis	fungi	PP786364.1	564	517	517	47.3888	ITS1-5.8S-ITS2	ITSx-region-extraction
MPDB002944	418125	Curvularia eragrostidis	fungi	PP887991.1	580	518	518	47.4903	ITS1-5.8S-ITS2	ITSx-region-extraction
MPDB002945	418125	Curvularia eragrostidis	fungi	PP887992.1	565	518	518	47.4903	ITS1-5.8S-ITS2	ITSx-region-extraction
MPDB002946	418125	Curvularia eragrostidis	fungi	PP887993.1	594	500	500	47.2000	ITS1-5.8S-ITS2	ITSx-region-extraction
MPDB002947	418125	Curvularia eragrostidis	fungi	PP887994.1	569	519	519	47.2062	ITS1-5.8S-ITS2	ITSx-region-extraction
MPDB002948	418125	Curvularia eragrostidis	fungi	PQ427790.1	788	501	501	47.1058	ITS1-5.8S-ITS2	ITSx-region-extraction
MPDB002949	418125	Curvularia eragrostidis	fungi	PV138304.1	621	510	510	48.2353	ITS1-5.8S-ITS2	ITSx-region-extraction
MPDB002950	418125	Curvularia eragrostidis	fungi	PV651752.1	588	528	528	46.9697	ITS1-5.8S-ITS2	ITSx-region-extraction
MPDB002951	418125	Curvularia eragrostidis	fungi	PX715456.1	537	487	487	47.6386	ITS1-5.8S-ITS2	ITSx-region-extraction
MPDB002952	418125	Curvularia eragrostidis	fungi	PX715457.1	577	499	499	46.8938	ITS1-5.8S-ITS2	ITSx-region-extraction
MPDB002953	418125	Curvularia eragrostidis	fungi	PZ051199.1	518	518	518	47.1042	ITS1-5.8S-ITS2	ITSx-region-extraction
MPDB002954	418125	Curvularia eragrostidis	fungi	PZ269064.1	632	500	500	47.2000	ITS1-5.8S-ITS2	ITSx-region-extraction
MPDB002955	418125	Curvularia eragrostidis	fungi	PZ744239.1	555	511	511	46.7710	ITS1-5.8S-ITS2	ITSx-region-extraction
MPDB002956	418126	Curvularia geniculata(Cochliobolus geniculatus)	fungi	LC802642.1	569	518	518	46.9112	ITS1-5.8S-ITS2	ITSx-region-extraction
MPDB002957	418126	Curvularia geniculata(Cochliobolus geniculatus)	fungi	MH856584.1	585	497	497	46.6801	ITS1-5.8S-ITS2	ITSx-region-extraction
MPDB002958	418126	Curvularia geniculata(Cochliobolus geniculatus)	fungi	MH857009.1	590	501	501	46.3074	ITS1-5.8S-ITS2	ITSx-region-extraction
MPDB002959	418126	Curvularia geniculata(Cochliobolus geniculatus)	fungi	MH857565.1	584	496	496	46.9758	ITS1-5.8S-ITS2	ITSx-region-extraction
MPDB002960	418126	Curvularia geniculata(Cochliobolus geniculatus)	fungi	MH858445.1	592	504	504	46.4286	ITS1-5.8S-ITS2	ITSx-region-extraction
MPDB002961	418126	Curvularia geniculata(Cochliobolus geniculatus)	fungi	MH858604.1	555	506	506	46.4427	ITS1-5.8S-ITS2	ITSx-region-extraction
MPDB002962	418126	Curvularia geniculata(Cochliobolus geniculatus)	fungi	PP442061.1	521	478	478	47.2803	ITS1-5.8S-ITS2	ITSx-region-extraction
MPDB002963	418126	Curvularia geniculata(Cochliobolus geniculatus)	fungi	PP887995.1	565	517	517	47.0930	ITS1-5.8S-ITS2	ITSx-region-extraction
MPDB002964	418126	Curvularia geniculata(Cochliobolus geniculatus)	fungi	PP887996.1	565	518	518	46.9112	ITS1-5.8S-ITS2	ITSx-region-extraction
MPDB002965	418126	Curvularia geniculata(Cochliobolus geniculatus)	fungi	PP961894.1	607	499	499	46.6934	ITS1-5.8S-ITS2	ITSx-region-extraction
MPDB002966	418126	Curvularia geniculata(Cochliobolus geniculatus)	fungi	PQ130437.1	566	566	566	47.3498	ITS1-5.8S-ITS2	ITSx-region-extraction
MPDB002967	418126	Curvularia geniculata(Cochliobolus geniculatus)	fungi	PQ166595.1	608	500	500	46.6000	ITS1-5.8S-ITS2	ITSx-region-extraction
MPDB002968	418126	Curvularia geniculata(Cochliobolus geniculatus)	fungi	PQ203624.1	615	499	499	46.6934	ITS1-5.8S-ITS2	ITSx-region-extraction
MPDB002969	418126	Curvularia geniculata(Cochliobolus geniculatus)	fungi	PQ358371.1	546	502	502	46.4143	ITS1-5.8S-ITS2	ITSx-region-extraction
MPDB002970	418126	Curvularia geniculata(Cochliobolus geniculatus)	fungi	PQ453901.1	601	499	499	46.6934	ITS1-5.8S-ITS2	ITSx-region-extraction
MPDB002971	418126	Curvularia geniculata(Cochliobolus geniculatus)	fungi	PQ509331.1	558	527	527	47.2486	ITS1-5.8S-ITS2	ITSx-region-extraction
MPDB002972	418126	Curvularia geniculata(Cochliobolus geniculatus)	fungi	PQ580772.1	719	499	499	46.6934	ITS1-5.8S-ITS2	ITSx-region-extraction
MPDB002973	418126	Curvularia geniculata(Cochliobolus geniculatus)	fungi	PV021109.1	571	509	509	47.3477	ITS1-5.8S-ITS2	ITSx-region-extraction
MPDB002974	418126	Curvularia geniculata(Cochliobolus geniculatus)	fungi	PV021212.1	521	521	521	46.6411	ITS1-5.8S-ITS2	ITSx-region-extraction
MPDB002975	418126	Curvularia geniculata(Cochliobolus geniculatus)	fungi	PV290842.1	528	528	528	47.1591	ITS1-5.8S-ITS2	ITSx-region-extraction
MPDB002976	418126	Curvularia geniculata(Cochliobolus geniculatus)	fungi	PV363220.1	580	499	499	46.6934	ITS1-5.8S-ITS2	ITSx-region-extraction
MPDB002977	418126	Curvularia geniculata(Cochliobolus geniculatus)	fungi	PV363268.1	591	499	499	46.6934	ITS1-5.8S-ITS2	ITSx-region-extraction
MPDB002978	418126	Curvularia geniculata(Cochliobolus geniculatus)	fungi	PV367997.1	517	489	489	47.0348	ITS1-5.8S-ITS2	ITSx-region-extraction
MPDB002979	418126	Curvularia geniculata(Cochliobolus geniculatus)	fungi	PV789439.1	618	499	499	47.0942	ITS1-5.8S-ITS2	ITSx-region-extraction
MPDB002980	418126	Curvularia geniculata(Cochliobolus geniculatus)	fungi	PV834175.1	594	532	532	47.1805	ITS1-5.8S-ITS2	ITSx-region-extraction
MPDB002981	418126	Curvularia geniculata(Cochliobolus geniculatus)	fungi	PV918788.1	544	515	515	46.7961	ITS1-5.8S-ITS2	ITSx-region-extraction
MPDB002982	418126	Curvularia geniculata(Cochliobolus geniculatus)	fungi	PV932089.1	517	454	454	46.0352	ITS1-5.8S-ITS2	ITSx-region-extraction
MPDB002983	418126	Curvularia geniculata(Cochliobolus geniculatus)	fungi	PX362638.1	558	519	519	46.6281	ITS1-5.8S-ITS2	ITSx-region-extraction
MPDB002984	418126	Curvularia geniculata(Cochliobolus geniculatus)	fungi	PX463423.1	544	482	482	47.5104	ITS1-5.8S-ITS2	ITSx-region-extraction
MPDB002985	418126	Curvularia geniculata(Cochliobolus geniculatus)	fungi	PX752441.1	529	529	529	46.8809	ITS1-5.8S-ITS2	ITSx-region-extraction
MPDB002986	418126	Curvularia geniculata(Cochliobolus geniculatus)	fungi	PX972514.1	578	578	578	47.5779	ITS1-5.8S-ITS2	ITSx-region-extraction
MPDB002987	418126	Curvularia geniculata(Cochliobolus geniculatus)	fungi	PX974578.1	592	502	502	46.4000	ITS1-5.8S-ITS2	ITSx-region-extraction
MPDB002988	418126	Curvularia geniculata(Cochliobolus geniculatus)	fungi	PZ017563.1	556	497	497	47.4849	ITS1-5.8S-ITS2	ITSx-region-extraction
MPDB002990	418126	Curvularia geniculata(Cochliobolus geniculatus)	fungi	PZ151159.1	561	499	499	46.4930	ITS1-5.8S-ITS2	ITSx-region-extraction
MPDB002991	418126	Curvularia geniculata(Cochliobolus geniculatus)	fungi	PZ185325.1	529	463	463	46.2203	ITS1-5.8S-ITS2	ITSx-region-extraction
MPDB002992	418126	Curvularia geniculata(Cochliobolus geniculatus)	fungi	PZ255453.1	423	423	423	46.0993	ITS1-5.8S-ITS2	ITSx-region-extraction
MPDB002993	418126	Curvularia geniculata(Cochliobolus geniculatus)	fungi	PZ269071.1	595	533	533	47.8424	ITS1-5.8S-ITS2	ITSx-region-extraction
MPDB002994	418126	Curvularia geniculata(Cochliobolus geniculatus)	fungi	PZ274260.1	547	547	547	46.9835	ITS1-5.8S-ITS2	ITSx-region-extraction
MPDB002995	418126	Curvularia geniculata(Cochliobolus geniculatus)	fungi	PZ281862.1	605	499	499	46.6934	ITS1-5.8S-ITS2	ITSx-region-extraction
MPDB002996	418126	Curvularia geniculata(Cochliobolus geniculatus)	fungi	PZ281868.1	633	499	499	46.6934	ITS1-5.8S-ITS2	ITSx-region-extraction
MPDB002997	418126	Curvularia geniculata(Cochliobolus geniculatus)	fungi	PZ678935.1	546	480	480	47.5000	ITS1-5.8S-ITS2	ITSx-region-extraction
MPDB002998	418126	Curvularia geniculata(Cochliobolus geniculatus)	fungi	PZ794750.1	531	472	472	46.8220	ITS1-5.8S-ITS2	ITSx-region-extraction
MPDB002999	41984	Aspergillus tamarii	fungi	KP329611.1	657	519	519	57.9961	ITS1-5.8S-ITS2	ITSx-region-extraction
MPDB003000	41984	Aspergillus tamarii	fungi	KP329668.1	657	519	519	58.1888	ITS1-5.8S-ITS2	ITSx-region-extraction
MPDB003001	41984	Aspergillus tamarii	fungi	MH854614.1	608	508	508	58.8583	ITS1-5.8S-ITS2	ITSx-region-extraction
MPDB003002	41984	Aspergillus tamarii	fungi	MH856295.1	597	508	508	58.8583	ITS1-5.8S-ITS2	ITSx-region-extraction
MPDB003003	41984	Aspergillus tamarii	fungi	MH858230.1	599	511	511	58.7084	ITS1-5.8S-ITS2	ITSx-region-extraction
MPDB003004	41984	Aspergillus tamarii	fungi	MH859187.1	611	508	508	58.8583	ITS1-5.8S-ITS2	ITSx-region-extraction
MPDB003005	41984	Aspergillus tamarii	fungi	MH859188.1	596	508	508	58.8583	ITS1-5.8S-ITS2	ITSx-region-extraction
MPDB003006	41984	Aspergillus tamarii	fungi	MH864331.1	613	508	508	58.8583	ITS1-5.8S-ITS2	ITSx-region-extraction
MPDB003007	41984	Aspergillus tamarii	fungi	MH865259.1	556	512	512	58.9844	ITS1-5.8S-ITS2	ITSx-region-extraction
MPDB003008	41984	Aspergillus tamarii	fungi	PV107769.1	528	479	479	58.6639	ITS1-5.8S-ITS2	ITSx-region-extraction
MPDB003009	41984	Aspergillus tamarii	fungi	PV107773.1	541	492	492	59.5528	ITS1-5.8S-ITS2	ITSx-region-extraction
MPDB003010	41984	Aspergillus tamarii	fungi	PV107797.1	572	523	523	58.5086	ITS1-5.8S-ITS2	ITSx-region-extraction
MPDB003011	41984	Aspergillus tamarii	fungi	PV107904.1	593	508	508	58.8583	ITS1-5.8S-ITS2	ITSx-region-extraction
MPDB003012	41984	Aspergillus tamarii	fungi	PV108476.1	561	523	523	58.5086	ITS1-5.8S-ITS2	ITSx-region-extraction
MPDB003013	41984	Aspergillus tamarii	fungi	PV111578.1	584	518	518	58.3012	ITS1-5.8S-ITS2	ITSx-region-extraction
MPDB003014	41984	Aspergillus tamarii	fungi	PV111585.1	585	519	519	58.1888	ITS1-5.8S-ITS2	ITSx-region-extraction
MPDB003015	41984	Aspergillus tamarii	fungi	PV111586.1	586	519	519	58.1888	ITS1-5.8S-ITS2	ITSx-region-extraction
MPDB003016	41984	Aspergillus tamarii	fungi	PV910913.1	564	503	503	58.6481	ITS1-5.8S-ITS2	ITSx-region-extraction
MPDB003017	41984	Aspergillus tamarii	fungi	PV910914.1	565	565	565	59.1150	ITS1-5.8S-ITS2	ITSx-region-extraction
MPDB003018	41984	Aspergillus tamarii	fungi	PX048793.1	252	244	244	52.4590	ITS1-5.8S	ITSx-region-extraction
MPDB003019	41984	Aspergillus tamarii	fungi	PX102345.1	270	262	262	53.8168	ITS1-5.8S	ITSx-region-extraction
MPDB003020	41984	Aspergillus tamarii	fungi	PX668513.1	575	531	531	58.5687	ITS1-5.8S-ITS2	ITSx-region-extraction
MPDB003021	41984	Aspergillus tamarii	fungi	PX691414.1	559	519	519	58.1888	ITS1-5.8S-ITS2	ITSx-region-extraction
MPDB003022	41984	Aspergillus tamarii	fungi	PX715388.1	549	516	516	59.1085	ITS1-5.8S-ITS2	ITSx-region-extraction
MPDB003023	41984	Aspergillus tamarii	fungi	PX830074.1	625	485	485	58.9691	ITS1-5.8S-ITS2	ITSx-region-extraction
MPDB003024	41984	Aspergillus tamarii	fungi	PX830096.1	619	485	485	58.5567	ITS1-5.8S-ITS2	ITSx-region-extraction
MPDB003025	41984	Aspergillus tamarii	fungi	PX830100.1	620	489	489	59.1002	ITS1-5.8S-ITS2	ITSx-region-extraction
MPDB003026	41984	Aspergillus tamarii	fungi	PX830132.1	626	488	488	59.0164	ITS1-5.8S-ITS2	ITSx-region-extraction
MPDB003027	41984	Aspergillus tamarii	fungi	PX844903.1	605	508	508	58.6614	ITS1-5.8S-ITS2	ITSx-region-extraction
MPDB003028	41984	Aspergillus tamarii	fungi	PX848691.1	567	510	510	58.6275	ITS1-5.8S-ITS2	ITSx-region-extraction
MPDB003029	41984	Aspergillus tamarii	fungi	PX909670.1	301	146	146	59.5890	ITS1	ITSx-region-extraction
MPDB003030	41984	Aspergillus tamarii	fungi	PZ000582.1	579	515	515	58.2524	ITS1-5.8S-ITS2	ITSx-region-extraction
MPDB003031	41984	Aspergillus tamarii	fungi	PZ091391.1	573	512	512	57.8125	ITS1-5.8S-ITS2	ITSx-region-extraction
MPDB003032	41984	Aspergillus tamarii	fungi	PZ228455.1	508	478	478	58.5774	ITS1-5.8S-ITS2	ITSx-region-extraction
MPDB003033	41984	Aspergillus tamarii	fungi	PZ230380.1	583	523	523	58.5086	ITS1-5.8S-ITS2	ITSx-region-extraction
MPDB003034	41984	Aspergillus tamarii	fungi	PZ245384.1	570	519	519	58.1888	ITS1-5.8S-ITS2	ITSx-region-extraction
MPDB003035	41984	Aspergillus tamarii	fungi	PZ245385.1	578	519	519	58.1888	ITS1-5.8S-ITS2	ITSx-region-extraction
MPDB003036	41984	Aspergillus tamarii	fungi	PZ305998.1	601	508	508	58.8583	ITS1-5.8S-ITS2	ITSx-region-extraction
MPDB003037	41984	Aspergillus tamarii	fungi	PZ359181.1	250	175	175	65.8960	ITS2	ITSx-region-extraction
MPDB003038	41984	Aspergillus tamarii	fungi	PZ406413.1	619	519	519	58.1888	ITS1-5.8S-ITS2	ITSx-region-extraction
MPDB003039	41984	Aspergillus tamarii	fungi	PZ484231.1	554	512	512	58.9844	ITS1-5.8S-ITS2	ITSx-region-extraction
MPDB003040	41984	Aspergillus tamarii	fungi	PZ543310.1	530	482	482	58.5062	ITS1-5.8S-ITS2	ITSx-region-extraction
MPDB003041	41984	Aspergillus tamarii	fungi	PZ668823.1	553	498	498	58.4337	ITS1-5.8S-ITS2	ITSx-region-extraction
MPDB003042	42672	Fusarium napiforme	fungi	AY303609.1	516	472	472	49.5763	ITS1-5.8S-ITS2	ITSx-region-extraction
MPDB003043	42672	Fusarium napiforme	fungi	DQ297553.1	511	471	471	49.6815	ITS1-5.8S-ITS2	ITSx-region-extraction
MPDB003044	42672	Fusarium napiforme	fungi	DQ297554.1	523	465	465	49.2473	ITS1-5.8S-ITS2	ITSx-region-extraction
MPDB003045	42672	Fusarium napiforme	fungi	DQ297555.1	522	461	461	49.0239	ITS1-5.8S-ITS2	ITSx-region-extraction
MPDB003046	42672	Fusarium napiforme	fungi	HQ165918.1	457	457	457	49.2341	ITS1-5.8S-ITS2	ITSx-region-extraction
MPDB003047	42672	Fusarium napiforme	fungi	KR071650.1	405	405	405	50.1235	ITS1-5.8S-ITS2	ITSx-region-extraction
MPDB003048	42672	Fusarium napiforme	fungi	KU604029.1	421	421	421	49.4062	ITS1-5.8S-ITS2	ITSx-region-extraction
MPDB003049	42672	Fusarium napiforme	fungi	KU950732.1	755	456	456	49.3421	ITS1-5.8S-ITS2	ITSx-region-extraction
MPDB003050	42672	Fusarium napiforme	fungi	KU950733.1	757	456	456	49.3421	ITS1-5.8S-ITS2	ITSx-region-extraction
MPDB003051	42672	Fusarium napiforme	fungi	KU950736.1	740	456	456	49.3421	ITS1-5.8S-ITS2	ITSx-region-extraction
MPDB003052	42672	Fusarium napiforme	fungi	KU974310.1	998	442	442	49.5475	ITS1-5.8S-ITS2	ITSx-region-extraction
MPDB003053	42672	Fusarium napiforme	fungi	LC184201.1	528	456	456	49.3421	ITS1-5.8S-ITS2	ITSx-region-extraction
MPDB003054	42672	Fusarium napiforme	fungi	LC363505.1	475	427	427	49.1803	ITS1-5.8S-ITS2	ITSx-region-extraction
MPDB003055	42672	Fusarium napiforme	fungi	LC903237.1	505	459	459	49.0196	ITS1-5.8S-ITS2	ITSx-region-extraction
MPDB003056	42672	Fusarium napiforme	fungi	MG515227.1	516	455	455	49.2308	ITS1-5.8S-ITS2	ITSx-region-extraction
MPDB003057	42672	Fusarium napiforme	fungi	MH685904.1	518	463	463	49.4600	ITS1-5.8S-ITS2	ITSx-region-extraction
MPDB003058	42672	Fusarium napiforme	fungi	MH874278.1	1374	456	456	49.3421	ITS1-5.8S-ITS2	ITSx-region-extraction
MPDB003059	42672	Fusarium napiforme	fungi	MH874278.1	1374	456	456	49.3421	ITS1-5.8S-ITS2	ITSx-region-extraction
MPDB003060	42672	Fusarium napiforme	fungi	MK072719.1	546	456	456	49.3421	ITS1-5.8S-ITS2	ITSx-region-extraction
MPDB003061	42672	Fusarium napiforme	fungi	MK072720.1	507	467	467	49.0364	ITS1-5.8S-ITS2	ITSx-region-extraction
MPDB003062	42672	Fusarium napiforme	fungi	MK239976.1	465	465	465	49.6774	ITS1-5.8S-ITS2	ITSx-region-extraction
MPDB003063	42672	Fusarium napiforme	fungi	MK804346.1	496	451	451	49.2239	ITS1-5.8S-ITS2	ITSx-region-extraction
MPDB003064	42672	Fusarium napiforme	fungi	MN522017.1	504	458	458	49.1266	ITS1-5.8S-ITS2	ITSx-region-extraction
MPDB003065	42672	Fusarium napiforme	fungi	MN548366.1	490	429	429	49.1841	ITS1-5.8S-ITS2	ITSx-region-extraction
MPDB003066	42672	Fusarium napiforme	fungi	MT072220.1	650	456	456	49.5614	ITS1-5.8S-ITS2	ITSx-region-extraction
MPDB003067	42672	Fusarium napiforme	fungi	MW301429.1	498	437	437	49.4279	ITS1-5.8S-ITS2	ITSx-region-extraction
MPDB003068	42672	Fusarium napiforme	fungi	OL699890.1	551	488	488	48.5656	ITS1-5.8S-ITS2	ITSx-region-extraction
MPDB003069	42672	Fusarium napiforme	fungi	OL711962.1	541	456	456	49.3421	ITS1-5.8S-ITS2	ITSx-region-extraction
MPDB003070	42672	Fusarium napiforme	fungi	OM194086.1	479	410	410	48.2927	ITS1-5.8S-ITS2	ITSx-region-extraction
MPDB003071	42672	Fusarium napiforme	fungi	ON204349.1	564	456	456	49.3421	ITS1-5.8S-ITS2	ITSx-region-extraction
MPDB003072	42672	Fusarium napiforme	fungi	OQ398018.1	479	439	439	49.6583	ITS1-5.8S-ITS2	ITSx-region-extraction
MPDB003073	42672	Fusarium napiforme	fungi	OQ983871.1	562	456	456	49.3421	ITS1-5.8S-ITS2	ITSx-region-extraction
MPDB003074	42672	Fusarium napiforme	fungi	OR400660.1	610	478	478	49.5816	ITS1-5.8S-ITS2	ITSx-region-extraction
MPDB003075	42672	Fusarium napiforme	fungi	PQ657495.1	506	452	452	48.6726	ITS1-5.8S-ITS2	ITSx-region-extraction
MPDB003076	42672	Fusarium napiforme	fungi	PV277815.1	586	466	466	49.7854	ITS1-5.8S-ITS2	ITSx-region-extraction
MPDB003077	42672	Fusarium napiforme	fungi	PX830122.1	568	487	487	49.4867	ITS1-5.8S-ITS2	ITSx-region-extraction
MPDB003078	42672	Fusarium napiforme	fungi	PX858201.1	556	491	491	49.8982	ITS1-5.8S-ITS2	ITSx-region-extraction
MPDB003079	42672	Fusarium napiforme	fungi	PZ382062.1	534	470	470	52.3404	ITS1-5.8S-ITS2	ITSx-region-extraction
MPDB003080	42672	Fusarium napiforme	fungi	U34570.1	522	456	456	49.3421	ITS1-5.8S-ITS2	ITSx-region-extraction
MPDB003081	42676	Fusarium sacchari	fungi	MH854822.1	522	456	456	49.7807	ITS1-5.8S-ITS2	ITSx-region-extraction
MPDB003082	42676	Fusarium sacchari	fungi	MH855037.1	545	456	456	49.3421	ITS1-5.8S-ITS2	ITSx-region-extraction
MPDB003083	42676	Fusarium sacchari	fungi	MH855272.1	510	468	468	49.7863	ITS1-5.8S-ITS2	ITSx-region-extraction
MPDB003084	42676	Fusarium sacchari	fungi	MH855403.1	555	456	456	49.5614	ITS1-5.8S-ITS2	ITSx-region-extraction
MPDB003085	42676	Fusarium sacchari	fungi	MH855885.1	544	456	456	49.3421	ITS1-5.8S-ITS2	ITSx-region-extraction
MPDB003086	42676	Fusarium sacchari	fungi	PX647282.1	513	463	463	49.8920	ITS1-5.8S-ITS2	ITSx-region-extraction
MPDB003087	42676	Fusarium sacchari	fungi	PX651165.1	464	417	417	49.8801	ITS1-5.8S-ITS2	ITSx-region-extraction
MPDB003088	42676	Fusarium sacchari	fungi	PX755859.1	494	494	494	49.7976	ITS1-5.8S-ITS2	ITSx-region-extraction
MPDB003089	42676	Fusarium sacchari	fungi	PX957575.1	532	487	487	50.1027	ITS1-5.8S-ITS2	ITSx-region-extraction
MPDB003090	42676	Fusarium sacchari	fungi	PZ027954.1	513	459	459	49.8911	ITS1-5.8S-ITS2	ITSx-region-extraction
MPDB003091	42676	Fusarium sacchari	fungi	PZ129590.1	555	492	492	50.0000	ITS1-5.8S-ITS2	ITSx-region-extraction
MPDB003092	42676	Fusarium sacchari	fungi	PZ208704.1	550	488	488	50.0000	ITS1-5.8S-ITS2	ITSx-region-extraction
MPDB003093	42676	Fusarium sacchari	fungi	PZ266752.1	446	446	446	49.1031	ITS1-5.8S-ITS2	ITSx-region-extraction
MPDB003094	42676	Fusarium sacchari	fungi	PZ311704.1	523	460	460	49.7826	ITS1-5.8S-ITS2	ITSx-region-extraction
MPDB003095	42676	Fusarium sacchari	fungi	PZ394332.1	480	432	432	49.3056	ITS1-5.8S-ITS2	ITSx-region-extraction
MPDB003096	42676	Fusarium sacchari	fungi	PZ501429.1	484	419	419	50.3580	ITS1-5.8S-ITS2	ITSx-region-extraction
MPDB003097	42676	Fusarium sacchari	fungi	PZ501430.1	478	412	412	50.2427	ITS1-5.8S-ITS2	ITSx-region-extraction
MPDB003098	42676	Fusarium sacchari	fungi	PZ501431.1	481	415	415	50.3614	ITS1-5.8S-ITS2	ITSx-region-extraction
MPDB003099	42676	Fusarium sacchari	fungi	PZ501432.1	485	485	485	50.5155	ITS1-5.8S-ITS2	ITSx-region-extraction
MPDB003100	42676	Fusarium sacchari	fungi	PZ502134.1	638	638	638	47.8056	ITS1-5.8S-ITS2	ITSx-region-extraction
MPDB003101	42676	Fusarium sacchari	fungi	PZ502135.1	506	457	457	50.7659	ITS1-5.8S-ITS2	ITSx-region-extraction
MPDB003102	42676	Fusarium sacchari	fungi	PZ502227.1	518	518	518	49.6139	ITS1-5.8S-ITS2	ITSx-region-extraction
MPDB003103	42676	Fusarium sacchari	fungi	PZ502228.1	525	460	460	50.2174	ITS1-5.8S-ITS2	ITSx-region-extraction
MPDB003104	42676	Fusarium sacchari	fungi	PZ502229.1	505	457	457	50.1094	ITS1-5.8S-ITS2	ITSx-region-extraction
MPDB003105	42676	Fusarium sacchari	fungi	PZ509471.1	562	458	458	50.4367	ITS1-5.8S-ITS2	ITSx-region-extraction
MPDB003106	42676	Fusarium sacchari	fungi	PZ509491.1	524	459	459	49.6732	ITS1-5.8S-ITS2	ITSx-region-extraction
MPDB003107	42676	Fusarium sacchari	fungi	PZ509615.1	528	461	461	50.1085	ITS1-5.8S-ITS2	ITSx-region-extraction
MPDB003108	42676	Fusarium sacchari	fungi	PZ509618.1	509	461	461	50.9761	ITS1-5.8S-ITS2	ITSx-region-extraction
MPDB003109	42676	Fusarium sacchari	fungi	PZ509636.1	506	457	457	50.7659	ITS1-5.8S-ITS2	ITSx-region-extraction
MPDB003110	42676	Fusarium sacchari	fungi	PZ509643.1	570	458	458	50.6550	ITS1-5.8S-ITS2	ITSx-region-extraction
MPDB003111	42676	Fusarium sacchari	fungi	PZ509644.1	526	460	460	50.6522	ITS1-5.8S-ITS2	ITSx-region-extraction
MPDB003112	42676	Fusarium sacchari	fungi	PZ513332.1	996	960	960	48.8542	ITS1-5.8S-ITS2	ITSx-region-extraction
MPDB003113	42676	Fusarium sacchari	fungi	PZ513333.1	684	684	684	50.2924	ITS1-5.8S-ITS2	ITSx-region-extraction
MPDB003114	42676	Fusarium sacchari	fungi	PZ513334.1	774	774	774	46.1240	ITS1-5.8S-ITS2	ITSx-region-extraction
MPDB003115	42676	Fusarium sacchari	fungi	PZ513335.1	844	844	844	47.3934	ITS1-5.8S-ITS2	ITSx-region-extraction
MPDB003116	42676	Fusarium sacchari	fungi	PZ513336.1	992	992	992	48.5887	ITS1-5.8S-ITS2	ITSx-region-extraction
MPDB003117	42676	Fusarium sacchari	fungi	PZ513337.1	754	754	754	45.8886	ITS1-5.8S-ITS2	ITSx-region-extraction
MPDB003118	42676	Fusarium sacchari	fungi	PZ513338.1	918	918	918	48.8017	ITS1-5.8S-ITS2	ITSx-region-extraction
MPDB003119	42676	Fusarium sacchari	fungi	PZ513339.1	848	848	848	47.8774	ITS1-5.8S-ITS2	ITSx-region-extraction
MPDB003120	42676	Fusarium sacchari	fungi	PZ513340.1	801	801	801	47.1910	ITS1-5.8S-ITS2	ITSx-region-extraction
MPDB003121	42676	Fusarium sacchari	fungi	PZ710560.1	447	447	447	49.6644	ITS1-5.8S-ITS2	ITSx-region-extraction
MPDB003122	42676	Fusarium sacchari	fungi	PZ734421.1	541	480	480	49.7917	ITS1-5.8S-ITS2	ITSx-region-extraction
MPDB003123	42676	Fusarium sacchari	fungi	PZ794434.1	520	466	466	50.4292	ITS1-5.8S-ITS2	ITSx-region-extraction
MPDB003124	42677	Fusarium subglutinans	fungi	LC769974.1	470	426	426	50.4695	ITS1-5.8S-ITS2	ITSx-region-extraction
MPDB003125	42677	Fusarium subglutinans	fungi	MH864398.1	559	469	469	51.8124	ITS1-5.8S-ITS2	ITSx-region-extraction
MPDB003126	42677	Fusarium subglutinans	fungi	OR346298.1	494	445	445	49.6629	ITS1-5.8S-ITS2	ITSx-region-extraction
MPDB003127	42677	Fusarium subglutinans	fungi	OR623763.1	531	460	460	49.2341	ITS1-5.8S-ITS2	ITSx-region-extraction
MPDB003128	42677	Fusarium subglutinans	fungi	PP336543.1	1646	456	456	49.3421	ITS1-5.8S-ITS2	ITSx-region-extraction
MPDB003129	42677	Fusarium subglutinans	fungi	PP474113.1	488	441	441	49.6599	ITS1-5.8S-ITS2	ITSx-region-extraction
MPDB003130	42677	Fusarium subglutinans	fungi	PP858214.1	583	506	506	49.4071	ITS1-5.8S-ITS2	ITSx-region-extraction
MPDB003131	42677	Fusarium subglutinans	fungi	PP858215.1	580	506	506	50.0000	ITS1-5.8S-ITS2	ITSx-region-extraction
MPDB003132	42677	Fusarium subglutinans	fungi	PP858216.1	566	497	497	49.6982	ITS1-5.8S-ITS2	ITSx-region-extraction
MPDB003133	42677	Fusarium subglutinans	fungi	PP858217.1	573	506	506	50.0000	ITS1-5.8S-ITS2	ITSx-region-extraction
MPDB003134	42677	Fusarium subglutinans	fungi	PP858218.1	592	510	510	49.6078	ITS1-5.8S-ITS2	ITSx-region-extraction
MPDB003135	42677	Fusarium subglutinans	fungi	PP858219.1	573	504	504	50.1984	ITS1-5.8S-ITS2	ITSx-region-extraction
MPDB003136	42677	Fusarium subglutinans	fungi	PP858220.1	579	456	456	49.3421	ITS1-5.8S-ITS2	ITSx-region-extraction
MPDB003137	42677	Fusarium subglutinans	fungi	PP858221.1	570	502	502	50.0000	ITS1-5.8S-ITS2	ITSx-region-extraction
MPDB003138	42677	Fusarium subglutinans	fungi	PP901862.1	531	475	475	51.7895	ITS1-5.8S-ITS2	ITSx-region-extraction
MPDB003139	42677	Fusarium subglutinans	fungi	PQ289220.1	522	475	475	51.7895	ITS1-5.8S-ITS2	ITSx-region-extraction
MPDB003140	42677	Fusarium subglutinans	fungi	PQ436491.1	507	443	443	49.6614	ITS1-5.8S-ITS2	ITSx-region-extraction
MPDB003141	42677	Fusarium subglutinans	fungi	PQ471479.1	411	365	365	46.8493	ITS1-5.8S-ITS2	ITSx-region-extraction
MPDB003142	42677	Fusarium subglutinans	fungi	PQ579862.1	545	486	486	50.0000	ITS1-5.8S-ITS2	ITSx-region-extraction
MPDB003143	42677	Fusarium subglutinans	fungi	PV109003.1	552	490	490	49.7959	ITS1-5.8S-ITS2	ITSx-region-extraction
MPDB003144	42677	Fusarium subglutinans	fungi	PV130020.1	446	446	446	49.5516	ITS1-5.8S-ITS2	ITSx-region-extraction
MPDB003145	42677	Fusarium subglutinans	fungi	PV133542.1	513	451	451	49.6674	ITS1-5.8S-ITS2	ITSx-region-extraction
MPDB003146	42677	Fusarium subglutinans	fungi	PV477270.1	533	472	472	52.3305	ITS1-5.8S-ITS2	ITSx-region-extraction
MPDB003147	42677	Fusarium subglutinans	fungi	PV778601.1	558	456	456	49.3421	ITS1-5.8S-ITS2	ITSx-region-extraction
MPDB003148	42677	Fusarium subglutinans	fungi	PV891882.1	550	456	456	49.3421	ITS1-5.8S-ITS2	ITSx-region-extraction
MPDB003149	42677	Fusarium subglutinans	fungi	PX381143.1	544	456	456	49.5614	ITS1-5.8S-ITS2	ITSx-region-extraction
MPDB003150	42677	Fusarium subglutinans	fungi	PX654089.1	542	456	456	49.5614	ITS1-5.8S-ITS2	ITSx-region-extraction
MPDB003151	42677	Fusarium subglutinans	fungi	PX724063.1	554	490	490	50.6122	ITS1-5.8S-ITS2	ITSx-region-extraction
MPDB003152	42677	Fusarium subglutinans	fungi	PX755857.1	506	440	440	49.5455	ITS1-5.8S-ITS2	ITSx-region-extraction
MPDB003153	42677	Fusarium subglutinans	fungi	PX755858.1	523	493	493	52.1298	ITS1-5.8S-ITS2	ITSx-region-extraction
MPDB003154	42677	Fusarium subglutinans	fungi	PX845612.1	785	309	309	49.5146	5.8S-ITS2	ITSx-region-extraction
MPDB003155	42677	Fusarium subglutinans	fungi	PX856651.1	506	443	443	49.6614	ITS1-5.8S-ITS2	ITSx-region-extraction
MPDB003156	42677	Fusarium subglutinans	fungi	PX928240.1	549	456	456	49.3421	ITS1-5.8S-ITS2	ITSx-region-extraction
MPDB003157	42677	Fusarium subglutinans	fungi	PX928275.1	552	489	489	49.8978	ITS1-5.8S-ITS2	ITSx-region-extraction
MPDB003158	42677	Fusarium subglutinans	fungi	PX928276.1	549	487	487	49.8973	ITS1-5.8S-ITS2	ITSx-region-extraction
MPDB003159	42677	Fusarium subglutinans	fungi	PZ117540.1	585	521	521	48.4615	ITS1-5.8S-ITS2	ITSx-region-extraction
MPDB003160	42677	Fusarium subglutinans	fungi	PZ266778.1	456	456	456	49.7807	ITS1-5.8S-ITS2	ITSx-region-extraction
MPDB003161	42677	Fusarium subglutinans	fungi	PZ368454.1	484	438	438	49.5434	ITS1-5.8S-ITS2	ITSx-region-extraction
MPDB003162	42677	Fusarium subglutinans	fungi	PZ506902.1	995	416	416	49.7596	ITS1-5.8S-ITS2	ITSx-region-extraction
MPDB003163	42677	Fusarium subglutinans	fungi	PZ506903.1	1031	415	415	49.8795	ITS1-5.8S-ITS2	ITSx-region-extraction
MPDB003164	42677	Fusarium subglutinans	fungi	PZ658248.1	511	451	451	49.2239	ITS1-5.8S-ITS2	ITSx-region-extraction
MPDB003165	42677	Fusarium subglutinans	fungi	PZ734385.1	550	487	487	49.4867	ITS1-5.8S-ITS2	ITSx-region-extraction
MPDB003166	42677	Fusarium subglutinans	fungi	PZ765719.1	607	469	469	49.2537	ITS1-5.8S-ITS2	ITSx-region-extraction
MPDB003167	45130	Bipolaris sorokiniana (Cochliobolus sativus)	fungi	MH855246.1	549	507	507	45.5621	ITS1-5.8S-ITS2	ITSx-region-extraction
MPDB003168	45130	Bipolaris sorokiniana (Cochliobolus sativus)	fungi	MH855247.1	590	494	494	45.5466	ITS1-5.8S-ITS2	ITSx-region-extraction
MPDB003169	45130	Bipolaris sorokiniana (Cochliobolus sativus)	fungi	MH856637.1	582	494	494	45.5466	ITS1-5.8S-ITS2	ITSx-region-extraction
MPDB003170	45130	Bipolaris sorokiniana (Cochliobolus sativus)	fungi	MH857554.1	593	502	502	45.4183	ITS1-5.8S-ITS2	ITSx-region-extraction
MPDB003171	45130	Bipolaris sorokiniana (Cochliobolus sativus)	fungi	MH857555.1	485	485	485	45.7732	ITS1-5.8S-ITS2	ITSx-region-extraction
MPDB003172	45130	Bipolaris sorokiniana (Cochliobolus sativus)	fungi	MH857556.1	581	494	494	45.5466	ITS1-5.8S-ITS2	ITSx-region-extraction
MPDB003173	45130	Bipolaris sorokiniana (Cochliobolus sativus)	fungi	MH858440.1	586	498	498	45.3815	ITS1-5.8S-ITS2	ITSx-region-extraction
MPDB003174	45130	Bipolaris sorokiniana (Cochliobolus sativus)	fungi	MH858691.1	582	494	494	45.5466	ITS1-5.8S-ITS2	ITSx-region-extraction
MPDB003175	45130	Bipolaris sorokiniana (Cochliobolus sativus)	fungi	MH860558.1	592	496	496	45.3629	ITS1-5.8S-ITS2	ITSx-region-extraction
MPDB003176	45130	Bipolaris sorokiniana (Cochliobolus sativus)	fungi	MH864696.1	588	496	496	45.5645	ITS1-5.8S-ITS2	ITSx-region-extraction
MPDB003177	45130	Bipolaris sorokiniana (Cochliobolus sativus)	fungi	MH864697.1	588	496	496	45.5645	ITS1-5.8S-ITS2	ITSx-region-extraction
MPDB003178	45130	Bipolaris sorokiniana (Cochliobolus sativus)	fungi	MH864698.1	598	496	496	45.5645	ITS1-5.8S-ITS2	ITSx-region-extraction
MPDB003179	45130	Bipolaris sorokiniana (Cochliobolus sativus)	fungi	PX069952.1	588	497	497	45.6740	ITS1-5.8S-ITS2	ITSx-region-extraction
MPDB003180	45130	Bipolaris sorokiniana (Cochliobolus sativus)	fungi	PX069954.1	583	497	497	45.4728	ITS1-5.8S-ITS2	ITSx-region-extraction
MPDB003181	45130	Bipolaris sorokiniana (Cochliobolus sativus)	fungi	PX069955.1	596	497	497	45.4728	ITS1-5.8S-ITS2	ITSx-region-extraction
MPDB003182	45130	Bipolaris sorokiniana (Cochliobolus sativus)	fungi	PX069956.1	592	496	496	45.5645	ITS1-5.8S-ITS2	ITSx-region-extraction
MPDB003183	45130	Bipolaris sorokiniana (Cochliobolus sativus)	fungi	PX069957.1	587	496	496	45.4545	ITS1-5.8S-ITS2	ITSx-region-extraction
MPDB003184	45130	Bipolaris sorokiniana (Cochliobolus sativus)	fungi	PX069962.1	590	496	496	45.5645	ITS1-5.8S-ITS2	ITSx-region-extraction
MPDB003185	45130	Bipolaris sorokiniana (Cochliobolus sativus)	fungi	PX069964.1	588	497	497	45.4728	ITS1-5.8S-ITS2	ITSx-region-extraction
MPDB003186	45130	Bipolaris sorokiniana (Cochliobolus sativus)	fungi	PX069965.1	589	496	496	45.5645	ITS1-5.8S-ITS2	ITSx-region-extraction
MPDB003187	45130	Bipolaris sorokiniana (Cochliobolus sativus)	fungi	PX069969.1	589	496	496	45.5645	ITS1-5.8S-ITS2	ITSx-region-extraction
MPDB003188	45130	Bipolaris sorokiniana (Cochliobolus sativus)	fungi	PX069970.1	590	497	497	45.4728	ITS1-5.8S-ITS2	ITSx-region-extraction
MPDB003189	45130	Bipolaris sorokiniana (Cochliobolus sativus)	fungi	PX069972.1	588	497	497	45.4728	ITS1-5.8S-ITS2	ITSx-region-extraction
MPDB003190	45130	Bipolaris sorokiniana (Cochliobolus sativus)	fungi	PX069973.1	590	497	497	45.3629	ITS1-5.8S-ITS2	ITSx-region-extraction
MPDB003191	45130	Bipolaris sorokiniana (Cochliobolus sativus)	fungi	PX069974.1	590	497	497	45.3629	ITS1-5.8S-ITS2	ITSx-region-extraction
MPDB003192	45130	Bipolaris sorokiniana (Cochliobolus sativus)	fungi	PX069975.1	584	497	497	45.6740	ITS1-5.8S-ITS2	ITSx-region-extraction
MPDB003193	45130	Bipolaris sorokiniana (Cochliobolus sativus)	fungi	PX069976.1	584	497	497	45.4728	ITS1-5.8S-ITS2	ITSx-region-extraction
MPDB003194	45130	Bipolaris sorokiniana (Cochliobolus sativus)	fungi	PX069978.1	592	497	497	45.4728	ITS1-5.8S-ITS2	ITSx-region-extraction
MPDB003195	45130	Bipolaris sorokiniana (Cochliobolus sativus)	fungi	PX069980.1	583	496	496	45.5645	ITS1-5.8S-ITS2	ITSx-region-extraction
MPDB003196	45130	Bipolaris sorokiniana (Cochliobolus sativus)	fungi	PX069981.1	592	497	497	45.4728	ITS1-5.8S-ITS2	ITSx-region-extraction
MPDB003197	45130	Bipolaris sorokiniana (Cochliobolus sativus)	fungi	PX069982.1	588	497	497	45.3629	ITS1-5.8S-ITS2	ITSx-region-extraction
MPDB003198	45130	Bipolaris sorokiniana (Cochliobolus sativus)	fungi	PX069984.1	590	497	497	45.4728	ITS1-5.8S-ITS2	ITSx-region-extraction
MPDB003199	45130	Bipolaris sorokiniana (Cochliobolus sativus)	fungi	PX069985.1	588	497	497	45.6740	ITS1-5.8S-ITS2	ITSx-region-extraction
MPDB003200	45130	Bipolaris sorokiniana (Cochliobolus sativus)	fungi	PX069986.1	588	496	496	45.6566	ITS1-5.8S-ITS2	ITSx-region-extraction
MPDB003201	45130	Bipolaris sorokiniana (Cochliobolus sativus)	fungi	PX069988.1	587	497	497	45.4728	ITS1-5.8S-ITS2	ITSx-region-extraction
MPDB003202	45130	Bipolaris sorokiniana (Cochliobolus sativus)	fungi	PX069989.1	587	527	527	45.8175	ITS1-5.8S-ITS2	ITSx-region-extraction
MPDB003203	45130	Bipolaris sorokiniana (Cochliobolus sativus)	fungi	PX069990.1	587	527	527	45.4373	ITS1-5.8S-ITS2	ITSx-region-extraction
MPDB003204	45130	Bipolaris sorokiniana (Cochliobolus sativus)	fungi	PX069991.1	587	496	496	45.4545	ITS1-5.8S-ITS2	ITSx-region-extraction
MPDB003205	45130	Bipolaris sorokiniana (Cochliobolus sativus)	fungi	PX069992.1	559	559	559	47.5836	ITS1-5.8S-ITS2	ITSx-region-extraction
MPDB003206	45130	Bipolaris sorokiniana (Cochliobolus sativus)	fungi	PX069996.1	526	526	526	46.4143	ITS1-5.8S-ITS2	ITSx-region-extraction
MPDB003207	45130	Bipolaris sorokiniana (Cochliobolus sativus)	fungi	PX069996.1	526	526	526	46.4143	ITS1-5.8S-ITS2	ITSx-region-extraction
MPDB003208	45130	Bipolaris sorokiniana (Cochliobolus sativus)	fungi	PZ626160.1	513	452	452	45.1327	ITS1-5.8S-ITS2	ITSx-region-extraction
MPDB003209	45130	Bipolaris sorokiniana (Cochliobolus sativus)	fungi	PZ812087.1	535	478	478	46.2343	ITS1-5.8S-ITS2	ITSx-region-extraction
MPDB003210	45133	Lasiodiplodia theobromae / Botryodiplodia tubericola	fungi	MH864419.1	677	452	452	52.2124	ITS1-5.8S-ITS2	ITSx-region-extraction
MPDB003211	45133	Lasiodiplodia theobromae / Botryodiplodia tubericola	fungi	MH865367.1	541	452	452	52.2124	ITS1-5.8S-ITS2	ITSx-region-extraction
MPDB003212	45133	Lasiodiplodia theobromae / Botryodiplodia tubericola	fungi	MH865370.1	542	452	452	52.2124	ITS1-5.8S-ITS2	ITSx-region-extraction
MPDB003213	45133	Lasiodiplodia theobromae / Botryodiplodia tubericola	fungi	MH865372.1	541	452	452	52.2124	ITS1-5.8S-ITS2	ITSx-region-extraction
MPDB003214	45133	Lasiodiplodia theobromae / Botryodiplodia tubericola	fungi	MH865374.1	540	452	452	52.2124	ITS1-5.8S-ITS2	ITSx-region-extraction
MPDB003215	45133	Lasiodiplodia theobromae / Botryodiplodia tubericola	fungi	PV642804.1	563	452	452	52.2124	ITS1-5.8S-ITS2	ITSx-region-extraction
MPDB003216	45133	Lasiodiplodia theobromae / Botryodiplodia tubericola	fungi	PZ112911.1	415	415	415	50.6024	ITS1-5.8S-ITS2	ITSx-region-extraction
MPDB003217	45133	Lasiodiplodia theobromae / Botryodiplodia tubericola	fungi	PZ112913.1	432	432	432	47.9167	ITS1-5.8S-ITS2	ITSx-region-extraction
MPDB003218	45133	Lasiodiplodia theobromae / Botryodiplodia tubericola	fungi	PZ586380.1	555	452	452	52.2124	ITS1-5.8S-ITS2	ITSx-region-extraction
MPDB003219	45133	Lasiodiplodia theobromae / Botryodiplodia tubericola	fungi	PZ586382.1	570	476	476	52.3109	ITS1-5.8S-ITS2	ITSx-region-extraction
MPDB003220	45133	Lasiodiplodia theobromae / Botryodiplodia tubericola	fungi	PZ596690.1	510	470	470	52.1277	ITS1-5.8S-ITS2	ITSx-region-extraction
MPDB003221	45133	Lasiodiplodia theobromae / Botryodiplodia tubericola	fungi	PZ596714.1	367	367	367	50.9537	ITS1-5.8S-ITS2	ITSx-region-extraction
MPDB003222	45133	Lasiodiplodia theobromae / Botryodiplodia tubericola	fungi	PZ597502.1	494	463	463	52.6998	ITS1-5.8S-ITS2	ITSx-region-extraction
MPDB003223	45133	Lasiodiplodia theobromae / Botryodiplodia tubericola	fungi	PZ597504.1	404	404	404	52.2277	ITS1-5.8S-ITS2	ITSx-region-extraction
MPDB003224	45133	Lasiodiplodia theobromae / Botryodiplodia tubericola	fungi	PZ597507.1	248	148	148	60.8108	ITS2	ITSx-region-extraction
MPDB003225	45133	Lasiodiplodia theobromae / Botryodiplodia tubericola	fungi	PZ597508.1	388	388	388	52.0725	ITS1-5.8S-ITS2	ITSx-region-extraction
MPDB003226	45133	Lasiodiplodia theobromae / Botryodiplodia tubericola	fungi	PZ597509.1	190	147	147	61.2245	ITS2	ITSx-region-extraction
MPDB003227	45133	Lasiodiplodia theobromae / Botryodiplodia tubericola	fungi	PZ597510.1	489	458	458	52.6201	ITS1-5.8S-ITS2	ITSx-region-extraction
MPDB003228	45133	Lasiodiplodia theobromae / Botryodiplodia tubericola	fungi	PZ597511.1	474	443	443	52.8217	ITS1-5.8S-ITS2	ITSx-region-extraction
MPDB003229	45133	Lasiodiplodia theobromae / Botryodiplodia tubericola	fungi	PZ597512.1	387	387	387	51.5544	ITS1-5.8S-ITS2	ITSx-region-extraction
MPDB003230	45133	Lasiodiplodia theobromae / Botryodiplodia tubericola	fungi	PZ597513.1	408	408	408	51.5971	ITS1-5.8S-ITS2	ITSx-region-extraction
MPDB003231	45133	Lasiodiplodia theobromae / Botryodiplodia tubericola	fungi	PZ625880.1	442	442	442	52.4887	ITS1-5.8S-ITS2	ITSx-region-extraction
MPDB003232	45133	Lasiodiplodia theobromae / Botryodiplodia tubericola	fungi	PZ626023.1	506	446	446	52.4664	ITS1-5.8S-ITS2	ITSx-region-extraction
MPDB003233	45133	Lasiodiplodia theobromae / Botryodiplodia tubericola	fungi	PZ686360.1	599	124	124	47.5806	ITS1	ITSx-region-extraction
MPDB003234	45133	Lasiodiplodia theobromae / Botryodiplodia tubericola	fungi	PZ686361.1	482	434	434	51.7321	ITS1-5.8S-ITS2	ITSx-region-extraction
MPDB003235	45133	Lasiodiplodia theobromae / Botryodiplodia tubericola	fungi	PZ686392.1	721	659	659	51.5933	ITS1-5.8S-ITS2	ITSx-region-extraction
MPDB003236	45133	Lasiodiplodia theobromae / Botryodiplodia tubericola	fungi	PZ689236.1	531	452	452	52.2124	ITS1-5.8S-ITS2	ITSx-region-extraction
MPDB003237	45133	Lasiodiplodia theobromae / Botryodiplodia tubericola	fungi	PZ694559.1	497	441	441	52.8345	ITS1-5.8S-ITS2	ITSx-region-extraction
MPDB003238	45133	Lasiodiplodia theobromae / Botryodiplodia tubericola	fungi	PZ702477.1	498	498	498	52.2088	ITS1-5.8S-ITS2	ITSx-region-extraction
MPDB003239	45133	Lasiodiplodia theobromae / Botryodiplodia tubericola	fungi	PZ702515.1	340	340	340	50.2941	ITS1-5.8S	ITSx-region-extraction
MPDB003240	45133	Lasiodiplodia theobromae / Botryodiplodia tubericola	fungi	PZ716602.1	374	374	374	51.3369	ITS1-5.8S-ITS2	ITSx-region-extraction
MPDB003241	45133	Lasiodiplodia theobromae / Botryodiplodia tubericola	fungi	PZ716609.1	390	390	390	51.7949	ITS1-5.8S-ITS2	ITSx-region-extraction
MPDB003242	45133	Lasiodiplodia theobromae / Botryodiplodia tubericola	fungi	PZ716630.1	389	389	389	51.6710	ITS1-5.8S-ITS2	ITSx-region-extraction
MPDB003243	45133	Lasiodiplodia theobromae / Botryodiplodia tubericola	fungi	PZ716764.1	455	421	421	51.3064	ITS1-5.8S-ITS2	ITSx-region-extraction
MPDB003244	45133	Lasiodiplodia theobromae / Botryodiplodia tubericola	fungi	PZ716776.1	377	377	377	50.1326	ITS1-5.8S-ITS2	ITSx-region-extraction
MPDB003245	45133	Lasiodiplodia theobromae / Botryodiplodia tubericola	fungi	PZ729940.1	408	408	408	50.4902	ITS1-5.8S-ITS2	ITSx-region-extraction
MPDB003246	45133	Lasiodiplodia theobromae / Botryodiplodia tubericola	fungi	PZ737355.1	502	441	441	51.9274	ITS1-5.8S-ITS2	ITSx-region-extraction
MPDB003247	45133	Lasiodiplodia theobromae / Botryodiplodia tubericola	fungi	PZ761154.1	518	469	469	52.0256	ITS1-5.8S-ITS2	ITSx-region-extraction
MPDB003248	45133	Lasiodiplodia theobromae / Botryodiplodia tubericola	fungi	PZ765027.1	542	452	452	51.7699	ITS1-5.8S-ITS2	ITSx-region-extraction
MPDB003249	45133	Lasiodiplodia theobromae / Botryodiplodia tubericola	fungi	PZ804691.1	545	452	452	52.2124	ITS1-5.8S-ITS2	ITSx-region-extraction
MPDB003250	45133	Lasiodiplodia theobromae / Botryodiplodia tubericola	fungi	PZ810830.1	526	474	474	51.8987	ITS1-5.8S-ITS2	ITSx-region-extraction
MPDB003251	45133	Lasiodiplodia theobromae / Botryodiplodia tubericola	fungi	PZ810830.1	526	474	474	51.8987	ITS1-5.8S-ITS2	ITSx-region-extraction
MPDB003252	45133	Lasiodiplodia theobromae / Botryodiplodia tubericola	fungi	PZ810830.1	526	474	474	51.8987	ITS1-5.8S-ITS2	ITSx-region-extraction
MPDB003253	456999	Rhizoctonia solani (Thanatephorus cucumeris)	fungi	PZ718915.1	732	643	643	40.2799	ITS1-5.8S-ITS2	ITSx-region-extraction
MPDB003254	456999	Rhizoctonia solani (Thanatephorus cucumeris)	fungi	PZ718916.1	712	622	622	40.1929	ITS1-5.8S-ITS2	ITSx-region-extraction
MPDB003255	456999	Rhizoctonia solani (Thanatephorus cucumeris)	fungi	PZ741301.1	558	558	558	41.4722	ITS1-5.8S-ITS2	ITSx-region-extraction
MPDB003256	456999	Rhizoctonia solani (Thanatephorus cucumeris)	fungi	PZ741302.1	558	558	558	41.6517	ITS1-5.8S-ITS2	ITSx-region-extraction
MPDB003257	456999	Rhizoctonia solani (Thanatephorus cucumeris)	fungi	PZ741730.1	297	237	237	39.6624	ITS2	ITSx-region-extraction
MPDB003258	456999	Rhizoctonia solani (Thanatephorus cucumeris)	fungi	PZ747061.1	689	622	622	40.1929	ITS1-5.8S-ITS2	ITSx-region-extraction
MPDB003259	456999	Rhizoctonia solani (Thanatephorus cucumeris)	fungi	PZ747062.1	689	622	622	40.3537	ITS1-5.8S-ITS2	ITSx-region-extraction
MPDB003260	456999	Rhizoctonia solani (Thanatephorus cucumeris)	fungi	PZ747063.1	689	622	622	40.3537	ITS1-5.8S-ITS2	ITSx-region-extraction
MPDB003261	456999	Rhizoctonia solani (Thanatephorus cucumeris)	fungi	PZ747064.1	689	622	622	40.3537	ITS1-5.8S-ITS2	ITSx-region-extraction
MPDB003262	456999	Rhizoctonia solani (Thanatephorus cucumeris)	fungi	PZ747065.1	689	622	622	40.5145	ITS1-5.8S-ITS2	ITSx-region-extraction
MPDB003263	456999	Rhizoctonia solani (Thanatephorus cucumeris)	fungi	PZ747066.1	689	622	622	40.6752	ITS1-5.8S-ITS2	ITSx-region-extraction
MPDB003264	456999	Rhizoctonia solani (Thanatephorus cucumeris)	fungi	PZ747067.1	689	622	622	40.0322	ITS1-5.8S-ITS2	ITSx-region-extraction
MPDB003265	456999	Rhizoctonia solani (Thanatephorus cucumeris)	fungi	PZ747068.1	689	622	622	40.1929	ITS1-5.8S-ITS2	ITSx-region-extraction
MPDB003266	456999	Rhizoctonia solani (Thanatephorus cucumeris)	fungi	PZ747069.1	689	622	622	40.1929	ITS1-5.8S-ITS2	ITSx-region-extraction
MPDB003267	456999	Rhizoctonia solani (Thanatephorus cucumeris)	fungi	PZ747070.1	689	622	622	40.3537	ITS1-5.8S-ITS2	ITSx-region-extraction
MPDB003268	456999	Rhizoctonia solani (Thanatephorus cucumeris)	fungi	PZ747071.1	689	622	622	40.1929	ITS1-5.8S-ITS2	ITSx-region-extraction
MPDB003269	456999	Rhizoctonia solani (Thanatephorus cucumeris)	fungi	PZ747072.1	689	622	622	40.5145	ITS1-5.8S-ITS2	ITSx-region-extraction
MPDB003270	456999	Rhizoctonia solani (Thanatephorus cucumeris)	fungi	PZ747073.1	689	622	622	40.0322	ITS1-5.8S-ITS2	ITSx-region-extraction
MPDB003271	456999	Rhizoctonia solani (Thanatephorus cucumeris)	fungi	PZ747074.1	689	622	622	40.1929	ITS1-5.8S-ITS2	ITSx-region-extraction
MPDB003272	456999	Rhizoctonia solani (Thanatephorus cucumeris)	fungi	PZ747075.1	689	622	622	40.0322	ITS1-5.8S-ITS2	ITSx-region-extraction
MPDB003273	456999	Rhizoctonia solani (Thanatephorus cucumeris)	fungi	PZ747076.1	689	622	622	40.3537	ITS1-5.8S-ITS2	ITSx-region-extraction
MPDB003274	456999	Rhizoctonia solani (Thanatephorus cucumeris)	fungi	PZ747077.1	689	622	622	40.1929	ITS1-5.8S-ITS2	ITSx-region-extraction
MPDB003275	456999	Rhizoctonia solani (Thanatephorus cucumeris)	fungi	PZ795269.1	773	251	251	41.0359	ITS2	ITSx-region-extraction
MPDB003276	456999	Rhizoctonia solani (Thanatephorus cucumeris)	fungi	PZ805015.1	600	600	600	41.0000	ITS1-5.8S-ITS2	ITSx-region-extraction
MPDB003277	456999	Rhizoctonia solani (Thanatephorus cucumeris)	fungi	PZ806597.1	650	616	616	39.4481	ITS1-5.8S-ITS2	ITSx-region-extraction
MPDB003278	456999	Rhizoctonia solani (Thanatephorus cucumeris)	fungi	PZ829590.1	726	622	622	40.1929	ITS1-5.8S-ITS2	ITSx-region-extraction
MPDB003279	456999	Rhizoctonia solani (Thanatephorus cucumeris)	fungi	PZ829591.1	576	576	576	40.4514	ITS1-5.8S-ITS2	ITSx-region-extraction
MPDB003280	456999	Rhizoctonia solani (Thanatephorus cucumeris)	fungi	PZ829592.1	734	622	622	40.1929	ITS1-5.8S-ITS2	ITSx-region-extraction
MPDB003281	456999	Rhizoctonia solani (Thanatephorus cucumeris)	fungi	PZ829593.1	570	570	570	40.0000	ITS1-5.8S-ITS2	ITSx-region-extraction
MPDB003282	456999	Rhizoctonia solani (Thanatephorus cucumeris)	fungi	PZ829594.1	740	626	626	40.5751	ITS1-5.8S-ITS2	ITSx-region-extraction
MPDB003283	456999	Rhizoctonia solani (Thanatephorus cucumeris)	fungi	PZ829595.1	582	582	582	40.7216	ITS1-5.8S-ITS2	ITSx-region-extraction
MPDB003284	456999	Rhizoctonia solani (Thanatephorus cucumeris)	fungi	PZ829991.1	708	647	647	40.4946	ITS1-5.8S-ITS2	ITSx-region-extraction
MPDB003285	456999	Rhizoctonia solani (Thanatephorus cucumeris)	fungi	PZ830004.1	651	618	618	40.2913	ITS1-5.8S-ITS2	ITSx-region-extraction
MPDB003286	456999	Rhizoctonia solani (Thanatephorus cucumeris)	fungi	PZ830005.1	668	668	668	40.5689	ITS1-5.8S-ITS2	ITSx-region-extraction
MPDB003287	456999	Rhizoctonia solani (Thanatephorus cucumeris)	fungi	PZ830010.1	524	524	524	38.7405	ITS1-5.8S-ITS2	ITSx-region-extraction
MPDB003288	456999	Rhizoctonia solani (Thanatephorus cucumeris)	fungi	PZ830013.1	737	650	650	40.4615	ITS1-5.8S-ITS2	ITSx-region-extraction
MPDB003289	456999	Rhizoctonia solani (Thanatephorus cucumeris)	fungi	PZ830018.1	525	525	525	39.2381	ITS1-5.8S-ITS2	ITSx-region-extraction
MPDB003290	456999	Rhizoctonia solani (Thanatephorus cucumeris)	fungi	PZ830347.1	660	597	597	40.8710	ITS1-5.8S-ITS2	ITSx-region-extraction
MPDB003291	456999	Rhizoctonia solani (Thanatephorus cucumeris)	fungi	PZ830348.1	587	587	587	41.5673	ITS1-5.8S-ITS2	ITSx-region-extraction
MPDB003292	456999	Rhizoctonia solani (Thanatephorus cucumeris)	fungi	PZ830349.1	627	627	627	40.3509	ITS1-5.8S-ITS2	ITSx-region-extraction
MPDB003293	456999	Rhizoctonia solani (Thanatephorus cucumeris)	fungi	PZ830350.1	389	268	268	39.9254	ITS2	ITSx-region-extraction
MPDB003294	456999	Rhizoctonia solani (Thanatephorus cucumeris)	fungi	PZ830351.1	393	393	393	39.1858	ITS1-5.8S-ITS2	ITSx-region-extraction
MPDB003296	47278	Trichoderma roseum /Trichothecium roseum	fungi	MH856757.1	619	523	523	59.2734	ITS1-5.8S-ITS2	ITSx-region-extraction
MPDB003297	47278	Trichoderma roseum /Trichothecium roseum	fungi	MH856758.1	611	523	523	59.3870	ITS1-5.8S-ITS2	ITSx-region-extraction
MPDB003298	47278	Trichoderma roseum /Trichothecium roseum	fungi	PP844263.1	470	470	470	62.1277	ITS1-5.8S-ITS2	ITSx-region-extraction
MPDB003299	47278	Trichoderma roseum /Trichothecium roseum	fungi	PQ800245.1	536	484	484	60.7438	ITS1-5.8S-ITS2	ITSx-region-extraction
MPDB003300	47278	Trichoderma roseum /Trichothecium roseum	fungi	PV107790.1	586	540	540	59.0741	ITS1-5.8S-ITS2	ITSx-region-extraction
MPDB003301	47278	Trichoderma roseum /Trichothecium roseum	fungi	PV157059.1	629	524	524	60.1145	ITS1-5.8S-ITS2	ITSx-region-extraction
MPDB003302	47278	Trichoderma roseum /Trichothecium roseum	fungi	PV157138.1	628	523	523	59.2734	ITS1-5.8S-ITS2	ITSx-region-extraction
MPDB003303	47278	Trichoderma roseum /Trichothecium roseum	fungi	PV195202.1	619	530	530	59.2453	ITS1-5.8S-ITS2	ITSx-region-extraction
MPDB003304	47278	Trichoderma roseum /Trichothecium roseum	fungi	PV206824.1	587	587	587	59.2845	ITS1-5.8S-ITS2	ITSx-region-extraction
MPDB003305	47278	Trichoderma roseum /Trichothecium roseum	fungi	PV243909.1	572	524	524	59.1603	ITS1-5.8S-ITS2	ITSx-region-extraction
MPDB003306	47278	Trichoderma roseum /Trichothecium roseum	fungi	PV291701.1	603	527	527	59.9620	ITS1-5.8S-ITS2	ITSx-region-extraction
MPDB003307	47278	Trichoderma roseum /Trichothecium roseum	fungi	PV407442.1	549	549	549	59.5628	ITS1-5.8S-ITS2	ITSx-region-extraction
MPDB003308	47278	Trichoderma roseum /Trichothecium roseum	fungi	PV422738.1	560	501	501	60.6786	ITS1-5.8S-ITS2	ITSx-region-extraction
MPDB003309	47278	Trichoderma roseum /Trichothecium roseum	fungi	PV492220.1	572	509	509	60.3143	ITS1-5.8S-ITS2	ITSx-region-extraction
MPDB003310	47278	Trichoderma roseum /Trichothecium roseum	fungi	PV581214.1	248	173	173	56.6474	ITS1	ITSx-region-extraction
MPDB003311	47278	Trichoderma roseum /Trichothecium roseum	fungi	PV602682.1	588	540	540	59.4444	ITS1-5.8S-ITS2	ITSx-region-extraction
MPDB003312	47278	Trichoderma roseum /Trichothecium roseum	fungi	PV791371.1	541	500	500	60.8000	ITS1-5.8S-ITS2	ITSx-region-extraction
MPDB003313	47278	Trichoderma roseum /Trichothecium roseum	fungi	PV804305.1	651	523	523	59.2734	ITS1-5.8S-ITS2	ITSx-region-extraction
MPDB003314	47278	Trichoderma roseum /Trichothecium roseum	fungi	PV871555.1	569	506	506	60.4743	ITS1-5.8S-ITS2	ITSx-region-extraction
MPDB003315	47278	Trichoderma roseum /Trichothecium roseum	fungi	PV987532.1	557	526	526	59.6958	ITS1-5.8S-ITS2	ITSx-region-extraction
MPDB003316	47278	Trichoderma roseum /Trichothecium roseum	fungi	PV987533.1	557	557	557	59.2460	ITS1-5.8S-ITS2	ITSx-region-extraction
MPDB003317	47278	Trichoderma roseum /Trichothecium roseum	fungi	PV987534.1	460	460	460	58.9130	ITS1-5.8S-ITS2	ITSx-region-extraction
MPDB003318	47278	Trichoderma roseum /Trichothecium roseum	fungi	PV987535.1	459	459	459	59.6070	ITS1-5.8S-ITS2	ITSx-region-extraction
MPDB003319	47278	Trichoderma roseum /Trichothecium roseum	fungi	PV987536.1	453	453	453	60.0442	ITS1-5.8S-ITS2	ITSx-region-extraction
MPDB003320	47278	Trichoderma roseum /Trichothecium roseum	fungi	PV987581.1	1157	192	192	72.3958	ITS2	ITSx-region-extraction
MPDB003321	47278	Trichoderma roseum /Trichothecium roseum	fungi	PV987582.1	1219	191	191	72.7749	ITS2	ITSx-region-extraction
MPDB003323	47278	Trichoderma roseum /Trichothecium roseum	fungi	PV987778.1	592	541	541	59.1497	ITS1-5.8S-ITS2	ITSx-region-extraction
MPDB003324	47278	Trichoderma roseum /Trichothecium roseum	fungi	PX091361.1	268	199	199	56.7839	ITS1	ITSx-region-extraction
MPDB003325	47278	Trichoderma roseum /Trichothecium roseum	fungi	PX248752.1	509	509	509	59.3320	ITS1-5.8S-ITS2	ITSx-region-extraction
MPDB003326	47278	Trichoderma roseum /Trichothecium roseum	fungi	PX287182.1	615	523	523	59.2734	ITS1-5.8S-ITS2	ITSx-region-extraction
MPDB003327	47278	Trichoderma roseum /Trichothecium roseum	fungi	PX362643.1	618	521	521	59.1171	ITS1-5.8S-ITS2	ITSx-region-extraction
MPDB003328	47278	Trichoderma roseum /Trichothecium roseum	fungi	PX369682.1	613	521	521	59.5010	ITS1-5.8S-ITS2	ITSx-region-extraction
MPDB003329	47278	Trichoderma roseum /Trichothecium roseum	fungi	PX446869.1	575	525	525	59.0476	ITS1-5.8S-ITS2	ITSx-region-extraction
MPDB003330	47278	Trichoderma roseum /Trichothecium roseum	fungi	PX461609.1	628	523	523	59.2734	ITS1-5.8S-ITS2	ITSx-region-extraction
MPDB003331	47278	Trichoderma roseum /Trichothecium roseum	fungi	PX461610.1	614	523	523	59.2734	ITS1-5.8S-ITS2	ITSx-region-extraction
MPDB003332	47278	Trichoderma roseum /Trichothecium roseum	fungi	PX740769.1	367	367	367	58.8556	ITS1-5.8S-ITS2	ITSx-region-extraction
MPDB003333	47278	Trichoderma roseum /Trichothecium roseum	fungi	PX900287.1	613	523	523	59.2734	ITS1-5.8S-ITS2	ITSx-region-extraction
MPDB003334	47278	Trichoderma roseum /Trichothecium roseum	fungi	PX945612.1	527	527	527	59.5825	ITS1-5.8S-ITS2	ITSx-region-extraction
MPDB003335	47278	Trichoderma roseum /Trichothecium roseum	fungi	PX973262.1	517	517	517	60.7350	ITS1-5.8S-ITS2	ITSx-region-extraction
MPDB003336	47278	Trichoderma roseum /Trichothecium roseum	fungi	PX999736.1	533	504	504	60.5159	ITS1-5.8S-ITS2	ITSx-region-extraction
MPDB003337	47278	Trichoderma roseum /Trichothecium roseum	fungi	PZ142463.1	613	523	523	59.2734	ITS1-5.8S-ITS2	ITSx-region-extraction
MPDB003338	47278	Trichoderma roseum /Trichothecium roseum	fungi	PZ191639.1	575	535	535	58.8785	ITS1-5.8S-ITS2	ITSx-region-extraction
MPDB003339	47755	Fusarium pseudonygamai	fungi	DQ297559.1	508	465	465	49.2473	ITS1-5.8S-ITS2	ITSx-region-extraction
MPDB003340	47755	Fusarium pseudonygamai	fungi	DQ297560.1	516	471	471	49.4692	ITS1-5.8S-ITS2	ITSx-region-extraction
MPDB003341	47755	Fusarium pseudonygamai	fungi	DQ297561.1	518	471	471	49.4692	ITS1-5.8S-ITS2	ITSx-region-extraction
MPDB003342	47755	Fusarium pseudonygamai	fungi	DQ297563.1	501	461	461	49.0239	ITS1-5.8S-ITS2	ITSx-region-extraction
MPDB003343	47755	Fusarium pseudonygamai	fungi	FJ154075.1	518	486	486	49.7942	ITS1-5.8S-ITS2	ITSx-region-extraction
MPDB003344	47755	Fusarium pseudonygamai	fungi	GU205418.1	502	452	452	49.1150	ITS1-5.8S-ITS2	ITSx-region-extraction
MPDB003345	47755	Fusarium pseudonygamai	fungi	HM051063.1	519	519	519	49.7110	ITS1-5.8S-ITS2	ITSx-region-extraction
MPDB003346	47755	Fusarium pseudonygamai	fungi	HM776423.1	556	556	556	49.4604	ITS1-5.8S-ITS2	ITSx-region-extraction
MPDB003347	47755	Fusarium pseudonygamai	fungi	HM855220.1	454	454	454	49.3392	ITS1-5.8S-ITS2	ITSx-region-extraction
MPDB003348	47755	Fusarium pseudonygamai	fungi	KJ125580.1	458	458	458	49.3450	ITS1-5.8S-ITS2	ITSx-region-extraction
MPDB003349	47755	Fusarium pseudonygamai	fungi	KJ410032.1	496	496	496	49.3952	ITS1-5.8S-ITS2	ITSx-region-extraction
MPDB003350	47755	Fusarium pseudonygamai	fungi	KR534713.1	539	490	490	49.1837	ITS1-5.8S-ITS2	ITSx-region-extraction
MPDB003351	47755	Fusarium pseudonygamai	fungi	KR909406.1	444	444	444	49.0991	ITS1-5.8S-ITS2	ITSx-region-extraction
MPDB003352	47755	Fusarium pseudonygamai	fungi	KU856651.1	529	476	476	49.5798	ITS1-5.8S-ITS2	ITSx-region-extraction
MPDB003353	47755	Fusarium pseudonygamai	fungi	KY018925.1	472	426	426	49.2958	ITS1-5.8S-ITS2	ITSx-region-extraction
MPDB003354	47755	Fusarium pseudonygamai	fungi	MH862656.1	548	456	456	49.3421	ITS1-5.8S-ITS2	ITSx-region-extraction
MPDB003355	47755	Fusarium pseudonygamai	fungi	MN398193.1	410	410	410	47.8049	ITS1-5.8S-ITS2	ITSx-region-extraction
MPDB003356	47755	Fusarium pseudonygamai	fungi	MN577270.1	385	385	385	47.5325	ITS1-5.8S-ITS2	ITSx-region-extraction
MPDB003357	47755	Fusarium pseudonygamai	fungi	MT889894.1	547	456	456	49.3421	ITS1-5.8S-ITS2	ITSx-region-extraction
MPDB003358	47755	Fusarium pseudonygamai	fungi	MW014927.1	525	462	462	48.9177	ITS1-5.8S-ITS2	ITSx-region-extraction
MPDB003359	47755	Fusarium pseudonygamai	fungi	ON209694.1	875	456	456	49.5614	ITS1-5.8S-ITS2	ITSx-region-extraction
MPDB003360	47755	Fusarium pseudonygamai	fungi	OQ701132.1	237	151	151	53.6424	ITS2	ITSx-region-extraction
MPDB003361	47755	Fusarium pseudonygamai	fungi	OQ701207.1	237	151	151	53.6424	ITS2	ITSx-region-extraction
MPDB003362	47755	Fusarium pseudonygamai	fungi	OW984302.1	547	456	456	49.3421	ITS1-5.8S-ITS2	ITSx-region-extraction
MPDB003363	47755	Fusarium pseudonygamai	fungi	PP573898.1	528	475	475	49.4737	ITS1-5.8S-ITS2	ITSx-region-extraction
MPDB003364	47755	Fusarium pseudonygamai	fungi	PQ069706.1	549	456	456	49.1228	ITS1-5.8S-ITS2	ITSx-region-extraction
MPDB003365	47755	Fusarium pseudonygamai	fungi	PV800122.1	585	528	528	50.7576	ITS1-5.8S-ITS2	ITSx-region-extraction
MPDB003366	4846	Rhizopus stolonifer	fungi	MZ407670.1	605	544	544	39.7059	ITS1-5.8S-ITS2	ITSx-region-extraction
MPDB003368	4846	Rhizopus stolonifer	fungi	PP989830.1	594	559	559	40.4293	ITS1-5.8S-ITS2	ITSx-region-extraction
MPDB003369	4846	Rhizopus stolonifer	fungi	PP999471.1	621	621	621	34.9436	ITS1-5.8S-ITS2	ITSx-region-extraction
MPDB003370	4846	Rhizopus stolonifer	fungi	PQ516914.1	619	548	548	53.8321	ITS1-5.8S-ITS2	ITSx-region-extraction
MPDB003371	4846	Rhizopus stolonifer	fungi	PQ557265.1	886	786	786	29.8982	ITS1-5.8S-ITS2	ITSx-region-extraction
MPDB003372	4846	Rhizopus stolonifer	fungi	PQ589254.1	777	777	777	29.9871	ITS1-5.8S-ITS2	ITSx-region-extraction
MPDB003373	4846	Rhizopus stolonifer	fungi	PQ963946.1	280	192	192	40.6250	ITS1	ITSx-region-extraction
MPDB003374	4846	Rhizopus stolonifer	fungi	PV065894.1	475	427	427	38.4075	ITS1-5.8S-ITS2	ITSx-region-extraction
MPDB003375	4846	Rhizopus stolonifer	fungi	PV242079.1	589	539	539	40.0742	ITS1-5.8S-ITS2	ITSx-region-extraction
MPDB003376	4846	Rhizopus stolonifer	fungi	PV464668.1	586	538	538	39.9628	ITS1-5.8S-ITS2	ITSx-region-extraction
MPDB003377	4846	Rhizopus stolonifer	fungi	PV476201.1	820	780	780	32.1795	ITS1-5.8S-ITS2	ITSx-region-extraction
MPDB003378	4846	Rhizopus stolonifer	fungi	PV546863.1	630	630	630	29.8413	ITS1-5.8S-ITS2	ITSx-region-extraction
MPDB003381	4846	Rhizopus stolonifer	fungi	PV955871.1	711	711	711	29.8172	ITS1-5.8S-ITS2	ITSx-region-extraction
MPDB003382	4846	Rhizopus stolonifer	fungi	PX130429.1	889	786	786	29.8982	ITS1-5.8S-ITS2	ITSx-region-extraction
MPDB003383	4846	Rhizopus stolonifer	fungi	PX220220.1	576	534	534	40.4494	ITS1-5.8S-ITS2	ITSx-region-extraction
MPDB003385	4846	Rhizopus stolonifer	fungi	PX381334.1	543	543	543	40.5157	ITS1-5.8S-ITS2	ITSx-region-extraction
MPDB003386	4846	Rhizopus stolonifer	fungi	PX448037.1	505	470	470	40.6383	ITS1-5.8S-ITS2	ITSx-region-extraction
MPDB003387	4846	Rhizopus stolonifer	fungi	PX487960.1	565	535	535	40.1869	ITS1-5.8S-ITS2	ITSx-region-extraction
MPDB003388	4846	Rhizopus stolonifer	fungi	PX499255.1	600	534	534	59.3633	ITS1-5.8S-ITS2	ITSx-region-extraction
MPDB003389	4846	Rhizopus stolonifer	fungi	PX588600.1	549	497	497	40.0402	ITS1-5.8S-ITS2	ITSx-region-extraction
MPDB003390	4846	Rhizopus stolonifer	fungi	PX597162.1	877	787	787	29.8602	ITS1-5.8S-ITS2	ITSx-region-extraction
MPDB003391	4846	Rhizopus stolonifer	fungi	PX620084.1	877	836	836	30.2632	ITS1-5.8S-ITS2	ITSx-region-extraction
MPDB003392	4846	Rhizopus stolonifer	fungi	PX642941.1	649	649	649	36.2096	ITS1-5.8S-ITS2	ITSx-region-extraction
MPDB003393	4846	Rhizopus stolonifer	fungi	PX735259.1	480	352	352	24.4318	ITS2	ITSx-region-extraction
MPDB003394	4846	Rhizopus stolonifer	fungi	PX845835.1	858	778	778	30.2057	ITS1-5.8S-ITS2	ITSx-region-extraction
MPDB003395	4846	Rhizopus stolonifer	fungi	PX915407.1	865	780	780	30.0000	ITS1-5.8S-ITS2	ITSx-region-extraction
MPDB003396	4846	Rhizopus stolonifer	fungi	PX924853.1	721	721	721	30.3745	ITS1-5.8S-ITS2	ITSx-region-extraction
MPDB003398	4846	Rhizopus stolonifer	fungi	PZ012038.1	590	590	590	31.5254	ITS1-5.8S-ITS2	ITSx-region-extraction
MPDB003399	4846	Rhizopus stolonifer	fungi	PZ043867.1	770	770	770	30.5195	ITS1-5.8S-ITS2	ITSx-region-extraction
MPDB003402	4846	Rhizopus stolonifer	fungi	PZ359898.1	526	526	526	40.4943	ITS1-5.8S-ITS2	ITSx-region-extraction
MPDB003403	4846	Rhizopus stolonifer	fungi	PZ368868.1	643	537	537	39.8510	ITS1-5.8S-ITS2	ITSx-region-extraction
MPDB003404	4846	Rhizopus stolonifer	fungi	PZ385591.1	857	787	787	29.8602	ITS1-5.8S-ITS2	ITSx-region-extraction
MPDB003406	4846	Rhizopus stolonifer	fungi	PZ501320.1	662	662	662	30.6647	ITS1-5.8S-ITS2	ITSx-region-extraction
MPDB003407	4846	Rhizopus stolonifer	fungi	PZ593662.1	599	599	599	29.8831	ITS1-5.8S-ITS2	ITSx-region-extraction
MPDB003408	4846	Rhizopus stolonifer	fungi	PZ593665.1	648	311	311	37.6206	ITS1	ITSx-region-extraction
MPDB003409	48491	Fusarium concentricum	fungi	LC868017.1	494	450	450	51.7778	ITS1-5.8S-ITS2	ITSx-region-extraction
MPDB003410	48491	Fusarium concentricum	fungi	MH861916.1	522	492	492	51.8293	ITS1-5.8S-ITS2	ITSx-region-extraction
MPDB003411	48491	Fusarium concentricum	fungi	MH862659.1	560	468	468	51.9231	ITS1-5.8S-ITS2	ITSx-region-extraction
MPDB003412	48491	Fusarium concentricum	fungi	PP033029.1	559	468	468	51.9231	ITS1-5.8S-ITS2	ITSx-region-extraction
MPDB003413	48491	Fusarium concentricum	fungi	PP033030.1	567	468	468	51.9231	ITS1-5.8S-ITS2	ITSx-region-extraction
MPDB003414	48491	Fusarium concentricum	fungi	PP033031.1	553	468	468	51.9231	ITS1-5.8S-ITS2	ITSx-region-extraction
MPDB003415	48491	Fusarium concentricum	fungi	PP702529.1	535	473	473	52.2199	ITS1-5.8S-ITS2	ITSx-region-extraction
MPDB003416	48491	Fusarium concentricum	fungi	PP851379.1	551	468	468	51.9231	ITS1-5.8S-ITS2	ITSx-region-extraction
MPDB003417	48491	Fusarium concentricum	fungi	PP853384.1	558	468	468	51.9231	ITS1-5.8S-ITS2	ITSx-region-extraction
MPDB003418	48491	Fusarium concentricum	fungi	PQ499143.1	523	480	480	51.6667	ITS1-5.8S-ITS2	ITSx-region-extraction
MPDB003419	48491	Fusarium concentricum	fungi	PQ499177.1	524	481	481	51.7672	ITS1-5.8S-ITS2	ITSx-region-extraction
MPDB003420	48491	Fusarium concentricum	fungi	PQ499315.1	531	485	485	51.9588	ITS1-5.8S-ITS2	ITSx-region-extraction
MPDB003421	48491	Fusarium concentricum	fungi	PQ626677.1	538	485	485	51.9588	ITS1-5.8S-ITS2	ITSx-region-extraction
MPDB003422	48491	Fusarium concentricum	fungi	PQ656715.1	556	500	500	52.0000	ITS1-5.8S-ITS2	ITSx-region-extraction
MPDB003423	48491	Fusarium concentricum	fungi	PV074008.1	507	463	463	52.2678	ITS1-5.8S-ITS2	ITSx-region-extraction
MPDB003424	48491	Fusarium concentricum	fungi	PV186711.1	485	485	485	52.1649	ITS1-5.8S-ITS2	ITSx-region-extraction
MPDB003425	48491	Fusarium concentricum	fungi	PV240799.1	500	448	448	52.4554	ITS1-5.8S-ITS2	ITSx-region-extraction
MPDB003426	48491	Fusarium concentricum	fungi	PV446845.1	544	497	497	52.3139	ITS1-5.8S-ITS2	ITSx-region-extraction
MPDB003427	48491	Fusarium concentricum	fungi	PV446846.1	536	489	489	51.9427	ITS1-5.8S-ITS2	ITSx-region-extraction
MPDB003428	48491	Fusarium concentricum	fungi	PV446847.1	534	488	488	52.2541	ITS1-5.8S-ITS2	ITSx-region-extraction
MPDB003429	48491	Fusarium concentricum	fungi	PV446865.1	541	495	495	52.3232	ITS1-5.8S-ITS2	ITSx-region-extraction
MPDB003430	48491	Fusarium concentricum	fungi	PV446870.1	549	501	501	52.0958	ITS1-5.8S-ITS2	ITSx-region-extraction
MPDB003431	48491	Fusarium concentricum	fungi	PV795995.1	523	482	482	52.0747	ITS1-5.8S-ITS2	ITSx-region-extraction
MPDB003432	48491	Fusarium concentricum	fungi	PX062419.1	520	473	473	51.5856	ITS1-5.8S-ITS2	ITSx-region-extraction
MPDB003433	48491	Fusarium concentricum	fungi	PX062420.1	521	473	473	51.5856	ITS1-5.8S-ITS2	ITSx-region-extraction
MPDB003434	48491	Fusarium concentricum	fungi	PX070061.1	505	505	505	52.0792	ITS1-5.8S-ITS2	ITSx-region-extraction
MPDB003435	48491	Fusarium concentricum	fungi	PX070062.1	506	506	506	52.1739	ITS1-5.8S-ITS2	ITSx-region-extraction
MPDB003436	48491	Fusarium concentricum	fungi	PX241552.1	455	455	455	52.3077	ITS1-5.8S-ITS2	ITSx-region-extraction
MPDB003437	48491	Fusarium concentricum	fungi	PX246540.1	535	483	483	51.9669	ITS1-5.8S-ITS2	ITSx-region-extraction
MPDB003438	48491	Fusarium concentricum	fungi	PX246541.1	488	460	460	52.1739	ITS1-5.8S-ITS2	ITSx-region-extraction
MPDB003439	48491	Fusarium concentricum	fungi	PX246542.1	544	485	485	51.9588	ITS1-5.8S-ITS2	ITSx-region-extraction
MPDB003440	48491	Fusarium concentricum	fungi	PX246543.1	534	483	483	51.9669	ITS1-5.8S-ITS2	ITSx-region-extraction
MPDB003441	48491	Fusarium concentricum	fungi	PX246544.1	532	483	483	51.9669	ITS1-5.8S-ITS2	ITSx-region-extraction
MPDB003442	48491	Fusarium concentricum	fungi	PX397475.1	542	492	492	52.2358	ITS1-5.8S-ITS2	ITSx-region-extraction
MPDB003443	48491	Fusarium concentricum	fungi	PX455616.1	529	481	481	51.7672	ITS1-5.8S-ITS2	ITSx-region-extraction
MPDB003444	48491	Fusarium concentricum	fungi	PX622633.1	538	477	477	51.9916	ITS1-5.8S-ITS2	ITSx-region-extraction
MPDB003445	48491	Fusarium concentricum	fungi	PX647265.1	518	475	475	51.3684	ITS1-5.8S-ITS2	ITSx-region-extraction
MPDB003446	48491	Fusarium concentricum	fungi	PX899143.1	528	482	482	51.8672	ITS1-5.8S-ITS2	ITSx-region-extraction
MPDB003447	48491	Fusarium concentricum	fungi	PZ051956.1	470	470	470	51.9149	ITS1-5.8S-ITS2	ITSx-region-extraction
MPDB003448	48491	Fusarium concentricum	fungi	PZ136999.1	558	497	497	52.3139	ITS1-5.8S-ITS2	ITSx-region-extraction
MPDB003449	48491	Fusarium concentricum	fungi	PZ146033.1	548	468	468	51.9231	ITS1-5.8S-ITS2	ITSx-region-extraction
MPDB003450	48491	Fusarium concentricum	fungi	PZ203890.1	561	499	499	52.7054	ITS1-5.8S-ITS2	ITSx-region-extraction
MPDB003451	48491	Fusarium concentricum	fungi	PZ789666.1	480	453	453	51.8764	ITS1-5.8S-ITS2	ITSx-region-extraction
MPDB003452	487631	Didymella exitialis / Neoascochyta exitialis	fungi	EU167564.1	3040	452	452	48.0088	ITS1-5.8S-ITS2	ITSx-region-extraction
MPDB003453	487631	Didymella exitialis / Neoascochyta exitialis	fungi	KC311477.1	1429	452	452	48.0088	ITS1-5.8S-ITS2	ITSx-region-extraction
MPDB003454	487631	Didymella exitialis / Neoascochyta exitialis	fungi	KC989097.1	559	452	452	48.0088	ITS1-5.8S-ITS2	ITSx-region-extraction
MPDB003455	487631	Didymella exitialis / Neoascochyta exitialis	fungi	KT389516.1	488	460	460	48.9130	ITS1-5.8S-ITS2	ITSx-region-extraction
MPDB003456	487631	Didymella exitialis / Neoascochyta exitialis	fungi	KT389517.1	488	460	460	48.6957	ITS1-5.8S-ITS2	ITSx-region-extraction
MPDB003457	487631	Didymella exitialis / Neoascochyta exitialis	fungi	KT692567.1	536	452	452	48.0088	ITS1-5.8S-ITS2	ITSx-region-extraction
MPDB003458	487631	Didymella exitialis / Neoascochyta exitialis	fungi	KX778684.1	505	256	256	49.6094	ITS2	ITSx-region-extraction
MPDB003459	487631	Didymella exitialis / Neoascochyta exitialis	fungi	LR961710.1	496	441	441	48.7528	ITS1-5.8S-ITS2	ITSx-region-extraction
MPDB003460	487631	Didymella exitialis / Neoascochyta exitialis	fungi	MG938349.1	643	531	531	39.3597	ITS1-5.8S-ITS2	ITSx-region-extraction
MPDB003461	487631	Didymella exitialis / Neoascochyta exitialis	fungi	MH857013.1	482	482	482	49.1701	ITS1-5.8S-ITS2	ITSx-region-extraction
MPDB003462	487631	Didymella exitialis / Neoascochyta exitialis	fungi	MH861347.1	544	452	452	48.0088	ITS1-5.8S-ITS2	ITSx-region-extraction
MPDB003463	487631	Didymella exitialis / Neoascochyta exitialis	fungi	MH861971.1	541	453	453	49.2274	ITS1-5.8S-ITS2	ITSx-region-extraction
MPDB003464	487631	Didymella exitialis / Neoascochyta exitialis	fungi	MK029866.1	551	452	452	48.0088	ITS1-5.8S-ITS2	ITSx-region-extraction
MPDB003465	487631	Didymella exitialis / Neoascochyta exitialis	fungi	MK690550.1	497	437	437	47.8261	ITS1-5.8S-ITS2	ITSx-region-extraction
MPDB003466	487631	Didymella exitialis / Neoascochyta exitialis	fungi	MN972997.1	451	423	423	48.9362	ITS1-5.8S-ITS2	ITSx-region-extraction
MPDB003467	487631	Didymella exitialis / Neoascochyta exitialis	fungi	MN972999.1	471	443	443	48.9842	ITS1-5.8S-ITS2	ITSx-region-extraction
MPDB003468	487631	Didymella exitialis / Neoascochyta exitialis	fungi	MN973386.2	1405	423	423	48.9362	ITS1-5.8S-ITS2	ITSx-region-extraction
MPDB003469	487631	Didymella exitialis / Neoascochyta exitialis	fungi	MN973388.2	1298	443	443	48.9842	ITS1-5.8S-ITS2	ITSx-region-extraction
MPDB003470	487631	Didymella exitialis / Neoascochyta exitialis	fungi	MN973627.1	450	422	422	48.8152	ITS1-5.8S-ITS2	ITSx-region-extraction
MPDB003471	487631	Didymella exitialis / Neoascochyta exitialis	fungi	MW710038.1	573	573	573	40.1396	ITS1-5.8S-ITS2	ITSx-region-extraction
MPDB003472	487631	Didymella exitialis / Neoascochyta exitialis	fungi	MW710041.1	569	569	569	39.8946	ITS1-5.8S-ITS2	ITSx-region-extraction
MPDB003473	487631	Didymella exitialis / Neoascochyta exitialis	fungi	OK353875.1	484	434	434	49.7696	ITS1-5.8S-ITS2	ITSx-region-extraction
MPDB003474	487631	Didymella exitialis / Neoascochyta exitialis	fungi	OM744817.1	236	140	140	47.8571	ITS1	ITSx-region-extraction
MPDB003475	487631	Didymella exitialis / Neoascochyta exitialis	fungi	ON963047.1	249	154	154	51.2987	ITS2	ITSx-region-extraction
MPDB003476	487631	Didymella exitialis / Neoascochyta exitialis	fungi	OP799057.1	177	143	143	46.8531	ITS1	ITSx-region-extraction
MPDB003477	487631	Didymella exitialis / Neoascochyta exitialis	fungi	OR783914.1	548	487	487	48.2546	ITS1-5.8S-ITS2	ITSx-region-extraction
MPDB003478	487631	Didymella exitialis / Neoascochyta exitialis	fungi	OR792413.1	545	483	483	49.4824	ITS1-5.8S-ITS2	ITSx-region-extraction
MPDB003479	487631	Didymella exitialis / Neoascochyta exitialis	fungi	OR810325.1	536	484	484	48.3471	ITS1-5.8S-ITS2	ITSx-region-extraction
MPDB003480	487631	Didymella exitialis / Neoascochyta exitialis	fungi	OR810468.1	552	484	484	48.5537	ITS1-5.8S-ITS2	ITSx-region-extraction
MPDB003481	487631	Didymella exitialis / Neoascochyta exitialis	fungi	OR810525.1	553	483	483	49.8965	ITS1-5.8S-ITS2	ITSx-region-extraction
MPDB003482	487631	Didymella exitialis / Neoascochyta exitialis	fungi	OR810577.1	547	482	482	48.5477	ITS1-5.8S-ITS2	ITSx-region-extraction
MPDB003483	487631	Didymella exitialis / Neoascochyta exitialis	fungi	OZ347338.1	228	188	188	32.9787	ITS1	ITSx-region-extraction
MPDB003484	487631	Didymella exitialis / Neoascochyta exitialis	fungi	OZ347352.1	229	189	189	32.8042	ITS1	ITSx-region-extraction
MPDB003485	487631	Didymella exitialis / Neoascochyta exitialis	fungi	OZ347353.1	226	188	188	32.9787	ITS1	ITSx-region-extraction
MPDB003486	487631	Didymella exitialis / Neoascochyta exitialis	fungi	OZ347356.1	230	190	190	33.1579	ITS1	ITSx-region-extraction
MPDB003487	487631	Didymella exitialis / Neoascochyta exitialis	fungi	OZ347382.1	234	188	188	32.9787	ITS1	ITSx-region-extraction
MPDB003488	487631	Didymella exitialis / Neoascochyta exitialis	fungi	PP147795.1	554	485	485	49.8969	ITS1-5.8S-ITS2	ITSx-region-extraction
MPDB003489	487631	Didymella exitialis / Neoascochyta exitialis	fungi	PP156753.1	551	491	491	49.6945	ITS1-5.8S-ITS2	ITSx-region-extraction
MPDB003490	487631	Didymella exitialis / Neoascochyta exitialis	fungi	PX118478.1	527	457	457	48.1400	ITS1-5.8S-ITS2	ITSx-region-extraction
MPDB003491	49224	Trichoderma hamatum	fungi	MH864072.1	753	522	522	55.9387	ITS1-5.8S-ITS2	ITSx-region-extraction
MPDB003492	49224	Trichoderma hamatum	fungi	MH864073.1	714	537	537	55.8659	ITS1-5.8S-ITS2	ITSx-region-extraction
MPDB003493	49224	Trichoderma hamatum	fungi	PV888651.1	579	528	528	55.4924	ITS1-5.8S-ITS2	ITSx-region-extraction
MPDB003494	49224	Trichoderma hamatum	fungi	PV888653.1	581	527	527	55.4080	ITS1-5.8S-ITS2	ITSx-region-extraction
MPDB003495	49224	Trichoderma hamatum	fungi	PV888660.1	593	543	543	55.7196	ITS1-5.8S-ITS2	ITSx-region-extraction
MPDB003496	49224	Trichoderma hamatum	fungi	PX599330.1	620	536	536	55.4104	ITS1-5.8S-ITS2	ITSx-region-extraction
MPDB003497	49224	Trichoderma hamatum	fungi	PX645240.1	552	523	523	55.4493	ITS1-5.8S-ITS2	ITSx-region-extraction
MPDB003498	49224	Trichoderma hamatum	fungi	PX645241.1	537	537	537	55.3073	ITS1-5.8S-ITS2	ITSx-region-extraction
MPDB003499	49224	Trichoderma hamatum	fungi	PX657260.1	997	535	535	55.7009	ITS1-5.8S-ITS2	ITSx-region-extraction
MPDB003500	49224	Trichoderma hamatum	fungi	PX666104.1	590	513	513	55.1657	ITS1-5.8S-ITS2	ITSx-region-extraction
MPDB003501	49224	Trichoderma hamatum	fungi	PX675709.1	604	510	510	55.2941	ITS1-5.8S-ITS2	ITSx-region-extraction
MPDB003502	49224	Trichoderma hamatum	fungi	PX675710.1	602	510	510	55.0980	ITS1-5.8S-ITS2	ITSx-region-extraction
MPDB003504	49224	Trichoderma hamatum	fungi	PX682136.1	577	510	510	55.4902	ITS1-5.8S-ITS2	ITSx-region-extraction
MPDB003505	49224	Trichoderma hamatum	fungi	PX682137.1	573	510	510	55.4902	ITS1-5.8S-ITS2	ITSx-region-extraction
MPDB003506	49224	Trichoderma hamatum	fungi	PX682830.1	590	545	545	54.4954	ITS1-5.8S-ITS2	ITSx-region-extraction
MPDB003507	49224	Trichoderma hamatum	fungi	PX691022.1	575	530	530	55.6604	ITS1-5.8S-ITS2	ITSx-region-extraction
MPDB003508	49224	Trichoderma hamatum	fungi	PX735309.1	547	502	502	56.1753	ITS1-5.8S-ITS2	ITSx-region-extraction
MPDB003509	49224	Trichoderma hamatum	fungi	PX735314.1	540	501	501	56.0878	ITS1-5.8S-ITS2	ITSx-region-extraction
MPDB003510	49224	Trichoderma hamatum	fungi	PX735346.1	532	493	493	56.1866	ITS1-5.8S-ITS2	ITSx-region-extraction
MPDB003511	49224	Trichoderma hamatum	fungi	PX740617.1	625	510	510	55.6863	ITS1-5.8S-ITS2	ITSx-region-extraction
MPDB003512	49224	Trichoderma hamatum	fungi	PX998388.1	600	510	510	55.4902	ITS1-5.8S-ITS2	ITSx-region-extraction
MPDB003513	49224	Trichoderma hamatum	fungi	PX998405.1	569	527	527	55.4080	ITS1-5.8S-ITS2	ITSx-region-extraction
MPDB003514	49224	Trichoderma hamatum	fungi	PZ126668.1	568	508	508	56.6929	ITS1-5.8S-ITS2	ITSx-region-extraction
MPDB003515	49224	Trichoderma hamatum	fungi	PZ142469.1	572	511	511	55.7730	ITS1-5.8S-ITS2	ITSx-region-extraction
MPDB003516	49224	Trichoderma hamatum	fungi	PZ142665.1	657	529	529	55.7656	ITS1-5.8S-ITS2	ITSx-region-extraction
MPDB003517	49224	Trichoderma hamatum	fungi	PZ159291.1	480	480	480	57.2917	ITS1-5.8S-ITS2	ITSx-region-extraction
MPDB003518	49224	Trichoderma hamatum	fungi	PZ159292.1	473	473	473	56.4482	ITS1-5.8S-ITS2	ITSx-region-extraction
MPDB003519	49224	Trichoderma hamatum	fungi	PZ159293.1	465	465	465	56.7742	ITS1-5.8S-ITS2	ITSx-region-extraction
MPDB003520	49224	Trichoderma hamatum	fungi	PZ167680.1	631	510	510	55.4902	ITS1-5.8S-ITS2	ITSx-region-extraction
MPDB003521	49224	Trichoderma hamatum	fungi	PZ167911.1	588	541	541	55.6377	ITS1-5.8S-ITS2	ITSx-region-extraction
MPDB003522	49224	Trichoderma hamatum	fungi	PZ242150.1	560	509	509	56.1886	ITS1-5.8S-ITS2	ITSx-region-extraction
MPDB003523	49224	Trichoderma hamatum	fungi	PZ245939.1	604	542	542	55.5351	ITS1-5.8S-ITS2	ITSx-region-extraction
MPDB003524	49224	Trichoderma hamatum	fungi	PZ327791.1	516	516	516	55.8140	ITS1-5.8S-ITS2	ITSx-region-extraction
MPDB003525	49224	Trichoderma hamatum	fungi	PZ350447.1	565	504	504	54.9603	ITS1-5.8S-ITS2	ITSx-region-extraction
MPDB003526	49224	Trichoderma hamatum	fungi	PZ350448.1	381	381	381	54.0682	ITS1-5.8S-ITS2	ITSx-region-extraction
MPDB003527	49224	Trichoderma hamatum	fungi	PZ364844.1	610	552	552	55.2536	ITS1-5.8S-ITS2	ITSx-region-extraction
MPDB003528	49224	Trichoderma hamatum	fungi	PZ436250.1	552	517	517	55.1257	ITS1-5.8S-ITS2	ITSx-region-extraction
MPDB003529	49224	Trichoderma hamatum	fungi	PZ436251.1	523	485	485	55.8763	ITS1-5.8S-ITS2	ITSx-region-extraction
MPDB003530	49224	Trichoderma hamatum	fungi	PZ623436.1	559	519	519	55.6840	ITS1-5.8S-ITS2	ITSx-region-extraction
MPDB003531	49224	Trichoderma hamatum	fungi	PZ672145.1	601	511	511	55.7730	ITS1-5.8S-ITS2	ITSx-region-extraction
MPDB003532	49224	Trichoderma hamatum	fungi	PZ724265.1	612	528	528	56.0606	ITS1-5.8S-ITS2	ITSx-region-extraction
MPDB003533	49224	Trichoderma hamatum	fungi	PZ782790.1	888	677	677	54.9483	ITS1-5.8S-ITS2	ITSx-region-extraction
MPDB003535	49569	Waitea zeae (Rhizoctonia zeae)	fungi	KC590587.1	863	571	571	40.8056	ITS1-5.8S-ITS2	ITSx-region-extraction
MPDB003536	49569	Waitea zeae (Rhizoctonia zeae)	fungi	KC620576.1	654	557	557	39.6768	ITS1-5.8S-ITS2	ITSx-region-extraction
MPDB003537	49569	Waitea zeae (Rhizoctonia zeae)	fungi	KC620577.1	658	554	554	39.3502	ITS1-5.8S-ITS2	ITSx-region-extraction
MPDB003538	49569	Waitea zeae (Rhizoctonia zeae)	fungi	KC620578.1	568	568	568	39.7887	ITS1-5.8S-ITS2	ITSx-region-extraction
MPDB003539	49569	Waitea zeae (Rhizoctonia zeae)	fungi	KC620580.1	577	577	577	39.2361	ITS1-5.8S-ITS2	ITSx-region-extraction
MPDB003540	49569	Waitea zeae (Rhizoctonia zeae)	fungi	KC620581.1	656	562	562	39.5018	ITS1-5.8S-ITS2	ITSx-region-extraction
MPDB003541	49569	Waitea zeae (Rhizoctonia zeae)	fungi	KC620582.1	579	579	579	39.4464	ITS1-5.8S-ITS2	ITSx-region-extraction
MPDB003542	49569	Waitea zeae (Rhizoctonia zeae)	fungi	KC620583.1	580	580	580	39.6194	ITS1-5.8S-ITS2	ITSx-region-extraction
MPDB003543	49569	Waitea zeae (Rhizoctonia zeae)	fungi	KC709579.1	641	578	578	40.4844	ITS1-5.8S-ITS2	ITSx-region-extraction
MPDB003544	49569	Waitea zeae (Rhizoctonia zeae)	fungi	KC993833.1	652	562	562	39.5018	ITS1-5.8S-ITS2	ITSx-region-extraction
MPDB003545	49569	Waitea zeae (Rhizoctonia zeae)	fungi	KJ623714.1	447	447	447	37.3576	ITS1-5.8S-ITS2	ITSx-region-extraction
MPDB003546	49569	Waitea zeae (Rhizoctonia zeae)	fungi	KJ623715.1	648	562	562	39.5018	ITS1-5.8S-ITS2	ITSx-region-extraction
MPDB003547	49569	Waitea zeae (Rhizoctonia zeae)	fungi	KJ868081.1	544	544	544	39.5221	ITS1-5.8S-ITS2	ITSx-region-extraction
MPDB003548	49569	Waitea zeae (Rhizoctonia zeae)	fungi	KP736172.1	569	517	517	41.8605	ITS1-5.8S-ITS2	ITSx-region-extraction
MPDB003549	49569	Waitea zeae (Rhizoctonia zeae)	fungi	KP736183.1	579	533	533	39.2045	ITS1-5.8S-ITS2	ITSx-region-extraction
MPDB003550	49569	Waitea zeae (Rhizoctonia zeae)	fungi	KP736184.1	599	555	555	39.2661	ITS1-5.8S-ITS2	ITSx-region-extraction
MPDB003551	49569	Waitea zeae (Rhizoctonia zeae)	fungi	KP736185.1	583	533	533	39.0805	ITS1-5.8S-ITS2	ITSx-region-extraction
MPDB003552	49569	Waitea zeae (Rhizoctonia zeae)	fungi	KP736186.1	616	570	570	39.1228	ITS1-5.8S-ITS2	ITSx-region-extraction
MPDB003553	49569	Waitea zeae (Rhizoctonia zeae)	fungi	KP736187.1	616	572	572	39.3357	ITS1-5.8S-ITS2	ITSx-region-extraction
MPDB003554	49569	Waitea zeae (Rhizoctonia zeae)	fungi	KT362085.1	639	551	551	39.3829	ITS1-5.8S-ITS2	ITSx-region-extraction
MPDB003555	49569	Waitea zeae (Rhizoctonia zeae)	fungi	KT362089.1	649	561	561	39.5722	ITS1-5.8S-ITS2	ITSx-region-extraction
MPDB003556	49569	Waitea zeae (Rhizoctonia zeae)	fungi	KT362109.1	652	562	562	41.6370	ITS1-5.8S-ITS2	ITSx-region-extraction
MPDB003557	49569	Waitea zeae (Rhizoctonia zeae)	fungi	KT362131.1	651	591	591	42.3550	ITS1-5.8S-ITS2	ITSx-region-extraction
MPDB003558	49569	Waitea zeae (Rhizoctonia zeae)	fungi	KX118368.1	646	597	597	40.0335	ITS1-5.8S-ITS2	ITSx-region-extraction
MPDB003559	49569	Waitea zeae (Rhizoctonia zeae)	fungi	KX118374.1	655	607	607	41.1862	ITS1-5.8S-ITS2	ITSx-region-extraction
MPDB003560	49569	Waitea zeae (Rhizoctonia zeae)	fungi	KX118387.1	645	557	557	39.6768	ITS1-5.8S-ITS2	ITSx-region-extraction
MPDB003561	49569	Waitea zeae (Rhizoctonia zeae)	fungi	KX118388.1	648	562	562	39.3238	ITS1-5.8S-ITS2	ITSx-region-extraction
MPDB003562	49569	Waitea zeae (Rhizoctonia zeae)	fungi	MK817577.1	572	572	572	39.3357	ITS1-5.8S-ITS2	ITSx-region-extraction
MPDB003563	49569	Waitea zeae (Rhizoctonia zeae)	fungi	MK817602.1	577	577	577	39.5147	ITS1-5.8S-ITS2	ITSx-region-extraction
MPDB003564	49569	Waitea zeae (Rhizoctonia zeae)	fungi	MN160231.1	566	566	566	39.5760	ITS1-5.8S-ITS2	ITSx-region-extraction
MPDB003565	49569	Waitea zeae (Rhizoctonia zeae)	fungi	MN160232.1	589	589	589	40.2377	ITS1-5.8S-ITS2	ITSx-region-extraction
MPDB003566	49569	Waitea zeae (Rhizoctonia zeae)	fungi	MN160233.1	540	540	540	40.0000	ITS1-5.8S-ITS2	ITSx-region-extraction
MPDB003567	49569	Waitea zeae (Rhizoctonia zeae)	fungi	MN160234.1	588	588	588	39.7959	ITS1-5.8S-ITS2	ITSx-region-extraction
MPDB003568	49569	Waitea zeae (Rhizoctonia zeae)	fungi	MN160240.1	537	537	537	40.2235	ITS1-5.8S-ITS2	ITSx-region-extraction
MPDB003569	49569	Waitea zeae (Rhizoctonia zeae)	fungi	MN160242.1	588	588	588	39.9660	ITS1-5.8S-ITS2	ITSx-region-extraction
MPDB003570	49569	Waitea zeae (Rhizoctonia zeae)	fungi	MN160250.1	590	590	590	39.8305	ITS1-5.8S-ITS2	ITSx-region-extraction
MPDB003571	49569	Waitea zeae (Rhizoctonia zeae)	fungi	MN160251.1	549	549	549	39.5264	ITS1-5.8S-ITS2	ITSx-region-extraction
MPDB003572	49569	Waitea zeae (Rhizoctonia zeae)	fungi	MN160253.1	593	593	593	39.6290	ITS1-5.8S-ITS2	ITSx-region-extraction
MPDB003573	49569	Waitea zeae (Rhizoctonia zeae)	fungi	MT874894.1	576	576	576	39.7569	ITS1-5.8S-ITS2	ITSx-region-extraction
MPDB003574	49569	Waitea zeae (Rhizoctonia zeae)	fungi	PQ962814.1	645	556	556	40.1079	ITS1-5.8S-ITS2	ITSx-region-extraction
MPDB003575	49569	Waitea zeae (Rhizoctonia zeae)	fungi	PQ962815.1	565	565	565	39.8230	ITS1-5.8S-ITS2	ITSx-region-extraction
MPDB003576	49569	Waitea zeae (Rhizoctonia zeae)	fungi	PQ962816.1	648	556	556	40.1079	ITS1-5.8S-ITS2	ITSx-region-extraction
MPDB003577	5016	Bipolaris maydis (Cochliobolus heterostrophus)	fungi	MH855024.1	588	498	498	45.7831	ITS1-5.8S-ITS2	ITSx-region-extraction
MPDB003578	5016	Bipolaris maydis (Cochliobolus heterostrophus)	fungi	MH858439.1	483	441	441	46.4853	ITS1-5.8S-ITS2	ITSx-region-extraction
MPDB003579	5016	Bipolaris maydis (Cochliobolus heterostrophus)	fungi	MH864477.1	595	504	504	45.8333	ITS1-5.8S-ITS2	ITSx-region-extraction
MPDB003580	5016	Bipolaris maydis (Cochliobolus heterostrophus)	fungi	MN957101.1	319	170	170	48.2353	ITS2	ITSx-region-extraction
MPDB003581	5016	Bipolaris maydis (Cochliobolus heterostrophus)	fungi	OQ862319.1	551	488	488	46.1066	ITS1-5.8S-ITS2	ITSx-region-extraction
MPDB003582	5016	Bipolaris maydis (Cochliobolus heterostrophus)	fungi	OQ862320.1	551	486	486	46.2963	ITS1-5.8S-ITS2	ITSx-region-extraction
MPDB003583	5016	Bipolaris maydis (Cochliobolus heterostrophus)	fungi	OQ862321.1	548	485	485	46.1856	ITS1-5.8S-ITS2	ITSx-region-extraction
MPDB003584	5016	Bipolaris maydis (Cochliobolus heterostrophus)	fungi	OQ862322.1	550	487	487	46.2012	ITS1-5.8S-ITS2	ITSx-region-extraction
MPDB003585	5016	Bipolaris maydis (Cochliobolus heterostrophus)	fungi	OQ862323.1	550	487	487	45.9959	ITS1-5.8S-ITS2	ITSx-region-extraction
MPDB003586	5016	Bipolaris maydis (Cochliobolus heterostrophus)	fungi	PP712917.1	589	498	498	46.1847	ITS1-5.8S-ITS2	ITSx-region-extraction
MPDB003587	5016	Bipolaris maydis (Cochliobolus heterostrophus)	fungi	PP712918.1	589	499	499	45.6914	ITS1-5.8S-ITS2	ITSx-region-extraction
MPDB003588	5016	Bipolaris maydis (Cochliobolus heterostrophus)	fungi	PP712919.1	589	498	498	45.5823	ITS1-5.8S-ITS2	ITSx-region-extraction
MPDB003589	5016	Bipolaris maydis (Cochliobolus heterostrophus)	fungi	PP712923.1	589	499	499	45.6914	ITS1-5.8S-ITS2	ITSx-region-extraction
MPDB003590	5016	Bipolaris maydis (Cochliobolus heterostrophus)	fungi	PP712924.1	589	498	498	45.7831	ITS1-5.8S-ITS2	ITSx-region-extraction
MPDB003591	5016	Bipolaris maydis (Cochliobolus heterostrophus)	fungi	PP712925.1	589	528	528	46.2121	ITS1-5.8S-ITS2	ITSx-region-extraction
MPDB003592	5016	Bipolaris maydis (Cochliobolus heterostrophus)	fungi	PP712927.1	589	498	498	45.7831	ITS1-5.8S-ITS2	ITSx-region-extraction
MPDB003593	5016	Bipolaris maydis (Cochliobolus heterostrophus)	fungi	PP712928.1	589	498	498	45.7831	ITS1-5.8S-ITS2	ITSx-region-extraction
MPDB003594	5016	Bipolaris maydis (Cochliobolus heterostrophus)	fungi	PP712929.1	589	499	499	45.8918	ITS1-5.8S-ITS2	ITSx-region-extraction
MPDB003595	5016	Bipolaris maydis (Cochliobolus heterostrophus)	fungi	PP712930.1	588	498	498	45.7831	ITS1-5.8S-ITS2	ITSx-region-extraction
MPDB003596	5016	Bipolaris maydis (Cochliobolus heterostrophus)	fungi	PP712931.1	589	499	499	45.8918	ITS1-5.8S-ITS2	ITSx-region-extraction
MPDB003597	5016	Bipolaris maydis (Cochliobolus heterostrophus)	fungi	PP712933.1	588	498	498	45.7831	ITS1-5.8S-ITS2	ITSx-region-extraction
MPDB003598	5016	Bipolaris maydis (Cochliobolus heterostrophus)	fungi	PP712934.1	529	481	481	46.3617	ITS1-5.8S-ITS2	ITSx-region-extraction
MPDB003599	5016	Bipolaris maydis (Cochliobolus heterostrophus)	fungi	PP712935.1	515	455	455	45.4945	ITS1-5.8S-ITS2	ITSx-region-extraction
MPDB003600	5016	Bipolaris maydis (Cochliobolus heterostrophus)	fungi	PP712936.1	534	485	485	47.6289	ITS1-5.8S-ITS2	ITSx-region-extraction
MPDB003601	5016	Bipolaris maydis (Cochliobolus heterostrophus)	fungi	PP712937.1	569	520	520	45.9615	ITS1-5.8S-ITS2	ITSx-region-extraction
MPDB003602	5016	Bipolaris maydis (Cochliobolus heterostrophus)	fungi	PP712938.1	505	458	458	44.1048	ITS1-5.8S-ITS2	ITSx-region-extraction
MPDB003603	5016	Bipolaris maydis (Cochliobolus heterostrophus)	fungi	PP921324.1	589	498	498	45.7831	ITS1-5.8S-ITS2	ITSx-region-extraction
MPDB003604	5016	Bipolaris maydis (Cochliobolus heterostrophus)	fungi	PP941958.1	509	440	440	46.1364	ITS1-5.8S-ITS2	ITSx-region-extraction
MPDB003605	5016	Bipolaris maydis (Cochliobolus heterostrophus)	fungi	PP956941.1	560	497	497	46.6801	ITS1-5.8S-ITS2	ITSx-region-extraction
MPDB003606	5016	Bipolaris maydis (Cochliobolus heterostrophus)	fungi	PP956942.1	608	530	530	45.8491	ITS1-5.8S-ITS2	ITSx-region-extraction
MPDB003607	5016	Bipolaris maydis (Cochliobolus heterostrophus)	fungi	PP957146.1	597	498	498	45.7831	ITS1-5.8S-ITS2	ITSx-region-extraction
MPDB003608	5016	Bipolaris maydis (Cochliobolus heterostrophus)	fungi	PP962216.1	520	485	485	46.3918	ITS1-5.8S-ITS2	ITSx-region-extraction
MPDB003609	5016	Bipolaris maydis (Cochliobolus heterostrophus)	fungi	PP981363.1	569	516	516	46.1240	ITS1-5.8S-ITS2	ITSx-region-extraction
MPDB003610	5016	Bipolaris maydis (Cochliobolus heterostrophus)	fungi	PP988397.1	565	517	517	46.0348	ITS1-5.8S-ITS2	ITSx-region-extraction
MPDB003611	5016	Bipolaris maydis (Cochliobolus heterostrophus)	fungi	PQ373033.1	494	463	463	47.0842	ITS1-5.8S-ITS2	ITSx-region-extraction
MPDB003612	5016	Bipolaris maydis (Cochliobolus heterostrophus)	fungi	PQ500574.1	590	498	498	45.7831	ITS1-5.8S-ITS2	ITSx-region-extraction
MPDB003613	5016	Bipolaris maydis (Cochliobolus heterostrophus)	fungi	PQ795811.1	538	489	489	46.0123	ITS1-5.8S-ITS2	ITSx-region-extraction
MPDB003614	5016	Bipolaris maydis (Cochliobolus heterostrophus)	fungi	PQ804476.1	619	498	498	45.7831	ITS1-5.8S-ITS2	ITSx-region-extraction
MPDB003615	5016	Bipolaris maydis (Cochliobolus heterostrophus)	fungi	PV291680.1	578	498	498	45.7831	ITS1-5.8S-ITS2	ITSx-region-extraction
MPDB003616	5016	Bipolaris maydis (Cochliobolus heterostrophus)	fungi	PX376342.1	563	515	515	46.2136	ITS1-5.8S-ITS2	ITSx-region-extraction
MPDB003617	5016	Bipolaris maydis (Cochliobolus heterostrophus)	fungi	PX884713.1	590	488	488	46.1066	ITS1-5.8S-ITS2	ITSx-region-extraction
MPDB003618	5016	Bipolaris maydis (Cochliobolus heterostrophus)	fungi	PZ625875.1	541	492	492	45.7317	ITS1-5.8S-ITS2	ITSx-region-extraction
MPDB003619	5016	Bipolaris maydis (Cochliobolus heterostrophus)	fungi	PZ764227.1	590	498	498	45.7831	ITS1-5.8S-ITS2	ITSx-region-extraction
MPDB003620	5017	Bipolaris zeicola (Cochliobolus carbonum)	fungi	MG228424.1	563	514	514	45.7198	ITS1-5.8S-ITS2	ITSx-region-extraction
MPDB003621	5017	Bipolaris zeicola (Cochliobolus carbonum)	fungi	MH864761.1	588	497	497	45.4728	ITS1-5.8S-ITS2	ITSx-region-extraction
MPDB003622	5017	Bipolaris zeicola (Cochliobolus carbonum)	fungi	MH864761.1	588	497	497	45.4728	ITS1-5.8S-ITS2	ITSx-region-extraction
MPDB003623	5017	Bipolaris zeicola (Cochliobolus carbonum)	fungi	MK304167.1	540	504	504	45.4365	ITS1-5.8S-ITS2	ITSx-region-extraction
MPDB003624	5017	Bipolaris zeicola (Cochliobolus carbonum)	fungi	MK841439.1	552	491	491	45.4175	ITS1-5.8S-ITS2	ITSx-region-extraction
MPDB003625	5017	Bipolaris zeicola (Cochliobolus carbonum)	fungi	MN022588.1	595	530	530	46.0377	ITS1-5.8S-ITS2	ITSx-region-extraction
MPDB003626	5017	Bipolaris zeicola (Cochliobolus carbonum)	fungi	MN871712.1	595	500	500	46.0000	ITS1-5.8S-ITS2	ITSx-region-extraction
MPDB003627	5017	Bipolaris zeicola (Cochliobolus carbonum)	fungi	MT065699.1	507	455	455	45.0549	ITS1-5.8S-ITS2	ITSx-region-extraction
MPDB003628	5017	Bipolaris zeicola (Cochliobolus carbonum)	fungi	MT378438.1	577	496	496	45.3629	ITS1-5.8S-ITS2	ITSx-region-extraction
MPDB003629	5017	Bipolaris zeicola (Cochliobolus carbonum)	fungi	MW407046.1	532	481	481	46.1538	ITS1-5.8S-ITS2	ITSx-region-extraction
MPDB003630	5017	Bipolaris zeicola (Cochliobolus carbonum)	fungi	MW926395.1	480	480	480	45.8333	ITS1-5.8S-ITS2	ITSx-region-extraction
MPDB003631	5017	Bipolaris zeicola (Cochliobolus carbonum)	fungi	MW929303.1	532	488	488	46.1066	ITS1-5.8S-ITS2	ITSx-region-extraction
MPDB003632	5017	Bipolaris zeicola (Cochliobolus carbonum)	fungi	OL616291.1	601	536	536	46.6418	ITS1-5.8S-ITS2	ITSx-region-extraction
MPDB003633	5017	Bipolaris zeicola (Cochliobolus carbonum)	fungi	OM106226.1	1008	484	484	46.0744	ITS1-5.8S-ITS2	ITSx-region-extraction
MPDB003634	5017	Bipolaris zeicola (Cochliobolus carbonum)	fungi	OP388921.1	556	495	495	45.4361	ITS1-5.8S-ITS2	ITSx-region-extraction
MPDB003635	5017	Bipolaris zeicola (Cochliobolus carbonum)	fungi	OP412907.1	562	498	498	45.7831	ITS1-5.8S-ITS2	ITSx-region-extraction
MPDB003636	5017	Bipolaris zeicola (Cochliobolus carbonum)	fungi	OP412918.1	562	498	498	45.5823	ITS1-5.8S-ITS2	ITSx-region-extraction
MPDB003637	5017	Bipolaris zeicola (Cochliobolus carbonum)	fungi	OP412942.1	562	498	498	45.5823	ITS1-5.8S-ITS2	ITSx-region-extraction
MPDB003638	5017	Bipolaris zeicola (Cochliobolus carbonum)	fungi	OP412947.1	562	498	498	45.7831	ITS1-5.8S-ITS2	ITSx-region-extraction
MPDB003639	5017	Bipolaris zeicola (Cochliobolus carbonum)	fungi	OP412948.1	562	498	498	45.5823	ITS1-5.8S-ITS2	ITSx-region-extraction
MPDB003640	5017	Bipolaris zeicola (Cochliobolus carbonum)	fungi	OP412949.1	562	498	498	45.1807	ITS1-5.8S-ITS2	ITSx-region-extraction
MPDB003641	5017	Bipolaris zeicola (Cochliobolus carbonum)	fungi	OP412952.1	563	499	499	45.6914	ITS1-5.8S-ITS2	ITSx-region-extraction
MPDB003642	5017	Bipolaris zeicola (Cochliobolus carbonum)	fungi	OP412953.1	563	499	499	45.6914	ITS1-5.8S-ITS2	ITSx-region-extraction
MPDB003643	5017	Bipolaris zeicola (Cochliobolus carbonum)	fungi	OP536177.1	538	477	477	45.9119	ITS1-5.8S-ITS2	ITSx-region-extraction
MPDB003644	5017	Bipolaris zeicola (Cochliobolus carbonum)	fungi	OP536194.1	540	479	479	45.9290	ITS1-5.8S-ITS2	ITSx-region-extraction
MPDB003645	5017	Bipolaris zeicola (Cochliobolus carbonum)	fungi	OQ193155.1	543	476	476	45.7983	ITS1-5.8S-ITS2	ITSx-region-extraction
MPDB003646	5017	Bipolaris zeicola (Cochliobolus carbonum)	fungi	OQ199493.1	560	513	513	45.6140	ITS1-5.8S-ITS2	ITSx-region-extraction
MPDB003647	5017	Bipolaris zeicola (Cochliobolus carbonum)	fungi	OQ202064.1	561	487	487	45.7906	ITS1-5.8S-ITS2	ITSx-region-extraction
MPDB003648	5017	Bipolaris zeicola (Cochliobolus carbonum)	fungi	OR260420.1	681	497	497	45.2716	ITS1-5.8S-ITS2	ITSx-region-extraction
MPDB003649	5017	Bipolaris zeicola (Cochliobolus carbonum)	fungi	OR263172.1	680	497	497	45.2716	ITS1-5.8S-ITS2	ITSx-region-extraction
MPDB003650	5017	Bipolaris zeicola (Cochliobolus carbonum)	fungi	OR543157.1	450	450	450	45.5556	ITS1-5.8S-ITS2	ITSx-region-extraction
MPDB003651	5017	Bipolaris zeicola (Cochliobolus carbonum)	fungi	OR690742.1	590	497	497	45.4728	ITS1-5.8S-ITS2	ITSx-region-extraction
MPDB003652	5017	Bipolaris zeicola (Cochliobolus carbonum)	fungi	OR727460.1	435	435	435	46.4368	ITS1-5.8S-ITS2	ITSx-region-extraction
MPDB003653	5017	Bipolaris zeicola (Cochliobolus carbonum)	fungi	PP068947.1	547	496	496	46.5726	ITS1-5.8S-ITS2	ITSx-region-extraction
MPDB003654	5017	Bipolaris zeicola (Cochliobolus carbonum)	fungi	PP217184.1	528	479	479	45.7203	ITS1-5.8S-ITS2	ITSx-region-extraction
MPDB003655	5017	Bipolaris zeicola (Cochliobolus carbonum)	fungi	PP921151.1	545	518	518	45.5598	ITS1-5.8S-ITS2	ITSx-region-extraction
MPDB003656	5017	Bipolaris zeicola (Cochliobolus carbonum)	fungi	PP961917.1	545	495	495	46.6667	ITS1-5.8S-ITS2	ITSx-region-extraction
MPDB003657	5017	Bipolaris zeicola (Cochliobolus carbonum)	fungi	PQ187677.1	480	480	480	45.6250	ITS1-5.8S-ITS2	ITSx-region-extraction
MPDB003658	5017	Bipolaris zeicola (Cochliobolus carbonum)	fungi	PQ272051.1	486	486	486	45.6790	ITS1-5.8S-ITS2	ITSx-region-extraction
MPDB003659	5017	Bipolaris zeicola (Cochliobolus carbonum)	fungi	PQ278104.1	580	481	481	45.9459	ITS1-5.8S-ITS2	ITSx-region-extraction
MPDB003660	5017	Bipolaris zeicola (Cochliobolus carbonum)	fungi	PQ289216.1	1060	473	473	46.0888	ITS1-5.8S-ITS2	ITSx-region-extraction
MPDB003661	5017	Bipolaris zeicola (Cochliobolus carbonum)	fungi	PQ421580.1	583	497	497	45.4728	ITS1-5.8S-ITS2	ITSx-region-extraction
MPDB003662	5017	Bipolaris zeicola (Cochliobolus carbonum)	fungi	PX218573.1	491	491	491	46.8432	ITS1-5.8S-ITS2	ITSx-region-extraction
MPDB003663	5046	Sarocladium strictum (Acremonium strictum)	fungi	MH855386.1	509	509	509	58.1532	ITS1-5.8S-ITS2	ITSx-region-extraction
MPDB003664	5046	Sarocladium strictum (Acremonium strictum)	fungi	MH858128.1	583	495	495	59.3939	ITS1-5.8S-ITS2	ITSx-region-extraction
MPDB003665	5046	Sarocladium strictum (Acremonium strictum)	fungi	MH858503.1	587	498	498	58.8353	ITS1-5.8S-ITS2	ITSx-region-extraction
MPDB003666	5046	Sarocladium strictum (Acremonium strictum)	fungi	MH859619.1	587	499	499	57.9158	ITS1-5.8S-ITS2	ITSx-region-extraction
MPDB003667	5046	Sarocladium strictum (Acremonium strictum)	fungi	MH859620.1	597	503	503	57.4553	ITS1-5.8S-ITS2	ITSx-region-extraction
MPDB003668	5046	Sarocladium strictum (Acremonium strictum)	fungi	MH859621.1	586	498	498	57.8313	ITS1-5.8S-ITS2	ITSx-region-extraction
MPDB003669	5046	Sarocladium strictum (Acremonium strictum)	fungi	MH859622.1	587	499	499	57.9158	ITS1-5.8S-ITS2	ITSx-region-extraction
MPDB003670	5046	Sarocladium strictum (Acremonium strictum)	fungi	MH859623.1	589	501	501	58.2834	ITS1-5.8S-ITS2	ITSx-region-extraction
MPDB003671	5046	Sarocladium strictum (Acremonium strictum)	fungi	MH859624.1	592	504	504	57.3413	ITS1-5.8S-ITS2	ITSx-region-extraction
MPDB003672	5046	Sarocladium strictum (Acremonium strictum)	fungi	MH859625.1	588	500	500	57.8000	ITS1-5.8S-ITS2	ITSx-region-extraction
MPDB003673	5046	Sarocladium strictum (Acremonium strictum)	fungi	MH859626.1	585	498	498	58.8353	ITS1-5.8S-ITS2	ITSx-region-extraction
MPDB003674	5046	Sarocladium strictum (Acremonium strictum)	fungi	MH859628.1	586	498	498	58.6345	ITS1-5.8S-ITS2	ITSx-region-extraction
MPDB003675	5046	Sarocladium strictum (Acremonium strictum)	fungi	MH859629.1	590	502	502	57.7689	ITS1-5.8S-ITS2	ITSx-region-extraction
MPDB003676	5046	Sarocladium strictum (Acremonium strictum)	fungi	MH859630.1	586	498	498	58.2329	ITS1-5.8S-ITS2	ITSx-region-extraction
MPDB003677	5046	Sarocladium strictum (Acremonium strictum)	fungi	MH859631.1	584	496	496	58.2661	ITS1-5.8S-ITS2	ITSx-region-extraction
MPDB003678	5046	Sarocladium strictum (Acremonium strictum)	fungi	MH859696.1	591	499	499	57.9158	ITS1-5.8S-ITS2	ITSx-region-extraction
MPDB003679	5046	Sarocladium strictum (Acremonium strictum)	fungi	MH859705.1	587	496	496	58.2661	ITS1-5.8S-ITS2	ITSx-region-extraction
MPDB003680	5046	Sarocladium strictum (Acremonium strictum)	fungi	MH859722.1	583	495	495	58.9899	ITS1-5.8S-ITS2	ITSx-region-extraction
MPDB003681	5046	Sarocladium strictum (Acremonium strictum)	fungi	MH859723.1	584	496	496	58.4677	ITS1-5.8S-ITS2	ITSx-region-extraction
MPDB003682	5046	Sarocladium strictum (Acremonium strictum)	fungi	MH859724.1	585	497	497	58.1489	ITS1-5.8S-ITS2	ITSx-region-extraction
MPDB003683	5046	Sarocladium strictum (Acremonium strictum)	fungi	MH859725.1	1073	503	503	58.2505	ITS1-5.8S-ITS2	ITSx-region-extraction
MPDB003684	5046	Sarocladium strictum (Acremonium strictum)	fungi	MH864442.1	723	496	496	58.2661	ITS1-5.8S-ITS2	ITSx-region-extraction
MPDB003685	5046	Sarocladium strictum (Acremonium strictum)	fungi	MH864509.1	686	511	511	58.3170	ITS1-5.8S-ITS2	ITSx-region-extraction
MPDB003686	5046	Sarocladium strictum (Acremonium strictum)	fungi	MH871381.1	1102	512	512	58.3984	ITS1-5.8S-ITS2	ITSx-region-extraction
MPDB003687	5046	Sarocladium strictum (Acremonium strictum)	fungi	PV339549.1	522	522	522	58.2375	ITS1-5.8S-ITS2	ITSx-region-extraction
MPDB003688	5046	Sarocladium strictum (Acremonium strictum)	fungi	PV339566.1	477	477	477	59.5388	ITS1-5.8S-ITS2	ITSx-region-extraction
MPDB003689	5046	Sarocladium strictum (Acremonium strictum)	fungi	PV407532.1	488	488	488	58.8115	ITS1-5.8S-ITS2	ITSx-region-extraction
MPDB003690	5046	Sarocladium strictum (Acremonium strictum)	fungi	PV407533.1	519	519	519	58.1888	ITS1-5.8S-ITS2	ITSx-region-extraction
MPDB003691	5046	Sarocladium strictum (Acremonium strictum)	fungi	PV407535.1	495	495	495	58.3838	ITS1-5.8S-ITS2	ITSx-region-extraction
MPDB003692	5046	Sarocladium strictum (Acremonium strictum)	fungi	PV407537.1	558	518	518	57.9151	ITS1-5.8S-ITS2	ITSx-region-extraction
MPDB003693	5046	Sarocladium strictum (Acremonium strictum)	fungi	PV407542.1	560	518	518	57.9151	ITS1-5.8S-ITS2	ITSx-region-extraction
MPDB003694	5046	Sarocladium strictum (Acremonium strictum)	fungi	PX875878.1	237	186	186	56.9892	ITS1	ITSx-region-extraction
MPDB003695	5046	Sarocladium strictum (Acremonium strictum)	fungi	PX891964.1	579	496	496	58.8710	ITS1-5.8S-ITS2	ITSx-region-extraction
MPDB003696	5046	Sarocladium strictum (Acremonium strictum)	fungi	PX891969.1	532	470	470	58.9362	ITS1-5.8S-ITS2	ITSx-region-extraction
MPDB003697	5046	Sarocladium strictum (Acremonium strictum)	fungi	PX892013.1	566	516	516	58.5271	ITS1-5.8S-ITS2	ITSx-region-extraction
MPDB003698	5046	Sarocladium strictum (Acremonium strictum)	fungi	PX928749.1	596	499	499	58.3166	ITS1-5.8S-ITS2	ITSx-region-extraction
MPDB003699	5046	Sarocladium strictum (Acremonium strictum)	fungi	PX928772.1	597	496	496	58.3838	ITS1-5.8S-ITS2	ITSx-region-extraction
MPDB003700	5046	Sarocladium strictum (Acremonium strictum)	fungi	PX928778.1	594	497	497	58.1489	ITS1-5.8S-ITS2	ITSx-region-extraction
MPDB003701	5046	Sarocladium strictum (Acremonium strictum)	fungi	PX963973.1	562	501	501	54.8902	ITS1-5.8S-ITS2	ITSx-region-extraction
MPDB003702	5046	Sarocladium strictum (Acremonium strictum)	fungi	PX988759.1	347	173	173	65.8960	ITS2	ITSx-region-extraction
MPDB003703	5046	Sarocladium strictum (Acremonium strictum)	fungi	PZ251243.1	552	512	512	57.2266	ITS1-5.8S-ITS2	ITSx-region-extraction
MPDB003704	5046	Sarocladium strictum (Acremonium strictum)	fungi	PZ362199.1	523	463	463	58.3153	ITS1-5.8S-ITS2	ITSx-region-extraction
MPDB003705	5046	Sarocladium strictum (Acremonium strictum)	fungi	PZ653114.1	1034	501	501	57.8842	ITS1-5.8S-ITS2	ITSx-region-extraction
MPDB003706	5059	Aspergillus flavus	fungi	PV911002.1	562	529	529	59.3573	ITS1-5.8S-ITS2	ITSx-region-extraction
MPDB003707	5059	Aspergillus flavus	fungi	PV911003.1	565	504	504	59.3254	ITS1-5.8S-ITS2	ITSx-region-extraction
MPDB003708	5059	Aspergillus flavus	fungi	PV911004.1	560	526	526	59.3156	ITS1-5.8S-ITS2	ITSx-region-extraction
MPDB003709	5059	Aspergillus flavus	fungi	PV911021.1	571	510	510	58.6275	ITS1-5.8S-ITS2	ITSx-region-extraction
MPDB003710	5059	Aspergillus flavus	fungi	PV911022.1	569	536	536	58.9552	ITS1-5.8S-ITS2	ITSx-region-extraction
MPDB003711	5059	Aspergillus flavus	fungi	PV911039.1	568	508	508	58.8583	ITS1-5.8S-ITS2	ITSx-region-extraction
MPDB003712	5059	Aspergillus flavus	fungi	PV911040.1	567	535	535	59.2523	ITS1-5.8S-ITS2	ITSx-region-extraction
MPDB003713	5059	Aspergillus flavus	fungi	PV911041.1	566	505	505	58.6139	ITS1-5.8S-ITS2	ITSx-region-extraction
MPDB003714	5059	Aspergillus flavus	fungi	PV911042.1	567	534	534	58.8015	ITS1-5.8S-ITS2	ITSx-region-extraction
MPDB003715	5059	Aspergillus flavus	fungi	PV911061.1	565	503	503	58.6481	ITS1-5.8S-ITS2	ITSx-region-extraction
MPDB003716	5059	Aspergillus flavus	fungi	PV911062.1	558	526	526	59.1255	ITS1-5.8S-ITS2	ITSx-region-extraction
MPDB003717	5059	Aspergillus flavus	fungi	PV911065.1	563	501	501	58.8822	ITS1-5.8S-ITS2	ITSx-region-extraction
MPDB003718	5059	Aspergillus flavus	fungi	PV911066.1	566	566	566	59.0106	ITS1-5.8S-ITS2	ITSx-region-extraction
MPDB003719	5059	Aspergillus flavus	fungi	PV911091.1	567	506	506	59.2885	ITS1-5.8S-ITS2	ITSx-region-extraction
MPDB003720	5059	Aspergillus flavus	fungi	PV911092.1	559	526	526	59.3156	ITS1-5.8S-ITS2	ITSx-region-extraction
MPDB003721	5059	Aspergillus flavus	fungi	PV911099.1	572	511	511	59.0998	ITS1-5.8S-ITS2	ITSx-region-extraction
MPDB003722	5059	Aspergillus flavus	fungi	PV911100.1	568	536	536	59.1418	ITS1-5.8S-ITS2	ITSx-region-extraction
MPDB003723	5059	Aspergillus flavus	fungi	PX694519.1	456	456	456	58.3333	ITS1-5.8S-ITS2	ITSx-region-extraction
MPDB003724	5059	Aspergillus flavus	fungi	PX696736.1	631	516	516	58.1395	ITS1-5.8S-ITS2	ITSx-region-extraction
MPDB003725	5059	Aspergillus flavus	fungi	PZ166306.1	474	474	474	58.4388	ITS1-5.8S-ITS2	ITSx-region-extraction
MPDB003726	5059	Aspergillus flavus	fungi	PZ166307.1	518	518	518	59.2664	ITS1-5.8S-ITS2	ITSx-region-extraction
MPDB003727	5059	Aspergillus flavus	fungi	PZ673691.1	483	483	483	60.4555	ITS1-5.8S-ITS2	ITSx-region-extraction
MPDB003728	5059	Aspergillus flavus	fungi	PZ742422.1	576	505	505	58.7302	ITS1-5.8S-ITS2	ITSx-region-extraction
MPDB003729	5059	Aspergillus flavus	fungi	PZ748288.1	521	521	521	58.7332	ITS1-5.8S-ITS2	ITSx-region-extraction
MPDB003730	5059	Aspergillus flavus	fungi	PZ748307.1	519	519	519	58.7669	ITS1-5.8S-ITS2	ITSx-region-extraction
MPDB003731	5059	Aspergillus flavus	fungi	PZ748308.1	566	521	521	58.5413	ITS1-5.8S-ITS2	ITSx-region-extraction
MPDB003732	5059	Aspergillus flavus	fungi	PZ748919.1	595	505	505	58.5317	ITS1-5.8S-ITS2	ITSx-region-extraction
MPDB003733	5059	Aspergillus flavus	fungi	PZ766598.1	543	482	482	59.1286	ITS1-5.8S-ITS2	ITSx-region-extraction
MPDB003734	5059	Aspergillus flavus	fungi	PZ766600.1	506	473	473	59.8309	ITS1-5.8S-ITS2	ITSx-region-extraction
MPDB003735	5059	Aspergillus flavus	fungi	PZ766603.1	604	505	505	59.0099	ITS1-5.8S-ITS2	ITSx-region-extraction
MPDB003736	5059	Aspergillus flavus	fungi	PZ766606.1	549	517	517	59.1876	ITS1-5.8S-ITS2	ITSx-region-extraction
MPDB003737	5059	Aspergillus flavus	fungi	PZ766607.1	596	503	503	59.2445	ITS1-5.8S-ITS2	ITSx-region-extraction
MPDB003738	5059	Aspergillus flavus	fungi	PZ766611.1	537	476	476	58.8235	ITS1-5.8S-ITS2	ITSx-region-extraction
MPDB003739	5059	Aspergillus flavus	fungi	PZ766612.1	486	454	454	58.8106	ITS1-5.8S-ITS2	ITSx-region-extraction
MPDB003740	5059	Aspergillus flavus	fungi	PZ766614.1	597	504	504	59.1270	ITS1-5.8S-ITS2	ITSx-region-extraction
MPDB003741	5059	Aspergillus flavus	fungi	PZ766615.1	548	487	487	59.1376	ITS1-5.8S-ITS2	ITSx-region-extraction
MPDB003742	5059	Aspergillus flavus	fungi	PZ766618.1	531	531	531	58.9454	ITS1-5.8S-ITS2	ITSx-region-extraction
MPDB003743	5059	Aspergillus flavus	fungi	PZ769818.1	560	179	179	59.5506	ITS1	ITSx-region-extraction
MPDB003744	5059	Aspergillus flavus	fungi	PZ780177.1	616	574	574	57.8571	ITS1-5.8S-ITS2	ITSx-region-extraction
MPDB003745	5059	Aspergillus flavus	fungi	PZ789686.1	541	512	512	59.4118	ITS1-5.8S-ITS2	ITSx-region-extraction
MPDB003746	5059	Aspergillus flavus	fungi	PZ790467.1	652	385	385	55.8442	ITS1-5.8S-ITS2	ITSx-region-extraction
MPDB003747	5059	Aspergillus flavus	fungi	PZ794437.1	615	516	516	59.1085	ITS1-5.8S-ITS2	ITSx-region-extraction
MPDB003748	5059	Aspergillus flavus	fungi	PZ798434.1	508	462	462	59.2593	ITS1-5.8S-ITS2	ITSx-region-extraction
MPDB003749	5061	Aspergillus niger	fungi	PP922460.1	587	516	516	59.8837	ITS1-5.8S-ITS2	ITSx-region-extraction
MPDB003750	5061	Aspergillus niger	fungi	PV910901.1	583	518	518	59.6525	ITS1-5.8S-ITS2	ITSx-region-extraction
MPDB003751	5061	Aspergillus niger	fungi	PV910902.1	572	509	509	60.3143	ITS1-5.8S-ITS2	ITSx-region-extraction
MPDB003752	5061	Aspergillus niger	fungi	PV910903.1	569	508	508	59.6457	ITS1-5.8S-ITS2	ITSx-region-extraction
MPDB003753	5061	Aspergillus niger	fungi	PV910904.1	565	532	532	59.5865	ITS1-5.8S-ITS2	ITSx-region-extraction
MPDB003754	5061	Aspergillus niger	fungi	PV910905.1	574	513	513	60.6238	ITS1-5.8S-ITS2	ITSx-region-extraction
MPDB003755	5061	Aspergillus niger	fungi	PV910906.1	571	538	538	60.4089	ITS1-5.8S-ITS2	ITSx-region-extraction
MPDB003756	5061	Aspergillus niger	fungi	PV910917.1	580	517	517	59.9613	ITS1-5.8S-ITS2	ITSx-region-extraction
MPDB003757	5061	Aspergillus niger	fungi	PV910918.1	571	539	539	59.9258	ITS1-5.8S-ITS2	ITSx-region-extraction
MPDB003758	5061	Aspergillus niger	fungi	PV910929.1	556	515	515	58.4466	ITS1-5.8S-ITS2	ITSx-region-extraction
MPDB003759	5061	Aspergillus niger	fungi	PV910930.1	576	542	542	60.3321	ITS1-5.8S-ITS2	ITSx-region-extraction
MPDB003760	5061	Aspergillus niger	fungi	PV910935.1	570	509	509	59.3320	ITS1-5.8S-ITS2	ITSx-region-extraction
MPDB003761	5061	Aspergillus niger	fungi	PV910936.1	591	542	542	60.1476	ITS1-5.8S-ITS2	ITSx-region-extraction
MPDB003762	5061	Aspergillus niger	fungi	PV910943.1	576	514	514	60.5058	ITS1-5.8S-ITS2	ITSx-region-extraction
MPDB003763	5061	Aspergillus niger	fungi	PV910944.1	573	540	540	60.5556	ITS1-5.8S-ITS2	ITSx-region-extraction
MPDB003764	5061	Aspergillus niger	fungi	PV910965.1	573	512	512	59.5703	ITS1-5.8S-ITS2	ITSx-region-extraction
MPDB003765	5061	Aspergillus niger	fungi	PV910966.1	567	533	533	59.4747	ITS1-5.8S-ITS2	ITSx-region-extraction
MPDB003766	5061	Aspergillus niger	fungi	PV910973.1	566	505	505	59.2079	ITS1-5.8S-ITS2	ITSx-region-extraction
MPDB003767	5061	Aspergillus niger	fungi	PV910974.1	573	533	533	59.6623	ITS1-5.8S-ITS2	ITSx-region-extraction
MPDB003768	5061	Aspergillus niger	fungi	PV911007.1	571	508	508	59.8425	ITS1-5.8S-ITS2	ITSx-region-extraction
MPDB003769	5061	Aspergillus niger	fungi	PV911008.1	571	537	537	60.1490	ITS1-5.8S-ITS2	ITSx-region-extraction
MPDB003770	5061	Aspergillus niger	fungi	PV911027.1	579	518	518	60.6178	ITS1-5.8S-ITS2	ITSx-region-extraction
MPDB003771	5061	Aspergillus niger	fungi	PV911028.1	579	509	509	60.3143	ITS1-5.8S-ITS2	ITSx-region-extraction
MPDB003772	5061	Aspergillus niger	fungi	PV911071.1	584	515	515	59.8058	ITS1-5.8S-ITS2	ITSx-region-extraction
MPDB003773	5061	Aspergillus niger	fungi	PV911072.1	573	508	508	60.4331	ITS1-5.8S-ITS2	ITSx-region-extraction
MPDB003774	5061	Aspergillus niger	fungi	PV911089.1	568	507	507	60.3550	ITS1-5.8S-ITS2	ITSx-region-extraction
MPDB003775	5061	Aspergillus niger	fungi	PV911090.1	566	533	533	60.2251	ITS1-5.8S-ITS2	ITSx-region-extraction
MPDB003776	5061	Aspergillus niger	fungi	PX071336.1	575	511	511	58.9041	ITS1-5.8S-ITS2	ITSx-region-extraction
MPDB003777	5061	Aspergillus niger	fungi	PZ740568.1	578	513	513	59.0099	ITS1-5.8S-ITS2	ITSx-region-extraction
MPDB003778	5061	Aspergillus niger	fungi	PZ742441.1	503	503	503	60.8350	ITS1-5.8S-ITS2	ITSx-region-extraction
MPDB003779	5061	Aspergillus niger	fungi	PZ742470.1	559	530	530	59.8113	ITS1-5.8S-ITS2	ITSx-region-extraction
MPDB003780	5061	Aspergillus niger	fungi	PZ742506.1	506	506	506	60.8696	ITS1-5.8S-ITS2	ITSx-region-extraction
MPDB003781	5061	Aspergillus niger	fungi	PZ766605.1	563	520	520	60.0000	ITS1-5.8S-ITS2	ITSx-region-extraction
MPDB003782	5061	Aspergillus niger	fungi	PZ766610.1	601	507	507	60.5523	ITS1-5.8S-ITS2	ITSx-region-extraction
MPDB003783	5061	Aspergillus niger	fungi	PZ769817.1	490	490	490	60.4082	ITS1-5.8S-ITS2	ITSx-region-extraction
MPDB003784	5061	Aspergillus niger	fungi	PZ794712.1	376	329	329	56.2310	ITS1-5.8S	ITSx-region-extraction
MPDB003785	5061	Aspergillus niger	fungi	PZ803275.1	505	505	505	60.1980	ITS1-5.8S-ITS2	ITSx-region-extraction
MPDB003786	5061	Aspergillus niger	fungi	PZ805016.1	443	443	443	57.3363	ITS1-5.8S-ITS2	ITSx-region-extraction
MPDB003787	5061	Aspergillus niger	fungi	PZ805022.1	510	510	510	58.8235	ITS1-5.8S-ITS2	ITSx-region-extraction
MPDB003788	5061	Aspergillus niger	fungi	PZ810688.1	551	551	551	59.5281	ITS1-5.8S-ITS2	ITSx-region-extraction
MPDB003789	5061	Aspergillus niger	fungi	PZ818887.1	600	509	509	60.3143	ITS1-5.8S-ITS2	ITSx-region-extraction
MPDB003790	5061	Aspergillus niger	fungi	PZ830759.1	323	194	194	65.9794	ITS2	ITSx-region-extraction
MPDB003791	5061	Aspergillus niger	fungi	PZ832409.1	398	398	398	59.7990	ITS1-5.8S-ITS2	ITSx-region-extraction
MPDB003792	5067	Aspergillus parasiticus	fungi	LC752805.1	421	421	421	60.5701	ITS1-5.8S-ITS2	ITSx-region-extraction
MPDB003793	5067	Aspergillus parasiticus	fungi	MZ458570.1	969	470	470	59.1489	ITS1-5.8S-ITS2	ITSx-region-extraction
MPDB003794	5067	Aspergillus parasiticus	fungi	MZ503575.1	201	78	78	55.1282	ITS1	ITSx-region-extraction
MPDB003795	5067	Aspergillus parasiticus	fungi	ON797623.1	518	485	485	59.5876	ITS1-5.8S-ITS2	ITSx-region-extraction
MPDB003796	5067	Aspergillus parasiticus	fungi	ON797663.1	520	487	487	59.5483	ITS1-5.8S-ITS2	ITSx-region-extraction
MPDB003797	5067	Aspergillus parasiticus	fungi	OP247616.1	602	543	543	58.3794	ITS1-5.8S-ITS2	ITSx-region-extraction
MPDB003798	5067	Aspergillus parasiticus	fungi	OP329184.1	559	510	510	59.0196	ITS1-5.8S-ITS2	ITSx-region-extraction
MPDB003799	5067	Aspergillus parasiticus	fungi	OP802634.1	593	538	538	59.2523	ITS1-5.8S-ITS2	ITSx-region-extraction
MPDB003800	5067	Aspergillus parasiticus	fungi	OQ456472.1	566	521	521	58.9251	ITS1-5.8S-ITS2	ITSx-region-extraction
MPDB003801	5067	Aspergillus parasiticus	fungi	OQ456473.1	569	521	521	58.9251	ITS1-5.8S-ITS2	ITSx-region-extraction
MPDB003802	5067	Aspergillus parasiticus	fungi	OQ456475.1	561	518	518	58.8803	ITS1-5.8S-ITS2	ITSx-region-extraction
MPDB003803	5067	Aspergillus parasiticus	fungi	OQ519962.1	547	495	495	59.3939	ITS1-5.8S-ITS2	ITSx-region-extraction
MPDB003805	5067	Aspergillus parasiticus	fungi	OR005263.1	254	168	168	65.4762	ITS2	ITSx-region-extraction
MPDB003806	5067	Aspergillus parasiticus	fungi	OR005327.1	302	168	168	65.4762	ITS2	ITSx-region-extraction
MPDB003807	5067	Aspergillus parasiticus	fungi	OR095654.1	471	471	471	59.6603	ITS1-5.8S-ITS2	ITSx-region-extraction
MPDB003808	5067	Aspergillus parasiticus	fungi	OR287098.1	565	502	502	59.3625	ITS1-5.8S-ITS2	ITSx-region-extraction
MPDB003809	5067	Aspergillus parasiticus	fungi	OR392778.1	581	528	528	59.4697	ITS1-5.8S-ITS2	ITSx-region-extraction
MPDB003810	5067	Aspergillus parasiticus	fungi	OR754375.1	382	324	324	58.9506	5.8S-ITS2	ITSx-region-extraction
MPDB003811	5067	Aspergillus parasiticus	fungi	PP177521.1	498	467	467	59.9572	ITS1-5.8S-ITS2	ITSx-region-extraction
MPDB003812	5067	Aspergillus parasiticus	fungi	PP717838.1	577	525	525	59.0476	ITS1-5.8S-ITS2	ITSx-region-extraction
MPDB003813	5067	Aspergillus parasiticus	fungi	PP814824.1	503	478	478	59.6234	ITS1-5.8S-ITS2	ITSx-region-extraction
MPDB003814	5067	Aspergillus parasiticus	fungi	PP851667.1	566	505	505	59.4059	ITS1-5.8S-ITS2	ITSx-region-extraction
MPDB003815	5067	Aspergillus parasiticus	fungi	PQ049600.1	516	481	481	60.4990	ITS1-5.8S-ITS2	ITSx-region-extraction
MPDB003816	5067	Aspergillus parasiticus	fungi	PQ403971.1	560	516	516	58.7209	ITS1-5.8S-ITS2	ITSx-region-extraction
MPDB003817	5067	Aspergillus parasiticus	fungi	PQ403972.1	700	516	516	58.7209	ITS1-5.8S-ITS2	ITSx-region-extraction
MPDB003818	5067	Aspergillus parasiticus	fungi	PQ460365.1	526	493	493	59.4320	ITS1-5.8S-ITS2	ITSx-region-extraction
MPDB003819	5067	Aspergillus parasiticus	fungi	PQ463349.1	557	515	515	58.8350	ITS1-5.8S-ITS2	ITSx-region-extraction
MPDB003820	5067	Aspergillus parasiticus	fungi	PQ511233.1	524	490	490	59.3878	ITS1-5.8S-ITS2	ITSx-region-extraction
MPDB003821	5067	Aspergillus parasiticus	fungi	PQ643988.1	640	426	426	58.9202	ITS1-5.8S-ITS2	ITSx-region-extraction
MPDB003822	5067	Aspergillus parasiticus	fungi	PQ644082.1	887	509	509	59.5285	ITS1-5.8S-ITS2	ITSx-region-extraction
MPDB003823	5067	Aspergillus parasiticus	fungi	PQ826441.1	577	545	545	58.5321	ITS1-5.8S-ITS2	ITSx-region-extraction
MPDB003824	5067	Aspergillus parasiticus	fungi	PV065873.1	475	442	442	59.9548	ITS1-5.8S-ITS2	ITSx-region-extraction
MPDB003825	5067	Aspergillus parasiticus	fungi	PV194997.1	570	512	512	60.1562	ITS1-5.8S-ITS2	ITSx-region-extraction
MPDB003826	5067	Aspergillus parasiticus	fungi	PV464648.1	546	491	491	59.2668	ITS1-5.8S-ITS2	ITSx-region-extraction
MPDB003827	5067	Aspergillus parasiticus	fungi	PX056166.1	529	493	493	60.8519	ITS1-5.8S-ITS2	ITSx-region-extraction
MPDB003828	5067	Aspergillus parasiticus	fungi	PX244200.1	567	506	506	58.8933	ITS1-5.8S-ITS2	ITSx-region-extraction
MPDB003829	5067	Aspergillus parasiticus	fungi	PX426404.1	610	551	551	59.5281	ITS1-5.8S-ITS2	ITSx-region-extraction
MPDB003830	5067	Aspergillus parasiticus	fungi	PX427487.1	576	505	505	59.4059	ITS1-5.8S-ITS2	ITSx-region-extraction
MPDB003831	5067	Aspergillus parasiticus	fungi	PX533089.1	507	507	507	58.9744	ITS1-5.8S-ITS2	ITSx-region-extraction
MPDB003832	5067	Aspergillus parasiticus	fungi	PZ267755.1	533	492	492	59.3496	ITS1-5.8S-ITS2	ITSx-region-extraction
MPDB003833	5067	Aspergillus parasiticus	fungi	PZ405196.1	529	493	493	59.4320	ITS1-5.8S-ITS2	ITSx-region-extraction
MPDB003834	5067	Aspergillus parasiticus	fungi	PZ742435.1	528	528	528	59.4697	ITS1-5.8S-ITS2	ITSx-region-extraction
MPDB003835	5076	Penicillium chrysogenum	fungi	PP231834.1	571	496	496	57.8629	ITS1-5.8S-ITS2	ITSx-region-extraction
MPDB003836	5076	Penicillium chrysogenum	fungi	PV836786.1	540	512	512	58.0078	ITS1-5.8S-ITS2	ITSx-region-extraction
MPDB003837	5076	Penicillium chrysogenum	fungi	PX071318.1	558	497	497	57.9477	ITS1-5.8S-ITS2	ITSx-region-extraction
MPDB003838	5076	Penicillium chrysogenum	fungi	PX071320.1	554	493	493	56.9980	ITS1-5.8S-ITS2	ITSx-region-extraction
MPDB003839	5076	Penicillium chrysogenum	fungi	PX071334.1	541	496	496	58.0645	ITS1-5.8S-ITS2	ITSx-region-extraction
MPDB003840	5076	Penicillium chrysogenum	fungi	PX071341.1	558	496	496	58.0645	ITS1-5.8S-ITS2	ITSx-region-extraction
MPDB003841	5076	Penicillium chrysogenum	fungi	PX071365.1	558	493	493	58.0122	ITS1-5.8S-ITS2	ITSx-region-extraction
MPDB003842	5076	Penicillium chrysogenum	fungi	PX071379.1	544	494	494	58.0972	ITS1-5.8S-ITS2	ITSx-region-extraction
MPDB003843	5076	Penicillium chrysogenum	fungi	PX071386.1	545	495	495	57.9798	ITS1-5.8S-ITS2	ITSx-region-extraction
MPDB003844	5076	Penicillium chrysogenum	fungi	PX071387.1	540	491	491	57.2301	ITS1-5.8S-ITS2	ITSx-region-extraction
MPDB003845	5076	Penicillium chrysogenum	fungi	PX071394.1	563	501	501	56.8862	ITS1-5.8S-ITS2	ITSx-region-extraction
MPDB003846	5076	Penicillium chrysogenum	fungi	PX071405.1	562	501	501	57.8842	ITS1-5.8S-ITS2	ITSx-region-extraction
MPDB003847	5076	Penicillium chrysogenum	fungi	PX071406.1	561	499	499	58.5170	ITS1-5.8S-ITS2	ITSx-region-extraction
MPDB003848	5076	Penicillium chrysogenum	fungi	PX071413.1	553	492	492	57.9268	ITS1-5.8S-ITS2	ITSx-region-extraction
MPDB003849	5076	Penicillium chrysogenum	fungi	PX071414.1	556	495	495	57.9798	ITS1-5.8S-ITS2	ITSx-region-extraction
MPDB003850	5076	Penicillium chrysogenum	fungi	PX071415.1	554	493	493	57.8093	ITS1-5.8S-ITS2	ITSx-region-extraction
MPDB003851	5076	Penicillium chrysogenum	fungi	PX071418.1	556	497	497	58.3501	ITS1-5.8S-ITS2	ITSx-region-extraction
MPDB003852	5076	Penicillium chrysogenum	fungi	PX071419.1	558	496	496	58.0645	ITS1-5.8S-ITS2	ITSx-region-extraction
MPDB003853	5076	Penicillium chrysogenum	fungi	PX071420.1	555	494	494	58.0972	ITS1-5.8S-ITS2	ITSx-region-extraction
MPDB003854	5076	Penicillium chrysogenum	fungi	PX071423.1	555	494	494	57.4899	ITS1-5.8S-ITS2	ITSx-region-extraction
MPDB003855	5076	Penicillium chrysogenum	fungi	PZ691672.1	251	175	175	59.4286	ITS1	ITSx-region-extraction
MPDB003856	5076	Penicillium chrysogenum	fungi	PZ691683.1	220	144	144	62.5000	ITS1	ITSx-region-extraction
MPDB003857	5076	Penicillium chrysogenum	fungi	PZ691689.1	242	166	166	62.6506	ITS1	ITSx-region-extraction
MPDB003858	5076	Penicillium chrysogenum	fungi	PZ691697.1	314	238	238	36.9748	ITS1	ITSx-region-extraction
MPDB003859	5076	Penicillium chrysogenum	fungi	PZ691720.1	302	226	226	60.1770	ITS1	ITSx-region-extraction
MPDB003860	5076	Penicillium chrysogenum	fungi	PZ691721.1	248	172	172	61.0465	ITS1	ITSx-region-extraction
MPDB003861	5076	Penicillium chrysogenum	fungi	PZ691881.1	290	214	214	55.6075	ITS1	ITSx-region-extraction
MPDB003862	5076	Penicillium chrysogenum	fungi	PZ691892.1	255	179	179	50.8380	ITS1	ITSx-region-extraction
MPDB003863	5076	Penicillium chrysogenum	fungi	PZ691914.1	221	145	145	56.5517	ITS1	ITSx-region-extraction
MPDB003864	5076	Penicillium chrysogenum	fungi	PZ691919.1	238	162	162	35.1852	ITS1	ITSx-region-extraction
MPDB003865	5076	Penicillium chrysogenum	fungi	PZ691981.1	146	70	70	42.8571	ITS1	ITSx-region-extraction
MPDB003866	5076	Penicillium chrysogenum	fungi	PZ692037.1	242	166	166	58.4337	ITS1	ITSx-region-extraction
MPDB003867	5076	Penicillium chrysogenum	fungi	PZ692086.1	243	167	167	54.4910	ITS1	ITSx-region-extraction
MPDB003868	5076	Penicillium chrysogenum	fungi	PZ725178.1	507	479	479	58.0376	ITS1-5.8S-ITS2	ITSx-region-extraction
MPDB003869	5076	Penicillium chrysogenum	fungi	PZ742421.1	534	506	506	58.4980	ITS1-5.8S-ITS2	ITSx-region-extraction
MPDB003870	5076	Penicillium chrysogenum	fungi	PZ742439.1	542	513	513	58.4795	ITS1-5.8S-ITS2	ITSx-region-extraction
MPDB003871	5076	Penicillium chrysogenum	fungi	PZ742577.1	585	495	495	58.1818	ITS1-5.8S-ITS2	ITSx-region-extraction
MPDB003872	5076	Penicillium chrysogenum	fungi	PZ770550.1	411	411	411	57.6642	ITS1-5.8S-ITS2	ITSx-region-extraction
MPDB003873	5076	Penicillium chrysogenum	fungi	PZ779405.1	496	446	446	56.5022	ITS1-5.8S-ITS2	ITSx-region-extraction
MPDB003874	5076	Penicillium chrysogenum	fungi	PZ780476.1	577	517	517	58.4139	ITS1-5.8S-ITS2	ITSx-region-extraction
MPDB003875	5076	Penicillium chrysogenum	fungi	PZ781139.1	565	380	380	54.4737	ITS1-5.8S-ITS2	ITSx-region-extraction
MPDB003876	5076	Penicillium chrysogenum	fungi	PZ810691.1	573	517	517	58.0271	ITS1-5.8S-ITS2	ITSx-region-extraction
MPDB003877	5076	Penicillium chrysogenum	fungi	PZ818892.1	609	495	495	58.5859	ITS1-5.8S-ITS2	ITSx-region-extraction
MPDB003878	5127	Gibberella fujikuroi (Fusarium fujikuroi)	fungi	LC930054.1	517	471	471	52.0170	ITS1-5.8S-ITS2	ITSx-region-extraction
MPDB003879	5127	Gibberella fujikuroi (Fusarium fujikuroi)	fungi	MH855036.1	557	468	468	52.1368	ITS1-5.8S-ITS2	ITSx-region-extraction
MPDB003880	5127	Gibberella fujikuroi (Fusarium fujikuroi)	fungi	MH857023.1	557	468	468	52.1368	ITS1-5.8S-ITS2	ITSx-region-extraction
MPDB003881	5127	Gibberella fujikuroi (Fusarium fujikuroi)	fungi	MH857321.1	564	468	468	51.8600	ITS1-5.8S-ITS2	ITSx-region-extraction
MPDB003882	5127	Gibberella fujikuroi (Fusarium fujikuroi)	fungi	PP922463.1	525	463	463	52.6998	ITS1-5.8S-ITS2	ITSx-region-extraction
MPDB003883	5127	Gibberella fujikuroi (Fusarium fujikuroi)	fungi	PV565580.1	550	498	498	52.4096	ITS1-5.8S-ITS2	ITSx-region-extraction
MPDB003884	5127	Gibberella fujikuroi (Fusarium fujikuroi)	fungi	PZ230286.1	500	436	436	50.9174	ITS1-5.8S-ITS2	ITSx-region-extraction
MPDB003885	5127	Gibberella fujikuroi (Fusarium fujikuroi)	fungi	PZ246151.1	543	492	492	54.2683	ITS1-5.8S-ITS2	ITSx-region-extraction
MPDB003886	5127	Gibberella fujikuroi (Fusarium fujikuroi)	fungi	PZ263363.1	532	485	485	52.1649	ITS1-5.8S-ITS2	ITSx-region-extraction
MPDB003887	5127	Gibberella fujikuroi (Fusarium fujikuroi)	fungi	PZ263364.1	531	485	485	52.3711	ITS1-5.8S-ITS2	ITSx-region-extraction
MPDB003888	5127	Gibberella fujikuroi (Fusarium fujikuroi)	fungi	PZ266611.1	494	446	446	52.6906	ITS1-5.8S-ITS2	ITSx-region-extraction
MPDB003889	5127	Gibberella fujikuroi (Fusarium fujikuroi)	fungi	PZ266617.1	494	445	445	52.3596	ITS1-5.8S-ITS2	ITSx-region-extraction
MPDB003890	5127	Gibberella fujikuroi (Fusarium fujikuroi)	fungi	PZ266659.1	491	445	445	52.3596	ITS1-5.8S-ITS2	ITSx-region-extraction
MPDB003891	5127	Gibberella fujikuroi (Fusarium fujikuroi)	fungi	PZ266672.1	491	447	447	52.5727	ITS1-5.8S-ITS2	ITSx-region-extraction
MPDB003892	5127	Gibberella fujikuroi (Fusarium fujikuroi)	fungi	PZ266781.1	496	496	496	50.0000	ITS1-5.8S-ITS2	ITSx-region-extraction
MPDB003893	5127	Gibberella fujikuroi (Fusarium fujikuroi)	fungi	PZ266791.1	488	488	488	52.2541	ITS1-5.8S-ITS2	ITSx-region-extraction
MPDB003894	5127	Gibberella fujikuroi (Fusarium fujikuroi)	fungi	PZ266807.1	495	495	495	49.8990	ITS1-5.8S-ITS2	ITSx-region-extraction
MPDB003895	5127	Gibberella fujikuroi (Fusarium fujikuroi)	fungi	PZ326465.1	402	321	321	53.8941	5.8S-ITS2	ITSx-region-extraction
MPDB003896	5127	Gibberella fujikuroi (Fusarium fujikuroi)	fungi	PZ326751.1	533	469	469	52.4520	ITS1-5.8S-ITS2	ITSx-region-extraction
MPDB003897	5127	Gibberella fujikuroi (Fusarium fujikuroi)	fungi	PZ327752.1	555	468	468	52.1368	ITS1-5.8S-ITS2	ITSx-region-extraction
MPDB003898	5127	Gibberella fujikuroi (Fusarium fujikuroi)	fungi	PZ327753.1	586	468	468	52.1368	ITS1-5.8S-ITS2	ITSx-region-extraction
MPDB003899	5127	Gibberella fujikuroi (Fusarium fujikuroi)	fungi	PZ327785.1	509	509	509	52.9058	ITS1-5.8S-ITS2	ITSx-region-extraction
MPDB003900	5127	Gibberella fujikuroi (Fusarium fujikuroi)	fungi	PZ345909.1	510	446	446	52.2422	ITS1-5.8S-ITS2	ITSx-region-extraction
MPDB003901	5127	Gibberella fujikuroi (Fusarium fujikuroi)	fungi	PZ392465.1	494	444	444	52.0270	ITS1-5.8S-ITS2	ITSx-region-extraction
MPDB003902	5127	Gibberella fujikuroi (Fusarium fujikuroi)	fungi	PZ412649.1	522	492	492	52.0325	ITS1-5.8S-ITS2	ITSx-region-extraction
MPDB003903	5127	Gibberella fujikuroi (Fusarium fujikuroi)	fungi	PZ456424.1	504	457	457	48.7965	ITS1-5.8S-ITS2	ITSx-region-extraction
MPDB003904	5127	Gibberella fujikuroi (Fusarium fujikuroi)	fungi	PZ456426.1	503	457	457	48.7965	ITS1-5.8S-ITS2	ITSx-region-extraction
MPDB003905	5127	Gibberella fujikuroi (Fusarium fujikuroi)	fungi	PZ477984.1	553	489	489	50.3067	ITS1-5.8S-ITS2	ITSx-region-extraction
MPDB003906	5127	Gibberella fujikuroi (Fusarium fujikuroi)	fungi	PZ488920.1	562	468	468	52.1368	ITS1-5.8S-ITS2	ITSx-region-extraction
MPDB003907	5127	Gibberella fujikuroi (Fusarium fujikuroi)	fungi	PZ488921.1	559	498	498	52.2088	ITS1-5.8S-ITS2	ITSx-region-extraction
MPDB003908	5127	Gibberella fujikuroi (Fusarium fujikuroi)	fungi	PZ490077.1	560	498	498	52.4096	ITS1-5.8S-ITS2	ITSx-region-extraction
MPDB003909	5127	Gibberella fujikuroi (Fusarium fujikuroi)	fungi	PZ490078.1	561	499	499	52.1042	ITS1-5.8S-ITS2	ITSx-region-extraction
MPDB003910	5127	Gibberella fujikuroi (Fusarium fujikuroi)	fungi	PZ490079.1	559	498	498	52.6104	ITS1-5.8S-ITS2	ITSx-region-extraction
MPDB003911	5127	Gibberella fujikuroi (Fusarium fujikuroi)	fungi	PZ490080.1	546	500	500	52.4000	ITS1-5.8S-ITS2	ITSx-region-extraction
MPDB003912	5127	Gibberella fujikuroi (Fusarium fujikuroi)	fungi	PZ490081.1	559	498	498	52.6104	ITS1-5.8S-ITS2	ITSx-region-extraction
MPDB003913	5127	Gibberella fujikuroi (Fusarium fujikuroi)	fungi	PZ490082.1	558	497	497	52.3139	ITS1-5.8S-ITS2	ITSx-region-extraction
MPDB003914	5127	Gibberella fujikuroi (Fusarium fujikuroi)	fungi	PZ501424.1	484	417	417	50.1199	ITS1-5.8S-ITS2	ITSx-region-extraction
MPDB003915	5127	Gibberella fujikuroi (Fusarium fujikuroi)	fungi	PZ501425.1	487	421	421	49.8812	ITS1-5.8S-ITS2	ITSx-region-extraction
MPDB003916	5127	Gibberella fujikuroi (Fusarium fujikuroi)	fungi	PZ507149.1	456	456	456	51.7544	ITS1-5.8S-ITS2	ITSx-region-extraction
MPDB003917	5127	Gibberella fujikuroi (Fusarium fujikuroi)	fungi	PZ528652.1	539	468	468	50.6410	ITS1-5.8S-ITS2	ITSx-region-extraction
MPDB003918	5127	Gibberella fujikuroi (Fusarium fujikuroi)	fungi	PZ556455.1	537	487	487	52.5667	ITS1-5.8S-ITS2	ITSx-region-extraction
MPDB003919	5127	Gibberella fujikuroi (Fusarium fujikuroi)	fungi	PZ728816.1	626	456	456	49.3421	ITS1-5.8S-ITS2	ITSx-region-extraction
MPDB003920	5127	Gibberella fujikuroi (Fusarium fujikuroi)	fungi	PZ734413.1	563	501	501	52.4950	ITS1-5.8S-ITS2	ITSx-region-extraction
MPDB003921	520446	Fusarium andiyazi	fungi	KP018378.1	445	403	403	48.3871	ITS1-5.8S-ITS2	ITSx-region-extraction
MPDB003922	520446	Fusarium andiyazi	fungi	MW016405.1	545	483	483	49.8965	ITS1-5.8S-ITS2	ITSx-region-extraction
MPDB003923	520446	Fusarium andiyazi	fungi	MW486496.1	528	473	473	49.2600	ITS1-5.8S-ITS2	ITSx-region-extraction
MPDB003924	520446	Fusarium andiyazi	fungi	MW486498.1	530	475	475	49.4737	ITS1-5.8S-ITS2	ITSx-region-extraction
MPDB003925	520446	Fusarium andiyazi	fungi	MW486499.1	529	473	473	49.4715	ITS1-5.8S-ITS2	ITSx-region-extraction
MPDB003926	520446	Fusarium andiyazi	fungi	MW486500.1	526	478	478	49.5816	ITS1-5.8S-ITS2	ITSx-region-extraction
MPDB003927	520446	Fusarium andiyazi	fungi	MW486501.1	529	473	473	49.4715	ITS1-5.8S-ITS2	ITSx-region-extraction
MPDB003928	520446	Fusarium andiyazi	fungi	MW486502.1	521	473	473	49.6829	ITS1-5.8S-ITS2	ITSx-region-extraction
MPDB003929	520446	Fusarium andiyazi	fungi	MW486503.1	514	473	473	49.4715	ITS1-5.8S-ITS2	ITSx-region-extraction
MPDB003930	520446	Fusarium andiyazi	fungi	MW486504.1	527	473	473	49.2600	ITS1-5.8S-ITS2	ITSx-region-extraction
MPDB003931	520446	Fusarium andiyazi	fungi	MW486505.1	521	473	473	49.4715	ITS1-5.8S-ITS2	ITSx-region-extraction
MPDB003932	520446	Fusarium andiyazi	fungi	MW486506.1	513	473	473	49.4715	ITS1-5.8S-ITS2	ITSx-region-extraction
MPDB003933	520446	Fusarium andiyazi	fungi	MW486507.1	512	472	472	50.2119	ITS1-5.8S-ITS2	ITSx-region-extraction
MPDB003934	520446	Fusarium andiyazi	fungi	MW486509.1	514	473	473	49.0486	ITS1-5.8S-ITS2	ITSx-region-extraction
MPDB003935	520446	Fusarium andiyazi	fungi	MW486510.1	527	473	473	49.4715	ITS1-5.8S-ITS2	ITSx-region-extraction
MPDB003936	520446	Fusarium andiyazi	fungi	MW486511.1	513	473	473	49.4715	ITS1-5.8S-ITS2	ITSx-region-extraction
MPDB003937	520446	Fusarium andiyazi	fungi	OL635570.1	327	168	168	52.3810	ITS2	ITSx-region-extraction
MPDB003938	520446	Fusarium andiyazi	fungi	OM758342.1	533	476	476	49.3697	ITS1-5.8S-ITS2	ITSx-region-extraction
MPDB003939	520446	Fusarium andiyazi	fungi	ON411483.1	983	420	420	49.0476	ITS1-5.8S-ITS2	ITSx-region-extraction
MPDB003940	520446	Fusarium andiyazi	fungi	ON411503.1	1001	437	437	49.1991	ITS1-5.8S-ITS2	ITSx-region-extraction
MPDB003941	520446	Fusarium andiyazi	fungi	ON527516.1	549	456	456	49.1228	ITS1-5.8S-ITS2	ITSx-region-extraction
MPDB003942	520446	Fusarium andiyazi	fungi	ON798829.1	496	444	444	49.3243	ITS1-5.8S-ITS2	ITSx-region-extraction
MPDB003943	520446	Fusarium andiyazi	fungi	OQ818159.1	548	487	487	49.2813	ITS1-5.8S-ITS2	ITSx-region-extraction
MPDB003944	520446	Fusarium andiyazi	fungi	OR137061.1	407	407	407	50.1229	ITS1-5.8S-ITS2	ITSx-region-extraction
MPDB003945	520446	Fusarium andiyazi	fungi	OR137062.1	251	153	153	47.0588	ITS1	ITSx-region-extraction
MPDB003946	520446	Fusarium andiyazi	fungi	OR137063.1	494	444	444	49.3243	ITS1-5.8S-ITS2	ITSx-region-extraction
MPDB003947	520446	Fusarium andiyazi	fungi	OR473088.1	496	435	435	48.9655	ITS1-5.8S-ITS2	ITSx-region-extraction
MPDB003948	520446	Fusarium andiyazi	fungi	OR473114.1	528	425	425	49.1765	ITS1-5.8S-ITS2	ITSx-region-extraction
MPDB003949	520446	Fusarium andiyazi	fungi	PQ416098.1	502	445	445	49.4382	ITS1-5.8S-ITS2	ITSx-region-extraction
MPDB003950	520446	Fusarium andiyazi	fungi	PQ416107.1	511	448	448	49.1071	ITS1-5.8S-ITS2	ITSx-region-extraction
MPDB003951	520446	Fusarium andiyazi	fungi	PQ416113.1	509	449	449	49.2205	ITS1-5.8S-ITS2	ITSx-region-extraction
MPDB003952	520446	Fusarium andiyazi	fungi	PQ788690.1	506	455	455	49.6703	ITS1-5.8S-ITS2	ITSx-region-extraction
MPDB003953	520446	Fusarium andiyazi	fungi	PV862235.1	507	461	461	48.8069	ITS1-5.8S-ITS2	ITSx-region-extraction
MPDB003954	520446	Fusarium andiyazi	fungi	PX226337.1	510	449	449	48.9978	ITS1-5.8S-ITS2	ITSx-region-extraction
MPDB003955	520446	Fusarium andiyazi	fungi	PX226340.1	503	452	452	49.7788	ITS1-5.8S-ITS2	ITSx-region-extraction
MPDB003956	520446	Fusarium andiyazi	fungi	PX226344.1	506	452	452	49.7788	ITS1-5.8S-ITS2	ITSx-region-extraction
MPDB003957	520446	Fusarium andiyazi	fungi	PX226346.1	500	445	445	49.4382	ITS1-5.8S-ITS2	ITSx-region-extraction
MPDB003958	520446	Fusarium andiyazi	fungi	PX226360.1	506	452	452	48.8938	ITS1-5.8S-ITS2	ITSx-region-extraction
MPDB003959	520446	Fusarium andiyazi	fungi	PX226362.1	500	443	443	49.2099	ITS1-5.8S-ITS2	ITSx-region-extraction
MPDB003960	520446	Fusarium andiyazi	fungi	PX246537.1	526	474	474	49.1561	ITS1-5.8S-ITS2	ITSx-region-extraction
MPDB003961	520446	Fusarium andiyazi	fungi	PX459733.1	549	456	456	49.1228	ITS1-5.8S-ITS2	ITSx-region-extraction
MPDB003962	520446	Fusarium andiyazi	fungi	PX916102.1	400	400	400	49.7500	ITS1-5.8S-ITS2	ITSx-region-extraction
MPDB003963	520446	Fusarium andiyazi	fungi	PZ432622.1	504	423	423	48.6998	ITS1-5.8S-ITS2	ITSx-region-extraction
MPDB003964	5270	Mycosarcoma maydis (Ustilago maydis)	fungi	KJ081758.1	705	705	705	48.6525	ITS1-5.8S-ITS2	ITSx-region-extraction
MPDB003965	5270	Mycosarcoma maydis (Ustilago maydis)	fungi	MH047195.1	5034	709	709	48.2370	ITS1-5.8S-ITS2	ITSx-region-extraction
MPDB003966	5270	Mycosarcoma maydis (Ustilago maydis)	fungi	MH115001.1	770	723	723	48.0609	ITS1-5.8S-ITS2	ITSx-region-extraction
MPDB003967	5270	Mycosarcoma maydis (Ustilago maydis)	fungi	MH854587.1	795	709	709	48.2370	ITS1-5.8S-ITS2	ITSx-region-extraction
MPDB003968	5270	Mycosarcoma maydis (Ustilago maydis)	fungi	MH855351.1	797	710	710	48.1690	ITS1-5.8S-ITS2	ITSx-region-extraction
MPDB003969	5270	Mycosarcoma maydis (Ustilago maydis)	fungi	MH855354.1	805	710	710	48.1690	ITS1-5.8S-ITS2	ITSx-region-extraction
MPDB003970	5270	Mycosarcoma maydis (Ustilago maydis)	fungi	MH855355.1	799	709	709	48.2370	ITS1-5.8S-ITS2	ITSx-region-extraction
MPDB003971	5270	Mycosarcoma maydis (Ustilago maydis)	fungi	MH855356.1	772	726	726	48.4848	ITS1-5.8S-ITS2	ITSx-region-extraction
MPDB003972	5270	Mycosarcoma maydis (Ustilago maydis)	fungi	MH855357.1	805	709	709	48.2370	ITS1-5.8S-ITS2	ITSx-region-extraction
MPDB003973	5270	Mycosarcoma maydis (Ustilago maydis)	fungi	MH855358.1	805	710	710	48.1690	ITS1-5.8S-ITS2	ITSx-region-extraction
MPDB003974	5270	Mycosarcoma maydis (Ustilago maydis)	fungi	MH855359.1	808	709	709	48.2370	ITS1-5.8S-ITS2	ITSx-region-extraction
MPDB003975	5270	Mycosarcoma maydis (Ustilago maydis)	fungi	MH855360.1	800	709	709	48.2370	ITS1-5.8S-ITS2	ITSx-region-extraction
MPDB003976	5270	Mycosarcoma maydis (Ustilago maydis)	fungi	MH855361.1	809	709	709	48.2370	ITS1-5.8S-ITS2	ITSx-region-extraction
MPDB003977	5270	Mycosarcoma maydis (Ustilago maydis)	fungi	MH855362.1	804	709	709	48.2370	ITS1-5.8S-ITS2	ITSx-region-extraction
MPDB003978	5270	Mycosarcoma maydis (Ustilago maydis)	fungi	MH855363.1	748	700	700	48.5714	ITS1-5.8S-ITS2	ITSx-region-extraction
MPDB003979	5270	Mycosarcoma maydis (Ustilago maydis)	fungi	MH855364.1	799	760	760	48.5526	ITS1-5.8S-ITS2	ITSx-region-extraction
MPDB003980	5270	Mycosarcoma maydis (Ustilago maydis)	fungi	MH855365.1	770	725	725	48.4138	ITS1-5.8S-ITS2	ITSx-region-extraction
MPDB003981	5270	Mycosarcoma maydis (Ustilago maydis)	fungi	MH855367.1	806	709	709	48.2370	ITS1-5.8S-ITS2	ITSx-region-extraction
MPDB003982	5270	Mycosarcoma maydis (Ustilago maydis)	fungi	MH855368.1	797	709	709	48.2370	ITS1-5.8S-ITS2	ITSx-region-extraction
MPDB003983	5270	Mycosarcoma maydis (Ustilago maydis)	fungi	MH855369.1	807	709	709	48.2370	ITS1-5.8S-ITS2	ITSx-region-extraction
MPDB003984	5270	Mycosarcoma maydis (Ustilago maydis)	fungi	MH855370.1	797	709	709	48.2370	ITS1-5.8S-ITS2	ITSx-region-extraction
MPDB003985	5270	Mycosarcoma maydis (Ustilago maydis)	fungi	MH857912.1	796	709	709	48.2370	ITS1-5.8S-ITS2	ITSx-region-extraction
MPDB003986	5270	Mycosarcoma maydis (Ustilago maydis)	fungi	MH858320.1	796	710	710	48.3099	ITS1-5.8S-ITS2	ITSx-region-extraction
MPDB003987	5270	Mycosarcoma maydis (Ustilago maydis)	fungi	MN871436.1	779	727	727	48.1431	ITS1-5.8S-ITS2	ITSx-region-extraction
MPDB003988	5270	Mycosarcoma maydis (Ustilago maydis)	fungi	MT505437.1	776	742	742	48.6523	ITS1-5.8S-ITS2	ITSx-region-extraction
MPDB003989	5270	Mycosarcoma maydis (Ustilago maydis)	fungi	MT573494.1	797	709	709	48.2370	ITS1-5.8S-ITS2	ITSx-region-extraction
MPDB003990	5270	Mycosarcoma maydis (Ustilago maydis)	fungi	MW366682.1	765	712	712	48.3146	ITS1-5.8S-ITS2	ITSx-region-extraction
MPDB003991	5270	Mycosarcoma maydis (Ustilago maydis)	fungi	MW366683.1	766	723	723	48.1994	ITS1-5.8S-ITS2	ITSx-region-extraction
MPDB003992	5270	Mycosarcoma maydis (Ustilago maydis)	fungi	MW620058.1	773	726	726	48.0716	ITS1-5.8S-ITS2	ITSx-region-extraction
MPDB003993	5270	Mycosarcoma maydis (Ustilago maydis)	fungi	MZ496986.1	796	737	737	48.5753	ITS1-5.8S-ITS2	ITSx-region-extraction
MPDB003994	5270	Mycosarcoma maydis (Ustilago maydis)	fungi	ON540127.1	720	675	675	48.7407	ITS1-5.8S-ITS2	ITSx-region-extraction
MPDB003995	5270	Mycosarcoma maydis (Ustilago maydis)	fungi	OP676012.1	756	720	720	48.6111	ITS1-5.8S-ITS2	ITSx-region-extraction
MPDB003996	5270	Mycosarcoma maydis (Ustilago maydis)	fungi	OP676013.1	739	704	704	48.4375	ITS1-5.8S-ITS2	ITSx-region-extraction
MPDB003997	5270	Mycosarcoma maydis (Ustilago maydis)	fungi	OP676014.1	746	713	713	48.2468	ITS1-5.8S-ITS2	ITSx-region-extraction
MPDB003998	5270	Mycosarcoma maydis (Ustilago maydis)	fungi	OQ540480.1	753	753	753	48.2072	ITS1-5.8S-ITS2	ITSx-region-extraction
MPDB003999	5270	Mycosarcoma maydis (Ustilago maydis)	fungi	OQ780875.1	689	689	689	48.9115	ITS1-5.8S-ITS2	ITSx-region-extraction
MPDB004000	5270	Mycosarcoma maydis (Ustilago maydis)	fungi	OQ979653.1	691	646	646	46.9040	ITS1-5.8S-ITS2	ITSx-region-extraction
MPDB004001	5270	Mycosarcoma maydis (Ustilago maydis)	fungi	OR042785.1	831	699	699	48.7840	ITS1-5.8S-ITS2	ITSx-region-extraction
MPDB004002	5270	Mycosarcoma maydis (Ustilago maydis)	fungi	OW986184.1	731	731	731	48.1532	ITS1-5.8S-ITS2	ITSx-region-extraction
MPDB004003	5270	Mycosarcoma maydis (Ustilago maydis)	fungi	OW986492.1	718	718	718	48.7465	ITS1-5.8S-ITS2	ITSx-region-extraction
MPDB004004	5270	Mycosarcoma maydis (Ustilago maydis)	fungi	PQ220215.1	653	653	653	48.8515	ITS1-5.8S-ITS2	ITSx-region-extraction
MPDB004005	5270	Mycosarcoma maydis (Ustilago maydis)	fungi	PV584127.1	721	721	721	47.8502	ITS1-5.8S-ITS2	ITSx-region-extraction
MPDB004006	5270	Mycosarcoma maydis (Ustilago maydis)	fungi	PZ745924.1	787	709	709	48.2370	ITS1-5.8S-ITS2	ITSx-region-extraction
MPDB004007	5503	Curvularia lunata (Cochliobolus lunatus)	fungi	MH858446.1	572	484	484	45.6612	ITS1-5.8S-ITS2	ITSx-region-extraction
MPDB004008	5503	Curvularia lunata (Cochliobolus lunatus)	fungi	PX845981.1	561	530	530	47.1698	ITS1-5.8S-ITS2	ITSx-region-extraction
MPDB004009	5503	Curvularia lunata (Cochliobolus lunatus)	fungi	PX899285.1	548	485	485	46.9979	ITS1-5.8S-ITS2	ITSx-region-extraction
MPDB004010	5503	Curvularia lunata (Cochliobolus lunatus)	fungi	PZ234630.1	519	467	467	47.3233	ITS1-5.8S-ITS2	ITSx-region-extraction
MPDB004011	5503	Curvularia lunata (Cochliobolus lunatus)	fungi	PZ288162.1	534	497	497	47.2837	ITS1-5.8S-ITS2	ITSx-region-extraction
MPDB004012	5503	Curvularia lunata (Cochliobolus lunatus)	fungi	PZ327767.1	566	477	477	46.6951	ITS1-5.8S-ITS2	ITSx-region-extraction
MPDB004014	5503	Curvularia lunata (Cochliobolus lunatus)	fungi	PZ342839.1	507	464	464	46.7672	ITS1-5.8S-ITS2	ITSx-region-extraction
MPDB004015	5503	Curvularia lunata (Cochliobolus lunatus)	fungi	PZ359625.1	534	504	504	47.8175	ITS1-5.8S-ITS2	ITSx-region-extraction
MPDB004016	5503	Curvularia lunata (Cochliobolus lunatus)	fungi	PZ360774.1	554	498	498	47.1888	ITS1-5.8S-ITS2	ITSx-region-extraction
MPDB004017	5503	Curvularia lunata (Cochliobolus lunatus)	fungi	PZ374875.1	481	481	481	46.5696	ITS1-5.8S-ITS2	ITSx-region-extraction
MPDB004018	5503	Curvularia lunata (Cochliobolus lunatus)	fungi	PZ380007.1	430	430	430	47.2093	ITS1-5.8S-ITS2	ITSx-region-extraction
MPDB004019	5503	Curvularia lunata (Cochliobolus lunatus)	fungi	PZ380016.1	563	477	477	46.9602	ITS1-5.8S-ITS2	ITSx-region-extraction
MPDB004020	5503	Curvularia lunata (Cochliobolus lunatus)	fungi	PZ384155.1	577	527	527	47.2486	ITS1-5.8S-ITS2	ITSx-region-extraction
MPDB004021	5503	Curvularia lunata (Cochliobolus lunatus)	fungi	PZ384157.1	617	554	554	47.2924	ITS1-5.8S-ITS2	ITSx-region-extraction
MPDB004022	5503	Curvularia lunata (Cochliobolus lunatus)	fungi	PZ403272.1	452	452	452	48.6364	ITS1-5.8S-ITS2	ITSx-region-extraction
MPDB004023	5503	Curvularia lunata (Cochliobolus lunatus)	fungi	PZ406425.1	573	506	506	46.6403	ITS1-5.8S-ITS2	ITSx-region-extraction
MPDB004024	5503	Curvularia lunata (Cochliobolus lunatus)	fungi	PZ407063.1	534	481	481	47.1933	ITS1-5.8S-ITS2	ITSx-region-extraction
MPDB004025	5503	Curvularia lunata (Cochliobolus lunatus)	fungi	PZ453030.1	566	477	477	46.9602	ITS1-5.8S-ITS2	ITSx-region-extraction
MPDB004026	5503	Curvularia lunata (Cochliobolus lunatus)	fungi	PZ460987.1	482	482	482	46.8880	ITS1-5.8S-ITS2	ITSx-region-extraction
MPDB004027	5503	Curvularia lunata (Cochliobolus lunatus)	fungi	PZ462622.1	474	474	474	46.8354	ITS1-5.8S-ITS2	ITSx-region-extraction
MPDB004028	5503	Curvularia lunata (Cochliobolus lunatus)	fungi	PZ489343.1	549	486	486	47.3251	ITS1-5.8S-ITS2	ITSx-region-extraction
MPDB004029	5503	Curvularia lunata (Cochliobolus lunatus)	fungi	PZ502928.1	613	477	477	46.9602	ITS1-5.8S-ITS2	ITSx-region-extraction
MPDB004030	5503	Curvularia lunata (Cochliobolus lunatus)	fungi	PZ507297.1	345	315	315	42.2222	ITS1-5.8S	ITSx-region-extraction
MPDB004031	5503	Curvularia lunata (Cochliobolus lunatus)	fungi	PZ509330.1	550	508	508	47.6378	ITS1-5.8S-ITS2	ITSx-region-extraction
MPDB004032	5503	Curvularia lunata (Cochliobolus lunatus)	fungi	PZ536320.1	567	477	477	46.9602	ITS1-5.8S-ITS2	ITSx-region-extraction
MPDB004033	5503	Curvularia lunata (Cochliobolus lunatus)	fungi	PZ536321.1	568	477	477	46.9602	ITS1-5.8S-ITS2	ITSx-region-extraction
MPDB004034	5503	Curvularia lunata (Cochliobolus lunatus)	fungi	PZ546338.1	462	398	398	45.7286	ITS1-5.8S-ITS2	ITSx-region-extraction
MPDB004035	5503	Curvularia lunata (Cochliobolus lunatus)	fungi	PZ575810.1	536	490	490	47.1429	ITS1-5.8S-ITS2	ITSx-region-extraction
MPDB004036	5503	Curvularia lunata (Cochliobolus lunatus)	fungi	PZ585091.1	563	472	472	45.7627	ITS1-5.8S-ITS2	ITSx-region-extraction
MPDB004037	5503	Curvularia lunata (Cochliobolus lunatus)	fungi	PZ626781.1	481	481	481	47.1933	ITS1-5.8S-ITS2	ITSx-region-extraction
MPDB004038	5503	Curvularia lunata (Cochliobolus lunatus)	fungi	PZ675716.1	501	501	501	47.1058	ITS1-5.8S-ITS2	ITSx-region-extraction
MPDB004039	5503	Curvularia lunata (Cochliobolus lunatus)	fungi	PZ741779.1	569	507	507	46.7456	ITS1-5.8S-ITS2	ITSx-region-extraction
MPDB004040	5503	Curvularia lunata (Cochliobolus lunatus)	fungi	PZ744291.1	599	499	499	47.2946	ITS1-5.8S-ITS2	ITSx-region-extraction
MPDB004041	5503	Curvularia lunata (Cochliobolus lunatus)	fungi	PZ745133.1	560	485	485	47.2165	ITS1-5.8S-ITS2	ITSx-region-extraction
MPDB004042	5503	Curvularia lunata (Cochliobolus lunatus)	fungi	PZ745134.1	548	504	504	47.4206	ITS1-5.8S-ITS2	ITSx-region-extraction
MPDB004043	5503	Curvularia lunata (Cochliobolus lunatus)	fungi	PZ748915.1	543	496	496	47.3790	ITS1-5.8S-ITS2	ITSx-region-extraction
MPDB004044	5503	Curvularia lunata (Cochliobolus lunatus)	fungi	PZ748917.1	543	496	496	47.5806	ITS1-5.8S-ITS2	ITSx-region-extraction
MPDB004045	5503	Curvularia lunata (Cochliobolus lunatus)	fungi	PZ761536.1	559	472	472	46.8220	ITS1-5.8S-ITS2	ITSx-region-extraction
MPDB004046	5503	Curvularia lunata (Cochliobolus lunatus)	fungi	PZ780068.1	541	494	494	47.1660	ITS1-5.8S-ITS2	ITSx-region-extraction
MPDB004047	5503	Curvularia lunata (Cochliobolus lunatus)	fungi	PZ789906.1	504	458	458	47.3799	ITS1-5.8S-ITS2	ITSx-region-extraction
MPDB004048	5503	Curvularia lunata (Cochliobolus lunatus)	fungi	PZ789907.1	513	449	449	47.2160	ITS1-5.8S-ITS2	ITSx-region-extraction
MPDB004049	5503	Curvularia lunata (Cochliobolus lunatus)	fungi	PZ818900.1	573	508	508	48.4252	ITS1-5.8S-ITS2	ITSx-region-extraction
MPDB004050	5507	Fusarium oxysporum	fungi	PZ796550.1	501	472	472	50.2119	ITS1-5.8S-ITS2	ITSx-region-extraction
MPDB004051	5507	Fusarium oxysporum	fungi	PZ804902.1	555	489	489	49.6933	ITS1-5.8S-ITS2	ITSx-region-extraction
MPDB004052	5507	Fusarium oxysporum	fungi	PZ805097.1	550	454	454	48.8987	ITS1-5.8S-ITS2	ITSx-region-extraction
MPDB004053	5507	Fusarium oxysporum	fungi	PZ810690.1	551	454	454	49.1189	ITS1-5.8S-ITS2	ITSx-region-extraction
MPDB004054	5507	Fusarium oxysporum	fungi	PZ810721.1	556	490	490	50.0000	ITS1-5.8S-ITS2	ITSx-region-extraction
MPDB004055	5507	Fusarium oxysporum	fungi	PZ815778.1	478	443	443	48.7585	ITS1-5.8S-ITS2	ITSx-region-extraction
MPDB004056	5507	Fusarium oxysporum	fungi	PZ816546.1	466	466	466	49.3562	ITS1-5.8S-ITS2	ITSx-region-extraction
MPDB004057	5507	Fusarium oxysporum	fungi	PZ823053.1	614	485	485	62.4742	ITS1-5.8S-ITS2	ITSx-region-extraction
MPDB004058	5507	Fusarium oxysporum	fungi	PZ823054.1	584	454	454	49.1189	ITS1-5.8S-ITS2	ITSx-region-extraction
MPDB004059	5507	Fusarium oxysporum	fungi	PZ823056.1	587	456	456	49.3421	ITS1-5.8S-ITS2	ITSx-region-extraction
MPDB004060	5507	Fusarium oxysporum	fungi	PZ823058.1	584	455	455	49.0110	ITS1-5.8S-ITS2	ITSx-region-extraction
MPDB004061	5507	Fusarium oxysporum	fungi	PZ823060.1	585	456	456	50.2193	ITS1-5.8S-ITS2	ITSx-region-extraction
MPDB004062	5507	Fusarium oxysporum	fungi	PZ823062.1	653	523	523	59.2734	ITS1-5.8S-ITS2	ITSx-region-extraction
MPDB004063	5507	Fusarium oxysporum	fungi	PZ823063.1	608	479	479	52.8184	ITS1-5.8S-ITS2	ITSx-region-extraction
MPDB004064	5507	Fusarium oxysporum	fungi	PZ823064.1	625	496	496	58.6694	ITS1-5.8S-ITS2	ITSx-region-extraction
MPDB004065	5507	Fusarium oxysporum	fungi	PZ823067.1	584	454	454	48.8987	ITS1-5.8S-ITS2	ITSx-region-extraction
MPDB004066	5507	Fusarium oxysporum	fungi	PZ823068.1	626	496	496	58.6694	ITS1-5.8S-ITS2	ITSx-region-extraction
MPDB004067	5507	Fusarium oxysporum	fungi	PZ823069.1	644	514	514	59.7276	ITS1-5.8S-ITS2	ITSx-region-extraction
MPDB004068	5507	Fusarium oxysporum	fungi	PZ823070.1	612	484	484	55.9917	ITS1-5.8S-ITS2	ITSx-region-extraction
MPDB004069	5507	Fusarium oxysporum	fungi	PZ823071.1	620	490	490	47.1429	ITS1-5.8S-ITS2	ITSx-region-extraction
MPDB004070	5507	Fusarium oxysporum	fungi	PZ823072.1	585	455	455	50.1099	ITS1-5.8S-ITS2	ITSx-region-extraction
MPDB004071	5507	Fusarium oxysporum	fungi	PZ823073.1	574	444	444	45.4955	ITS1-5.8S-ITS2	ITSx-region-extraction
MPDB004072	5507	Fusarium oxysporum	fungi	PZ823074.1	615	485	485	53.4021	ITS1-5.8S-ITS2	ITSx-region-extraction
MPDB004073	5507	Fusarium oxysporum	fungi	PZ823075.1	605	475	475	56.4211	ITS1-5.8S-ITS2	ITSx-region-extraction
MPDB004074	5507	Fusarium oxysporum	fungi	PZ823076.1	612	482	482	49.3776	ITS1-5.8S-ITS2	ITSx-region-extraction
MPDB004075	5507	Fusarium oxysporum	fungi	PZ823077.1	621	491	491	47.4542	ITS1-5.8S-ITS2	ITSx-region-extraction
MPDB004076	5507	Fusarium oxysporum	fungi	PZ823078.1	586	456	456	49.3421	ITS1-5.8S-ITS2	ITSx-region-extraction
MPDB004077	5507	Fusarium oxysporum	fungi	PZ823079.1	619	490	490	47.1429	ITS1-5.8S-ITS2	ITSx-region-extraction
MPDB004078	5507	Fusarium oxysporum	fungi	PZ823080.1	580	450	450	49.7778	ITS1-5.8S-ITS2	ITSx-region-extraction
MPDB004079	5507	Fusarium oxysporum	fungi	PZ823081.1	585	456	456	46.0526	ITS1-5.8S-ITS2	ITSx-region-extraction
MPDB004080	5507	Fusarium oxysporum	fungi	PZ823082.1	695	566	566	45.0530	ITS1-5.8S-ITS2	ITSx-region-extraction
MPDB004081	5507	Fusarium oxysporum	fungi	PZ823083.1	582	454	454	48.8987	ITS1-5.8S-ITS2	ITSx-region-extraction
MPDB004082	5507	Fusarium oxysporum	fungi	PZ823084.1	628	498	498	48.1928	ITS1-5.8S-ITS2	ITSx-region-extraction
MPDB004083	5507	Fusarium oxysporum	fungi	PZ823085.1	582	453	453	49.8896	ITS1-5.8S-ITS2	ITSx-region-extraction
MPDB004084	5507	Fusarium oxysporum	fungi	PZ823086.1	619	488	488	54.0984	ITS1-5.8S-ITS2	ITSx-region-extraction
MPDB004085	5507	Fusarium oxysporum	fungi	PZ823087.1	586	456	456	50.2193	ITS1-5.8S-ITS2	ITSx-region-extraction
MPDB004086	5507	Fusarium oxysporum	fungi	PZ823088.1	583	454	454	48.8987	ITS1-5.8S-ITS2	ITSx-region-extraction
MPDB004087	5507	Fusarium oxysporum	fungi	PZ823089.1	583	453	453	49.8896	ITS1-5.8S-ITS2	ITSx-region-extraction
MPDB004088	5507	Fusarium oxysporum	fungi	PZ824712.1	504	460	460	50.0000	ITS1-5.8S-ITS2	ITSx-region-extraction
MPDB004089	5507	Fusarium oxysporum	fungi	PZ830433.1	516	468	468	48.9316	ITS1-5.8S-ITS2	ITSx-region-extraction
MPDB004090	5507	Fusarium oxysporum	fungi	PZ832386.1	391	391	391	47.8261	ITS1-5.8S-ITS2	ITSx-region-extraction
MPDB004091	5507	Fusarium oxysporum	fungi	PZ832389.1	391	391	391	48.1959	ITS1-5.8S-ITS2	ITSx-region-extraction
MPDB004092	5507	Fusarium oxysporum	fungi	PZ834578.1	750	464	464	50.2155	ITS1-5.8S-ITS2	ITSx-region-extraction
MPDB004093	5514	Fusarium sporotrichioides	fungi	MH855269.1	545	456	456	48.4649	ITS1-5.8S-ITS2	ITSx-region-extraction
MPDB004094	5514	Fusarium sporotrichioides	fungi	PV073962.1	517	471	471	48.6200	ITS1-5.8S-ITS2	ITSx-region-extraction
MPDB004095	5514	Fusarium sporotrichioides	fungi	PX369180.1	523	469	469	48.1876	ITS1-5.8S-ITS2	ITSx-region-extraction
MPDB004096	5514	Fusarium sporotrichioides	fungi	PX369181.1	522	468	468	48.2906	ITS1-5.8S-ITS2	ITSx-region-extraction
MPDB004097	5514	Fusarium sporotrichioides	fungi	PX369182.1	526	469	469	48.4009	ITS1-5.8S-ITS2	ITSx-region-extraction
MPDB004098	5514	Fusarium sporotrichioides	fungi	PX369183.1	526	469	469	48.1876	ITS1-5.8S-ITS2	ITSx-region-extraction
MPDB004099	5514	Fusarium sporotrichioides	fungi	PX369184.1	523	472	472	48.5169	ITS1-5.8S-ITS2	ITSx-region-extraction
MPDB004100	5514	Fusarium sporotrichioides	fungi	PX369185.1	518	471	471	48.6200	ITS1-5.8S-ITS2	ITSx-region-extraction
MPDB004101	5514	Fusarium sporotrichioides	fungi	PX369186.1	523	470	470	48.5106	ITS1-5.8S-ITS2	ITSx-region-extraction
MPDB004102	5514	Fusarium sporotrichioides	fungi	PX369187.1	523	468	468	48.0769	ITS1-5.8S-ITS2	ITSx-region-extraction
MPDB004103	5514	Fusarium sporotrichioides	fungi	PX369188.1	517	470	470	48.5106	ITS1-5.8S-ITS2	ITSx-region-extraction
MPDB004104	5514	Fusarium sporotrichioides	fungi	PX376604.1	505	451	451	48.2222	ITS1-5.8S-ITS2	ITSx-region-extraction
MPDB004105	5514	Fusarium sporotrichioides	fungi	PX376605.1	508	451	451	48.2222	ITS1-5.8S-ITS2	ITSx-region-extraction
MPDB004106	5514	Fusarium sporotrichioides	fungi	PX376606.1	498	451	451	48.2222	ITS1-5.8S-ITS2	ITSx-region-extraction
MPDB004107	5514	Fusarium sporotrichioides	fungi	PX393955.1	374	307	307	48.2085	5.8S-ITS2	ITSx-region-extraction
MPDB004108	5514	Fusarium sporotrichioides	fungi	PX459718.1	548	486	486	49.1770	ITS1-5.8S-ITS2	ITSx-region-extraction
MPDB004109	5514	Fusarium sporotrichioides	fungi	PX622611.1	497	497	497	48.6922	ITS1-5.8S-ITS2	ITSx-region-extraction
MPDB004110	5514	Fusarium sporotrichioides	fungi	PX622895.1	484	484	484	48.1405	ITS1-5.8S-ITS2	ITSx-region-extraction
MPDB004111	5514	Fusarium sporotrichioides	fungi	PX683128.1	565	456	456	48.4649	ITS1-5.8S-ITS2	ITSx-region-extraction
MPDB004112	5514	Fusarium sporotrichioides	fungi	PX928259.1	570	456	456	48.6842	ITS1-5.8S-ITS2	ITSx-region-extraction
MPDB004113	5514	Fusarium sporotrichioides	fungi	PX928262.1	549	456	456	48.6842	ITS1-5.8S-ITS2	ITSx-region-extraction
MPDB004114	5514	Fusarium sporotrichioides	fungi	PX928745.1	557	455	455	48.3516	ITS1-5.8S-ITS2	ITSx-region-extraction
MPDB004115	5514	Fusarium sporotrichioides	fungi	PX928746.1	563	456	456	48.4649	ITS1-5.8S-ITS2	ITSx-region-extraction
MPDB004116	5514	Fusarium sporotrichioides	fungi	PX928775.1	557	458	458	48.4716	ITS1-5.8S-ITS2	ITSx-region-extraction
MPDB004117	5514	Fusarium sporotrichioides	fungi	PX928780.1	527	482	482	48.5477	ITS1-5.8S-ITS2	ITSx-region-extraction
MPDB004118	5514	Fusarium sporotrichioides	fungi	PX928784.1	553	456	456	48.4649	ITS1-5.8S-ITS2	ITSx-region-extraction
MPDB004119	5514	Fusarium sporotrichioides	fungi	PZ043043.1	474	430	430	48.3721	ITS1-5.8S-ITS2	ITSx-region-extraction
MPDB004120	5514	Fusarium sporotrichioides	fungi	PZ176882.1	552	491	491	49.8982	ITS1-5.8S-ITS2	ITSx-region-extraction
MPDB004121	5514	Fusarium sporotrichioides	fungi	PZ191446.1	519	456	456	49.7807	ITS1-5.8S-ITS2	ITSx-region-extraction
MPDB004122	5514	Fusarium sporotrichioides	fungi	PZ226505.1	551	490	490	48.9796	ITS1-5.8S-ITS2	ITSx-region-extraction
MPDB004123	5514	Fusarium sporotrichioides	fungi	PZ385195.1	477	433	433	48.2679	ITS1-5.8S-ITS2	ITSx-region-extraction
MPDB004124	5514	Fusarium sporotrichioides	fungi	PZ526759.1	510	467	467	48.1799	ITS1-5.8S-ITS2	ITSx-region-extraction
MPDB004125	5514	Fusarium sporotrichioides	fungi	PZ526762.1	520	474	474	48.5232	ITS1-5.8S-ITS2	ITSx-region-extraction
MPDB004126	5514	Fusarium sporotrichioides	fungi	PZ526766.1	513	468	468	48.2906	ITS1-5.8S-ITS2	ITSx-region-extraction
MPDB004127	5514	Fusarium sporotrichioides	fungi	PZ526767.1	514	470	470	48.5106	ITS1-5.8S-ITS2	ITSx-region-extraction
MPDB004128	5514	Fusarium sporotrichioides	fungi	PZ695170.1	501	440	440	48.8636	ITS1-5.8S-ITS2	ITSx-region-extraction
MPDB004129	5514	Fusarium sporotrichioides	fungi	PZ695174.1	502	440	440	48.8636	ITS1-5.8S-ITS2	ITSx-region-extraction
MPDB004130	5515	Fusarium acuminatum	fungi	MH865933.1	561	473	473	52.2199	ITS1-5.8S-ITS2	ITSx-region-extraction
MPDB004131	5515	Fusarium acuminatum	fungi	PV109750.1	559	473	473	52.2199	ITS1-5.8S-ITS2	ITSx-region-extraction
MPDB004132	5515	Fusarium acuminatum	fungi	PV109768.1	511	465	465	51.8280	ITS1-5.8S-ITS2	ITSx-region-extraction
MPDB004133	5515	Fusarium acuminatum	fungi	PV498715.1	311	311	311	50.1608	ITS1-5.8S-ITS2	ITSx-region-extraction
MPDB004134	5515	Fusarium acuminatum	fungi	PV528760.1	465	424	424	53.0660	ITS1-5.8S-ITS2	ITSx-region-extraction
MPDB004135	5515	Fusarium acuminatum	fungi	PV533725.1	502	441	441	52.1542	ITS1-5.8S-ITS2	ITSx-region-extraction
MPDB004136	5515	Fusarium acuminatum	fungi	PX071350.1	532	470	470	52.9787	ITS1-5.8S-ITS2	ITSx-region-extraction
MPDB004137	5515	Fusarium acuminatum	fungi	PX071368.1	533	471	471	53.0786	ITS1-5.8S-ITS2	ITSx-region-extraction
MPDB004138	5515	Fusarium acuminatum	fungi	PX259887.1	520	482	482	52.2822	ITS1-5.8S-ITS2	ITSx-region-extraction
MPDB004139	5515	Fusarium acuminatum	fungi	PX682793.1	578	474	474	51.8987	ITS1-5.8S-ITS2	ITSx-region-extraction
MPDB004140	5515	Fusarium acuminatum	fungi	PX684563.1	504	465	465	52.4731	ITS1-5.8S-ITS2	ITSx-region-extraction
MPDB004141	5515	Fusarium acuminatum	fungi	PX735331.1	494	454	454	52.8634	ITS1-5.8S-ITS2	ITSx-region-extraction
MPDB004142	5515	Fusarium acuminatum	fungi	PX735332.1	505	466	466	52.5751	ITS1-5.8S-ITS2	ITSx-region-extraction
MPDB004143	5515	Fusarium acuminatum	fungi	PX736049.1	520	520	520	50.7692	ITS1-5.8S-ITS2	ITSx-region-extraction
MPDB004144	5515	Fusarium acuminatum	fungi	PX756745.1	556	494	494	52.2267	ITS1-5.8S-ITS2	ITSx-region-extraction
MPDB004145	5515	Fusarium acuminatum	fungi	PX765410.1	466	466	466	52.1459	ITS1-5.8S-ITS2	ITSx-region-extraction
MPDB004146	5515	Fusarium acuminatum	fungi	PX765414.1	417	417	417	52.7578	ITS1-5.8S-ITS2	ITSx-region-extraction
MPDB004147	5515	Fusarium acuminatum	fungi	PX884237.1	540	477	477	52.2013	ITS1-5.8S-ITS2	ITSx-region-extraction
MPDB004148	5515	Fusarium acuminatum	fungi	PX891955.1	679	487	487	52.3614	ITS1-5.8S-ITS2	ITSx-region-extraction
MPDB004149	5515	Fusarium acuminatum	fungi	PX891997.1	603	473	473	52.2199	ITS1-5.8S-ITS2	ITSx-region-extraction
MPDB004150	5515	Fusarium acuminatum	fungi	PX908936.1	599	462	462	48.0519	ITS1-5.8S-ITS2	ITSx-region-extraction
MPDB004151	5515	Fusarium acuminatum	fungi	PX945896.1	450	404	404	51.2376	ITS1-5.8S-ITS2	ITSx-region-extraction
MPDB004152	5515	Fusarium acuminatum	fungi	PX963791.1	498	450	450	52.4444	ITS1-5.8S-ITS2	ITSx-region-extraction
MPDB004153	5515	Fusarium acuminatum	fungi	PX963795.1	499	452	452	52.4336	ITS1-5.8S-ITS2	ITSx-region-extraction
MPDB004154	5515	Fusarium acuminatum	fungi	PX963796.1	499	453	453	52.5386	ITS1-5.8S-ITS2	ITSx-region-extraction
MPDB004155	5515	Fusarium acuminatum	fungi	PZ008294.1	578	473	473	52.2199	ITS1-5.8S-ITS2	ITSx-region-extraction
MPDB004156	5515	Fusarium acuminatum	fungi	PZ011557.1	559	473	473	52.2199	ITS1-5.8S-ITS2	ITSx-region-extraction
MPDB004157	5515	Fusarium acuminatum	fungi	PZ039494.1	490	441	441	52.3810	ITS1-5.8S-ITS2	ITSx-region-extraction
MPDB004158	5515	Fusarium acuminatum	fungi	PZ103769.1	564	473	473	52.2199	ITS1-5.8S-ITS2	ITSx-region-extraction
MPDB004159	5515	Fusarium acuminatum	fungi	PZ134997.1	489	439	439	52.6196	ITS1-5.8S-ITS2	ITSx-region-extraction
MPDB004160	5515	Fusarium acuminatum	fungi	PZ179522.1	404	323	323	54.1796	5.8S-ITS2	ITSx-region-extraction
MPDB004161	5515	Fusarium acuminatum	fungi	PZ194281.1	602	473	473	52.2199	ITS1-5.8S-ITS2	ITSx-region-extraction
MPDB004162	5515	Fusarium acuminatum	fungi	PZ194410.1	584	455	455	50.5495	ITS1-5.8S-ITS2	ITSx-region-extraction
MPDB004163	5515	Fusarium acuminatum	fungi	PZ194414.1	585	456	456	50.2193	ITS1-5.8S-ITS2	ITSx-region-extraction
MPDB004164	5515	Fusarium acuminatum	fungi	PZ204249.1	592	473	473	52.0085	ITS1-5.8S-ITS2	ITSx-region-extraction
MPDB004165	5515	Fusarium acuminatum	fungi	PZ351079.1	563	473	473	52.2199	ITS1-5.8S-ITS2	ITSx-region-extraction
MPDB004166	5515	Fusarium acuminatum	fungi	PZ406913.1	569	506	506	52.1739	ITS1-5.8S-ITS2	ITSx-region-extraction
MPDB004167	5515	Fusarium acuminatum	fungi	PZ556952.1	529	469	469	52.8785	ITS1-5.8S-ITS2	ITSx-region-extraction
MPDB004168	5515	Fusarium acuminatum	fungi	PZ694857.1	532	471	471	52.4416	ITS1-5.8S-ITS2	ITSx-region-extraction
MPDB004169	5515	Fusarium acuminatum	fungi	PZ695186.1	518	457	457	52.7352	ITS1-5.8S-ITS2	ITSx-region-extraction
MPDB004170	5515	Fusarium acuminatum	fungi	PZ695187.1	517	457	457	52.7352	ITS1-5.8S-ITS2	ITSx-region-extraction
MPDB004171	5515	Fusarium acuminatum	fungi	PZ695192.1	515	457	457	52.7352	ITS1-5.8S-ITS2	ITSx-region-extraction
MPDB004172	5515	Fusarium acuminatum	fungi	PZ697416.1	509	473	473	52.2199	ITS1-5.8S-ITS2	ITSx-region-extraction
MPDB004173	5516	Fusarium culmorum	fungi	MH854965.1	548	455	455	49.0110	ITS1-5.8S-ITS2	ITSx-region-extraction
MPDB004174	5516	Fusarium culmorum	fungi	MH855171.1	545	455	455	49.0110	ITS1-5.8S-ITS2	ITSx-region-extraction
MPDB004175	5516	Fusarium culmorum	fungi	MH855266.1	543	455	455	49.0110	ITS1-5.8S-ITS2	ITSx-region-extraction
MPDB004176	5516	Fusarium culmorum	fungi	MH856844.1	543	455	455	48.7912	ITS1-5.8S-ITS2	ITSx-region-extraction
MPDB004177	5516	Fusarium culmorum	fungi	MH856845.1	543	455	455	49.2308	ITS1-5.8S-ITS2	ITSx-region-extraction
MPDB004178	5516	Fusarium culmorum	fungi	MH857016.1	545	456	456	48.9035	ITS1-5.8S-ITS2	ITSx-region-extraction
MPDB004179	5516	Fusarium culmorum	fungi	MH857017.1	543	455	455	49.2308	ITS1-5.8S-ITS2	ITSx-region-extraction
MPDB004180	5516	Fusarium culmorum	fungi	MH862856.1	1131	455	455	49.2308	ITS1-5.8S-ITS2	ITSx-region-extraction
MPDB004181	5516	Fusarium culmorum	fungi	MH864973.1	556	455	455	48.7912	ITS1-5.8S-ITS2	ITSx-region-extraction
MPDB004182	5516	Fusarium culmorum	fungi	ON075125.1	435	435	435	48.9655	ITS1-5.8S-ITS2	ITSx-region-extraction
MPDB004183	5516	Fusarium culmorum	fungi	ON075175.1	473	473	473	49.0486	ITS1-5.8S-ITS2	ITSx-region-extraction
MPDB004184	5516	Fusarium culmorum	fungi	PP947374.1	879	455	455	49.0110	ITS1-5.8S-ITS2	ITSx-region-extraction
MPDB004185	5516	Fusarium culmorum	fungi	PP947377.1	828	455	455	48.7912	ITS1-5.8S-ITS2	ITSx-region-extraction
MPDB004186	5516	Fusarium culmorum	fungi	PQ284547.1	538	477	477	49.2662	ITS1-5.8S-ITS2	ITSx-region-extraction
MPDB004187	5516	Fusarium culmorum	fungi	PV108832.1	699	666	666	43.0931	ITS1-5.8S-ITS2	ITSx-region-extraction
MPDB004188	5516	Fusarium culmorum	fungi	PV108833.1	706	667	667	43.0285	ITS1-5.8S-ITS2	ITSx-region-extraction
MPDB004189	5516	Fusarium culmorum	fungi	PV108834.1	716	666	666	42.9429	ITS1-5.8S-ITS2	ITSx-region-extraction
MPDB004190	5516	Fusarium culmorum	fungi	PV108835.1	626	626	626	43.1310	ITS1-5.8S-ITS2	ITSx-region-extraction
MPDB004191	5516	Fusarium culmorum	fungi	PV108836.1	722	663	663	42.8356	ITS1-5.8S-ITS2	ITSx-region-extraction
MPDB004192	5516	Fusarium culmorum	fungi	PV108965.1	573	455	455	48.7912	ITS1-5.8S-ITS2	ITSx-region-extraction
MPDB004193	5516	Fusarium culmorum	fungi	PV488304.1	531	471	471	48.8323	ITS1-5.8S-ITS2	ITSx-region-extraction
MPDB004194	5516	Fusarium culmorum	fungi	PV960622.1	520	456	456	49.5614	ITS1-5.8S-ITS2	ITSx-region-extraction
MPDB004195	5516	Fusarium culmorum	fungi	PX022588.1	473	473	473	49.2600	ITS1-5.8S-ITS2	ITSx-region-extraction
MPDB004196	5516	Fusarium culmorum	fungi	PX022590.1	508	478	478	48.9540	ITS1-5.8S-ITS2	ITSx-region-extraction
MPDB004197	5516	Fusarium culmorum	fungi	PX091474.1	584	455	455	49.0110	ITS1-5.8S-ITS2	ITSx-region-extraction
MPDB004198	5516	Fusarium culmorum	fungi	PX363270.1	295	150	150	52.6667	ITS2	ITSx-region-extraction
MPDB004199	5516	Fusarium culmorum	fungi	PX447087.1	516	484	484	50.8264	ITS1-5.8S-ITS2	ITSx-region-extraction
MPDB004200	5516	Fusarium culmorum	fungi	PX574206.1	548	458	458	48.4716	ITS1-5.8S-ITS2	ITSx-region-extraction
MPDB004201	5516	Fusarium culmorum	fungi	PX612353.1	235	148	148	51.3514	ITS1	ITSx-region-extraction
MPDB004202	5516	Fusarium culmorum	fungi	PX622931.1	220	169	169	49.1124	ITS1	ITSx-region-extraction
MPDB004203	5516	Fusarium culmorum	fungi	PX622950.1	220	169	169	49.1124	ITS1	ITSx-region-extraction
MPDB004204	5516	Fusarium culmorum	fungi	PX843723.1	480	480	480	49.1667	ITS1-5.8S-ITS2	ITSx-region-extraction
MPDB004205	5516	Fusarium culmorum	fungi	PX875858.1	219	168	168	48.8095	ITS1	ITSx-region-extraction
MPDB004206	5516	Fusarium culmorum	fungi	PZ191448.1	694	623	623	42.0546	ITS1-5.8S-ITS2	ITSx-region-extraction
MPDB004207	5516	Fusarium culmorum	fungi	PZ278116.1	545	455	455	49.0110	ITS1-5.8S-ITS2	ITSx-region-extraction
MPDB004208	5516	Fusarium culmorum	fungi	PZ278117.1	550	455	455	49.0110	ITS1-5.8S-ITS2	ITSx-region-extraction
MPDB004209	5516	Fusarium culmorum	fungi	PZ316068.1	486	436	436	48.8532	ITS1-5.8S-ITS2	ITSx-region-extraction
MPDB004210	5516	Fusarium culmorum	fungi	PZ386789.1	493	443	443	49.2099	ITS1-5.8S-ITS2	ITSx-region-extraction
MPDB004211	5516	Fusarium culmorum	fungi	PZ392019.1	501	501	501	49.3014	ITS1-5.8S-ITS2	ITSx-region-extraction
MPDB004212	5516	Fusarium culmorum	fungi	PZ526770.1	514	471	471	48.8323	ITS1-5.8S-ITS2	ITSx-region-extraction
MPDB004213	5516	Fusarium culmorum	fungi	PZ695181.1	501	439	439	49.4305	ITS1-5.8S-ITS2	ITSx-region-extraction
MPDB004214	5516	Fusarium culmorum	fungi	PZ695191.1	497	439	439	49.4305	ITS1-5.8S-ITS2	ITSx-region-extraction
MPDB004215	5516	Fusarium culmorum	fungi	PZ697419.1	514	514	514	51.1673	ITS1-5.8S-ITS2	ITSx-region-extraction
MPDB004216	5518	Fusarium graminearum (Gibberella zeae)	fungi	MH854826.1	544	455	455	49.0110	ITS1-5.8S-ITS2	ITSx-region-extraction
MPDB004217	5518	Fusarium graminearum (Gibberella zeae)	fungi	MH855274.1	544	455	455	49.2308	ITS1-5.8S-ITS2	ITSx-region-extraction
MPDB004218	5518	Fusarium graminearum (Gibberella zeae)	fungi	MH855275.1	552	456	456	49.1150	ITS1-5.8S-ITS2	ITSx-region-extraction
MPDB004219	5518	Fusarium graminearum (Gibberella zeae)	fungi	MH855276.1	545	455	455	49.2308	ITS1-5.8S-ITS2	ITSx-region-extraction
MPDB004220	5518	Fusarium graminearum (Gibberella zeae)	fungi	MH858190.1	546	458	458	48.9083	ITS1-5.8S-ITS2	ITSx-region-extraction
MPDB004221	5518	Fusarium graminearum (Gibberella zeae)	fungi	MH864971.1	550	455	455	49.2308	ITS1-5.8S-ITS2	ITSx-region-extraction
MPDB004222	5518	Fusarium graminearum (Gibberella zeae)	fungi	MH865799.1	543	455	455	49.0110	ITS1-5.8S-ITS2	ITSx-region-extraction
MPDB004223	5518	Fusarium graminearum (Gibberella zeae)	fungi	MH865803.1	543	455	455	48.8889	ITS1-5.8S-ITS2	ITSx-region-extraction
MPDB004224	5518	Fusarium graminearum (Gibberella zeae)	fungi	MH865804.1	547	455	455	49.2308	ITS1-5.8S-ITS2	ITSx-region-extraction
MPDB004225	5518	Fusarium graminearum (Gibberella zeae)	fungi	MH865814.1	508	466	466	49.5708	ITS1-5.8S-ITS2	ITSx-region-extraction
MPDB004226	5518	Fusarium graminearum (Gibberella zeae)	fungi	MH865815.1	543	455	455	49.0110	ITS1-5.8S-ITS2	ITSx-region-extraction
MPDB004227	5518	Fusarium graminearum (Gibberella zeae)	fungi	MH865829.1	510	461	461	48.8069	ITS1-5.8S-ITS2	ITSx-region-extraction
MPDB004228	5518	Fusarium graminearum (Gibberella zeae)	fungi	MH865831.1	544	456	456	49.3421	ITS1-5.8S-ITS2	ITSx-region-extraction
MPDB004229	5518	Fusarium graminearum (Gibberella zeae)	fungi	MH865833.1	543	455	455	49.2308	ITS1-5.8S-ITS2	ITSx-region-extraction
MPDB004230	5518	Fusarium graminearum (Gibberella zeae)	fungi	MH865836.1	513	471	471	49.2569	ITS1-5.8S-ITS2	ITSx-region-extraction
MPDB004231	5518	Fusarium graminearum (Gibberella zeae)	fungi	MH865839.1	543	455	455	49.1189	ITS1-5.8S-ITS2	ITSx-region-extraction
MPDB004232	5518	Fusarium graminearum (Gibberella zeae)	fungi	MH865840.1	543	455	455	49.2274	ITS1-5.8S-ITS2	ITSx-region-extraction
MPDB004233	5518	Fusarium graminearum (Gibberella zeae)	fungi	MH865841.1	543	455	455	49.0110	ITS1-5.8S-ITS2	ITSx-region-extraction
MPDB004234	5518	Fusarium graminearum (Gibberella zeae)	fungi	MH865844.1	546	455	455	49.3392	ITS1-5.8S-ITS2	ITSx-region-extraction
MPDB004235	5518	Fusarium graminearum (Gibberella zeae)	fungi	MH865847.1	552	455	455	49.2308	ITS1-5.8S-ITS2	ITSx-region-extraction
MPDB004236	5518	Fusarium graminearum (Gibberella zeae)	fungi	MH865848.1	551	455	455	49.2308	ITS1-5.8S-ITS2	ITSx-region-extraction
MPDB004237	5518	Fusarium graminearum (Gibberella zeae)	fungi	MH865849.1	510	461	461	48.5839	ITS1-5.8S-ITS2	ITSx-region-extraction
MPDB004238	5518	Fusarium graminearum (Gibberella zeae)	fungi	MH865851.1	507	466	466	49.5708	ITS1-5.8S-ITS2	ITSx-region-extraction
MPDB004239	5518	Fusarium graminearum (Gibberella zeae)	fungi	MH865867.1	551	455	455	49.2308	ITS1-5.8S-ITS2	ITSx-region-extraction
MPDB004240	5518	Fusarium graminearum (Gibberella zeae)	fungi	MH865869.1	552	462	462	48.7013	ITS1-5.8S-ITS2	ITSx-region-extraction
MPDB004241	5518	Fusarium graminearum (Gibberella zeae)	fungi	MH865870.1	568	455	455	49.2308	ITS1-5.8S-ITS2	ITSx-region-extraction
MPDB004242	5518	Fusarium graminearum (Gibberella zeae)	fungi	MH865872.1	545	455	455	49.2308	ITS1-5.8S-ITS2	ITSx-region-extraction
MPDB004243	5518	Fusarium graminearum (Gibberella zeae)	fungi	MH865876.1	552	495	495	49.8990	ITS1-5.8S-ITS2	ITSx-region-extraction
MPDB004244	5518	Fusarium graminearum (Gibberella zeae)	fungi	MH865877.1	544	455	455	49.2308	ITS1-5.8S-ITS2	ITSx-region-extraction
MPDB004245	5518	Fusarium graminearum (Gibberella zeae)	fungi	MH865878.1	510	461	461	48.5900	ITS1-5.8S-ITS2	ITSx-region-extraction
MPDB004246	5518	Fusarium graminearum (Gibberella zeae)	fungi	MH865921.1	544	456	456	49.3421	ITS1-5.8S-ITS2	ITSx-region-extraction
MPDB004247	5518	Fusarium graminearum (Gibberella zeae)	fungi	MH865922.1	512	463	463	48.5961	ITS1-5.8S-ITS2	ITSx-region-extraction
MPDB004248	5518	Fusarium graminearum (Gibberella zeae)	fungi	MH865927.1	545	457	457	49.0153	ITS1-5.8S-ITS2	ITSx-region-extraction
MPDB004249	5518	Fusarium graminearum (Gibberella zeae)	fungi	MH865928.1	544	456	456	49.1228	ITS1-5.8S-ITS2	ITSx-region-extraction
MPDB004250	5518	Fusarium graminearum (Gibberella zeae)	fungi	MH865929.1	545	456	456	49.1228	ITS1-5.8S-ITS2	ITSx-region-extraction
MPDB004251	5518	Fusarium graminearum (Gibberella zeae)	fungi	PX599346.1	540	479	479	49.2693	ITS1-5.8S-ITS2	ITSx-region-extraction
MPDB004252	5518	Fusarium graminearum (Gibberella zeae)	fungi	PZ225278.1	483	432	432	49.3056	ITS1-5.8S-ITS2	ITSx-region-extraction
MPDB004253	5518	Fusarium graminearum (Gibberella zeae)	fungi	PZ547847.1	230	147	147	48.9796	ITS1	ITSx-region-extraction
MPDB004254	5518	Fusarium graminearum (Gibberella zeae)	fungi	PZ560168.1	779	454	454	49.1189	ITS1-5.8S-ITS2	ITSx-region-extraction
MPDB004255	5518	Fusarium graminearum (Gibberella zeae)	fungi	PZ627234.1	1063	490	490	49.5918	ITS1-5.8S-ITS2	ITSx-region-extraction
MPDB004256	5518	Fusarium graminearum (Gibberella zeae)	fungi	PZ720371.1	556	481	481	49.4802	ITS1-5.8S-ITS2	ITSx-region-extraction
MPDB004257	5518	Fusarium graminearum (Gibberella zeae)	fungi	PZ770669.1	493	440	440	49.5455	ITS1-5.8S-ITS2	ITSx-region-extraction
MPDB004258	5518	Fusarium graminearum (Gibberella zeae)	fungi	PZ770670.1	491	440	440	49.5455	ITS1-5.8S-ITS2	ITSx-region-extraction
MPDB004259	5544	Trichoderma harzianum	fungi	MT012289.1	226	176	176	56.2500	ITS1	ITSx-region-extraction
MPDB004260	5544	Trichoderma harzianum	fungi	MT012290.1	232	183	183	55.7377	ITS1	ITSx-region-extraction
MPDB004261	5544	Trichoderma harzianum	fungi	MT012291.1	256	172	172	56.3953	ITS1	ITSx-region-extraction
MPDB004262	5544	Trichoderma harzianum	fungi	MT012292.1	230	178	178	55.6180	ITS1	ITSx-region-extraction
MPDB004263	5544	Trichoderma harzianum	fungi	MT012293.1	235	187	187	56.6845	ITS1	ITSx-region-extraction
MPDB004264	5544	Trichoderma harzianum	fungi	MT012294.1	207	176	176	56.2500	ITS1	ITSx-region-extraction
MPDB004265	5544	Trichoderma harzianum	fungi	PX071337.1	595	533	533	55.3471	ITS1-5.8S-ITS2	ITSx-region-extraction
MPDB004266	5544	Trichoderma harzianum	fungi	PX071338.1	584	534	534	56.9288	ITS1-5.8S-ITS2	ITSx-region-extraction
MPDB004267	5544	Trichoderma harzianum	fungi	PX071374.1	596	533	533	56.4728	ITS1-5.8S-ITS2	ITSx-region-extraction
MPDB004268	5544	Trichoderma harzianum	fungi	PX071375.1	583	533	533	56.8480	ITS1-5.8S-ITS2	ITSx-region-extraction
MPDB004269	5544	Trichoderma harzianum	fungi	PX071377.1	582	532	532	56.3910	ITS1-5.8S-ITS2	ITSx-region-extraction
MPDB004270	5544	Trichoderma harzianum	fungi	PX071435.1	585	534	534	56.5543	ITS1-5.8S-ITS2	ITSx-region-extraction
MPDB004271	5544	Trichoderma harzianum	fungi	PZ695455.1	523	458	458	57.8603	ITS1-5.8S-ITS2	ITSx-region-extraction
MPDB004272	5544	Trichoderma harzianum	fungi	PZ702505.1	508	508	508	56.4961	ITS1-5.8S-ITS2	ITSx-region-extraction
MPDB004273	5544	Trichoderma harzianum	fungi	PZ702506.1	509	509	509	56.3851	ITS1-5.8S-ITS2	ITSx-region-extraction
MPDB004274	5544	Trichoderma harzianum	fungi	PZ702508.1	511	511	511	56.5558	ITS1-5.8S-ITS2	ITSx-region-extraction
MPDB004275	5544	Trichoderma harzianum	fungi	PZ711018.1	719	719	719	55.6328	ITS1-5.8S-ITS2	ITSx-region-extraction
MPDB004276	5544	Trichoderma harzianum	fungi	PZ711416.1	300	161	161	55.9006	ITS1	ITSx-region-extraction
MPDB004277	5544	Trichoderma harzianum	fungi	PZ724289.1	565	503	503	56.6600	ITS1-5.8S-ITS2	ITSx-region-extraction
MPDB004278	5544	Trichoderma harzianum	fungi	PZ724290.1	561	500	500	56.6000	ITS1-5.8S-ITS2	ITSx-region-extraction
MPDB004279	5544	Trichoderma harzianum	fungi	PZ728820.1	570	528	528	54.3561	ITS1-5.8S-ITS2	ITSx-region-extraction
MPDB004280	5544	Trichoderma harzianum	fungi	PZ728848.1	598	546	546	56.0440	ITS1-5.8S-ITS2	ITSx-region-extraction
MPDB004281	5544	Trichoderma harzianum	fungi	PZ728850.1	610	559	559	56.1717	ITS1-5.8S-ITS2	ITSx-region-extraction
MPDB004282	5544	Trichoderma harzianum	fungi	PZ728852.1	595	546	546	56.0440	ITS1-5.8S-ITS2	ITSx-region-extraction
MPDB004283	5544	Trichoderma harzianum	fungi	PZ730058.1	328	172	172	65.1163	ITS2	ITSx-region-extraction
MPDB004284	5544	Trichoderma harzianum	fungi	PZ730060.1	328	172	172	65.1163	ITS2	ITSx-region-extraction
MPDB004285	5544	Trichoderma harzianum	fungi	PZ730063.1	325	172	172	65.1163	ITS2	ITSx-region-extraction
MPDB004286	5544	Trichoderma harzianum	fungi	PZ730077.1	327	170	170	65.2941	ITS2	ITSx-region-extraction
MPDB004287	5544	Trichoderma harzianum	fungi	PZ730079.1	328	170	170	65.2941	ITS2	ITSx-region-extraction
MPDB004288	5544	Trichoderma harzianum	fungi	PZ730082.1	327	170	170	65.2941	ITS2	ITSx-region-extraction
MPDB004289	5544	Trichoderma harzianum	fungi	PZ768224.1	561	530	530	56.0377	ITS1-5.8S-ITS2	ITSx-region-extraction
MPDB004290	5544	Trichoderma harzianum	fungi	PZ768227.1	591	591	591	55.8376	ITS1-5.8S-ITS2	ITSx-region-extraction
MPDB004291	5544	Trichoderma harzianum	fungi	PZ768228.1	589	589	589	55.8574	ITS1-5.8S-ITS2	ITSx-region-extraction
MPDB004292	5544	Trichoderma harzianum	fungi	PZ768229.1	593	593	593	55.6492	ITS1-5.8S-ITS2	ITSx-region-extraction
MPDB004293	5544	Trichoderma harzianum	fungi	PZ770558.1	381	381	381	55.1181	ITS1-5.8S-ITS2	ITSx-region-extraction
MPDB004294	5544	Trichoderma harzianum	fungi	PZ789688.1	598	556	556	56.2162	ITS1-5.8S-ITS2	ITSx-region-extraction
MPDB004295	5544	Trichoderma harzianum	fungi	PZ789693.1	601	556	556	56.1372	ITS1-5.8S-ITS2	ITSx-region-extraction
MPDB004296	5544	Trichoderma harzianum	fungi	PZ789695.1	588	543	543	55.9853	ITS1-5.8S-ITS2	ITSx-region-extraction
MPDB004297	5544	Trichoderma harzianum	fungi	PZ789698.1	608	561	561	55.7932	ITS1-5.8S-ITS2	ITSx-region-extraction
MPDB004298	5544	Trichoderma harzianum	fungi	PZ798431.1	466	466	466	55.5794	ITS1-5.8S-ITS2	ITSx-region-extraction
MPDB004299	5544	Trichoderma harzianum	fungi	PZ810687.1	629	531	531	55.7439	ITS1-5.8S-ITS2	ITSx-region-extraction
MPDB004300	5544	Trichoderma harzianum	fungi	PZ818910.1	658	530	530	56.0377	ITS1-5.8S-ITS2	ITSx-region-extraction
MPDB004301	5544	Trichoderma harzianum	fungi	PZ832392.1	496	496	496	53.5637	ITS1-5.8S-ITS2	ITSx-region-extraction
MPDB004302	5547	Trichoderma viride	fungi	MH864422.1	744	515	515	55.7282	ITS1-5.8S-ITS2	ITSx-region-extraction
MPDB004303	5547	Trichoderma viride	fungi	PV107899.1	575	529	529	55.7656	ITS1-5.8S-ITS2	ITSx-region-extraction
MPDB004304	5547	Trichoderma viride	fungi	PV108058.1	585	536	536	56.1567	ITS1-5.8S-ITS2	ITSx-region-extraction
MPDB004305	5547	Trichoderma viride	fungi	PV108060.1	579	532	532	56.2030	ITS1-5.8S-ITS2	ITSx-region-extraction
MPDB004306	5547	Trichoderma viride	fungi	PV108080.1	578	529	529	55.7656	ITS1-5.8S-ITS2	ITSx-region-extraction
MPDB004307	5547	Trichoderma viride	fungi	PV498707.1	361	361	361	55.4017	ITS1-5.8S-ITS2	ITSx-region-extraction
MPDB004308	5547	Trichoderma viride	fungi	PV498723.1	401	401	401	56.8579	ITS1-5.8S-ITS2	ITSx-region-extraction
MPDB004309	5547	Trichoderma viride	fungi	PV498724.1	461	461	461	54.6638	ITS1-5.8S-ITS2	ITSx-region-extraction
MPDB004310	5547	Trichoderma viride	fungi	PX421016.1	561	500	500	56.0000	ITS1-5.8S-ITS2	ITSx-region-extraction
MPDB004311	5547	Trichoderma viride	fungi	PX802429.1	545	545	545	55.7798	ITS1-5.8S-ITS2	ITSx-region-extraction
MPDB004313	5547	Trichoderma viride	fungi	PX884401.1	561	496	496	56.2500	ITS1-5.8S-ITS2	ITSx-region-extraction
MPDB004314	5547	Trichoderma viride	fungi	PX884403.1	662	514	514	56.6148	ITS1-5.8S-ITS2	ITSx-region-extraction
MPDB004315	5547	Trichoderma viride	fungi	PX963634.1	525	525	525	54.4762	ITS1-5.8S-ITS2	ITSx-region-extraction
MPDB004316	5547	Trichoderma viride	fungi	PX998407.1	617	548	548	57.8467	ITS1-5.8S-ITS2	ITSx-region-extraction
MPDB004317	5547	Trichoderma viride	fungi	PZ051871.1	517	517	517	55.7060	ITS1-5.8S-ITS2	ITSx-region-extraction
MPDB004318	5547	Trichoderma viride	fungi	PZ051872.1	439	439	439	54.8975	ITS1-5.8S-ITS2	ITSx-region-extraction
MPDB004319	5547	Trichoderma viride	fungi	PZ122430.1	555	508	508	55.7087	ITS1-5.8S-ITS2	ITSx-region-extraction
MPDB004320	5547	Trichoderma viride	fungi	PZ126052.1	566	512	512	55.4688	ITS1-5.8S-ITS2	ITSx-region-extraction
MPDB004321	5547	Trichoderma viride	fungi	PZ205994.1	474	474	474	57.3840	ITS1-5.8S-ITS2	ITSx-region-extraction
MPDB004322	5547	Trichoderma viride	fungi	PZ245943.1	537	537	537	55.3073	ITS1-5.8S-ITS2	ITSx-region-extraction
MPDB004323	5547	Trichoderma viride	fungi	PZ251479.1	428	322	322	59.0062	5.8S-ITS2	ITSx-region-extraction
MPDB004324	5547	Trichoderma viride	fungi	PZ251720.1	589	529	529	55.9546	ITS1-5.8S-ITS2	ITSx-region-extraction
MPDB004325	5547	Trichoderma viride	fungi	PZ273141.1	540	504	504	56.3492	ITS1-5.8S-ITS2	ITSx-region-extraction
MPDB004326	5547	Trichoderma viride	fungi	PZ337691.1	623	534	534	55.9925	ITS1-5.8S-ITS2	ITSx-region-extraction
MPDB004327	5547	Trichoderma viride	fungi	PZ365782.1	530	489	489	56.2372	ITS1-5.8S-ITS2	ITSx-region-extraction
MPDB004328	5547	Trichoderma viride	fungi	PZ369081.1	602	513	513	55.7505	ITS1-5.8S-ITS2	ITSx-region-extraction
MPDB004329	5547	Trichoderma viride	fungi	PZ406402.1	860	530	530	57.7358	ITS1-5.8S-ITS2	ITSx-region-extraction
MPDB004330	5547	Trichoderma viride	fungi	PZ436253.1	532	532	532	58.2707	ITS1-5.8S-ITS2	ITSx-region-extraction
MPDB004331	5547	Trichoderma viride	fungi	PZ436254.1	496	458	458	57.2052	ITS1-5.8S-ITS2	ITSx-region-extraction
MPDB004332	5547	Trichoderma viride	fungi	PZ462610.1	533	482	482	57.0539	ITS1-5.8S-ITS2	ITSx-region-extraction
MPDB004333	5547	Trichoderma viride	fungi	PZ462611.1	541	490	490	56.9388	ITS1-5.8S-ITS2	ITSx-region-extraction
MPDB004334	5547	Trichoderma viride	fungi	PZ465985.1	545	493	493	56.3895	ITS1-5.8S-ITS2	ITSx-region-extraction
MPDB004335	5547	Trichoderma viride	fungi	PZ528930.1	534	534	534	56.5543	ITS1-5.8S-ITS2	ITSx-region-extraction
MPDB004336	5547	Trichoderma viride	fungi	PZ542777.1	600	551	551	55.7169	ITS1-5.8S-ITS2	ITSx-region-extraction
MPDB004337	5547	Trichoderma viride	fungi	PZ556295.1	496	496	496	56.0484	ITS1-5.8S-ITS2	ITSx-region-extraction
MPDB004338	5547	Trichoderma viride	fungi	PZ660809.1	534	534	534	55.6180	ITS1-5.8S-ITS2	ITSx-region-extraction
MPDB004339	5547	Trichoderma viride	fungi	PZ675158.1	488	488	488	56.3525	ITS1-5.8S-ITS2	ITSx-region-extraction
MPDB004340	5547	Trichoderma viride	fungi	PZ702502.1	515	515	515	56.1165	ITS1-5.8S-ITS2	ITSx-region-extraction
MPDB004341	5547	Trichoderma viride	fungi	PZ702507.1	431	431	431	53.8283	ITS1-5.8S-ITS2	ITSx-region-extraction
MPDB004342	5547	Trichoderma viride	fungi	PZ779483.1	581	518	518	55.9846	ITS1-5.8S-ITS2	ITSx-region-extraction
MPDB004343	5547	Trichoderma viride	fungi	PZ799365.1	574	508	508	56.2130	ITS1-5.8S-ITS2	ITSx-region-extraction
MPDB004344	5547	Trichoderma viride	fungi	PZ805006.1	516	516	516	56.2016	ITS1-5.8S-ITS2	ITSx-region-extraction
MPDB004345	5599	Alternaria alternata	fungi	PX071429.1	546	481	481	46.9854	ITS1-5.8S-ITS2	ITSx-region-extraction
MPDB004346	5599	Alternaria alternata	fungi	PX071430.1	539	478	478	46.2343	ITS1-5.8S-ITS2	ITSx-region-extraction
MPDB004347	5599	Alternaria alternata	fungi	PX071442.1	543	481	481	46.9854	ITS1-5.8S-ITS2	ITSx-region-extraction
MPDB004348	5599	Alternaria alternata	fungi	PZ168227.1	738	470	470	46.1702	ITS1-5.8S-ITS2	ITSx-region-extraction
MPDB004349	5599	Alternaria alternata	fungi	PZ168228.1	745	476	476	46.0084	ITS1-5.8S-ITS2	ITSx-region-extraction
MPDB004350	5599	Alternaria alternata	fungi	PZ168229.1	750	478	478	45.8159	ITS1-5.8S-ITS2	ITSx-region-extraction
MPDB004351	5599	Alternaria alternata	fungi	PZ168230.1	743	743	743	46.8371	ITS1-5.8S-ITS2	ITSx-region-extraction
MPDB004352	5599	Alternaria alternata	fungi	PZ168231.1	725	478	478	45.3975	ITS1-5.8S-ITS2	ITSx-region-extraction
MPDB004353	5599	Alternaria alternata	fungi	PZ168232.1	740	477	477	45.7023	ITS1-5.8S-ITS2	ITSx-region-extraction
MPDB004354	5599	Alternaria alternata	fungi	PZ168233.1	720	477	477	45.9119	ITS1-5.8S-ITS2	ITSx-region-extraction
MPDB004355	5599	Alternaria alternata	fungi	PZ168234.1	622	454	454	45.5947	ITS1-5.8S-ITS2	ITSx-region-extraction
MPDB004356	5599	Alternaria alternata	fungi	PZ168235.1	622	454	454	45.5947	ITS1-5.8S-ITS2	ITSx-region-extraction
MPDB004357	5599	Alternaria alternata	fungi	PZ168236.1	622	454	454	45.5947	ITS1-5.8S-ITS2	ITSx-region-extraction
MPDB004358	5599	Alternaria alternata	fungi	PZ597222.1	541	495	495	46.0606	ITS1-5.8S-ITS2	ITSx-region-extraction
MPDB004359	5599	Alternaria alternata	fungi	PZ597223.1	540	495	495	46.0606	ITS1-5.8S-ITS2	ITSx-region-extraction
MPDB004360	5599	Alternaria alternata	fungi	PZ597224.1	538	494	494	45.9514	ITS1-5.8S-ITS2	ITSx-region-extraction
MPDB004361	5599	Alternaria alternata	fungi	PZ745329.1	738	480	480	45.8333	ITS1-5.8S-ITS2	ITSx-region-extraction
MPDB004362	5599	Alternaria alternata	fungi	PZ747778.1	544	483	483	44.7205	ITS1-5.8S-ITS2	ITSx-region-extraction
MPDB004363	5599	Alternaria alternata	fungi	PZ747779.1	515	454	454	45.5947	ITS1-5.8S-ITS2	ITSx-region-extraction
MPDB004364	5599	Alternaria alternata	fungi	PZ747780.1	542	483	483	44.7205	ITS1-5.8S-ITS2	ITSx-region-extraction
MPDB004365	5599	Alternaria alternata	fungi	PZ747781.1	539	483	483	44.7205	ITS1-5.8S-ITS2	ITSx-region-extraction
MPDB004366	5599	Alternaria alternata	fungi	PZ747783.1	512	451	451	45.6763	ITS1-5.8S-ITS2	ITSx-region-extraction
MPDB004367	5599	Alternaria alternata	fungi	PZ747785.1	501	451	451	45.6763	ITS1-5.8S-ITS2	ITSx-region-extraction
MPDB004368	5599	Alternaria alternata	fungi	PZ748287.1	417	417	417	45.3237	ITS1-5.8S-ITS2	ITSx-region-extraction
MPDB004369	5599	Alternaria alternata	fungi	PZ760429.1	574	485	485	45.5670	ITS1-5.8S-ITS2	ITSx-region-extraction
MPDB004370	5599	Alternaria alternata	fungi	PZ779820.1	468	468	468	46.1707	ITS1-5.8S-ITS2	ITSx-region-extraction
MPDB004371	5599	Alternaria alternata	fungi	PZ785153.1	493	421	421	46.0808	ITS1-5.8S-ITS2	ITSx-region-extraction
MPDB004372	5599	Alternaria alternata	fungi	PZ785242.1	564	449	449	45.4343	ITS1-5.8S-ITS2	ITSx-region-extraction
MPDB004373	5599	Alternaria alternata	fungi	PZ789668.1	729	480	480	45.8333	ITS1-5.8S-ITS2	ITSx-region-extraction
MPDB004374	5599	Alternaria alternata	fungi	PZ790489.1	539	539	539	46.9388	ITS1-5.8S-ITS2	ITSx-region-extraction
MPDB004375	5599	Alternaria alternata	fungi	PZ790548.1	572	480	480	45.8333	ITS1-5.8S-ITS2	ITSx-region-extraction
MPDB004376	5599	Alternaria alternata	fungi	PZ790556.1	571	480	480	45.8333	ITS1-5.8S-ITS2	ITSx-region-extraction
MPDB004377	5599	Alternaria alternata	fungi	PZ790926.1	500	472	472	46.1864	ITS1-5.8S-ITS2	ITSx-region-extraction
MPDB004378	5599	Alternaria alternata	fungi	PZ795308.1	586	483	483	45.5487	ITS1-5.8S-ITS2	ITSx-region-extraction
MPDB004379	5599	Alternaria alternata	fungi	PZ812260.1	555	505	505	46.3366	ITS1-5.8S-ITS2	ITSx-region-extraction
MPDB004380	5599	Alternaria alternata	fungi	PZ812261.1	533	504	504	46.0317	ITS1-5.8S-ITS2	ITSx-region-extraction
MPDB004381	5599	Alternaria alternata	fungi	PZ812262.1	533	504	504	46.4286	ITS1-5.8S-ITS2	ITSx-region-extraction
MPDB004382	5599	Alternaria alternata	fungi	PZ812293.1	485	485	485	45.7732	ITS1-5.8S-ITS2	ITSx-region-extraction
MPDB004383	5599	Alternaria alternata	fungi	PZ818895.1	569	520	520	45.9615	ITS1-5.8S-ITS2	ITSx-region-extraction
MPDB004384	5599	Alternaria alternata	fungi	PZ829971.1	533	472	472	45.5508	ITS1-5.8S-ITS2	ITSx-region-extraction
MPDB004385	5599	Alternaria alternata	fungi	PZ830880.1	527	466	466	46.5665	ITS1-5.8S-ITS2	ITSx-region-extraction
MPDB004386	5599	Alternaria alternata	fungi	PZ832358.1	491	491	491	45.4357	ITS1-5.8S-ITS2	ITSx-region-extraction
MPDB004387	5599	Alternaria alternata	fungi	PZ832363.1	594	504	504	45.2381	ITS1-5.8S-ITS2	ITSx-region-extraction
MPDB004388	56641	Fusarium cerealis / Fusarium crookwellense	fungi	KJ125536.1	457	457	457	49.2341	ITS1-5.8S-ITS2	ITSx-region-extraction
MPDB004389	56641	Fusarium cerealis / Fusarium crookwellense	fungi	MG979793.1	500	439	439	49.4305	ITS1-5.8S-ITS2	ITSx-region-extraction
MPDB004390	56641	Fusarium cerealis / Fusarium crookwellense	fungi	MG979795.1	523	470	470	49.1489	ITS1-5.8S-ITS2	ITSx-region-extraction
MPDB004391	56641	Fusarium cerealis / Fusarium crookwellense	fungi	MG979797.1	483	436	436	49.0826	ITS1-5.8S-ITS2	ITSx-region-extraction
MPDB004392	56641	Fusarium cerealis / Fusarium crookwellense	fungi	MG979798.1	465	421	421	49.1686	ITS1-5.8S-ITS2	ITSx-region-extraction
MPDB004393	56641	Fusarium cerealis / Fusarium crookwellense	fungi	MH290473.1	559	455	455	49.0110	ITS1-5.8S-ITS2	ITSx-region-extraction
MPDB004394	56641	Fusarium cerealis / Fusarium crookwellense	fungi	MH290474.1	558	455	455	49.0110	ITS1-5.8S-ITS2	ITSx-region-extraction
MPDB004395	56641	Fusarium cerealis / Fusarium crookwellense	fungi	MH290475.1	551	455	455	49.0110	ITS1-5.8S-ITS2	ITSx-region-extraction
MPDB004396	56641	Fusarium cerealis / Fusarium crookwellense	fungi	MK271270.1	477	429	429	48.9510	ITS1-5.8S-ITS2	ITSx-region-extraction
MPDB004397	56641	Fusarium cerealis / Fusarium crookwellense	fungi	MK271271.1	487	429	429	48.7179	ITS1-5.8S-ITS2	ITSx-region-extraction
MPDB004398	56641	Fusarium cerealis / Fusarium crookwellense	fungi	MN523046.1	518	470	470	49.1489	ITS1-5.8S-ITS2	ITSx-region-extraction
MPDB004399	56641	Fusarium cerealis / Fusarium crookwellense	fungi	MN737766.1	519	458	458	50.0000	ITS1-5.8S-ITS2	ITSx-region-extraction
MPDB004400	56641	Fusarium cerealis / Fusarium crookwellense	fungi	MN833409.1	545	455	455	49.0110	ITS1-5.8S-ITS2	ITSx-region-extraction
MPDB004401	56641	Fusarium cerealis / Fusarium crookwellense	fungi	MT558728.1	528	467	467	48.8223	ITS1-5.8S-ITS2	ITSx-region-extraction
MPDB004402	56641	Fusarium cerealis / Fusarium crookwellense	fungi	MT558854.1	528	467	467	49.0364	ITS1-5.8S-ITS2	ITSx-region-extraction
MPDB004403	56641	Fusarium cerealis / Fusarium crookwellense	fungi	MT558855.1	528	467	467	49.0364	ITS1-5.8S-ITS2	ITSx-region-extraction
MPDB004404	56641	Fusarium cerealis / Fusarium crookwellense	fungi	MT558862.1	517	456	456	48.9035	ITS1-5.8S-ITS2	ITSx-region-extraction
MPDB004405	56641	Fusarium cerealis / Fusarium crookwellense	fungi	MT558863.1	518	456	456	48.9035	ITS1-5.8S-ITS2	ITSx-region-extraction
MPDB004406	56641	Fusarium cerealis / Fusarium crookwellense	fungi	MT559293.1	446	446	446	49.3274	ITS1-5.8S-ITS2	ITSx-region-extraction
MPDB004407	56641	Fusarium cerealis / Fusarium crookwellense	fungi	MT781326.1	464	464	464	49.1379	ITS1-5.8S-ITS2	ITSx-region-extraction
MPDB004408	56641	Fusarium cerealis / Fusarium crookwellense	fungi	MW358286.1	472	422	422	49.0521	ITS1-5.8S-ITS2	ITSx-region-extraction
MPDB004409	56641	Fusarium cerealis / Fusarium crookwellense	fungi	MW447299.1	484	422	422	49.2891	ITS1-5.8S-ITS2	ITSx-region-extraction
MPDB004410	56641	Fusarium cerealis / Fusarium crookwellense	fungi	MW447774.1	491	431	431	48.9559	ITS1-5.8S-ITS2	ITSx-region-extraction
MPDB004411	56641	Fusarium cerealis / Fusarium crookwellense	fungi	MW881048.1	508	451	451	48.7805	ITS1-5.8S-ITS2	ITSx-region-extraction
MPDB004412	56641	Fusarium cerealis / Fusarium crookwellense	fungi	OR287514.1	454	391	391	47.0588	ITS1-5.8S-ITS2	ITSx-region-extraction
MPDB004413	56641	Fusarium cerealis / Fusarium crookwellense	fungi	OR350981.1	479	433	433	49.1917	ITS1-5.8S-ITS2	ITSx-region-extraction
MPDB004414	56641	Fusarium cerealis / Fusarium crookwellense	fungi	OR350985.1	478	432	432	49.0741	ITS1-5.8S-ITS2	ITSx-region-extraction
MPDB004415	56641	Fusarium cerealis / Fusarium crookwellense	fungi	OR467403.1	498	449	449	49.2205	ITS1-5.8S-ITS2	ITSx-region-extraction
MPDB004416	56641	Fusarium cerealis / Fusarium crookwellense	fungi	OR543628.1	583	455	455	49.2308	ITS1-5.8S-ITS2	ITSx-region-extraction
MPDB004417	56641	Fusarium cerealis / Fusarium crookwellense	fungi	OR543667.1	583	455	455	49.0110	ITS1-5.8S-ITS2	ITSx-region-extraction
MPDB004418	56641	Fusarium cerealis / Fusarium crookwellense	fungi	OR543684.1	583	455	455	49.2308	ITS1-5.8S-ITS2	ITSx-region-extraction
MPDB004419	56641	Fusarium cerealis / Fusarium crookwellense	fungi	OU989365.1	570	455	455	49.2308	ITS1-5.8S-ITS2	ITSx-region-extraction
MPDB004420	56641	Fusarium cerealis / Fusarium crookwellense	fungi	OW984901.1	546	455	455	49.2308	ITS1-5.8S-ITS2	ITSx-region-extraction
MPDB004421	56641	Fusarium cerealis / Fusarium crookwellense	fungi	OW987847.1	546	455	455	49.0110	ITS1-5.8S-ITS2	ITSx-region-extraction
MPDB004422	56641	Fusarium cerealis / Fusarium crookwellense	fungi	OW988417.1	543	455	455	49.2308	ITS1-5.8S-ITS2	ITSx-region-extraction
MPDB004423	56641	Fusarium cerealis / Fusarium crookwellense	fungi	OW988525.1	745	455	455	49.2308	ITS1-5.8S-ITS2	ITSx-region-extraction
MPDB004424	56641	Fusarium cerealis / Fusarium crookwellense	fungi	PP097806.1	571	455	455	49.0110	ITS1-5.8S-ITS2	ITSx-region-extraction
MPDB004425	56641	Fusarium cerealis / Fusarium crookwellense	fungi	PP474104.1	481	437	437	49.1991	ITS1-5.8S-ITS2	ITSx-region-extraction
MPDB004426	56641	Fusarium cerealis / Fusarium crookwellense	fungi	PP474106.1	491	441	441	49.4331	ITS1-5.8S-ITS2	ITSx-region-extraction
MPDB004427	56641	Fusarium cerealis / Fusarium crookwellense	fungi	PP873109.1	592	500	500	49.0281	ITS1-5.8S-ITS2	ITSx-region-extraction
MPDB004428	56641	Fusarium cerealis / Fusarium crookwellense	fungi	PP947376.1	806	455	455	49.2308	ITS1-5.8S-ITS2	ITSx-region-extraction
MPDB004429	56641	Fusarium cerealis / Fusarium crookwellense	fungi	PZ658245.1	494	445	445	48.5393	ITS1-5.8S-ITS2	ITSx-region-extraction
MPDB004430	56641	Fusarium cerealis / Fusarium crookwellense	fungi	PZ697418.1	516	454	454	48.8987	ITS1-5.8S-ITS2	ITSx-region-extraction
MPDB004431	56665	Fusarium kyushuense	fungi	AB587019.1	1052	455	455	49.2308	ITS1-5.8S-ITS2	ITSx-region-extraction
MPDB004432	56665	Fusarium kyushuense	fungi	AB587020.1	1020	440	440	49.5455	ITS1-5.8S-ITS2	ITSx-region-extraction
MPDB004433	56665	Fusarium kyushuense	fungi	AF414971.1	535	454	454	49.3392	ITS1-5.8S-ITS2	ITSx-region-extraction
MPDB004434	56665	Fusarium kyushuense	fungi	EF487532.1	505	443	443	49.6614	ITS1-5.8S-ITS2	ITSx-region-extraction
MPDB004435	56665	Fusarium kyushuense	fungi	JX235957.1	476	436	436	49.3119	ITS1-5.8S-ITS2	ITSx-region-extraction
MPDB004436	56665	Fusarium kyushuense	fungi	KC466546.1	544	454	454	49.3392	ITS1-5.8S-ITS2	ITSx-region-extraction
MPDB004437	56665	Fusarium kyushuense	fungi	KR091835.1	471	423	423	49.1726	ITS1-5.8S-ITS2	ITSx-region-extraction
MPDB004439	56665	Fusarium kyushuense	fungi	MG956781.1	506	466	466	48.4979	ITS1-5.8S-ITS2	ITSx-region-extraction
MPDB004440	56665	Fusarium kyushuense	fungi	MH892849.1	535	478	478	49.5816	ITS1-5.8S-ITS2	ITSx-region-extraction
MPDB004441	56665	Fusarium kyushuense	fungi	MN498042.1	495	458	458	49.3450	ITS1-5.8S-ITS2	ITSx-region-extraction
MPDB004442	56665	Fusarium kyushuense	fungi	MN503521.1	504	443	443	49.4357	ITS1-5.8S-ITS2	ITSx-region-extraction
MPDB004443	56665	Fusarium kyushuense	fungi	MN856334.1	553	489	489	49.2843	ITS1-5.8S-ITS2	ITSx-region-extraction
MPDB004444	56665	Fusarium kyushuense	fungi	MT594366.1	540	482	482	49.7925	ITS1-5.8S-ITS2	ITSx-region-extraction
MPDB004445	56665	Fusarium kyushuense	fungi	MT908505.1	500	463	463	49.2441	ITS1-5.8S-ITS2	ITSx-region-extraction
MPDB004446	56665	Fusarium kyushuense	fungi	MT908576.1	501	464	464	48.9224	ITS1-5.8S-ITS2	ITSx-region-extraction
MPDB004447	56665	Fusarium kyushuense	fungi	MW016613.1	496	431	431	49.4200	ITS1-5.8S-ITS2	ITSx-region-extraction
MPDB004448	56665	Fusarium kyushuense	fungi	MW016614.1	494	431	431	49.4200	ITS1-5.8S-ITS2	ITSx-region-extraction
MPDB004449	56665	Fusarium kyushuense	fungi	MW016615.1	517	456	456	49.1228	ITS1-5.8S-ITS2	ITSx-region-extraction
MPDB004450	56665	Fusarium kyushuense	fungi	MW016616.1	500	439	439	49.2027	ITS1-5.8S-ITS2	ITSx-region-extraction
MPDB004451	56665	Fusarium kyushuense	fungi	MW016617.1	488	431	431	49.4200	ITS1-5.8S-ITS2	ITSx-region-extraction
MPDB004452	56665	Fusarium kyushuense	fungi	MW016618.1	495	432	432	49.3056	ITS1-5.8S-ITS2	ITSx-region-extraction
MPDB004453	56665	Fusarium kyushuense	fungi	MW527087.1	498	445	445	49.4382	ITS1-5.8S-ITS2	ITSx-region-extraction
MPDB004454	56665	Fusarium kyushuense	fungi	MW880893.1	511	464	464	49.3534	ITS1-5.8S-ITS2	ITSx-region-extraction
MPDB004455	56665	Fusarium kyushuense	fungi	MW880906.1	514	474	474	49.3671	ITS1-5.8S-ITS2	ITSx-region-extraction
MPDB004456	56665	Fusarium kyushuense	fungi	MW880907.1	508	473	473	49.4715	ITS1-5.8S-ITS2	ITSx-region-extraction
MPDB004457	56665	Fusarium kyushuense	fungi	MZ047562.1	544	486	486	49.5885	ITS1-5.8S-ITS2	ITSx-region-extraction
MPDB004458	56665	Fusarium kyushuense	fungi	OM432493.1	505	465	465	49.0323	ITS1-5.8S-ITS2	ITSx-region-extraction
MPDB004459	56665	Fusarium kyushuense	fungi	ON492800.1	1216	517	517	58.2205	ITS1-5.8S-ITS2	ITSx-region-extraction
MPDB004460	56665	Fusarium kyushuense	fungi	ON527509.1	546	485	485	49.8969	ITS1-5.8S-ITS2	ITSx-region-extraction
MPDB004461	56665	Fusarium kyushuense	fungi	OQ753256.1	485	424	424	48.8208	ITS1-5.8S-ITS2	ITSx-region-extraction
MPDB004462	56665	Fusarium kyushuense	fungi	OQ777725.1	547	454	454	49.3392	ITS1-5.8S-ITS2	ITSx-region-extraction
MPDB004463	56665	Fusarium kyushuense	fungi	PP506475.1	521	472	472	49.5763	ITS1-5.8S-ITS2	ITSx-region-extraction
MPDB004464	56665	Fusarium kyushuense	fungi	PP506593.1	544	484	484	50.0000	ITS1-5.8S-ITS2	ITSx-region-extraction
MPDB004465	56665	Fusarium kyushuense	fungi	PP702299.1	541	453	453	49.4481	ITS1-5.8S-ITS2	ITSx-region-extraction
MPDB004466	56665	Fusarium kyushuense	fungi	PQ056892.1	514	514	514	49.8054	ITS1-5.8S-ITS2	ITSx-region-extraction
MPDB004467	56665	Fusarium kyushuense	fungi	PQ222628.1	524	490	490	52.0408	ITS1-5.8S-ITS2	ITSx-region-extraction
MPDB004468	56665	Fusarium kyushuense	fungi	PX419178.1	230	149	149	48.9933	ITS1	ITSx-region-extraction
MPDB004469	56665	Fusarium kyushuense	fungi	PZ013136.1	505	453	453	50.1104	ITS1-5.8S-ITS2	ITSx-region-extraction
MPDB004470	56665	Fusarium kyushuense	fungi	PZ168403.1	524	472	472	50.0000	ITS1-5.8S-ITS2	ITSx-region-extraction
MPDB004471	56665	Fusarium kyushuense	fungi	PZ336322.1	548	486	486	50.0000	ITS1-5.8S-ITS2	ITSx-region-extraction
MPDB004472	56665	Fusarium kyushuense	fungi	PZ336322.1	548	486	486	50.0000	ITS1-5.8S-ITS2	ITSx-region-extraction
MPDB004473	56665	Fusarium kyushuense	fungi	PZ556466.1	535	485	485	49.6907	ITS1-5.8S-ITS2	ITSx-region-extraction
MPDB004474	57143	Fusarium camptoceras	fungi	AB820722.1	1048	460	460	49.7826	ITS1-5.8S-ITS2	ITSx-region-extraction
MPDB004475	57143	Fusarium camptoceras	fungi	AB918017.1	324	150	150	54.6667	ITS2	ITSx-region-extraction
MPDB004476	57143	Fusarium camptoceras	fungi	EU520082.1	544	456	456	50.2193	ITS1-5.8S-ITS2	ITSx-region-extraction
MPDB004477	57143	Fusarium camptoceras	fungi	KJ782411.1	516	486	486	50.0000	ITS1-5.8S-ITS2	ITSx-region-extraction
MPDB004478	57143	Fusarium camptoceras	fungi	KU377450.1	527	476	476	50.2101	ITS1-5.8S-ITS2	ITSx-region-extraction
MPDB004479	57143	Fusarium camptoceras	fungi	KU377480.1	538	456	456	50.2193	ITS1-5.8S-ITS2	ITSx-region-extraction
MPDB004480	57143	Fusarium camptoceras	fungi	MH858038.1	1131	455	455	50.1099	ITS1-5.8S-ITS2	ITSx-region-extraction
MPDB004481	57143	Fusarium camptoceras	fungi	MH858537.1	544	455	455	50.1099	ITS1-5.8S-ITS2	ITSx-region-extraction
MPDB004482	57143	Fusarium camptoceras	fungi	MN473247.1	491	430	430	50.0000	ITS1-5.8S-ITS2	ITSx-region-extraction
MPDB004483	57143	Fusarium camptoceras	fungi	ON999165.1	770	428	428	50.0000	ITS1-5.8S-ITS2	ITSx-region-extraction
MPDB004484	57143	Fusarium camptoceras	fungi	PP907861.1	657	465	465	50.3226	ITS1-5.8S-ITS2	ITSx-region-extraction
MPDB004485	60167	Penicillium cyclopium	fungi	GU319999.1	560	512	512	58.2031	ITS1-5.8S-ITS2	ITSx-region-extraction
MPDB004486	60167	Penicillium cyclopium	fungi	JN097811.1	565	496	496	57.8629	ITS1-5.8S-ITS2	ITSx-region-extraction
MPDB004487	60167	Penicillium cyclopium	fungi	JN942740.1	585	495	495	58.3838	ITS1-5.8S-ITS2	ITSx-region-extraction
MPDB004488	60167	Penicillium cyclopium	fungi	JN942747.1	585	495	495	58.1818	ITS1-5.8S-ITS2	ITSx-region-extraction
MPDB004489	60167	Penicillium cyclopium	fungi	KC009306.1	330	163	163	66.2577	ITS2	ITSx-region-extraction
MPDB004490	60167	Penicillium cyclopium	fungi	KJ783269.1	609	496	496	58.4677	ITS1-5.8S-ITS2	ITSx-region-extraction
MPDB004491	60167	Penicillium cyclopium	fungi	KM023347.1	567	495	495	58.1818	ITS1-5.8S-ITS2	ITSx-region-extraction
MPDB004492	60167	Penicillium cyclopium	fungi	KP067255.1	529	529	529	57.8450	ITS1-5.8S-ITS2	ITSx-region-extraction
MPDB004493	60167	Penicillium cyclopium	fungi	KU325083.1	460	421	421	57.9572	ITS1-5.8S-ITS2	ITSx-region-extraction
MPDB004494	60167	Penicillium cyclopium	fungi	MH854633.1	593	496	496	58.2661	ITS1-5.8S-ITS2	ITSx-region-extraction
MPDB004495	60167	Penicillium cyclopium	fungi	MH857889.1	585	495	495	58.1818	ITS1-5.8S-ITS2	ITSx-region-extraction
MPDB004496	60167	Penicillium cyclopium	fungi	MH858381.1	584	496	496	58.2661	ITS1-5.8S-ITS2	ITSx-region-extraction
MPDB004497	60167	Penicillium cyclopium	fungi	MH865559.1	585	496	496	58.6694	ITS1-5.8S-ITS2	ITSx-region-extraction
MPDB004498	60167	Penicillium cyclopium	fungi	MH865965.1	582	494	494	58.0972	ITS1-5.8S-ITS2	ITSx-region-extraction
MPDB004499	60167	Penicillium cyclopium	fungi	MK578750.1	609	495	495	58.1818	ITS1-5.8S-ITS2	ITSx-region-extraction
MPDB004500	60167	Penicillium cyclopium	fungi	MN794459.1	547	522	522	57.6628	ITS1-5.8S-ITS2	ITSx-region-extraction
MPDB004501	60167	Penicillium cyclopium	fungi	MN794470.1	544	519	519	57.8035	ITS1-5.8S-ITS2	ITSx-region-extraction
MPDB004502	60167	Penicillium cyclopium	fungi	MN794471.1	529	504	504	57.7381	ITS1-5.8S-ITS2	ITSx-region-extraction
MPDB004503	60167	Penicillium cyclopium	fungi	MN818582.1	573	514	514	58.1712	ITS1-5.8S-ITS2	ITSx-region-extraction
MPDB004504	60167	Penicillium cyclopium	fungi	MT133771.1	564	513	513	57.8947	ITS1-5.8S-ITS2	ITSx-region-extraction
MPDB004505	60167	Penicillium cyclopium	fungi	MT133789.1	558	505	505	57.6238	ITS1-5.8S-ITS2	ITSx-region-extraction
MPDB004506	60167	Penicillium cyclopium	fungi	MT990551.1	565	503	503	56.6600	ITS1-5.8S-ITS2	ITSx-region-extraction
MPDB004507	60167	Penicillium cyclopium	fungi	OL703546.1	519	459	459	57.7342	ITS1-5.8S-ITS2	ITSx-region-extraction
MPDB004508	60167	Penicillium cyclopium	fungi	OL703547.1	522	522	522	58.4291	ITS1-5.8S-ITS2	ITSx-region-extraction
MPDB004509	60167	Penicillium cyclopium	fungi	ON782646.1	517	517	517	58.2205	ITS1-5.8S-ITS2	ITSx-region-extraction
MPDB004510	60167	Penicillium cyclopium	fungi	OP681420.1	593	530	530	58.3019	ITS1-5.8S-ITS2	ITSx-region-extraction
MPDB004511	60167	Penicillium cyclopium	fungi	OR421159.1	550	485	485	57.9381	ITS1-5.8S-ITS2	ITSx-region-extraction
MPDB004512	60167	Penicillium cyclopium	fungi	OW982518.1	600	495	495	58.1818	ITS1-5.8S-ITS2	ITSx-region-extraction
MPDB004513	60167	Penicillium cyclopium	fungi	OW984203.1	589	495	495	58.1818	ITS1-5.8S-ITS2	ITSx-region-extraction
MPDB004514	60167	Penicillium cyclopium	fungi	OW984243.1	590	495	495	58.1818	ITS1-5.8S-ITS2	ITSx-region-extraction
MPDB004515	60167	Penicillium cyclopium	fungi	PV953214.1	594	531	531	58.3804	ITS1-5.8S-ITS2	ITSx-region-extraction
MPDB004516	60167	Penicillium cyclopium	fungi	PX108407.1	597	495	495	58.1818	ITS1-5.8S-ITS2	ITSx-region-extraction
MPDB004517	60171	Penicillium verrucosum	fungi	AB479317.1	609	495	495	58.7879	ITS1-5.8S-ITS2	ITSx-region-extraction
MPDB004518	60171	Penicillium verrucosum	fungi	KF465779.1	570	497	497	58.5513	ITS1-5.8S-ITS2	ITSx-region-extraction
MPDB004519	60171	Penicillium verrucosum	fungi	KY006840.1	374	374	374	56.1497	ITS1-5.8S-ITS2	ITSx-region-extraction
MPDB004520	60171	Penicillium verrucosum	fungi	KY006842.1	465	465	465	59.1398	ITS1-5.8S-ITS2	ITSx-region-extraction
MPDB004521	60171	Penicillium verrucosum	fungi	KY966028.1	607	526	526	58.9354	ITS1-5.8S-ITS2	ITSx-region-extraction
MPDB004522	60171	Penicillium verrucosum	fungi	LC901877.1	570	522	522	58.2375	ITS1-5.8S-ITS2	ITSx-region-extraction
MPDB004523	60171	Penicillium verrucosum	fungi	MG589527.1	547	500	500	58.2000	ITS1-5.8S-ITS2	ITSx-region-extraction
MPDB004524	60171	Penicillium verrucosum	fungi	MG647843.1	553	490	490	58.1633	ITS1-5.8S-ITS2	ITSx-region-extraction
MPDB004525	60171	Penicillium verrucosum	fungi	MG821374.1	497	497	497	58.7525	ITS1-5.8S-ITS2	ITSx-region-extraction
MPDB004526	60171	Penicillium verrucosum	fungi	MH858300.1	592	495	495	58.5859	ITS1-5.8S-ITS2	ITSx-region-extraction
MPDB004527	60171	Penicillium verrucosum	fungi	MH858434.1	583	495	495	58.7879	ITS1-5.8S-ITS2	ITSx-region-extraction
MPDB004528	60171	Penicillium verrucosum	fungi	MH858846.1	584	496	496	58.6694	ITS1-5.8S-ITS2	ITSx-region-extraction
MPDB004529	60171	Penicillium verrucosum	fungi	MH860078.1	613	495	495	58.7879	ITS1-5.8S-ITS2	ITSx-region-extraction
MPDB004530	60171	Penicillium verrucosum	fungi	MH860079.1	584	496	496	58.4677	ITS1-5.8S-ITS2	ITSx-region-extraction
MPDB004531	60171	Penicillium verrucosum	fungi	MH860080.1	601	495	495	58.5859	ITS1-5.8S-ITS2	ITSx-region-extraction
MPDB004532	60171	Penicillium verrucosum	fungi	MH860081.1	585	497	497	58.5513	ITS1-5.8S-ITS2	ITSx-region-extraction
MPDB004533	60171	Penicillium verrucosum	fungi	MH860082.1	613	496	496	58.4677	ITS1-5.8S-ITS2	ITSx-region-extraction
MPDB004534	60171	Penicillium verrucosum	fungi	MH860083.1	547	498	498	58.4337	ITS1-5.8S-ITS2	ITSx-region-extraction
MPDB004535	60171	Penicillium verrucosum	fungi	MH860084.1	582	495	495	58.5859	ITS1-5.8S-ITS2	ITSx-region-extraction
MPDB004536	60171	Penicillium verrucosum	fungi	MH860085.1	584	494	494	58.5020	ITS1-5.8S-ITS2	ITSx-region-extraction
MPDB004537	60171	Penicillium verrucosum	fungi	MH860442.1	615	495	495	58.5859	ITS1-5.8S-ITS2	ITSx-region-extraction
MPDB004538	60171	Penicillium verrucosum	fungi	MH860443.1	566	498	498	58.8353	ITS1-5.8S-ITS2	ITSx-region-extraction
MPDB004539	60171	Penicillium verrucosum	fungi	MK177583.1	481	481	481	59.2516	ITS1-5.8S-ITS2	ITSx-region-extraction
MPDB004540	60171	Penicillium verrucosum	fungi	MK641464.1	518	458	458	57.8603	ITS1-5.8S-ITS2	ITSx-region-extraction
MPDB004541	60171	Penicillium verrucosum	fungi	MN013987.1	550	490	490	58.3673	ITS1-5.8S-ITS2	ITSx-region-extraction
MPDB004542	60171	Penicillium verrucosum	fungi	MW221147.1	493	493	493	58.0122	ITS1-5.8S-ITS2	ITSx-region-extraction
MPDB004543	60171	Penicillium verrucosum	fungi	MW221218.1	492	492	492	57.9268	ITS1-5.8S-ITS2	ITSx-region-extraction
MPDB004544	60171	Penicillium verrucosum	fungi	OM892850.1	520	463	463	58.0994	ITS1-5.8S-ITS2	ITSx-region-extraction
MPDB004545	60171	Penicillium verrucosum	fungi	ON329678.1	588	495	495	58.5859	ITS1-5.8S-ITS2	ITSx-region-extraction
MPDB004546	60171	Penicillium verrucosum	fungi	OP715869.1	568	496	496	58.8710	ITS1-5.8S-ITS2	ITSx-region-extraction
MPDB004547	60171	Penicillium verrucosum	fungi	OR073642.1	519	519	519	58.9595	ITS1-5.8S-ITS2	ITSx-region-extraction
MPDB004548	60171	Penicillium verrucosum	fungi	OR100413.1	506	478	478	59.6234	ITS1-5.8S-ITS2	ITSx-region-extraction
MPDB004549	60171	Penicillium verrucosum	fungi	OR342706.1	556	472	472	58.0508	ITS1-5.8S-ITS2	ITSx-region-extraction
MPDB004550	60171	Penicillium verrucosum	fungi	OW982548.1	589	495	495	58.5859	ITS1-5.8S-ITS2	ITSx-region-extraction
MPDB004551	60171	Penicillium verrucosum	fungi	OW984205.1	590	495	495	58.5859	ITS1-5.8S-ITS2	ITSx-region-extraction
MPDB004552	60171	Penicillium verrucosum	fungi	PP732489.1	575	514	514	57.3930	ITS1-5.8S-ITS2	ITSx-region-extraction
MPDB004553	60171	Penicillium verrucosum	fungi	PP921319.1	566	495	495	58.5859	ITS1-5.8S-ITS2	ITSx-region-extraction
MPDB004554	60171	Penicillium verrucosum	fungi	PQ463369.1	567	495	495	58.5859	ITS1-5.8S-ITS2	ITSx-region-extraction
MPDB004555	60171	Penicillium verrucosum	fungi	PQ864802.1	498	467	467	58.2441	ITS1-5.8S-ITS2	ITSx-region-extraction
MPDB004556	60171	Penicillium verrucosum	fungi	PV065892.1	475	435	435	58.8506	ITS1-5.8S-ITS2	ITSx-region-extraction
MPDB004557	60171	Penicillium verrucosum	fungi	PV065897.1	516	516	516	58.1395	ITS1-5.8S-ITS2	ITSx-region-extraction
MPDB004558	60171	Penicillium verrucosum	fungi	PV362167.1	587	495	495	58.5859	ITS1-5.8S-ITS2	ITSx-region-extraction
MPDB004559	60171	Penicillium verrucosum	fungi	PV915793.1	609	495	495	58.7879	ITS1-5.8S-ITS2	ITSx-region-extraction
MPDB004560	61235	Fusarium equiseti	fungi	MH854570.1	547	455	455	50.1099	ITS1-5.8S-ITS2	ITSx-region-extraction
MPDB004561	61235	Fusarium equiseti	fungi	MH855176.1	545	456	456	50.2193	ITS1-5.8S-ITS2	ITSx-region-extraction
MPDB004562	61235	Fusarium equiseti	fungi	MH855177.1	553	456	456	50.2193	ITS1-5.8S-ITS2	ITSx-region-extraction
MPDB004563	61235	Fusarium equiseti	fungi	MH855481.1	545	455	455	50.1099	ITS1-5.8S-ITS2	ITSx-region-extraction
MPDB004564	61235	Fusarium equiseti	fungi	MH856616.1	543	455	455	49.8901	ITS1-5.8S-ITS2	ITSx-region-extraction
MPDB004565	61235	Fusarium equiseti	fungi	MH857318.1	543	455	455	49.8901	ITS1-5.8S-ITS2	ITSx-region-extraction
MPDB004566	61235	Fusarium equiseti	fungi	MH858268.1	543	455	455	50.3297	ITS1-5.8S-ITS2	ITSx-region-extraction
MPDB004567	61235	Fusarium equiseti	fungi	MH862468.1	553	455	455	50.1099	ITS1-5.8S-ITS2	ITSx-region-extraction
MPDB004568	61235	Fusarium equiseti	fungi	MH864013.1	554	456	456	50.2193	ITS1-5.8S-ITS2	ITSx-region-extraction
MPDB004570	61235	Fusarium equiseti	fungi	PX071361.1	519	457	457	51.2035	ITS1-5.8S-ITS2	ITSx-region-extraction
MPDB004571	61235	Fusarium equiseti	fungi	PX132796.1	542	476	476	50.6303	ITS1-5.8S-ITS2	ITSx-region-extraction
MPDB004572	61235	Fusarium equiseti	fungi	PX132824.1	539	476	476	50.8403	ITS1-5.8S-ITS2	ITSx-region-extraction
MPDB004573	61235	Fusarium equiseti	fungi	PX132832.1	553	483	483	50.7246	ITS1-5.8S-ITS2	ITSx-region-extraction
MPDB004574	61235	Fusarium equiseti	fungi	PX132833.1	543	476	476	50.4202	ITS1-5.8S-ITS2	ITSx-region-extraction
MPDB004575	61235	Fusarium equiseti	fungi	PX132841.1	543	476	476	50.4202	ITS1-5.8S-ITS2	ITSx-region-extraction
MPDB004576	61235	Fusarium equiseti	fungi	PX132856.1	542	477	477	50.7338	ITS1-5.8S-ITS2	ITSx-region-extraction
MPDB004577	61235	Fusarium equiseti	fungi	PX132869.1	554	476	476	50.6303	ITS1-5.8S-ITS2	ITSx-region-extraction
MPDB004578	61235	Fusarium equiseti	fungi	PX490594.1	537	484	484	50.6198	ITS1-5.8S-ITS2	ITSx-region-extraction
MPDB004579	61235	Fusarium equiseti	fungi	PX490595.1	537	483	483	50.3106	ITS1-5.8S-ITS2	ITSx-region-extraction
MPDB004580	61235	Fusarium equiseti	fungi	PZ025128.1	420	420	420	50.4762	ITS1-5.8S-ITS2	ITSx-region-extraction
MPDB004581	61235	Fusarium equiseti	fungi	PZ556885.1	524	459	459	50.2183	ITS1-5.8S-ITS2	ITSx-region-extraction
MPDB004582	61235	Fusarium equiseti	fungi	PZ556968.1	480	480	480	50.4167	ITS1-5.8S-ITS2	ITSx-region-extraction
MPDB004583	61235	Fusarium equiseti	fungi	PZ583456.1	536	452	452	51.7699	ITS1-5.8S-ITS2	ITSx-region-extraction
MPDB004584	61235	Fusarium equiseti	fungi	PZ596698.1	515	458	458	50.2183	ITS1-5.8S-ITS2	ITSx-region-extraction
MPDB004585	61235	Fusarium equiseti	fungi	PZ611358.1	512	480	480	50.2092	ITS1-5.8S-ITS2	ITSx-region-extraction
MPDB004586	61235	Fusarium equiseti	fungi	PZ623875.1	588	456	456	50.4386	ITS1-5.8S-ITS2	ITSx-region-extraction
MPDB004587	61235	Fusarium equiseti	fungi	PZ623895.1	588	456	456	50.4386	ITS1-5.8S-ITS2	ITSx-region-extraction
MPDB004588	61235	Fusarium equiseti	fungi	PZ623912.1	586	456	456	50.2193	ITS1-5.8S-ITS2	ITSx-region-extraction
MPDB004589	61235	Fusarium equiseti	fungi	PZ627235.1	542	486	486	50.6173	ITS1-5.8S-ITS2	ITSx-region-extraction
MPDB004590	61235	Fusarium equiseti	fungi	PZ627239.1	633	457	457	50.5470	ITS1-5.8S-ITS2	ITSx-region-extraction
MPDB004591	61235	Fusarium equiseti	fungi	PZ627257.1	585	456	456	50.2193	ITS1-5.8S-ITS2	ITSx-region-extraction
MPDB004592	61235	Fusarium equiseti	fungi	PZ645983.1	568	456	456	50.4386	ITS1-5.8S-ITS2	ITSx-region-extraction
MPDB004593	61235	Fusarium equiseti	fungi	PZ676627.1	507	507	507	49.3097	ITS1-5.8S-ITS2	ITSx-region-extraction
MPDB004594	61235	Fusarium equiseti	fungi	PZ706503.1	469	429	429	50.1166	ITS1-5.8S-ITS2	ITSx-region-extraction
MPDB004595	61235	Fusarium equiseti	fungi	PZ715183.1	526	476	476	50.6303	ITS1-5.8S-ITS2	ITSx-region-extraction
MPDB004596	61235	Fusarium equiseti	fungi	PZ735447.1	550	457	457	50.5470	ITS1-5.8S-ITS2	ITSx-region-extraction
MPDB004597	61235	Fusarium equiseti	fungi	PZ764147.1	495	436	436	50.0000	ITS1-5.8S-ITS2	ITSx-region-extraction
MPDB004598	61235	Fusarium equiseti	fungi	PZ785599.1	456	456	456	50.4386	ITS1-5.8S-ITS2	ITSx-region-extraction
MPDB004599	61235	Fusarium equiseti	fungi	PZ796559.1	484	484	484	48.9669	ITS1-5.8S-ITS2	ITSx-region-extraction
MPDB004600	61235	Fusarium equiseti	fungi	PZ796560.1	484	484	484	49.7934	ITS1-5.8S-ITS2	ITSx-region-extraction
MPDB004601	61235	Fusarium equiseti	fungi	PZ824762.1	990	437	437	49.8856	ITS1-5.8S-ITS2	ITSx-region-extraction
MPDB004602	61235	Fusarium equiseti	fungi	PZ830436.1	517	470	470	50.2128	ITS1-5.8S-ITS2	ITSx-region-extraction
MPDB004603	61284	Fusarium tricinctum	fungi	MH856607.1	563	472	472	52.3305	ITS1-5.8S-ITS2	ITSx-region-extraction
MPDB004604	61284	Fusarium tricinctum	fungi	MH856847.1	559	471	471	52.0170	ITS1-5.8S-ITS2	ITSx-region-extraction
MPDB004605	61284	Fusarium tricinctum	fungi	MH862424.1	572	473	473	52.2199	ITS1-5.8S-ITS2	ITSx-region-extraction
MPDB004606	61284	Fusarium tricinctum	fungi	PV109755.1	554	471	471	52.0170	ITS1-5.8S-ITS2	ITSx-region-extraction
MPDB004607	61284	Fusarium tricinctum	fungi	PV109769.1	556	471	471	52.0170	ITS1-5.8S-ITS2	ITSx-region-extraction
MPDB004608	61284	Fusarium tricinctum	fungi	PV528761.1	431	431	431	52.9002	ITS1-5.8S-ITS2	ITSx-region-extraction
MPDB004609	61284	Fusarium tricinctum	fungi	PX071340.1	533	472	472	52.7542	ITS1-5.8S-ITS2	ITSx-region-extraction
MPDB004610	61284	Fusarium tricinctum	fungi	PX071351.1	533	472	472	52.3305	ITS1-5.8S-ITS2	ITSx-region-extraction
MPDB004611	61284	Fusarium tricinctum	fungi	PX071355.1	529	468	468	52.5641	ITS1-5.8S-ITS2	ITSx-region-extraction
MPDB004612	61284	Fusarium tricinctum	fungi	PX071357.1	532	469	469	52.6652	ITS1-5.8S-ITS2	ITSx-region-extraction
MPDB004613	61284	Fusarium tricinctum	fungi	PX071380.1	530	469	469	52.8785	ITS1-5.8S-ITS2	ITSx-region-extraction
MPDB004614	61284	Fusarium tricinctum	fungi	PX071439.1	536	475	475	53.0526	ITS1-5.8S-ITS2	ITSx-region-extraction
MPDB004615	61284	Fusarium tricinctum	fungi	PX071445.1	533	472	472	52.7542	ITS1-5.8S-ITS2	ITSx-region-extraction
MPDB004616	61284	Fusarium tricinctum	fungi	PZ025120.1	435	435	435	52.4138	ITS1-5.8S-ITS2	ITSx-region-extraction
MPDB004617	61284	Fusarium tricinctum	fungi	PZ025124.1	443	443	443	52.8217	ITS1-5.8S-ITS2	ITSx-region-extraction
MPDB004618	61284	Fusarium tricinctum	fungi	PZ025125.1	428	428	428	52.8037	ITS1-5.8S-ITS2	ITSx-region-extraction
MPDB004619	61284	Fusarium tricinctum	fungi	PZ152147.1	548	491	491	52.3422	ITS1-5.8S-ITS2	ITSx-region-extraction
MPDB004620	61284	Fusarium tricinctum	fungi	PZ152148.1	569	505	505	52.4752	ITS1-5.8S-ITS2	ITSx-region-extraction
MPDB004621	61284	Fusarium tricinctum	fungi	PZ152151.1	554	493	493	52.1298	ITS1-5.8S-ITS2	ITSx-region-extraction
MPDB004622	61284	Fusarium tricinctum	fungi	PZ152152.1	567	473	473	52.2199	ITS1-5.8S-ITS2	ITSx-region-extraction
MPDB004623	61284	Fusarium tricinctum	fungi	PZ152153.1	566	473	473	52.2199	ITS1-5.8S-ITS2	ITSx-region-extraction
MPDB004624	61284	Fusarium tricinctum	fungi	PZ152154.1	565	473	473	52.2199	ITS1-5.8S-ITS2	ITSx-region-extraction
MPDB004625	61284	Fusarium tricinctum	fungi	PZ163717.1	516	466	466	52.3605	ITS1-5.8S-ITS2	ITSx-region-extraction
MPDB004626	61284	Fusarium tricinctum	fungi	PZ266796.1	497	497	497	52.3139	ITS1-5.8S-ITS2	ITSx-region-extraction
MPDB004627	61284	Fusarium tricinctum	fungi	PZ305940.1	483	436	436	52.5229	ITS1-5.8S-ITS2	ITSx-region-extraction
MPDB004628	61284	Fusarium tricinctum	fungi	PZ305965.1	484	443	443	52.3702	ITS1-5.8S-ITS2	ITSx-region-extraction
MPDB004629	61284	Fusarium tricinctum	fungi	PZ344964.1	520	465	465	52.2581	ITS1-5.8S-ITS2	ITSx-region-extraction
MPDB004630	61284	Fusarium tricinctum	fungi	PZ345138.1	507	507	507	52.0710	ITS1-5.8S-ITS2	ITSx-region-extraction
MPDB004631	61284	Fusarium tricinctum	fungi	PZ380967.1	514	453	453	52.7594	ITS1-5.8S-ITS2	ITSx-region-extraction
MPDB004632	61284	Fusarium tricinctum	fungi	PZ386889.1	511	461	461	52.4946	ITS1-5.8S-ITS2	ITSx-region-extraction
MPDB004633	61284	Fusarium tricinctum	fungi	PZ386942.1	507	459	459	52.5054	ITS1-5.8S-ITS2	ITSx-region-extraction
MPDB004634	61284	Fusarium tricinctum	fungi	PZ392094.1	515	515	515	51.8447	ITS1-5.8S-ITS2	ITSx-region-extraction
MPDB004635	61284	Fusarium tricinctum	fungi	PZ392104.1	517	517	517	52.0309	ITS1-5.8S-ITS2	ITSx-region-extraction
MPDB004636	61284	Fusarium tricinctum	fungi	PZ476669.1	548	487	487	50.9240	ITS1-5.8S-ITS2	ITSx-region-extraction
MPDB004637	61284	Fusarium tricinctum	fungi	PZ476672.1	511	461	461	52.4946	ITS1-5.8S-ITS2	ITSx-region-extraction
MPDB004638	61284	Fusarium tricinctum	fungi	PZ477996.1	562	471	471	52.2293	ITS1-5.8S-ITS2	ITSx-region-extraction
MPDB004639	61284	Fusarium tricinctum	fungi	PZ532493.1	534	472	472	52.3305	ITS1-5.8S-ITS2	ITSx-region-extraction
MPDB004640	61284	Fusarium tricinctum	fungi	PZ556951.1	514	483	483	52.3810	ITS1-5.8S-ITS2	ITSx-region-extraction
MPDB004641	61284	Fusarium tricinctum	fungi	PZ585494.1	759	473	473	52.2199	ITS1-5.8S-ITS2	ITSx-region-extraction
MPDB004642	61284	Fusarium tricinctum	fungi	PZ585495.1	733	473	473	52.2199	ITS1-5.8S-ITS2	ITSx-region-extraction
MPDB004643	61284	Fusarium tricinctum	fungi	PZ690753.1	351	163	163	61.3497	ITS2	ITSx-region-extraction
MPDB004644	61284	Fusarium tricinctum	fungi	PZ697424.1	546	493	493	52.3327	ITS1-5.8S-ITS2	ITSx-region-extraction
MPDB004645	61284	Fusarium tricinctum	fungi	PZ770650.1	479	479	479	52.6096	ITS1-5.8S-ITS2	ITSx-region-extraction
MPDB004646	64495	Rhizopus arrhizus	fungi	MH857229.1	561	561	561	39.9287	ITS1-5.8S-ITS2	ITSx-region-extraction
MPDB004647	64495	Rhizopus arrhizus	fungi	MH857486.1	625	537	537	40.0372	ITS1-5.8S-ITS2	ITSx-region-extraction
MPDB004648	64495	Rhizopus arrhizus	fungi	MH863097.1	552	552	552	39.8551	ITS1-5.8S-ITS2	ITSx-region-extraction
MPDB004649	64495	Rhizopus arrhizus	fungi	MH864361.1	763	539	539	40.4453	ITS1-5.8S-ITS2	ITSx-region-extraction
MPDB004650	64495	Rhizopus arrhizus	fungi	MH865572.1	625	537	537	40.4097	ITS1-5.8S-ITS2	ITSx-region-extraction
MPDB004651	64495	Rhizopus arrhizus	fungi	MH865573.1	628	537	537	40.4097	ITS1-5.8S-ITS2	ITSx-region-extraction
MPDB004652	64495	Rhizopus arrhizus	fungi	MH865574.1	599	542	542	39.8524	ITS1-5.8S-ITS2	ITSx-region-extraction
MPDB004653	64495	Rhizopus arrhizus	fungi	MH865576.1	631	539	539	40.4453	ITS1-5.8S-ITS2	ITSx-region-extraction
MPDB004654	64495	Rhizopus arrhizus	fungi	MH865577.1	588	543	543	40.3315	ITS1-5.8S-ITS2	ITSx-region-extraction
MPDB004655	64495	Rhizopus arrhizus	fungi	MH865581.1	623	537	537	40.0372	ITS1-5.8S-ITS2	ITSx-region-extraction
MPDB004656	64495	Rhizopus arrhizus	fungi	MH865582.1	626	537	537	40.0372	ITS1-5.8S-ITS2	ITSx-region-extraction
MPDB004657	64495	Rhizopus arrhizus	fungi	MH865584.1	628	539	539	40.4453	ITS1-5.8S-ITS2	ITSx-region-extraction
MPDB004658	64495	Rhizopus arrhizus	fungi	MH865585.1	626	537	537	40.0372	ITS1-5.8S-ITS2	ITSx-region-extraction
MPDB004659	64495	Rhizopus arrhizus	fungi	MH865586.1	627	537	537	40.4097	ITS1-5.8S-ITS2	ITSx-region-extraction
MPDB004660	64495	Rhizopus arrhizus	fungi	MH865587.1	636	537	537	40.2235	ITS1-5.8S-ITS2	ITSx-region-extraction
MPDB004661	64495	Rhizopus arrhizus	fungi	MH865588.1	629	537	537	40.4097	ITS1-5.8S-ITS2	ITSx-region-extraction
MPDB004662	64495	Rhizopus arrhizus	fungi	MH865589.1	632	539	539	40.4453	ITS1-5.8S-ITS2	ITSx-region-extraction
MPDB004663	64495	Rhizopus arrhizus	fungi	MH865590.1	636	537	537	40.5959	ITS1-5.8S-ITS2	ITSx-region-extraction
MPDB004664	64495	Rhizopus arrhizus	fungi	MH865591.1	625	537	537	40.4097	ITS1-5.8S-ITS2	ITSx-region-extraction
MPDB004665	64495	Rhizopus arrhizus	fungi	MH865592.1	627	537	537	40.4097	ITS1-5.8S-ITS2	ITSx-region-extraction
MPDB004666	64495	Rhizopus arrhizus	fungi	MH865593.1	629	537	537	40.0372	ITS1-5.8S-ITS2	ITSx-region-extraction
MPDB004667	64495	Rhizopus arrhizus	fungi	MH865594.1	626	539	539	40.4453	ITS1-5.8S-ITS2	ITSx-region-extraction
MPDB004668	64495	Rhizopus arrhizus	fungi	MH866178.1	638	537	537	40.0372	ITS1-5.8S-ITS2	ITSx-region-extraction
MPDB004669	64495	Rhizopus arrhizus	fungi	PP844116.1	588	534	534	39.5131	ITS1-5.8S-ITS2	ITSx-region-extraction
MPDB004670	64495	Rhizopus arrhizus	fungi	PP844168.1	445	445	445	41.3483	ITS1-5.8S-ITS2	ITSx-region-extraction
MPDB004671	64495	Rhizopus arrhizus	fungi	PP844454.1	578	545	545	40.0000	ITS1-5.8S-ITS2	ITSx-region-extraction
MPDB004672	64495	Rhizopus arrhizus	fungi	PP844458.1	571	540	540	39.8148	ITS1-5.8S-ITS2	ITSx-region-extraction
MPDB004673	64495	Rhizopus arrhizus	fungi	PP844460.1	580	546	546	40.1099	ITS1-5.8S-ITS2	ITSx-region-extraction
MPDB004674	64495	Rhizopus arrhizus	fungi	PP844502.1	581	545	545	40.0000	ITS1-5.8S-ITS2	ITSx-region-extraction
MPDB004675	64495	Rhizopus arrhizus	fungi	PZ624080.1	470	470	470	40.2128	ITS1-5.8S-ITS2	ITSx-region-extraction
MPDB004676	64495	Rhizopus arrhizus	fungi	PZ645929.1	635	514	514	40.6615	ITS1-5.8S-ITS2	ITSx-region-extraction
MPDB004677	64495	Rhizopus arrhizus	fungi	PZ683100.1	562	522	522	40.4215	ITS1-5.8S-ITS2	ITSx-region-extraction
MPDB004678	64495	Rhizopus arrhizus	fungi	PZ683187.1	839	537	537	40.0372	ITS1-5.8S-ITS2	ITSx-region-extraction
MPDB004679	64495	Rhizopus arrhizus	fungi	PZ683188.1	859	535	535	39.6262	ITS1-5.8S-ITS2	ITSx-region-extraction
MPDB004680	64495	Rhizopus arrhizus	fungi	PZ706490.1	557	496	496	40.1210	ITS1-5.8S-ITS2	ITSx-region-extraction
MPDB004681	64495	Rhizopus arrhizus	fungi	PZ724278.1	549	518	518	40.7336	ITS1-5.8S-ITS2	ITSx-region-extraction
MPDB004682	64495	Rhizopus arrhizus	fungi	PZ742489.1	521	521	521	41.2668	ITS1-5.8S-ITS2	ITSx-region-extraction
MPDB004683	64495	Rhizopus arrhizus	fungi	PZ785106.1	606	551	551	40.4719	ITS1-5.8S-ITS2	ITSx-region-extraction
MPDB004684	64495	Rhizopus arrhizus	fungi	PZ785107.1	614	555	555	40.5405	ITS1-5.8S-ITS2	ITSx-region-extraction
MPDB004685	64495	Rhizopus arrhizus	fungi	PZ785108.1	618	560	560	40.7143	ITS1-5.8S-ITS2	ITSx-region-extraction
MPDB004686	64495	Rhizopus arrhizus	fungi	PZ785858.1	612	555	555	40.7942	ITS1-5.8S-ITS2	ITSx-region-extraction
MPDB004687	64495	Rhizopus arrhizus	fungi	PZ785861.1	613	555	555	41.2613	ITS1-5.8S-ITS2	ITSx-region-extraction
MPDB004688	64495	Rhizopus arrhizus	fungi	PZ786493.1	629	537	537	40.5959	ITS1-5.8S-ITS2	ITSx-region-extraction
MPDB004689	67620	Graphium penicillioides	fungi	AB038428.1	480	480	480	59.5833	ITS1-5.8S-ITS2	ITSx-region-extraction
MPDB004690	67620	Graphium penicillioides	fungi	AB038431.1	482	482	482	59.9585	ITS1-5.8S-ITS2	ITSx-region-extraction
MPDB004691	67620	Graphium penicillioides	fungi	AB038433.1	483	483	483	60.0414	ITS1-5.8S-ITS2	ITSx-region-extraction
MPDB004692	67620	Graphium penicillioides	fungi	HQ335311.1	491	491	491	59.2668	ITS1-5.8S-ITS2	ITSx-region-extraction
MPDB004693	67620	Graphium penicillioides	fungi	JX976317.1	557	510	510	51.1765	ITS1-5.8S-ITS2	ITSx-region-extraction
MPDB004694	67620	Graphium penicillioides	fungi	KC427042.1	568	471	471	57.3248	ITS1-5.8S-ITS2	ITSx-region-extraction
MPDB004695	67620	Graphium penicillioides	fungi	KC461514.1	565	513	513	50.8772	ITS1-5.8S-ITS2	ITSx-region-extraction
MPDB004696	67620	Graphium penicillioides	fungi	KF887074.1	495	446	446	58.5202	ITS1-5.8S-ITS2	ITSx-region-extraction
MPDB004697	67620	Graphium penicillioides	fungi	KF887146.1	458	458	458	58.2969	ITS1-5.8S-ITS2	ITSx-region-extraction
MPDB004698	67620	Graphium penicillioides	fungi	KJ780752.1	557	464	464	58.6207	ITS1-5.8S-ITS2	ITSx-region-extraction
MPDB004699	67620	Graphium penicillioides	fungi	KM433841.1	490	490	490	59.7959	ITS1-5.8S-ITS2	ITSx-region-extraction
MPDB004701	67620	Graphium penicillioides	fungi	KY852474.1	516	488	488	59.2213	ITS1-5.8S-ITS2	ITSx-region-extraction
MPDB004702	67620	Graphium penicillioides	fungi	LC781768.1	515	515	515	58.4466	ITS1-5.8S-ITS2	ITSx-region-extraction
MPDB004703	67620	Graphium penicillioides	fungi	LT615278.1	491	430	430	59.0698	ITS1-5.8S-ITS2	ITSx-region-extraction
MPDB004704	67620	Graphium penicillioides	fungi	MN511349.1	553	463	463	58.9633	ITS1-5.8S-ITS2	ITSx-region-extraction
MPDB004705	67620	Graphium penicillioides	fungi	OM743866.1	541	480	480	59.5833	ITS1-5.8S-ITS2	ITSx-region-extraction
MPDB004706	67620	Graphium penicillioides	fungi	OQ978833.1	576	520	520	51.3462	ITS1-5.8S-ITS2	ITSx-region-extraction
MPDB004707	67620	Graphium penicillioides	fungi	OW988461.1	575	480	480	59.7917	ITS1-5.8S-ITS2	ITSx-region-extraction
MPDB004708	67620	Graphium penicillioides	fungi	PX633979.1	525	459	459	59.2593	ITS1-5.8S-ITS2	ITSx-region-extraction
MPDB004709	67620	Graphium penicillioides	fungi	PX634013.1	529	461	461	59.2191	ITS1-5.8S-ITS2	ITSx-region-extraction
MPDB004710	684837	Puccinia polysora	fungi	AB599970.1	448	448	448	31.0268	ITS1-5.8S-ITS2	ITSx-region-extraction
MPDB004711	684837	Puccinia polysora	fungi	AB599971.1	437	437	437	29.2906	ITS1-5.8S-ITS2	ITSx-region-extraction
MPDB004712	684837	Puccinia polysora	fungi	AB599972.1	434	434	434	30.8756	ITS1-5.8S-ITS2	ITSx-region-extraction
MPDB004713	684837	Puccinia polysora	fungi	AB599973.1	578	578	578	31.8339	ITS1-5.8S-ITS2	ITSx-region-extraction
MPDB004714	684837	Puccinia polysora	fungi	AB599974.1	623	623	623	33.7079	ITS1-5.8S-ITS2	ITSx-region-extraction
MPDB004715	684837	Puccinia polysora	fungi	AB599975.1	709	709	709	34.2736	ITS1-5.8S-ITS2	ITSx-region-extraction
MPDB004716	684837	Puccinia polysora	fungi	AB599976.1	548	548	548	50.4570	ITS1-5.8S-ITS2	ITSx-region-extraction
MPDB004717	684837	Puccinia polysora	fungi	HQ189433.1	1330	636	636	30.8176	ITS1-5.8S-ITS2	ITSx-region-extraction
MPDB004718	684837	Puccinia polysora	fungi	MF033480.1	1331	637	637	30.6122	ITS1-5.8S-ITS2	ITSx-region-extraction
MPDB004719	684837	Puccinia polysora	fungi	MT932574.1	627	268	268	27.9245	ITS2	ITSx-region-extraction
MPDB004720	684837	Puccinia polysora	fungi	MT932575.1	666	254	254	29.1339	ITS2	ITSx-region-extraction
MPDB004721	684837	Puccinia polysora	fungi	MT932576.1	625	268	268	28.4644	ITS2	ITSx-region-extraction
MPDB004722	684837	Puccinia polysora	fungi	MT932577.1	329	260	260	29.7619	ITS2	ITSx-region-extraction
MPDB004724	684837	Puccinia polysora	fungi	OK275641.1	665	665	665	33.5338	ITS1-5.8S-ITS2	ITSx-region-extraction
MPDB004725	684837	Puccinia polysora	fungi	OR470027.1	532	272	272	29.0441	ITS2	ITSx-region-extraction
MPDB004726	684837	Puccinia polysora	fungi	OR470028.1	532	272	272	29.0441	ITS2	ITSx-region-extraction
MPDB004727	684837	Puccinia polysora	fungi	OR470029.1	532	272	272	29.0441	ITS2	ITSx-region-extraction
MPDB004728	684837	Puccinia polysora	fungi	OR470030.1	532	272	272	29.0441	ITS2	ITSx-region-extraction
MPDB004729	684837	Puccinia polysora	fungi	PV593781.1	661	606	606	30.5281	ITS1-5.8S-ITS2	ITSx-region-extraction
MPDB004730	684837	Puccinia polysora	fungi	PV593782.1	662	606	606	30.3630	ITS1-5.8S-ITS2	ITSx-region-extraction
MPDB004731	684837	Puccinia polysora	fungi	PV593783.1	661	606	606	30.3630	ITS1-5.8S-ITS2	ITSx-region-extraction
MPDB004732	684837	Puccinia polysora	fungi	PV593784.1	684	606	606	30.3630	ITS1-5.8S-ITS2	ITSx-region-extraction
MPDB004733	684837	Puccinia polysora	fungi	PV593785.1	639	575	575	30.6087	ITS1-5.8S-ITS2	ITSx-region-extraction
MPDB004734	684837	Puccinia polysora	fungi	PV593787.1	609	609	609	30.2135	ITS1-5.8S-ITS2	ITSx-region-extraction
MPDB004735	684837	Puccinia polysora	fungi	PV593788.1	689	617	617	30.7942	ITS1-5.8S-ITS2	ITSx-region-extraction
MPDB004736	684837	Puccinia polysora	fungi	PV593789.1	650	576	576	30.5556	ITS1-5.8S-ITS2	ITSx-region-extraction
MPDB004737	684837	Puccinia polysora	fungi	PV593791.1	673	599	599	30.7179	ITS1-5.8S-ITS2	ITSx-region-extraction
MPDB004738	684837	Puccinia polysora	fungi	PV593792.1	670	602	602	30.3987	ITS1-5.8S-ITS2	ITSx-region-extraction
MPDB004739	684837	Puccinia polysora	fungi	PV593794.1	655	604	604	30.1325	ITS1-5.8S-ITS2	ITSx-region-extraction
MPDB004740	684837	Puccinia polysora	fungi	PV593797.1	695	618	618	30.7443	ITS1-5.8S-ITS2	ITSx-region-extraction
MPDB004741	684837	Puccinia polysora	fungi	PV593798.1	613	551	551	31.0345	ITS1-5.8S-ITS2	ITSx-region-extraction
MPDB004742	684837	Puccinia polysora	fungi	PV593799.1	694	618	618	30.7443	ITS1-5.8S-ITS2	ITSx-region-extraction
MPDB004743	684837	Puccinia polysora	fungi	PV593800.1	681	614	614	30.7818	ITS1-5.8S-ITS2	ITSx-region-extraction
MPDB004744	684837	Puccinia polysora	fungi	PV593801.1	683	607	607	30.3130	ITS1-5.8S-ITS2	ITSx-region-extraction
MPDB004745	684837	Puccinia polysora	fungi	PV593802.1	680	606	606	30.5281	ITS1-5.8S-ITS2	ITSx-region-extraction
MPDB004746	684837	Puccinia polysora	fungi	PV593803.1	697	621	621	30.7568	ITS1-5.8S-ITS2	ITSx-region-extraction
MPDB004747	684837	Puccinia polysora	fungi	PV593804.1	699	621	621	30.7568	ITS1-5.8S-ITS2	ITSx-region-extraction
MPDB004748	684837	Puccinia polysora	fungi	PV593805.1	637	569	569	30.9315	ITS1-5.8S-ITS2	ITSx-region-extraction
MPDB004749	684837	Puccinia polysora	fungi	PV593806.1	689	612	612	30.8824	ITS1-5.8S-ITS2	ITSx-region-extraction
MPDB004750	684837	Puccinia polysora	fungi	PV593810.1	671	602	602	30.3987	ITS1-5.8S-ITS2	ITSx-region-extraction
MPDB004751	684837	Puccinia polysora	fungi	PV593812.1	678	602	602	30.3987	ITS1-5.8S-ITS2	ITSx-region-extraction
MPDB004752	684837	Puccinia polysora	fungi	PV593812.1	678	602	602	30.3987	ITS1-5.8S-ITS2	ITSx-region-extraction
MPDB004753	69781	Penicillium oxalicum	fungi	MH855125.1	589	500	500	61.2000	ITS1-5.8S-ITS2	ITSx-region-extraction
MPDB004754	69781	Penicillium oxalicum	fungi	MH857880.1	600	500	500	61.2000	ITS1-5.8S-ITS2	ITSx-region-extraction
MPDB004755	69781	Penicillium oxalicum	fungi	MH861321.1	587	500	500	61.2000	ITS1-5.8S-ITS2	ITSx-region-extraction
MPDB004756	69781	Penicillium oxalicum	fungi	MH865648.1	584	500	500	61.2000	ITS1-5.8S-ITS2	ITSx-region-extraction
MPDB004757	69781	Penicillium oxalicum	fungi	PP844522.1	534	501	501	61.0778	ITS1-5.8S-ITS2	ITSx-region-extraction
MPDB004758	69781	Penicillium oxalicum	fungi	PV459685.1	565	518	518	60.8108	ITS1-5.8S-ITS2	ITSx-region-extraction
MPDB004759	69781	Penicillium oxalicum	fungi	PV614111.1	568	506	506	60.6719	ITS1-5.8S-ITS2	ITSx-region-extraction
MPDB004760	69781	Penicillium oxalicum	fungi	PV620251.1	580	532	532	59.2105	ITS1-5.8S-ITS2	ITSx-region-extraction
MPDB004761	69781	Penicillium oxalicum	fungi	PX596651.1	578	525	525	61.3333	ITS1-5.8S-ITS2	ITSx-region-extraction
MPDB004762	69781	Penicillium oxalicum	fungi	PZ113200.1	549	499	499	60.5210	ITS1-5.8S-ITS2	ITSx-region-extraction
MPDB004763	69781	Penicillium oxalicum	fungi	PZ126814.1	562	524	524	61.2595	ITS1-5.8S-ITS2	ITSx-region-extraction
MPDB004764	69781	Penicillium oxalicum	fungi	PZ126818.1	562	515	515	60.7767	ITS1-5.8S-ITS2	ITSx-region-extraction
MPDB004765	69781	Penicillium oxalicum	fungi	PZ126846.1	579	518	518	60.8108	ITS1-5.8S-ITS2	ITSx-region-extraction
MPDB004766	69781	Penicillium oxalicum	fungi	PZ152156.1	563	517	517	60.7350	ITS1-5.8S-ITS2	ITSx-region-extraction
MPDB004767	69781	Penicillium oxalicum	fungi	PZ152157.1	562	516	516	60.6589	ITS1-5.8S-ITS2	ITSx-region-extraction
MPDB004768	69781	Penicillium oxalicum	fungi	PZ161332.1	450	404	404	59.6535	ITS1-5.8S-ITS2	ITSx-region-extraction
MPDB004769	69781	Penicillium oxalicum	fungi	PZ161333.1	497	471	471	61.5711	ITS1-5.8S-ITS2	ITSx-region-extraction
MPDB004770	69781	Penicillium oxalicum	fungi	PZ161334.1	572	500	500	62.0000	ITS1-5.8S-ITS2	ITSx-region-extraction
MPDB004771	69781	Penicillium oxalicum	fungi	PZ179775.1	563	502	502	61.1554	ITS1-5.8S-ITS2	ITSx-region-extraction
MPDB004772	69781	Penicillium oxalicum	fungi	PZ225463.1	417	417	417	59.2326	ITS1-5.8S-ITS2	ITSx-region-extraction
MPDB004773	69781	Penicillium oxalicum	fungi	PZ256037.1	550	503	503	60.8350	ITS1-5.8S-ITS2	ITSx-region-extraction
MPDB004774	69781	Penicillium oxalicum	fungi	PZ269221.1	594	500	500	61.2000	ITS1-5.8S-ITS2	ITSx-region-extraction
MPDB004775	69781	Penicillium oxalicum	fungi	PZ269539.1	469	437	437	58.3524	ITS1-5.8S-ITS2	ITSx-region-extraction
MPDB004776	69781	Penicillium oxalicum	fungi	PZ278834.1	513	513	513	60.6238	ITS1-5.8S-ITS2	ITSx-region-extraction
MPDB004777	69781	Penicillium oxalicum	fungi	PZ297261.1	594	500	500	61.2000	ITS1-5.8S-ITS2	ITSx-region-extraction
MPDB004778	69781	Penicillium oxalicum	fungi	PZ367800.1	435	435	435	57.9310	ITS1-5.8S-ITS2	ITSx-region-extraction
MPDB004779	69781	Penicillium oxalicum	fungi	PZ384125.1	594	500	500	61.2000	ITS1-5.8S-ITS2	ITSx-region-extraction
MPDB004780	69781	Penicillium oxalicum	fungi	PZ406414.1	611	511	511	60.4697	ITS1-5.8S-ITS2	ITSx-region-extraction
MPDB004781	69781	Penicillium oxalicum	fungi	PZ413456.1	610	500	500	61.2000	ITS1-5.8S-ITS2	ITSx-region-extraction
MPDB004782	69781	Penicillium oxalicum	fungi	PZ414889.1	886	478	478	60.6695	ITS1-5.8S-ITS2	ITSx-region-extraction
MPDB004783	69781	Penicillium oxalicum	fungi	PZ450922.1	612	500	500	61.2000	ITS1-5.8S-ITS2	ITSx-region-extraction
MPDB004784	69781	Penicillium oxalicum	fungi	PZ453303.1	483	483	483	60.8696	ITS1-5.8S-ITS2	ITSx-region-extraction
MPDB004785	69781	Penicillium oxalicum	fungi	PZ507495.1	564	516	516	60.6589	ITS1-5.8S-ITS2	ITSx-region-extraction
MPDB004786	69781	Penicillium oxalicum	fungi	PZ539274.1	493	493	493	61.6633	ITS1-5.8S-ITS2	ITSx-region-extraction
MPDB004787	69781	Penicillium oxalicum	fungi	PZ575809.1	576	516	516	60.6589	ITS1-5.8S-ITS2	ITSx-region-extraction
MPDB004788	69781	Penicillium oxalicum	fungi	PZ585093.1	564	503	503	60.8350	ITS1-5.8S-ITS2	ITSx-region-extraction
MPDB004789	69781	Penicillium oxalicum	fungi	PZ586761.1	598	500	500	61.2000	ITS1-5.8S-ITS2	ITSx-region-extraction
MPDB004790	69781	Penicillium oxalicum	fungi	PZ627224.1	634	500	500	61.2000	ITS1-5.8S-ITS2	ITSx-region-extraction
MPDB004791	69781	Penicillium oxalicum	fungi	PZ627227.1	631	500	500	61.2000	ITS1-5.8S-ITS2	ITSx-region-extraction
MPDB004792	69781	Penicillium oxalicum	fungi	PZ627228.1	723	501	501	61.2774	ITS1-5.8S-ITS2	ITSx-region-extraction
MPDB004793	69781	Penicillium oxalicum	fungi	PZ737106.1	594	500	500	61.2000	ITS1-5.8S-ITS2	ITSx-region-extraction
MPDB004794	69781	Penicillium oxalicum	fungi	PZ766234.1	579	527	527	60.3416	ITS1-5.8S-ITS2	ITSx-region-extraction
MPDB004795	69781	Penicillium oxalicum	fungi	PZ805041.1	549	489	489	61.1452	ITS1-5.8S-ITS2	ITSx-region-extraction
MPDB004796	72558	Sporisorium reilianum (Sphacelotheca reiliana)	fungi	AF038827.1	742	653	653	48.2389	ITS1-5.8S-ITS2	ITSx-region-extraction
MPDB004797	72558	Sporisorium reilianum (Sphacelotheca reiliana)	fungi	AF045870.1	740	651	651	48.6943	ITS1-5.8S-ITS2	ITSx-region-extraction
MPDB004798	72558	Sporisorium reilianum (Sphacelotheca reiliana)	fungi	AF135432.1	665	665	665	48.7218	ITS1-5.8S-ITS2	ITSx-region-extraction
MPDB004799	72558	Sporisorium reilianum (Sphacelotheca reiliana)	fungi	AY740163.1	1349	670	670	48.3582	ITS1-5.8S-ITS2	ITSx-region-extraction
MPDB004800	72558	Sporisorium reilianum (Sphacelotheca reiliana)	fungi	DQ875352.1	721	670	670	48.3582	ITS1-5.8S-ITS2	ITSx-region-extraction
MPDB004801	72558	Sporisorium reilianum (Sphacelotheca reiliana)	fungi	DQ979020.2	739	739	739	49.3878	ITS1-5.8S-ITS2	ITSx-region-extraction
MPDB004802	72558	Sporisorium reilianum (Sphacelotheca reiliana)	fungi	DQ979021.2	570	570	570	48.9286	ITS1-5.8S-ITS2	ITSx-region-extraction
MPDB004803	72558	Sporisorium reilianum (Sphacelotheca reiliana)	fungi	FJ167350.1	721	721	721	49.6533	ITS1-5.8S-ITS2	ITSx-region-extraction
MPDB004804	72558	Sporisorium reilianum (Sphacelotheca reiliana)	fungi	FJ167351.1	699	665	665	48.8722	ITS1-5.8S-ITS2	ITSx-region-extraction
MPDB004805	72558	Sporisorium reilianum (Sphacelotheca reiliana)	fungi	FJ167352.1	684	684	684	48.8304	ITS1-5.8S-ITS2	ITSx-region-extraction
MPDB004806	72558	Sporisorium reilianum (Sphacelotheca reiliana)	fungi	FJ167354.1	716	716	716	49.3017	ITS1-5.8S-ITS2	ITSx-region-extraction
MPDB004807	72558	Sporisorium reilianum (Sphacelotheca reiliana)	fungi	FJ167355.1	697	697	697	49.0674	ITS1-5.8S-ITS2	ITSx-region-extraction
MPDB004808	72558	Sporisorium reilianum (Sphacelotheca reiliana)	fungi	FJ167357.1	711	711	711	48.9451	ITS1-5.8S-ITS2	ITSx-region-extraction
MPDB004809	72558	Sporisorium reilianum (Sphacelotheca reiliana)	fungi	FJ167358.1	696	662	662	48.6405	ITS1-5.8S-ITS2	ITSx-region-extraction
MPDB004810	72558	Sporisorium reilianum (Sphacelotheca reiliana)	fungi	FJ167359.1	755	755	755	48.8742	ITS1-5.8S-ITS2	ITSx-region-extraction
MPDB004811	72558	Sporisorium reilianum (Sphacelotheca reiliana)	fungi	FJ167360.1	558	558	558	48.7455	ITS1-5.8S-ITS2	ITSx-region-extraction
MPDB004812	72558	Sporisorium reilianum (Sphacelotheca reiliana)	fungi	FJ167361.1	718	657	657	48.4018	ITS1-5.8S-ITS2	ITSx-region-extraction
MPDB004813	72558	Sporisorium reilianum (Sphacelotheca reiliana)	fungi	HQ011381.1	976	678	678	48.9676	ITS1-5.8S-ITS2	ITSx-region-extraction
MPDB004814	72558	Sporisorium reilianum (Sphacelotheca reiliana)	fungi	HQ641393.1	721	681	681	48.7518	ITS1-5.8S-ITS2	ITSx-region-extraction
MPDB004815	72558	Sporisorium reilianum (Sphacelotheca reiliana)	fungi	KC986979.1	649	649	649	48.6903	ITS1-5.8S-ITS2	ITSx-region-extraction
MPDB004816	72558	Sporisorium reilianum (Sphacelotheca reiliana)	fungi	KF706438.1	619	619	619	50.2423	ITS1-5.8S-ITS2	ITSx-region-extraction
MPDB004818	72558	Sporisorium reilianum (Sphacelotheca reiliana)	fungi	KY856895.1	1226	652	652	48.7730	ITS1-5.8S-ITS2	ITSx-region-extraction
MPDB004819	72558	Sporisorium reilianum (Sphacelotheca reiliana)	fungi	KY856896.1	1217	652	652	48.7730	ITS1-5.8S-ITS2	ITSx-region-extraction
MPDB004820	72558	Sporisorium reilianum (Sphacelotheca reiliana)	fungi	MH854662.1	756	661	661	45.0832	ITS1-5.8S-ITS2	ITSx-region-extraction
MPDB004821	72558	Sporisorium reilianum (Sphacelotheca reiliana)	fungi	MN049265.1	643	643	643	49.4557	ITS1-5.8S-ITS2	ITSx-region-extraction
MPDB004822	72558	Sporisorium reilianum (Sphacelotheca reiliana)	fungi	MN049270.1	643	643	643	49.4557	ITS1-5.8S-ITS2	ITSx-region-extraction
MPDB004823	72558	Sporisorium reilianum (Sphacelotheca reiliana)	fungi	MN049272.1	643	643	643	49.4557	ITS1-5.8S-ITS2	ITSx-region-extraction
MPDB004824	72558	Sporisorium reilianum (Sphacelotheca reiliana)	fungi	MN049274.1	643	643	643	49.3002	ITS1-5.8S-ITS2	ITSx-region-extraction
MPDB004825	72558	Sporisorium reilianum (Sphacelotheca reiliana)	fungi	MN049276.1	643	643	643	49.4557	ITS1-5.8S-ITS2	ITSx-region-extraction
MPDB004826	72558	Sporisorium reilianum (Sphacelotheca reiliana)	fungi	MN049277.1	643	643	643	49.4557	ITS1-5.8S-ITS2	ITSx-region-extraction
MPDB004827	72558	Sporisorium reilianum (Sphacelotheca reiliana)	fungi	OP704120.1	690	627	627	49.4418	ITS1-5.8S-ITS2	ITSx-region-extraction
MPDB004828	72558	Sporisorium reilianum (Sphacelotheca reiliana)	fungi	OR042783.1	681	681	681	48.6050	ITS1-5.8S-ITS2	ITSx-region-extraction
MPDB004829	749593	Epicoccum sorghinum/Phoma sorghina	fungi	MH860479.1	479	451	451	45.2328	ITS1-5.8S-ITS2	ITSx-region-extraction
MPDB004830	749593	Epicoccum sorghinum/Phoma sorghina	fungi	PX607714.1	333	333	333	45.3453	ITS1-5.8S-ITS2	ITSx-region-extraction
MPDB004831	749593	Epicoccum sorghinum/Phoma sorghina	fungi	PZ019625.1	458	424	424	45.5189	ITS1-5.8S-ITS2	ITSx-region-extraction
MPDB004832	749593	Epicoccum sorghinum/Phoma sorghina	fungi	PZ043039.1	492	442	442	45.7014	ITS1-5.8S-ITS2	ITSx-region-extraction
MPDB004833	749593	Epicoccum sorghinum/Phoma sorghina	fungi	PZ111327.1	536	444	444	45.4955	ITS1-5.8S-ITS2	ITSx-region-extraction
MPDB004834	749593	Epicoccum sorghinum/Phoma sorghina	fungi	PZ113135.1	509	445	445	45.6180	ITS1-5.8S-ITS2	ITSx-region-extraction
MPDB004835	749593	Epicoccum sorghinum/Phoma sorghina	fungi	PZ120706.1	516	440	440	45.9091	ITS1-5.8S-ITS2	ITSx-region-extraction
MPDB004836	749593	Epicoccum sorghinum/Phoma sorghina	fungi	PZ120707.1	514	438	438	45.4338	ITS1-5.8S-ITS2	ITSx-region-extraction
MPDB004837	749593	Epicoccum sorghinum/Phoma sorghina	fungi	PZ120710.1	493	431	431	45.2436	ITS1-5.8S-ITS2	ITSx-region-extraction
MPDB004838	749593	Epicoccum sorghinum/Phoma sorghina	fungi	PZ120711.1	498	434	434	45.6221	ITS1-5.8S-ITS2	ITSx-region-extraction
MPDB004839	749593	Epicoccum sorghinum/Phoma sorghina	fungi	PZ120737.1	505	433	433	45.7275	ITS1-5.8S-ITS2	ITSx-region-extraction
MPDB004840	749593	Epicoccum sorghinum/Phoma sorghina	fungi	PZ120780.1	499	436	436	45.6422	ITS1-5.8S-ITS2	ITSx-region-extraction
MPDB004841	749593	Epicoccum sorghinum/Phoma sorghina	fungi	PZ120811.1	530	452	452	46.0177	ITS1-5.8S-ITS2	ITSx-region-extraction
MPDB004842	749593	Epicoccum sorghinum/Phoma sorghina	fungi	PZ120812.1	525	450	450	45.5556	ITS1-5.8S-ITS2	ITSx-region-extraction
MPDB004843	749593	Epicoccum sorghinum/Phoma sorghina	fungi	PZ120814.1	515	449	449	45.2116	ITS1-5.8S-ITS2	ITSx-region-extraction
MPDB004844	749593	Epicoccum sorghinum/Phoma sorghina	fungi	PZ120823.1	524	447	447	46.0850	ITS1-5.8S-ITS2	ITSx-region-extraction
MPDB004845	749593	Epicoccum sorghinum/Phoma sorghina	fungi	PZ185680.1	481	432	432	45.6019	ITS1-5.8S-ITS2	ITSx-region-extraction
MPDB004846	749593	Epicoccum sorghinum/Phoma sorghina	fungi	PZ210243.1	561	444	444	45.4955	ITS1-5.8S-ITS2	ITSx-region-extraction
MPDB004847	749593	Epicoccum sorghinum/Phoma sorghina	fungi	PZ234618.1	497	449	449	44.9889	ITS1-5.8S-ITS2	ITSx-region-extraction
MPDB004848	749593	Epicoccum sorghinum/Phoma sorghina	fungi	PZ234619.1	480	436	436	47.0183	ITS1-5.8S-ITS2	ITSx-region-extraction
MPDB004849	749593	Epicoccum sorghinum/Phoma sorghina	fungi	PZ234620.1	496	447	447	44.7427	ITS1-5.8S-ITS2	ITSx-region-extraction
MPDB004850	749593	Epicoccum sorghinum/Phoma sorghina	fungi	PZ234627.1	503	460	460	45.6522	ITS1-5.8S-ITS2	ITSx-region-extraction
MPDB004851	749593	Epicoccum sorghinum/Phoma sorghina	fungi	PZ242099.1	509	446	446	46.1883	ITS1-5.8S-ITS2	ITSx-region-extraction
MPDB004852	749593	Epicoccum sorghinum/Phoma sorghina	fungi	PZ266593.1	488	427	427	45.4333	ITS1-5.8S-ITS2	ITSx-region-extraction
MPDB004853	749593	Epicoccum sorghinum/Phoma sorghina	fungi	PZ269061.1	576	444	444	45.4955	ITS1-5.8S-ITS2	ITSx-region-extraction
MPDB004854	749593	Epicoccum sorghinum/Phoma sorghina	fungi	PZ269065.1	575	444	444	45.4955	ITS1-5.8S-ITS2	ITSx-region-extraction
MPDB004855	749593	Epicoccum sorghinum/Phoma sorghina	fungi	PZ269068.1	576	444	444	45.4955	ITS1-5.8S-ITS2	ITSx-region-extraction
MPDB004856	749593	Epicoccum sorghinum/Phoma sorghina	fungi	PZ342885.1	579	444	444	45.4955	ITS1-5.8S-ITS2	ITSx-region-extraction
MPDB004857	749593	Epicoccum sorghinum/Phoma sorghina	fungi	PZ403271.1	425	425	425	45.6731	ITS1-5.8S-ITS2	ITSx-region-extraction
MPDB004858	749593	Epicoccum sorghinum/Phoma sorghina	fungi	PZ403274.1	482	482	482	45.6432	ITS1-5.8S-ITS2	ITSx-region-extraction
MPDB004859	749593	Epicoccum sorghinum/Phoma sorghina	fungi	PZ403275.1	482	482	482	45.6432	ITS1-5.8S-ITS2	ITSx-region-extraction
MPDB004860	749593	Epicoccum sorghinum/Phoma sorghina	fungi	PZ403276.1	462	462	462	45.1193	ITS1-5.8S-ITS2	ITSx-region-extraction
MPDB004861	749593	Epicoccum sorghinum/Phoma sorghina	fungi	PZ403277.1	438	438	438	45.2656	ITS1-5.8S-ITS2	ITSx-region-extraction
MPDB004862	749593	Epicoccum sorghinum/Phoma sorghina	fungi	PZ403278.1	486	449	449	45.2116	ITS1-5.8S-ITS2	ITSx-region-extraction
MPDB004863	749593	Epicoccum sorghinum/Phoma sorghina	fungi	PZ403279.1	418	418	418	46.1722	ITS1-5.8S-ITS2	ITSx-region-extraction
MPDB004864	749593	Epicoccum sorghinum/Phoma sorghina	fungi	PZ403280.1	470	470	470	44.5175	ITS1-5.8S-ITS2	ITSx-region-extraction
MPDB004865	749593	Epicoccum sorghinum/Phoma sorghina	fungi	PZ485091.1	509	448	448	45.9821	ITS1-5.8S-ITS2	ITSx-region-extraction
MPDB004866	749593	Epicoccum sorghinum/Phoma sorghina	fungi	PZ556319.1	527	470	470	45.9574	ITS1-5.8S-ITS2	ITSx-region-extraction
MPDB004867	749593	Epicoccum sorghinum/Phoma sorghina	fungi	PZ611728.1	459	431	431	45.4756	ITS1-5.8S-ITS2	ITSx-region-extraction
MPDB004868	749593	Epicoccum sorghinum/Phoma sorghina	fungi	PZ611729.1	450	407	407	45.2088	ITS1-5.8S-ITS2	ITSx-region-extraction
MPDB004869	749593	Epicoccum sorghinum/Phoma sorghina	fungi	PZ695142.1	465	426	426	46.4789	ITS1-5.8S-ITS2	ITSx-region-extraction
MPDB004870	749593	Epicoccum sorghinum/Phoma sorghina	fungi	PZ780856.1	550	444	444	45.7207	ITS1-5.8S-ITS2	ITSx-region-extraction
MPDB004871	749593	Epicoccum sorghinum/Phoma sorghina	fungi	PZ790546.1	538	444	444	45.4955	ITS1-5.8S-ITS2	ITSx-region-extraction
MPDB004872	76351	Ceratobasidium cereale (Rhizoctonia cerealis)	fungi	OR980720.1	645	605	605	42.4793	ITS1-5.8S-ITS2	ITSx-region-extraction
MPDB004873	76351	Ceratobasidium cereale (Rhizoctonia cerealis)	fungi	OR980721.1	647	607	607	42.5041	ITS1-5.8S-ITS2	ITSx-region-extraction
MPDB004874	76351	Ceratobasidium cereale (Rhizoctonia cerealis)	fungi	OR980722.1	647	607	607	42.5041	ITS1-5.8S-ITS2	ITSx-region-extraction
MPDB004875	76351	Ceratobasidium cereale (Rhizoctonia cerealis)	fungi	OR980723.1	647	607	607	42.8336	ITS1-5.8S-ITS2	ITSx-region-extraction
MPDB004876	76351	Ceratobasidium cereale (Rhizoctonia cerealis)	fungi	OR980724.1	647	607	607	42.1746	ITS1-5.8S-ITS2	ITSx-region-extraction
MPDB004877	76351	Ceratobasidium cereale (Rhizoctonia cerealis)	fungi	OR980725.1	647	607	607	42.1746	ITS1-5.8S-ITS2	ITSx-region-extraction
MPDB004878	76351	Ceratobasidium cereale (Rhizoctonia cerealis)	fungi	OR980726.1	647	607	607	42.5041	ITS1-5.8S-ITS2	ITSx-region-extraction
MPDB004879	76351	Ceratobasidium cereale (Rhizoctonia cerealis)	fungi	OR980727.1	685	595	595	43.0252	ITS1-5.8S-ITS2	ITSx-region-extraction
MPDB004880	76351	Ceratobasidium cereale (Rhizoctonia cerealis)	fungi	OR980729.1	681	594	594	42.7609	ITS1-5.8S-ITS2	ITSx-region-extraction
MPDB004881	76351	Ceratobasidium cereale (Rhizoctonia cerealis)	fungi	OR980730.1	681	594	594	42.9293	ITS1-5.8S-ITS2	ITSx-region-extraction
MPDB004882	76351	Ceratobasidium cereale (Rhizoctonia cerealis)	fungi	OR980731.1	681	594	594	43.0976	ITS1-5.8S-ITS2	ITSx-region-extraction
MPDB004883	76351	Ceratobasidium cereale (Rhizoctonia cerealis)	fungi	OR980732.1	683	596	596	42.7852	ITS1-5.8S-ITS2	ITSx-region-extraction
MPDB004884	76351	Ceratobasidium cereale (Rhizoctonia cerealis)	fungi	OR980733.1	372	211	211	41.7062	ITS1	ITSx-region-extraction
MPDB004885	76351	Ceratobasidium cereale (Rhizoctonia cerealis)	fungi	OR980734.1	372	211	211	41.7062	ITS1	ITSx-region-extraction
MPDB004886	76351	Ceratobasidium cereale (Rhizoctonia cerealis)	fungi	OR980735.1	370	210	210	42.8571	ITS1	ITSx-region-extraction
MPDB004887	76351	Ceratobasidium cereale (Rhizoctonia cerealis)	fungi	OR980736.1	371	211	211	42.1801	ITS1	ITSx-region-extraction
MPDB004888	76351	Ceratobasidium cereale (Rhizoctonia cerealis)	fungi	OR980737.1	369	209	209	42.1053	ITS1	ITSx-region-extraction
MPDB004889	76351	Ceratobasidium cereale (Rhizoctonia cerealis)	fungi	OR980738.1	370	209	209	42.1053	ITS1	ITSx-region-extraction
MPDB004890	76351	Ceratobasidium cereale (Rhizoctonia cerealis)	fungi	OR980739.1	564	500	500	41.6000	ITS1-5.8S-ITS2	ITSx-region-extraction
MPDB004891	76351	Ceratobasidium cereale (Rhizoctonia cerealis)	fungi	OR980740.1	685	595	595	43.1933	ITS1-5.8S-ITS2	ITSx-region-extraction
MPDB004892	76351	Ceratobasidium cereale (Rhizoctonia cerealis)	fungi	OR980741.1	686	596	596	42.7852	ITS1-5.8S-ITS2	ITSx-region-extraction
MPDB004893	76351	Ceratobasidium cereale (Rhizoctonia cerealis)	fungi	OR980742.1	686	596	596	42.6174	ITS1-5.8S-ITS2	ITSx-region-extraction
MPDB004894	76351	Ceratobasidium cereale (Rhizoctonia cerealis)	fungi	OR980743.1	684	594	594	42.9293	ITS1-5.8S-ITS2	ITSx-region-extraction
MPDB004895	76351	Ceratobasidium cereale (Rhizoctonia cerealis)	fungi	OR980744.1	647	607	607	42.5041	ITS1-5.8S-ITS2	ITSx-region-extraction
MPDB004896	76351	Ceratobasidium cereale (Rhizoctonia cerealis)	fungi	OR980745.1	647	607	607	42.5041	ITS1-5.8S-ITS2	ITSx-region-extraction
MPDB004897	76351	Ceratobasidium cereale (Rhizoctonia cerealis)	fungi	OR980746.1	645	605	605	42.3140	ITS1-5.8S-ITS2	ITSx-region-extraction
MPDB004898	76351	Ceratobasidium cereale (Rhizoctonia cerealis)	fungi	OR980747.1	645	605	605	42.6446	ITS1-5.8S-ITS2	ITSx-region-extraction
MPDB004899	76351	Ceratobasidium cereale (Rhizoctonia cerealis)	fungi	OR980748.1	646	606	606	42.9043	ITS1-5.8S-ITS2	ITSx-region-extraction
MPDB004900	76351	Ceratobasidium cereale (Rhizoctonia cerealis)	fungi	OR980749.1	645	605	605	42.8099	ITS1-5.8S-ITS2	ITSx-region-extraction
MPDB004901	76351	Ceratobasidium cereale (Rhizoctonia cerealis)	fungi	OR980750.1	645	605	605	42.9752	ITS1-5.8S-ITS2	ITSx-region-extraction
MPDB004902	76351	Ceratobasidium cereale (Rhizoctonia cerealis)	fungi	PP357949.1	688	596	596	42.6174	ITS1-5.8S-ITS2	ITSx-region-extraction
MPDB004903	76351	Ceratobasidium cereale (Rhizoctonia cerealis)	fungi	PP357952.1	687	595	595	43.0252	ITS1-5.8S-ITS2	ITSx-region-extraction
MPDB004904	76351	Ceratobasidium cereale (Rhizoctonia cerealis)	fungi	PP357954.1	688	596	596	42.6174	ITS1-5.8S-ITS2	ITSx-region-extraction
MPDB004905	76351	Ceratobasidium cereale (Rhizoctonia cerealis)	fungi	PP357959.1	601	601	601	43.5940	ITS1-5.8S-ITS2	ITSx-region-extraction
MPDB004906	76351	Ceratobasidium cereale (Rhizoctonia cerealis)	fungi	PP357968.1	683	596	596	42.6174	ITS1-5.8S-ITS2	ITSx-region-extraction
MPDB004907	76351	Ceratobasidium cereale (Rhizoctonia cerealis)	fungi	PP357969.1	678	595	595	43.5294	ITS1-5.8S-ITS2	ITSx-region-extraction
MPDB004908	76351	Ceratobasidium cereale (Rhizoctonia cerealis)	fungi	PQ879995.1	462	462	462	41.7749	ITS1-5.8S-ITS2	ITSx-region-extraction
MPDB004909	76351	Ceratobasidium cereale (Rhizoctonia cerealis)	fungi	PV849335.1	598	598	598	42.8094	ITS1-5.8S-ITS2	ITSx-region-extraction
MPDB004910	76351	Ceratobasidium cereale (Rhizoctonia cerealis)	fungi	PZ433256.1	1282	612	612	40.6863	ITS1-5.8S-ITS2	ITSx-region-extraction
MPDB004911	78864	Fusarium globosum	fungi	KP691023.1	475	475	475	51.7895	ITS1-5.8S-ITS2	ITSx-region-extraction
MPDB004912	78864	Fusarium globosum	fungi	KR909440.1	448	448	448	51.5625	ITS1-5.8S-ITS2	ITSx-region-extraction
MPDB004913	78864	Fusarium globosum	fungi	KR909450.1	451	451	451	51.6630	ITS1-5.8S-ITS2	ITSx-region-extraction
MPDB004914	78864	Fusarium globosum	fungi	KU325145.1	443	395	395	51.6456	ITS1-5.8S-ITS2	ITSx-region-extraction
MPDB004915	78864	Fusarium globosum	fungi	LT746278.1	1419	468	468	52.1368	ITS1-5.8S-ITS2	ITSx-region-extraction
MPDB004916	78864	Fusarium globosum	fungi	LT746279.1	1421	468	468	52.1368	ITS1-5.8S-ITS2	ITSx-region-extraction
MPDB004917	78864	Fusarium globosum	fungi	LT746280.1	890	468	468	52.1368	ITS1-5.8S-ITS2	ITSx-region-extraction
MPDB004918	78864	Fusarium globosum	fungi	MG366132.1	522	453	453	52.3179	ITS1-5.8S-ITS2	ITSx-region-extraction
MPDB004919	78864	Fusarium globosum	fungi	PV186881.1	539	488	488	52.0492	ITS1-5.8S-ITS2	ITSx-region-extraction
MPDB004920	78864	Fusarium globosum	fungi	PV186882.1	564	501	501	52.0958	ITS1-5.8S-ITS2	ITSx-region-extraction
MPDB004921	78864	Fusarium globosum	fungi	PV186883.1	550	499	499	52.7054	ITS1-5.8S-ITS2	ITSx-region-extraction
MPDB004922	78864	Fusarium globosum	fungi	U61687.1	527	468	468	52.3504	ITS1-5.8S-ITS2	ITSx-region-extraction
MPDB004923	798162	Setophoma terrestris (Phoma terrestris/Pyrenochaeta terrestris )	fungi	MH855079.1	489	461	461	46.2039	ITS1-5.8S-ITS2	ITSx-region-extraction
MPDB004924	798162	Setophoma terrestris (Phoma terrestris/Pyrenochaeta terrestris )	fungi	MH857088.1	490	462	462	46.3203	ITS1-5.8S-ITS2	ITSx-region-extraction
MPDB004925	798162	Setophoma terrestris (Phoma terrestris/Pyrenochaeta terrestris )	fungi	OR119862.1	217	109	109	38.5321	ITS1	ITSx-region-extraction
MPDB004926	798162	Setophoma terrestris (Phoma terrestris/Pyrenochaeta terrestris )	fungi	OR119866.1	299	149	149	41.6107	ITS1	ITSx-region-extraction
MPDB004927	798162	Setophoma terrestris (Phoma terrestris/Pyrenochaeta terrestris )	fungi	PP758428.1	521	458	458	47.8166	ITS1-5.8S-ITS2	ITSx-region-extraction
MPDB004928	798162	Setophoma terrestris (Phoma terrestris/Pyrenochaeta terrestris )	fungi	PQ579615.1	255	149	149	50.3356	ITS2	ITSx-region-extraction
MPDB004929	798162	Setophoma terrestris (Phoma terrestris/Pyrenochaeta terrestris )	fungi	PQ764087.1	517	454	454	47.3568	ITS1-5.8S-ITS2	ITSx-region-extraction
MPDB004930	798162	Setophoma terrestris (Phoma terrestris/Pyrenochaeta terrestris )	fungi	PQ764088.1	520	456	456	47.5877	ITS1-5.8S-ITS2	ITSx-region-extraction
MPDB004931	798162	Setophoma terrestris (Phoma terrestris/Pyrenochaeta terrestris )	fungi	PQ771931.1	485	446	446	47.3094	ITS1-5.8S-ITS2	ITSx-region-extraction
MPDB004932	798162	Setophoma terrestris (Phoma terrestris/Pyrenochaeta terrestris )	fungi	PQ788715.1	504	453	453	47.4614	ITS1-5.8S-ITS2	ITSx-region-extraction
MPDB004933	798162	Setophoma terrestris (Phoma terrestris/Pyrenochaeta terrestris )	fungi	PQ788749.1	511	449	449	47.4388	ITS1-5.8S-ITS2	ITSx-region-extraction
MPDB004934	798162	Setophoma terrestris (Phoma terrestris/Pyrenochaeta terrestris )	fungi	PQ788750.1	516	453	453	47.4614	ITS1-5.8S-ITS2	ITSx-region-extraction
MPDB004935	798162	Setophoma terrestris (Phoma terrestris/Pyrenochaeta terrestris )	fungi	PV590710.1	1100	490	490	47.1074	ITS1-5.8S-ITS2	ITSx-region-extraction
MPDB004936	798162	Setophoma terrestris (Phoma terrestris/Pyrenochaeta terrestris )	fungi	PV593185.1	1040	455	455	46.4758	ITS1-5.8S-ITS2	ITSx-region-extraction
MPDB004937	798162	Setophoma terrestris (Phoma terrestris/Pyrenochaeta terrestris )	fungi	PV593203.1	1091	484	484	46.2656	ITS1-5.8S-ITS2	ITSx-region-extraction
MPDB004938	798162	Setophoma terrestris (Phoma terrestris/Pyrenochaeta terrestris )	fungi	PV805239.1	503	462	462	46.5368	ITS1-5.8S-ITS2	ITSx-region-extraction
MPDB004939	798162	Setophoma terrestris (Phoma terrestris/Pyrenochaeta terrestris )	fungi	PV825797.1	494	449	449	47.4388	ITS1-5.8S-ITS2	ITSx-region-extraction
MPDB004940	798162	Setophoma terrestris (Phoma terrestris/Pyrenochaeta terrestris )	fungi	PV992114.1	513	468	468	46.5812	ITS1-5.8S-ITS2	ITSx-region-extraction
MPDB004941	798162	Setophoma terrestris (Phoma terrestris/Pyrenochaeta terrestris )	fungi	PX022279.1	497	456	456	46.9298	ITS1-5.8S-ITS2	ITSx-region-extraction
MPDB004942	798162	Setophoma terrestris (Phoma terrestris/Pyrenochaeta terrestris )	fungi	PX048532.1	519	457	457	47.7024	ITS1-5.8S-ITS2	ITSx-region-extraction
MPDB004943	798162	Setophoma terrestris (Phoma terrestris/Pyrenochaeta terrestris )	fungi	PX048533.1	518	457	457	48.1400	ITS1-5.8S-ITS2	ITSx-region-extraction
MPDB004944	798162	Setophoma terrestris (Phoma terrestris/Pyrenochaeta terrestris )	fungi	PX048534.1	517	456	456	48.0263	ITS1-5.8S-ITS2	ITSx-region-extraction
MPDB004945	798162	Setophoma terrestris (Phoma terrestris/Pyrenochaeta terrestris )	fungi	PX587584.1	1141	455	455	47.0330	ITS1-5.8S-ITS2	ITSx-region-extraction
MPDB004946	798162	Setophoma terrestris (Phoma terrestris/Pyrenochaeta terrestris )	fungi	PX587585.1	1112	454	454	46.6960	ITS1-5.8S-ITS2	ITSx-region-extraction
MPDB004947	798162	Setophoma terrestris (Phoma terrestris/Pyrenochaeta terrestris )	fungi	PX587586.1	1129	454	454	47.1366	ITS1-5.8S-ITS2	ITSx-region-extraction
MPDB004948	798162	Setophoma terrestris (Phoma terrestris/Pyrenochaeta terrestris )	fungi	PX587587.1	1058	464	464	46.3895	ITS1-5.8S-ITS2	ITSx-region-extraction
MPDB004949	798162	Setophoma terrestris (Phoma terrestris/Pyrenochaeta terrestris )	fungi	PX587588.1	1128	482	482	47.0833	ITS1-5.8S-ITS2	ITSx-region-extraction
MPDB004950	798162	Setophoma terrestris (Phoma terrestris/Pyrenochaeta terrestris )	fungi	PX587589.1	1096	455	455	47.0330	ITS1-5.8S-ITS2	ITSx-region-extraction
MPDB004951	798162	Setophoma terrestris (Phoma terrestris/Pyrenochaeta terrestris )	fungi	PX587590.1	1112	454	454	46.6960	ITS1-5.8S-ITS2	ITSx-region-extraction
MPDB004952	798162	Setophoma terrestris (Phoma terrestris/Pyrenochaeta terrestris )	fungi	PX587591.1	1036	440	440	46.8182	ITS1-5.8S-ITS2	ITSx-region-extraction
MPDB004953	798162	Setophoma terrestris (Phoma terrestris/Pyrenochaeta terrestris )	fungi	PX587592.1	1110	454	454	46.9163	ITS1-5.8S-ITS2	ITSx-region-extraction
MPDB004954	798162	Setophoma terrestris (Phoma terrestris/Pyrenochaeta terrestris )	fungi	PX587593.1	1127	454	454	46.6960	ITS1-5.8S-ITS2	ITSx-region-extraction
MPDB004955	798162	Setophoma terrestris (Phoma terrestris/Pyrenochaeta terrestris )	fungi	PX587594.1	1083	468	468	46.5812	ITS1-5.8S-ITS2	ITSx-region-extraction
MPDB004956	798162	Setophoma terrestris (Phoma terrestris/Pyrenochaeta terrestris )	fungi	PX587595.1	1110	454	454	46.6960	ITS1-5.8S-ITS2	ITSx-region-extraction
MPDB004957	798162	Setophoma terrestris (Phoma terrestris/Pyrenochaeta terrestris )	fungi	PX587596.1	1109	454	454	46.6960	ITS1-5.8S-ITS2	ITSx-region-extraction
MPDB004958	798162	Setophoma terrestris (Phoma terrestris/Pyrenochaeta terrestris )	fungi	PX587597.1	1110	455	455	47.0330	ITS1-5.8S-ITS2	ITSx-region-extraction
MPDB004959	798162	Setophoma terrestris (Phoma terrestris/Pyrenochaeta terrestris )	fungi	PX587598.1	1137	455	455	47.0330	ITS1-5.8S-ITS2	ITSx-region-extraction
MPDB004960	798162	Setophoma terrestris (Phoma terrestris/Pyrenochaeta terrestris )	fungi	PX587599.1	1123	453	453	46.7991	ITS1-5.8S-ITS2	ITSx-region-extraction
MPDB004961	798162	Setophoma terrestris (Phoma terrestris/Pyrenochaeta terrestris )	fungi	PX657306.1	1101	454	454	46.6960	ITS1-5.8S-ITS2	ITSx-region-extraction
MPDB004962	798162	Setophoma terrestris (Phoma terrestris/Pyrenochaeta terrestris )	fungi	PX657319.1	1110	454	454	46.6960	ITS1-5.8S-ITS2	ITSx-region-extraction
MPDB004963	798162	Setophoma terrestris (Phoma terrestris/Pyrenochaeta terrestris )	fungi	PX875970.1	541	455	455	47.0330	ITS1-5.8S-ITS2	ITSx-region-extraction
MPDB004964	798162	Setophoma terrestris (Phoma terrestris/Pyrenochaeta terrestris )	fungi	PZ503009.1	503	446	446	46.8610	ITS1-5.8S-ITS2	ITSx-region-extraction
MPDB004965	798162	Setophoma terrestris (Phoma terrestris/Pyrenochaeta terrestris )	fungi	PZ706505.1	462	418	418	46.4115	ITS1-5.8S-ITS2	ITSx-region-extraction
MPDB004966	80373	Harpophora maydis (Cephalosporium maydis/Magnaporthiopsis maydis)	fungi	AY428787.1	557	485	485	57.3196	ITS1-5.8S-ITS2	ITSx-region-extraction
MPDB004967	80373	Harpophora maydis (Cephalosporium maydis/Magnaporthiopsis maydis)	fungi	AY428788.1	556	484	484	57.4380	ITS1-5.8S-ITS2	ITSx-region-extraction
MPDB004968	80373	Harpophora maydis (Cephalosporium maydis/Magnaporthiopsis maydis)	fungi	KM009161.1	486	486	486	56.5844	ITS1-5.8S-ITS2	ITSx-region-extraction
MPDB004969	80373	Harpophora maydis (Cephalosporium maydis/Magnaporthiopsis maydis)	fungi	KM484857.1	509	509	509	56.9745	ITS1-5.8S-ITS2	ITSx-region-extraction
MPDB004970	80373	Harpophora maydis (Cephalosporium maydis/Magnaporthiopsis maydis)	fungi	KM484858.1	519	491	491	57.0265	ITS1-5.8S-ITS2	ITSx-region-extraction
MPDB004971	80373	Harpophora maydis (Cephalosporium maydis/Magnaporthiopsis maydis)	fungi	KM484859.1	535	496	496	57.4597	ITS1-5.8S-ITS2	ITSx-region-extraction
MPDB004972	80373	Harpophora maydis (Cephalosporium maydis/Magnaporthiopsis maydis)	fungi	KP164518.1	409	409	409	58.1907	ITS1-5.8S-ITS2	ITSx-region-extraction
MPDB004973	80373	Harpophora maydis (Cephalosporium maydis/Magnaporthiopsis maydis)	fungi	KX306544.1	606	491	491	57.4338	ITS1-5.8S-ITS2	ITSx-region-extraction
MPDB004975	80373	Harpophora maydis (Cephalosporium maydis/Magnaporthiopsis maydis)	fungi	LC936394.1	364	364	364	53.8462	ITS1-5.8S-ITS2	ITSx-region-extraction
MPDB004976	80373	Harpophora maydis (Cephalosporium maydis/Magnaporthiopsis maydis)	fungi	LC936395.1	499	499	499	55.5110	ITS1-5.8S-ITS2	ITSx-region-extraction
MPDB004977	80373	Harpophora maydis (Cephalosporium maydis/Magnaporthiopsis maydis)	fungi	MT571490.1	503	503	503	59.0457	ITS1-5.8S-ITS2	ITSx-region-extraction
MPDB004978	80373	Harpophora maydis (Cephalosporium maydis/Magnaporthiopsis maydis)	fungi	MT612347.1	579	484	484	57.3499	ITS1-5.8S-ITS2	ITSx-region-extraction
MPDB004979	80373	Harpophora maydis (Cephalosporium maydis/Magnaporthiopsis maydis)	fungi	MT612350.1	573	484	484	57.3499	ITS1-5.8S-ITS2	ITSx-region-extraction
MPDB004980	80373	Harpophora maydis (Cephalosporium maydis/Magnaporthiopsis maydis)	fungi	MT612427.1	573	484	484	57.4380	ITS1-5.8S-ITS2	ITSx-region-extraction
MPDB004981	80373	Harpophora maydis (Cephalosporium maydis/Magnaporthiopsis maydis)	fungi	MT621196.1	573	484	484	57.2614	ITS1-5.8S-ITS2	ITSx-region-extraction
MPDB004982	80373	Harpophora maydis (Cephalosporium maydis/Magnaporthiopsis maydis)	fungi	MZ888512.1	572	509	509	56.9745	ITS1-5.8S-ITS2	ITSx-region-extraction
MPDB004983	80373	Harpophora maydis (Cephalosporium maydis/Magnaporthiopsis maydis)	fungi	MZ889012.1	574	511	511	56.6667	ITS1-5.8S-ITS2	ITSx-region-extraction
MPDB004984	80373	Harpophora maydis (Cephalosporium maydis/Magnaporthiopsis maydis)	fungi	MZ914683.1	574	511	511	56.6667	ITS1-5.8S-ITS2	ITSx-region-extraction
MPDB004985	80373	Harpophora maydis (Cephalosporium maydis/Magnaporthiopsis maydis)	fungi	MZ914686.1	573	510	510	56.4706	ITS1-5.8S-ITS2	ITSx-region-extraction
MPDB004986	80373	Harpophora maydis (Cephalosporium maydis/Magnaporthiopsis maydis)	fungi	MZ914693.1	576	514	514	56.6148	ITS1-5.8S-ITS2	ITSx-region-extraction
MPDB004987	80373	Harpophora maydis (Cephalosporium maydis/Magnaporthiopsis maydis)	fungi	MZ918941.1	571	509	509	56.7780	ITS1-5.8S-ITS2	ITSx-region-extraction
MPDB004988	80373	Harpophora maydis (Cephalosporium maydis/Magnaporthiopsis maydis)	fungi	MZ918946.1	574	512	512	56.0547	ITS1-5.8S-ITS2	ITSx-region-extraction
MPDB004989	80373	Harpophora maydis (Cephalosporium maydis/Magnaporthiopsis maydis)	fungi	MZ918991.1	572	510	510	56.0784	ITS1-5.8S-ITS2	ITSx-region-extraction
MPDB004990	80373	Harpophora maydis (Cephalosporium maydis/Magnaporthiopsis maydis)	fungi	MZ919304.1	573	511	511	56.3851	ITS1-5.8S-ITS2	ITSx-region-extraction
MPDB004991	80373	Harpophora maydis (Cephalosporium maydis/Magnaporthiopsis maydis)	fungi	ON564309.1	552	480	480	57.5000	ITS1-5.8S-ITS2	ITSx-region-extraction
MPDB004992	80373	Harpophora maydis (Cephalosporium maydis/Magnaporthiopsis maydis)	fungi	OP890270.1	515	489	489	56.8507	ITS1-5.8S-ITS2	ITSx-region-extraction
MPDB004993	80373	Harpophora maydis (Cephalosporium maydis/Magnaporthiopsis maydis)	fungi	OR511501.1	536	497	497	57.3441	ITS1-5.8S-ITS2	ITSx-region-extraction
MPDB004994	80373	Harpophora maydis (Cephalosporium maydis/Magnaporthiopsis maydis)	fungi	OR511502.1	544	484	484	57.4380	ITS1-5.8S-ITS2	ITSx-region-extraction
MPDB004995	80373	Harpophora maydis (Cephalosporium maydis/Magnaporthiopsis maydis)	fungi	OR511503.1	541	484	484	57.4380	ITS1-5.8S-ITS2	ITSx-region-extraction
MPDB004996	80373	Harpophora maydis (Cephalosporium maydis/Magnaporthiopsis maydis)	fungi	PP794674.1	549	488	488	56.5574	ITS1-5.8S-ITS2	ITSx-region-extraction
MPDB004997	80373	Harpophora maydis (Cephalosporium maydis/Magnaporthiopsis maydis)	fungi	PQ554801.1	658	658	658	53.2209	ITS1-5.8S-ITS2	ITSx-region-extraction
MPDB004998	80373	Harpophora maydis (Cephalosporium maydis/Magnaporthiopsis maydis)	fungi	PQ554802.1	573	512	512	58.0392	ITS1-5.8S-ITS2	ITSx-region-extraction
MPDB004999	80373	Harpophora maydis (Cephalosporium maydis/Magnaporthiopsis maydis)	fungi	PQ554803.1	584	521	521	56.8665	ITS1-5.8S-ITS2	ITSx-region-extraction
MPDB005000	80373	Harpophora maydis (Cephalosporium maydis/Magnaporthiopsis maydis)	fungi	PQ608555.1	551	489	489	56.6462	ITS1-5.8S-ITS2	ITSx-region-extraction
MPDB005001	80373	Harpophora maydis (Cephalosporium maydis/Magnaporthiopsis maydis)	fungi	PQ608559.1	541	489	489	56.4417	ITS1-5.8S-ITS2	ITSx-region-extraction
MPDB005002	80373	Harpophora maydis (Cephalosporium maydis/Magnaporthiopsis maydis)	fungi	PQ609368.1	572	511	511	57.7299	ITS1-5.8S-ITS2	ITSx-region-extraction
MPDB005003	80373	Harpophora maydis (Cephalosporium maydis/Magnaporthiopsis maydis)	fungi	PQ609371.1	551	489	489	56.4417	ITS1-5.8S-ITS2	ITSx-region-extraction
MPDB005004	80373	Harpophora maydis (Cephalosporium maydis/Magnaporthiopsis maydis)	fungi	PV498746.1	492	438	438	56.3927	ITS1-5.8S-ITS2	ITSx-region-extraction
MPDB005005	80373	Harpophora maydis (Cephalosporium maydis/Magnaporthiopsis maydis)	fungi	PX507523.1	501	501	501	56.6866	ITS1-5.8S-ITS2	ITSx-region-extraction
MPDB005006	80373	Harpophora maydis (Cephalosporium maydis/Magnaporthiopsis maydis)	fungi	PZ744401.1	549	488	488	56.1475	ITS1-5.8S-ITS2	ITSx-region-extraction
MPDB005007	80373	Harpophora maydis (Cephalosporium maydis/Magnaporthiopsis maydis)	fungi	PZ746696.1	649	649	649	53.4669	ITS1-5.8S-ITS2	ITSx-region-extraction
MPDB005008	80373	Harpophora maydis (Cephalosporium maydis/Magnaporthiopsis maydis)	fungi	PZ746748.1	549	488	488	56.1475	ITS1-5.8S-ITS2	ITSx-region-extraction
MPDB005009	86545	Fusarium chlamydosporum	fungi	MH854820.1	527	478	478	52.3013	ITS1-5.8S-ITS2	ITSx-region-extraction
MPDB005010	86545	Fusarium chlamydosporum	fungi	MH858030.1	563	475	475	52.6316	ITS1-5.8S-ITS2	ITSx-region-extraction
MPDB005011	86545	Fusarium chlamydosporum	fungi	MH858262.1	566	475	475	52.6316	ITS1-5.8S-ITS2	ITSx-region-extraction
MPDB005012	86545	Fusarium chlamydosporum	fungi	MH859028.1	568	472	472	52.5424	ITS1-5.8S-ITS2	ITSx-region-extraction
MPDB005013	86545	Fusarium chlamydosporum	fungi	MH861111.1	564	472	472	52.7542	ITS1-5.8S-ITS2	ITSx-region-extraction
MPDB005014	86545	Fusarium chlamydosporum	fungi	OQ401035.1	521	459	459	51.4161	ITS1-5.8S-ITS2	ITSx-region-extraction
MPDB005015	86545	Fusarium chlamydosporum	fungi	PV111241.1	433	433	433	50.3464	ITS1-5.8S-ITS2	ITSx-region-extraction
MPDB005016	86545	Fusarium chlamydosporum	fungi	PV130019.1	571	475	475	53.0526	ITS1-5.8S-ITS2	ITSx-region-extraction
MPDB005017	86545	Fusarium chlamydosporum	fungi	PV257668.1	529	470	470	50.4255	ITS1-5.8S-ITS2	ITSx-region-extraction
MPDB005018	86545	Fusarium chlamydosporum	fungi	PV300414.1	551	455	455	50.3297	ITS1-5.8S-ITS2	ITSx-region-extraction
MPDB005019	86545	Fusarium chlamydosporum	fungi	PV358379.1	494	433	433	50.5774	ITS1-5.8S-ITS2	ITSx-region-extraction
MPDB005020	86545	Fusarium chlamydosporum	fungi	PV363052.1	546	455	455	50.3297	ITS1-5.8S-ITS2	ITSx-region-extraction
MPDB005021	86545	Fusarium chlamydosporum	fungi	PV391005.1	486	454	454	51.5419	ITS1-5.8S-ITS2	ITSx-region-extraction
MPDB005022	86545	Fusarium chlamydosporum	fungi	PV533797.1	538	474	474	50.6329	ITS1-5.8S-ITS2	ITSx-region-extraction
MPDB005023	86545	Fusarium chlamydosporum	fungi	PV746292.1	547	455	455	50.3297	ITS1-5.8S-ITS2	ITSx-region-extraction
MPDB005024	86545	Fusarium chlamydosporum	fungi	PV752255.1	393	365	365	49.7253	ITS1-5.8S-ITS2	ITSx-region-extraction
MPDB005025	86545	Fusarium chlamydosporum	fungi	PV864969.1	513	453	453	51.2141	ITS1-5.8S-ITS2	ITSx-region-extraction
MPDB005026	86545	Fusarium chlamydosporum	fungi	PV931339.1	514	452	452	51.1062	ITS1-5.8S-ITS2	ITSx-region-extraction
MPDB005027	86545	Fusarium chlamydosporum	fungi	PX061165.1	525	464	464	52.8017	ITS1-5.8S-ITS2	ITSx-region-extraction
MPDB005028	86545	Fusarium chlamydosporum	fungi	PX363178.1	525	475	475	50.7368	ITS1-5.8S-ITS2	ITSx-region-extraction
MPDB005029	86545	Fusarium chlamydosporum	fungi	PX482664.1	549	455	455	50.3297	ITS1-5.8S-ITS2	ITSx-region-extraction
MPDB005030	86545	Fusarium chlamydosporum	fungi	PX715897.1	496	447	447	50.5593	ITS1-5.8S-ITS2	ITSx-region-extraction
MPDB005031	86545	Fusarium chlamydosporum	fungi	PX776336.1	222	147	147	51.0204	ITS1	ITSx-region-extraction
MPDB005032	86545	Fusarium chlamydosporum	fungi	PX795658.1	409	409	409	51.2255	ITS1-5.8S-ITS2	ITSx-region-extraction
MPDB005033	86545	Fusarium chlamydosporum	fungi	PX870016.1	562	472	472	52.9661	ITS1-5.8S-ITS2	ITSx-region-extraction
MPDB005034	86545	Fusarium chlamydosporum	fungi	PZ014418.1	566	474	474	52.5316	ITS1-5.8S-ITS2	ITSx-region-extraction
MPDB005035	86545	Fusarium chlamydosporum	fungi	PZ052245.1	444	444	444	50.4505	ITS1-5.8S-ITS2	ITSx-region-extraction
MPDB005036	86545	Fusarium chlamydosporum	fungi	PZ094086.1	522	455	455	50.3297	ITS1-5.8S-ITS2	ITSx-region-extraction
MPDB005037	86545	Fusarium chlamydosporum	fungi	PZ266666.1	480	435	435	50.3448	ITS1-5.8S-ITS2	ITSx-region-extraction
MPDB005038	86545	Fusarium chlamydosporum	fungi	PZ266810.1	498	465	465	50.5376	ITS1-5.8S-ITS2	ITSx-region-extraction
MPDB005039	86545	Fusarium chlamydosporum	fungi	PZ274704.1	506	445	445	50.5618	ITS1-5.8S-ITS2	ITSx-region-extraction
MPDB005040	86545	Fusarium chlamydosporum	fungi	PZ274705.1	500	439	439	50.3417	ITS1-5.8S-ITS2	ITSx-region-extraction
MPDB005041	86545	Fusarium chlamydosporum	fungi	PZ274706.1	516	453	453	50.9934	ITS1-5.8S-ITS2	ITSx-region-extraction
MPDB005042	86545	Fusarium chlamydosporum	fungi	PZ278573.1	480	429	429	49.8834	ITS1-5.8S-ITS2	ITSx-region-extraction
MPDB005043	86545	Fusarium chlamydosporum	fungi	PZ278574.1	483	419	419	50.3580	ITS1-5.8S-ITS2	ITSx-region-extraction
MPDB005044	86545	Fusarium chlamydosporum	fungi	PZ278575.1	484	421	421	50.1188	ITS1-5.8S-ITS2	ITSx-region-extraction
MPDB005045	86545	Fusarium chlamydosporum	fungi	PZ298241.1	534	489	489	52.5562	ITS1-5.8S-ITS2	ITSx-region-extraction
MPDB005046	86545	Fusarium chlamydosporum	fungi	PZ413562.1	503	469	469	49.8934	ITS1-5.8S-ITS2	ITSx-region-extraction
MPDB005047	86545	Fusarium chlamydosporum	fungi	PZ477978.1	516	453	453	50.9934	ITS1-5.8S-ITS2	ITSx-region-extraction
MPDB005048	86545	Fusarium chlamydosporum	fungi	PZ478031.1	508	448	448	50.4464	ITS1-5.8S-ITS2	ITSx-region-extraction
MPDB005049	86545	Fusarium chlamydosporum	fungi	PZ478038.1	509	448	448	50.6696	ITS1-5.8S-ITS2	ITSx-region-extraction
MPDB005050	86545	Fusarium chlamydosporum	fungi	PZ687512.1	513	464	464	50.2155	ITS1-5.8S-ITS2	ITSx-region-extraction
MPDB005051	86545	Fusarium chlamydosporum	fungi	PZ734417.1	570	508	508	53.3465	ITS1-5.8S-ITS2	ITSx-region-extraction
MPDB005052	89175	Claviceps gigantea	fungi	AJ133394.2	1187	535	535	58.8785	ITS1-5.8S-ITS2	ITSx-region-extraction
MPDB005053	89175	Claviceps gigantea	fungi	KJ543564.1	623	546	546	59.8901	ITS1-5.8S-ITS2	ITSx-region-extraction
MPDB005054	89175	Claviceps gigantea	fungi	KJ543565.1	954	954	954	56.4990	ITS1-5.8S-ITS2	ITSx-region-extraction
MPDB005055	89175	Claviceps gigantea	fungi	KJ543566.1	594	531	531	59.3220	ITS1-5.8S-ITS2	ITSx-region-extraction
MPDB005056	89175	Claviceps gigantea	fungi	KJ543567.1	620	543	543	58.9319	ITS1-5.8S-ITS2	ITSx-region-extraction
MPDB005057	89175	Claviceps gigantea	fungi	LT216445.1	1149	535	535	58.8785	ITS1-5.8S-ITS2	ITSx-region-extraction
MPDB005058	89175	Claviceps gigantea	fungi	LT216446.1	1148	535	535	58.8785	ITS1-5.8S-ITS2	ITSx-region-extraction
MPDB005059	91365	Curvularia australiensis	fungi	HE792906.1	518	476	476	47.2689	ITS1-5.8S-ITS2	ITSx-region-extraction
MPDB005060	91365	Curvularia australiensis	fungi	HE792907.1	406	406	406	47.0443	ITS1-5.8S-ITS2	ITSx-region-extraction
MPDB005061	91365	Curvularia australiensis	fungi	HF934912.1	675	497	497	47.4849	ITS1-5.8S-ITS2	ITSx-region-extraction
MPDB005062	91365	Curvularia australiensis	fungi	KC424595.1	506	455	455	47.2527	ITS1-5.8S-ITS2	ITSx-region-extraction
MPDB005063	91365	Curvularia australiensis	fungi	KC424607.1	506	455	455	47.4725	ITS1-5.8S-ITS2	ITSx-region-extraction
MPDB005064	91365	Curvularia australiensis	fungi	KC424613.1	508	457	457	46.6083	ITS1-5.8S-ITS2	ITSx-region-extraction
MPDB005065	91365	Curvularia australiensis	fungi	KM999998.1	573	480	480	46.6667	ITS1-5.8S-ITS2	ITSx-region-extraction
MPDB005066	91365	Curvularia australiensis	fungi	KP400633.1	460	460	460	47.8261	ITS1-5.8S-ITS2	ITSx-region-extraction
MPDB005067	91365	Curvularia australiensis	fungi	KP641162.1	548	482	482	47.3029	ITS1-5.8S-ITS2	ITSx-region-extraction
MPDB005068	91365	Curvularia australiensis	fungi	KP658386.1	282	277	277	48.7365	5.8S-ITS2	ITSx-region-extraction
MPDB005069	91365	Curvularia australiensis	fungi	KR363626.1	548	548	548	48.7226	ITS1-5.8S-ITS2	ITSx-region-extraction
MPDB005070	91365	Curvularia australiensis	fungi	KR673907.1	537	485	485	46.3918	ITS1-5.8S-ITS2	ITSx-region-extraction
MPDB005071	91365	Curvularia australiensis	fungi	KR673908.1	538	486	486	46.2963	ITS1-5.8S-ITS2	ITSx-region-extraction
MPDB005072	91365	Curvularia australiensis	fungi	KT154009.1	509	458	458	48.9083	ITS1-5.8S-ITS2	ITSx-region-extraction
MPDB005073	91365	Curvularia australiensis	fungi	KT719300.1	480	480	480	46.6667	ITS1-5.8S-ITS2	ITSx-region-extraction
MPDB005074	91365	Curvularia australiensis	fungi	KU296271.1	511	511	511	47.3581	ITS1-5.8S-ITS2	ITSx-region-extraction
MPDB005075	91365	Curvularia australiensis	fungi	KU645991.1	530	478	478	47.2803	ITS1-5.8S-ITS2	ITSx-region-extraction
MPDB005076	91365	Curvularia australiensis	fungi	MF380799.1	547	485	485	46.1856	ITS1-5.8S-ITS2	ITSx-region-extraction
MPDB005077	91365	Curvularia australiensis	fungi	MG596636.1	528	467	467	47.3233	ITS1-5.8S-ITS2	ITSx-region-extraction
MPDB005078	91365	Curvularia australiensis	fungi	MH857686.1	568	480	480	47.0833	ITS1-5.8S-ITS2	ITSx-region-extraction
MPDB005079	91365	Curvularia australiensis	fungi	MH864363.1	707	481	481	47.1933	ITS1-5.8S-ITS2	ITSx-region-extraction
MPDB005080	91365	Curvularia australiensis	fungi	MH864364.1	733	483	483	46.5839	ITS1-5.8S-ITS2	ITSx-region-extraction
MPDB005081	91365	Curvularia australiensis	fungi	MH864365.1	722	484	484	46.4876	ITS1-5.8S-ITS2	ITSx-region-extraction
MPDB005082	91365	Curvularia australiensis	fungi	MH885522.1	527	466	466	47.2103	ITS1-5.8S-ITS2	ITSx-region-extraction
MPDB005083	91365	Curvularia australiensis	fungi	MK299137.1	560	485	485	47.6289	ITS1-5.8S-ITS2	ITSx-region-extraction
MPDB005084	91365	Curvularia australiensis	fungi	MK300005.1	479	432	432	46.9907	ITS1-5.8S-ITS2	ITSx-region-extraction
MPDB005085	91365	Curvularia australiensis	fungi	MK804732.1	499	454	454	46.6960	ITS1-5.8S-ITS2	ITSx-region-extraction
MPDB005086	91365	Curvularia australiensis	fungi	MN173123.1	572	511	511	46.9667	ITS1-5.8S-ITS2	ITSx-region-extraction
MPDB005087	91365	Curvularia australiensis	fungi	MN173134.1	565	504	504	47.0238	ITS1-5.8S-ITS2	ITSx-region-extraction
MPDB005088	91365	Curvularia australiensis	fungi	MN173135.1	550	499	499	46.8938	ITS1-5.8S-ITS2	ITSx-region-extraction
MPDB005089	91365	Curvularia australiensis	fungi	MN556333.1	480	480	480	47.5000	ITS1-5.8S-ITS2	ITSx-region-extraction
MPDB005090	91365	Curvularia australiensis	fungi	MN556334.1	480	480	480	46.6667	ITS1-5.8S-ITS2	ITSx-region-extraction
MPDB005091	91365	Curvularia australiensis	fungi	MN560093.1	522	484	484	46.2810	ITS1-5.8S-ITS2	ITSx-region-extraction
MPDB005092	91365	Curvularia australiensis	fungi	MT556351.1	473	473	473	47.8070	ITS1-5.8S-ITS2	ITSx-region-extraction
MPDB005093	91365	Curvularia australiensis	fungi	MW479390.1	542	482	482	47.7178	ITS1-5.8S-ITS2	ITSx-region-extraction
MPDB005094	91365	Curvularia australiensis	fungi	MW553173.1	561	485	485	48.0412	ITS1-5.8S-ITS2	ITSx-region-extraction
MPDB005095	91365	Curvularia australiensis	fungi	OL984253.1	557	496	496	46.7742	ITS1-5.8S-ITS2	ITSx-region-extraction
MPDB005096	91365	Curvularia australiensis	fungi	OP811007.1	689	483	483	46.5839	ITS1-5.8S-ITS2	ITSx-region-extraction
MPDB005097	91365	Curvularia australiensis	fungi	OP881827.1	539	475	475	47.2574	ITS1-5.8S-ITS2	ITSx-region-extraction
MPDB005099	91365	Curvularia australiensis	fungi	OR429427.1	502	457	457	47.4836	ITS1-5.8S-ITS2	ITSx-region-extraction
MPDB005100	91365	Curvularia australiensis	fungi	OR473181.1	527	480	480	47.0833	ITS1-5.8S-ITS2	ITSx-region-extraction
MPDB005101	91365	Curvularia australiensis	fungi	PP968096.1	408	408	408	46.8137	ITS1-5.8S-ITS2	ITSx-region-extraction
MPDB005102	935936	Phaeocytostroma ambiguum	fungi	FR748034.1	669	491	491	56.2118	ITS1-5.8S-ITS2	ITSx-region-extraction
MPDB005103	935936	Phaeocytostroma ambiguum	fungi	FR748035.1	666	491	491	56.2118	ITS1-5.8S-ITS2	ITSx-region-extraction
MPDB005104	935936	Phaeocytostroma ambiguum	fungi	FR748036.1	677	491	491	56.2118	ITS1-5.8S-ITS2	ITSx-region-extraction
MPDB005105	935936	Phaeocytostroma ambiguum	fungi	FR748037.1	595	491	491	56.2118	ITS1-5.8S-ITS2	ITSx-region-extraction
MPDB005106	935936	Phaeocytostroma ambiguum	fungi	FR748038.1	659	491	491	56.2118	ITS1-5.8S-ITS2	ITSx-region-extraction
MPDB005107	935936	Phaeocytostroma ambiguum	fungi	FR748039.1	671	491	491	56.2118	ITS1-5.8S-ITS2	ITSx-region-extraction
MPDB005108	935936	Phaeocytostroma ambiguum	fungi	FR748040.1	695	491	491	56.2118	ITS1-5.8S-ITS2	ITSx-region-extraction
MPDB005109	935936	Phaeocytostroma ambiguum	fungi	FR748041.1	675	491	491	56.2118	ITS1-5.8S-ITS2	ITSx-region-extraction
MPDB005110	935936	Phaeocytostroma ambiguum	fungi	FR748042.1	692	491	491	56.2118	ITS1-5.8S-ITS2	ITSx-region-extraction
MPDB005111	935936	Phaeocytostroma ambiguum	fungi	FR748043.1	689	491	491	56.2118	ITS1-5.8S-ITS2	ITSx-region-extraction
MPDB005112	935936	Phaeocytostroma ambiguum	fungi	FR748044.1	676	491	491	56.2118	ITS1-5.8S-ITS2	ITSx-region-extraction
MPDB005113	935936	Phaeocytostroma ambiguum	fungi	KT323138.1	539	494	494	56.0729	ITS1-5.8S-ITS2	ITSx-region-extraction
MPDB005114	935936	Phaeocytostroma ambiguum	fungi	KT966745.1	524	524	524	55.9160	ITS1-5.8S-ITS2	ITSx-region-extraction
MPDB005115	935936	Phaeocytostroma ambiguum	fungi	KU323506.1	521	521	521	55.8541	ITS1-5.8S-ITS2	ITSx-region-extraction
MPDB005116	935936	Phaeocytostroma ambiguum	fungi	KU323507.1	532	505	505	56.2376	ITS1-5.8S-ITS2	ITSx-region-extraction
MPDB005117	935936	Phaeocytostroma ambiguum	fungi	KU323508.1	519	474	474	56.5401	ITS1-5.8S-ITS2	ITSx-region-extraction
MPDB005118	935936	Phaeocytostroma ambiguum	fungi	MH865025.1	544	503	503	56.0878	ITS1-5.8S-ITS2	ITSx-region-extraction
MPDB005119	935936	Phaeocytostroma ambiguum	fungi	MK249746.1	562	512	512	56.5558	ITS1-5.8S-ITS2	ITSx-region-extraction
MPDB005120	935936	Phaeocytostroma ambiguum	fungi	MK956133.1	574	507	507	56.4103	ITS1-5.8S-ITS2	ITSx-region-extraction
MPDB005121	935936	Phaeocytostroma ambiguum	fungi	MK956167.1	572	506	506	56.9170	ITS1-5.8S-ITS2	ITSx-region-extraction
MPDB005122	935936	Phaeocytostroma ambiguum	fungi	MT556639.1	529	482	482	56.0166	ITS1-5.8S-ITS2	ITSx-region-extraction
MPDB005123	935936	Phaeocytostroma ambiguum	fungi	MT556793.1	502	452	452	55.5310	ITS1-5.8S-ITS2	ITSx-region-extraction
MPDB005124	935936	Phaeocytostroma ambiguum	fungi	MT571457.1	558	505	505	56.5476	ITS1-5.8S-ITS2	ITSx-region-extraction
MPDB005125	935936	Phaeocytostroma ambiguum	fungi	MT571463.1	546	508	508	56.6337	ITS1-5.8S-ITS2	ITSx-region-extraction
MPDB005126	935936	Phaeocytostroma ambiguum	fungi	MT571486.1	518	518	518	56.2863	ITS1-5.8S-ITS2	ITSx-region-extraction
MPDB005127	935936	Phaeocytostroma ambiguum	fungi	MZ931307.1	581	520	520	56.6474	ITS1-5.8S-ITS2	ITSx-region-extraction
MPDB005128	935936	Phaeocytostroma ambiguum	fungi	MZ934389.1	575	513	513	56.5302	ITS1-5.8S-ITS2	ITSx-region-extraction
MPDB005129	935936	Phaeocytostroma ambiguum	fungi	PV291689.1	561	497	497	56.5392	ITS1-5.8S-ITS2	ITSx-region-extraction
MPDB005130	935936	Phaeocytostroma ambiguum	fungi	PX995158.1	622	491	491	56.2118	ITS1-5.8S-ITS2	ITSx-region-extraction
MPDB005131	93612	Exserohilum turcicum (Setosphaeria turcica)	fungi	LC922933.1	549	506	506	47.6285	ITS1-5.8S-ITS2	ITSx-region-extraction
MPDB005132	93612	Exserohilum turcicum (Setosphaeria turcica)	fungi	OQ862341.1	531	479	479	47.1816	ITS1-5.8S-ITS2	ITSx-region-extraction
MPDB005133	93612	Exserohilum turcicum (Setosphaeria turcica)	fungi	PV436757.1	556	496	496	46.9758	ITS1-5.8S-ITS2	ITSx-region-extraction
MPDB005134	93612	Exserohilum turcicum (Setosphaeria turcica)	fungi	PV436758.1	549	488	488	46.9262	ITS1-5.8S-ITS2	ITSx-region-extraction
MPDB005135	93612	Exserohilum turcicum (Setosphaeria turcica)	fungi	PV436759.1	553	492	492	46.9512	ITS1-5.8S-ITS2	ITSx-region-extraction
MPDB005136	93612	Exserohilum turcicum (Setosphaeria turcica)	fungi	PV436760.1	557	496	496	47.1774	ITS1-5.8S-ITS2	ITSx-region-extraction
MPDB005137	93612	Exserohilum turcicum (Setosphaeria turcica)	fungi	PV436761.1	556	495	495	46.2626	ITS1-5.8S-ITS2	ITSx-region-extraction
MPDB005138	93612	Exserohilum turcicum (Setosphaeria turcica)	fungi	PV436762.1	555	492	492	46.9512	ITS1-5.8S-ITS2	ITSx-region-extraction
MPDB005139	93612	Exserohilum turcicum (Setosphaeria turcica)	fungi	PV436763.1	562	493	493	46.8560	ITS1-5.8S-ITS2	ITSx-region-extraction
MPDB005140	93612	Exserohilum turcicum (Setosphaeria turcica)	fungi	PV436764.1	562	495	495	46.6667	ITS1-5.8S-ITS2	ITSx-region-extraction
MPDB005141	93612	Exserohilum turcicum (Setosphaeria turcica)	fungi	PV436765.1	553	493	493	46.6531	ITS1-5.8S-ITS2	ITSx-region-extraction
MPDB005142	93612	Exserohilum turcicum (Setosphaeria turcica)	fungi	PV436766.1	556	496	496	46.7742	ITS1-5.8S-ITS2	ITSx-region-extraction
MPDB005143	93612	Exserohilum turcicum (Setosphaeria turcica)	fungi	PV436767.1	554	493	493	46.6531	ITS1-5.8S-ITS2	ITSx-region-extraction
MPDB005144	93612	Exserohilum turcicum (Setosphaeria turcica)	fungi	PV436768.1	554	493	493	46.6531	ITS1-5.8S-ITS2	ITSx-region-extraction
MPDB005145	93612	Exserohilum turcicum (Setosphaeria turcica)	fungi	PV436769.1	554	494	494	47.5709	ITS1-5.8S-ITS2	ITSx-region-extraction
MPDB005146	93612	Exserohilum turcicum (Setosphaeria turcica)	fungi	PV436770.1	554	492	492	46.5447	ITS1-5.8S-ITS2	ITSx-region-extraction
MPDB005147	93612	Exserohilum turcicum (Setosphaeria turcica)	fungi	PV436771.1	546	486	486	47.1193	ITS1-5.8S-ITS2	ITSx-region-extraction
MPDB005148	93612	Exserohilum turcicum (Setosphaeria turcica)	fungi	PV436772.1	549	549	549	46.8124	ITS1-5.8S-ITS2	ITSx-region-extraction
MPDB005149	93612	Exserohilum turcicum (Setosphaeria turcica)	fungi	PV436773.1	552	512	512	47.0703	ITS1-5.8S-ITS2	ITSx-region-extraction
MPDB005150	93612	Exserohilum turcicum (Setosphaeria turcica)	fungi	PV436774.1	715	715	715	46.4336	ITS1-5.8S-ITS2	ITSx-region-extraction
MPDB005151	93612	Exserohilum turcicum (Setosphaeria turcica)	fungi	PV436775.1	549	510	510	47.2549	ITS1-5.8S-ITS2	ITSx-region-extraction
MPDB005152	93612	Exserohilum turcicum (Setosphaeria turcica)	fungi	PV436776.1	549	549	549	46.9945	ITS1-5.8S-ITS2	ITSx-region-extraction
MPDB005153	93612	Exserohilum turcicum (Setosphaeria turcica)	fungi	PV436777.1	549	549	549	46.9945	ITS1-5.8S-ITS2	ITSx-region-extraction
MPDB005154	93612	Exserohilum turcicum (Setosphaeria turcica)	fungi	PV449608.1	520	485	485	46.3918	ITS1-5.8S-ITS2	ITSx-region-extraction
MPDB005155	93612	Exserohilum turcicum (Setosphaeria turcica)	fungi	PV449746.1	545	514	514	45.9144	ITS1-5.8S-ITS2	ITSx-region-extraction
MPDB005156	93612	Exserohilum turcicum (Setosphaeria turcica)	fungi	PV476778.1	542	494	494	46.3563	ITS1-5.8S-ITS2	ITSx-region-extraction
MPDB005157	93612	Exserohilum turcicum (Setosphaeria turcica)	fungi	PX659707.1	561	490	490	46.3265	ITS1-5.8S-ITS2	ITSx-region-extraction
MPDB005158	93612	Exserohilum turcicum (Setosphaeria turcica)	fungi	PX659711.1	579	516	516	46.8992	ITS1-5.8S-ITS2	ITSx-region-extraction
MPDB005159	93612	Exserohilum turcicum (Setosphaeria turcica)	fungi	PX659715.1	553	488	488	46.7213	ITS1-5.8S-ITS2	ITSx-region-extraction
MPDB005160	93612	Exserohilum turcicum (Setosphaeria turcica)	fungi	PX659717.1	593	490	490	46.7347	ITS1-5.8S-ITS2	ITSx-region-extraction
MPDB005161	93612	Exserohilum turcicum (Setosphaeria turcica)	fungi	PX659720.1	559	494	494	46.3563	ITS1-5.8S-ITS2	ITSx-region-extraction
MPDB005162	93612	Exserohilum turcicum (Setosphaeria turcica)	fungi	PX659723.1	513	513	513	46.5887	ITS1-5.8S-ITS2	ITSx-region-extraction
MPDB005163	93612	Exserohilum turcicum (Setosphaeria turcica)	fungi	PX659726.1	547	507	507	46.7456	ITS1-5.8S-ITS2	ITSx-region-extraction
MPDB005164	93612	Exserohilum turcicum (Setosphaeria turcica)	fungi	PX659727.1	556	496	496	46.1694	ITS1-5.8S-ITS2	ITSx-region-extraction
MPDB005165	93612	Exserohilum turcicum (Setosphaeria turcica)	fungi	PX659728.1	556	496	496	46.5726	ITS1-5.8S-ITS2	ITSx-region-extraction
MPDB005166	93612	Exserohilum turcicum (Setosphaeria turcica)	fungi	PX659729.1	556	496	496	46.5726	ITS1-5.8S-ITS2	ITSx-region-extraction
MPDB005167	93612	Exserohilum turcicum (Setosphaeria turcica)	fungi	PX659730.1	562	497	497	46.2777	ITS1-5.8S-ITS2	ITSx-region-extraction
MPDB005168	93612	Exserohilum turcicum (Setosphaeria turcica)	fungi	PX659731.1	559	497	497	46.0765	ITS1-5.8S-ITS2	ITSx-region-extraction
MPDB005169	93612	Exserohilum turcicum (Setosphaeria turcica)	fungi	PX659733.1	553	488	488	46.7213	ITS1-5.8S-ITS2	ITSx-region-extraction
MPDB005170	93612	Exserohilum turcicum (Setosphaeria turcica)	fungi	PX659735.1	559	494	494	46.3563	ITS1-5.8S-ITS2	ITSx-region-extraction
MPDB005171	93612	Exserohilum turcicum (Setosphaeria turcica)	fungi	PX659736.1	549	484	484	46.9008	ITS1-5.8S-ITS2	ITSx-region-extraction
MPDB005172	93612	Exserohilum turcicum (Setosphaeria turcica)	fungi	PZ312072.1	557	557	557	46.3196	ITS1-5.8S-ITS2	ITSx-region-extraction
MPDB005173	93612	Exserohilum turcicum (Setosphaeria turcica)	fungi	PZ501535.1	717	490	490	46.7347	ITS1-5.8S-ITS2	ITSx-region-extraction
MPDB005174	948311	Fusarium proliferatum	fungi	PP922462.1	525	463	463	52.4838	ITS1-5.8S-ITS2	ITSx-region-extraction
MPDB005175	948311	Fusarium proliferatum	fungi	PQ882780.2	558	468	468	52.1368	ITS1-5.8S-ITS2	ITSx-region-extraction
MPDB005176	948311	Fusarium proliferatum	fungi	PZ623434.1	460	460	460	52.1739	ITS1-5.8S-ITS2	ITSx-region-extraction
MPDB005177	948311	Fusarium proliferatum	fungi	PZ623438.1	499	449	449	49.2205	ITS1-5.8S-ITS2	ITSx-region-extraction
MPDB005178	948311	Fusarium proliferatum	fungi	PZ623459.1	509	463	463	51.8359	ITS1-5.8S-ITS2	ITSx-region-extraction
MPDB005179	948311	Fusarium proliferatum	fungi	PZ623888.1	550	492	492	50.0000	ITS1-5.8S-ITS2	ITSx-region-extraction
MPDB005180	948311	Fusarium proliferatum	fungi	PZ623924.1	588	468	468	52.1368	ITS1-5.8S-ITS2	ITSx-region-extraction
MPDB005181	948311	Fusarium proliferatum	fungi	PZ625877.1	541	489	489	52.1472	ITS1-5.8S-ITS2	ITSx-region-extraction
MPDB005182	948311	Fusarium proliferatum	fungi	PZ625882.1	540	489	489	52.1472	ITS1-5.8S-ITS2	ITSx-region-extraction
MPDB005183	948311	Fusarium proliferatum	fungi	PZ627222.1	550	479	479	49.4781	ITS1-5.8S-ITS2	ITSx-region-extraction
MPDB005184	948311	Fusarium proliferatum	fungi	PZ627256.1	567	498	498	52.6104	ITS1-5.8S-ITS2	ITSx-region-extraction
MPDB005185	948311	Fusarium proliferatum	fungi	PZ645984.1	509	455	455	52.5275	ITS1-5.8S-ITS2	ITSx-region-extraction
MPDB005186	948311	Fusarium proliferatum	fungi	PZ645985.1	512	512	512	51.7578	ITS1-5.8S-ITS2	ITSx-region-extraction
MPDB005187	948311	Fusarium proliferatum	fungi	PZ652687.1	530	530	530	52.8302	ITS1-5.8S-ITS2	ITSx-region-extraction
MPDB005188	948311	Fusarium proliferatum	fungi	PZ653161.1	448	448	448	51.1161	ITS1-5.8S-ITS2	ITSx-region-extraction
MPDB005189	948311	Fusarium proliferatum	fungi	PZ675048.1	496	496	496	51.8145	ITS1-5.8S-ITS2	ITSx-region-extraction
MPDB005190	948311	Fusarium proliferatum	fungi	PZ675369.1	510	449	449	52.3385	ITS1-5.8S-ITS2	ITSx-region-extraction
MPDB005191	948311	Fusarium proliferatum	fungi	PZ683007.1	540	493	493	51.9270	ITS1-5.8S-ITS2	ITSx-region-extraction
MPDB005192	948311	Fusarium proliferatum	fungi	PZ683011.1	552	492	492	52.4390	ITS1-5.8S-ITS2	ITSx-region-extraction
MPDB005193	948311	Fusarium proliferatum	fungi	PZ688019.1	307	307	307	49.8371	ITS1-5.8S-ITS2	ITSx-region-extraction
MPDB005194	948311	Fusarium proliferatum	fungi	PZ688020.1	541	499	499	52.1042	ITS1-5.8S-ITS2	ITSx-region-extraction
MPDB005195	948311	Fusarium proliferatum	fungi	PZ697422.1	511	466	466	51.7167	ITS1-5.8S-ITS2	ITSx-region-extraction
MPDB005196	948311	Fusarium proliferatum	fungi	PZ704152.1	561	473	473	53.0655	ITS1-5.8S-ITS2	ITSx-region-extraction
MPDB005197	948311	Fusarium proliferatum	fungi	PZ730068.1	319	163	163	61.3497	ITS2	ITSx-region-extraction
MPDB005198	948311	Fusarium proliferatum	fungi	PZ734318.1	552	488	488	52.4590	ITS1-5.8S-ITS2	ITSx-region-extraction
MPDB005199	948311	Fusarium proliferatum	fungi	PZ734333.1	550	487	487	52.3614	ITS1-5.8S-ITS2	ITSx-region-extraction
MPDB005200	948311	Fusarium proliferatum	fungi	PZ734344.1	553	489	489	52.3517	ITS1-5.8S-ITS2	ITSx-region-extraction
MPDB005201	948311	Fusarium proliferatum	fungi	PZ734364.1	553	488	488	52.0492	ITS1-5.8S-ITS2	ITSx-region-extraction
MPDB005202	948311	Fusarium proliferatum	fungi	PZ734365.1	557	494	494	51.8219	ITS1-5.8S-ITS2	ITSx-region-extraction
MPDB005203	948311	Fusarium proliferatum	fungi	PZ734368.1	546	484	484	52.2727	ITS1-5.8S-ITS2	ITSx-region-extraction
MPDB005204	948311	Fusarium proliferatum	fungi	PZ734369.1	550	486	486	52.2634	ITS1-5.8S-ITS2	ITSx-region-extraction
MPDB005205	948311	Fusarium proliferatum	fungi	PZ734383.1	549	487	487	52.3614	ITS1-5.8S-ITS2	ITSx-region-extraction
MPDB005206	948311	Fusarium proliferatum	fungi	PZ734387.1	572	506	506	53.1621	ITS1-5.8S-ITS2	ITSx-region-extraction
MPDB005207	948311	Fusarium proliferatum	fungi	PZ734395.1	549	484	484	52.0661	ITS1-5.8S-ITS2	ITSx-region-extraction
MPDB005208	948311	Fusarium proliferatum	fungi	PZ734402.1	554	487	487	52.3614	ITS1-5.8S-ITS2	ITSx-region-extraction
MPDB005209	948311	Fusarium proliferatum	fungi	PZ734404.1	551	501	501	52.6946	ITS1-5.8S-ITS2	ITSx-region-extraction
MPDB005210	948311	Fusarium proliferatum	fungi	PZ741300.1	348	348	348	50.8621	ITS1-5.8S-ITS2	ITSx-region-extraction
MPDB005211	948311	Fusarium proliferatum	fungi	PZ780064.1	503	442	442	48.1735	ITS1-5.8S-ITS2	ITSx-region-extraction
MPDB005212	948311	Fusarium proliferatum	fungi	PZ780071.1	544	492	492	52.2358	ITS1-5.8S-ITS2	ITSx-region-extraction
MPDB005213	948311	Fusarium proliferatum	fungi	PZ785100.1	438	438	438	52.2831	ITS1-5.8S-ITS2	ITSx-region-extraction
MPDB005214	948311	Fusarium proliferatum	fungi	PZ805020.1	536	536	536	52.2388	ITS1-5.8S-ITS2	ITSx-region-extraction
MPDB005215	948311	Fusarium proliferatum	fungi	PZ805099.1	532	470	470	52.3404	ITS1-5.8S-ITS2	ITSx-region-extraction
MPDB005216	948311	Fusarium proliferatum	fungi	PZ810722.1	568	501	501	53.2934	ITS1-5.8S-ITS2	ITSx-region-extraction
MPDB005217	95735	Curvularia intermedia / Cochliobolus intermedius	fungi	MF370184.1	594	552	552	47.6449	ITS1-5.8S-ITS2	ITSx-region-extraction
MPDB005218	95735	Curvularia intermedia / Cochliobolus intermedius	fungi	MH393296.1	560	560	560	47.1429	ITS1-5.8S-ITS2	ITSx-region-extraction
MPDB005219	95735	Curvularia intermedia / Cochliobolus intermedius	fungi	MK192923.1	578	518	518	48.2625	ITS1-5.8S-ITS2	ITSx-region-extraction
MPDB005220	95735	Curvularia intermedia / Cochliobolus intermedius	fungi	MK304100.1	574	538	538	47.3978	ITS1-5.8S-ITS2	ITSx-region-extraction
MPDB005221	95735	Curvularia intermedia / Cochliobolus intermedius	fungi	MK304195.1	572	536	536	47.3881	ITS1-5.8S-ITS2	ITSx-region-extraction
MPDB005222	95735	Curvularia intermedia / Cochliobolus intermedius	fungi	MK304232.1	574	538	538	47.5836	ITS1-5.8S-ITS2	ITSx-region-extraction
MPDB005223	95735	Curvularia intermedia / Cochliobolus intermedius	fungi	MK304397.1	574	538	538	46.6543	ITS1-5.8S-ITS2	ITSx-region-extraction
MPDB005224	95735	Curvularia intermedia / Cochliobolus intermedius	fungi	MK690420.1	554	554	554	48.1949	ITS1-5.8S-ITS2	ITSx-region-extraction
MPDB005225	95735	Curvularia intermedia / Cochliobolus intermedius	fungi	MN809163.1	551	551	551	47.3684	ITS1-5.8S-ITS2	ITSx-region-extraction
MPDB005226	95735	Curvularia intermedia / Cochliobolus intermedius	fungi	MN905483.1	434	434	434	47.0046	ITS1-5.8S-ITS2	ITSx-region-extraction
MPDB005227	95735	Curvularia intermedia / Cochliobolus intermedius	fungi	MT229264.1	512	478	478	46.8619	ITS1-5.8S-ITS2	ITSx-region-extraction
MPDB005228	95735	Curvularia intermedia / Cochliobolus intermedius	fungi	MT505874.1	891	522	522	48.0843	ITS1-5.8S-ITS2	ITSx-region-extraction
MPDB005229	95735	Curvularia intermedia / Cochliobolus intermedius	fungi	MT505879.1	897	522	522	48.0843	ITS1-5.8S-ITS2	ITSx-region-extraction
MPDB005230	95735	Curvularia intermedia / Cochliobolus intermedius	fungi	MT605134.1	552	527	527	47.4383	ITS1-5.8S-ITS2	ITSx-region-extraction
MPDB005231	95735	Curvularia intermedia / Cochliobolus intermedius	fungi	MT605137.1	548	548	548	47.2628	ITS1-5.8S-ITS2	ITSx-region-extraction
MPDB005232	95735	Curvularia intermedia / Cochliobolus intermedius	fungi	MW081267.1	528	528	528	48.1061	ITS1-5.8S-ITS2	ITSx-region-extraction
MPDB005233	95735	Curvularia intermedia / Cochliobolus intermedius	fungi	MZ613310.1	583	543	543	47.1455	ITS1-5.8S-ITS2	ITSx-region-extraction
MPDB005234	95735	Curvularia intermedia / Cochliobolus intermedius	fungi	OL677168.1	584	536	536	47.3881	ITS1-5.8S-ITS2	ITSx-region-extraction
MPDB005235	95735	Curvularia intermedia / Cochliobolus intermedius	fungi	OL711652.1	509	509	509	47.9371	ITS1-5.8S-ITS2	ITSx-region-extraction
MPDB005236	95735	Curvularia intermedia / Cochliobolus intermedius	fungi	OM237011.1	592	530	530	47.5472	ITS1-5.8S-ITS2	ITSx-region-extraction
MPDB005237	95735	Curvularia intermedia / Cochliobolus intermedius	fungi	OM272972.1	604	539	539	48.0519	ITS1-5.8S-ITS2	ITSx-region-extraction
MPDB005238	95735	Curvularia intermedia / Cochliobolus intermedius	fungi	OM745376.1	292	196	196	46.9388	ITS1	ITSx-region-extraction
MPDB005239	95735	Curvularia intermedia / Cochliobolus intermedius	fungi	OM745570.1	292	196	196	46.4286	ITS1	ITSx-region-extraction
MPDB005240	95735	Curvularia intermedia / Cochliobolus intermedius	fungi	ON208458.1	559	559	559	47.2272	ITS1-5.8S-ITS2	ITSx-region-extraction
MPDB005241	95735	Curvularia intermedia / Cochliobolus intermedius	fungi	ON711979.1	565	565	565	47.9646	ITS1-5.8S-ITS2	ITSx-region-extraction
MPDB005242	95735	Curvularia intermedia / Cochliobolus intermedius	fungi	ON844201.1	508	508	508	46.8000	ITS1-5.8S-ITS2	ITSx-region-extraction
MPDB005243	95735	Curvularia intermedia / Cochliobolus intermedius	fungi	OP257234.1	613	557	557	46.8582	ITS1-5.8S-ITS2	ITSx-region-extraction
MPDB005244	95735	Curvularia intermedia / Cochliobolus intermedius	fungi	OQ300329.1	611	550	550	47.6364	ITS1-5.8S-ITS2	ITSx-region-extraction
MPDB005245	95735	Curvularia intermedia / Cochliobolus intermedius	fungi	OR434055.1	560	526	526	47.3384	ITS1-5.8S-ITS2	ITSx-region-extraction
MPDB005246	95735	Curvularia intermedia / Cochliobolus intermedius	fungi	OR708567.1	610	550	550	47.6364	ITS1-5.8S-ITS2	ITSx-region-extraction
MPDB005247	95735	Curvularia intermedia / Cochliobolus intermedius	fungi	OR708568.1	607	544	544	47.4265	ITS1-5.8S-ITS2	ITSx-region-extraction
MPDB005248	95735	Curvularia intermedia / Cochliobolus intermedius	fungi	PP069871.1	571	513	513	47.9532	ITS1-5.8S-ITS2	ITSx-region-extraction
MPDB005249	95735	Curvularia intermedia / Cochliobolus intermedius	fungi	PP515276.1	591	531	531	48.2109	ITS1-5.8S-ITS2	ITSx-region-extraction
MPDB005250	95735	Curvularia intermedia / Cochliobolus intermedius	fungi	PP563716.1	614	522	522	48.0843	ITS1-5.8S-ITS2	ITSx-region-extraction
MPDB005251	95735	Curvularia intermedia / Cochliobolus intermedius	fungi	PQ203626.1	645	531	531	47.6460	ITS1-5.8S-ITS2	ITSx-region-extraction
MPDB005252	95735	Curvularia intermedia / Cochliobolus intermedius	fungi	PQ395200.1	642	522	522	48.0843	ITS1-5.8S-ITS2	ITSx-region-extraction
MPDB005253	95735	Curvularia intermedia / Cochliobolus intermedius	fungi	PQ533225.1	619	561	561	45.8111	ITS1-5.8S-ITS2	ITSx-region-extraction
MPDB005254	95735	Curvularia intermedia / Cochliobolus intermedius	fungi	PV133109.1	625	526	526	47.5285	ITS1-5.8S-ITS2	ITSx-region-extraction
MPDB005255	95735	Curvularia intermedia / Cochliobolus intermedius	fungi	PV450185.1	595	534	534	47.7528	ITS1-5.8S-ITS2	ITSx-region-extraction
MPDB005256	95735	Curvularia intermedia / Cochliobolus intermedius	fungi	PV608212.1	503	503	503	47.7137	ITS1-5.8S-ITS2	ITSx-region-extraction
MPDB005257	95735	Curvularia intermedia / Cochliobolus intermedius	fungi	PV664726.1	522	478	478	46.6527	ITS1-5.8S-ITS2	ITSx-region-extraction
MPDB005258	95735	Curvularia intermedia / Cochliobolus intermedius	fungi	PX238634.1	597	535	535	47.6636	ITS1-5.8S-ITS2	ITSx-region-extraction
MPDB005259	95735	Curvularia intermedia / Cochliobolus intermedius	fungi	PZ269063.1	569	569	569	47.8032	ITS1-5.8S-ITS2	ITSx-region-extraction
MPDB005260	95742	Curvularia clavata	fungi	AF071336.1	527	527	527	46.6793	ITS1-5.8S-ITS2	ITSx-region-extraction
MPDB005261	95742	Curvularia clavata	fungi	GQ179976.1	552	512	512	47.0703	ITS1-5.8S-ITS2	ITSx-region-extraction
MPDB005262	95742	Curvularia clavata	fungi	HF937109.1	461	461	461	44.4685	ITS1-5.8S-ITS2	ITSx-region-extraction
MPDB005263	95742	Curvularia clavata	fungi	JN006762.1	490	490	490	45.9184	ITS1-5.8S-ITS2	ITSx-region-extraction
MPDB005264	95742	Curvularia clavata	fungi	JN006764.1	487	487	487	45.9959	ITS1-5.8S-ITS2	ITSx-region-extraction
MPDB005265	95742	Curvularia clavata	fungi	JN006765.1	488	488	488	45.6967	ITS1-5.8S-ITS2	ITSx-region-extraction
MPDB005266	95742	Curvularia clavata	fungi	JN006766.1	485	485	485	46.1856	ITS1-5.8S-ITS2	ITSx-region-extraction
MPDB005267	95742	Curvularia clavata	fungi	JN006767.1	480	480	480	47.0833	ITS1-5.8S-ITS2	ITSx-region-extraction
MPDB005268	95742	Curvularia clavata	fungi	JN006768.1	479	479	479	46.9729	ITS1-5.8S-ITS2	ITSx-region-extraction
MPDB005269	95742	Curvularia clavata	fungi	JN021115.1	589	499	499	46.8938	ITS1-5.8S-ITS2	ITSx-region-extraction
MPDB005270	95742	Curvularia clavata	fungi	JX126481.1	529	475	475	47.1579	ITS1-5.8S-ITS2	ITSx-region-extraction
MPDB005271	95742	Curvularia clavata	fungi	KU552203.1	380	380	380	45.5263	ITS1-5.8S-ITS2	ITSx-region-extraction
MPDB005272	95742	Curvularia clavata	fungi	KU552205.1	380	380	380	45.7895	ITS1-5.8S-ITS2	ITSx-region-extraction
MPDB005273	95742	Curvularia clavata	fungi	KU715109.1	565	520	520	47.1154	ITS1-5.8S-ITS2	ITSx-region-extraction
MPDB005274	95742	Curvularia clavata	fungi	KX610320.1	626	499	499	46.6934	ITS1-5.8S-ITS2	ITSx-region-extraction
MPDB005275	95742	Curvularia clavata	fungi	KX757756.1	550	164	164	44.5122	ITS1	ITSx-region-extraction
MPDB005276	95742	Curvularia clavata	fungi	KY984008.1	503	418	418	45.9330	ITS1-5.8S-ITS2	ITSx-region-extraction
MPDB005278	95742	Curvularia clavata	fungi	MF038179.1	898	524	524	47.3282	ITS1-5.8S-ITS2	ITSx-region-extraction
MPDB005279	95742	Curvularia clavata	fungi	MK736276.1	582	530	530	47.1698	ITS1-5.8S-ITS2	ITSx-region-extraction
MPDB005280	95742	Curvularia clavata	fungi	MN398972.1	490	441	441	47.3923	ITS1-5.8S-ITS2	ITSx-region-extraction
MPDB005281	95742	Curvularia clavata	fungi	MN540251.1	559	515	515	46.7961	ITS1-5.8S-ITS2	ITSx-region-extraction
MPDB005282	95742	Curvularia clavata	fungi	MN592977.1	578	499	499	46.6934	ITS1-5.8S-ITS2	ITSx-region-extraction
MPDB005283	95742	Curvularia clavata	fungi	MN623415.1	606	499	499	46.6934	ITS1-5.8S-ITS2	ITSx-region-extraction
MPDB005284	95742	Curvularia clavata	fungi	MN718986.1	589	499	499	46.6934	ITS1-5.8S-ITS2	ITSx-region-extraction
MPDB005285	95742	Curvularia clavata	fungi	MW320530.1	460	395	395	46.3291	ITS1-5.8S-ITS2	ITSx-region-extraction
MPDB005286	95742	Curvularia clavata	fungi	MW543062.1	586	499	499	46.6934	ITS1-5.8S-ITS2	ITSx-region-extraction
MPDB005287	95742	Curvularia clavata	fungi	MZ042536.1	583	520	520	46.9231	ITS1-5.8S-ITS2	ITSx-region-extraction
MPDB005288	95742	Curvularia clavata	fungi	OM280074.1	575	515	515	46.7961	ITS1-5.8S-ITS2	ITSx-region-extraction
MPDB005289	95742	Curvularia clavata	fungi	ON130615.1	534	474	474	47.2574	ITS1-5.8S-ITS2	ITSx-region-extraction
MPDB005290	95742	Curvularia clavata	fungi	OP854609.1	527	480	480	47.5000	ITS1-5.8S-ITS2	ITSx-region-extraction
MPDB005291	95742	Curvularia clavata	fungi	OQ195796.1	576	515	515	47.7670	ITS1-5.8S-ITS2	ITSx-region-extraction
MPDB005292	95742	Curvularia clavata	fungi	OR230244.1	533	480	480	47.7083	ITS1-5.8S-ITS2	ITSx-region-extraction
MPDB005293	95742	Curvularia clavata	fungi	PP291919.1	516	516	516	46.5116	ITS1-5.8S-ITS2	ITSx-region-extraction
MPDB005294	95742	Curvularia clavata	fungi	PP373713.1	505	505	505	46.5347	ITS1-5.8S-ITS2	ITSx-region-extraction
MPDB005295	95742	Curvularia clavata	fungi	PP621719.1	592	496	496	46.3710	ITS1-5.8S-ITS2	ITSx-region-extraction
MPDB005296	95742	Curvularia clavata	fungi	PP621720.1	619	499	499	46.6934	ITS1-5.8S-ITS2	ITSx-region-extraction
MPDB005297	95742	Curvularia clavata	fungi	PZ018914.1	470	415	415	46.7470	ITS1-5.8S-ITS2	ITSx-region-extraction
MPDB005298	95742	Curvularia clavata	fungi	PZ502411.1	562	502	502	46.8127	ITS1-5.8S-ITS2	ITSx-region-extraction
MPDB005299	95742	Curvularia clavata	fungi	PZ619181.1	562	502	502	47.8088	ITS1-5.8S-ITS2	ITSx-region-extraction
MPDB005300	97093	Trichoderma koningii	fungi	KX109155.1	521	471	471	56.9002	ITS1-5.8S-ITS2	ITSx-region-extraction
MPDB005301	97093	Trichoderma koningii	fungi	KX109179.1	535	487	487	56.8789	ITS1-5.8S-ITS2	ITSx-region-extraction
MPDB005302	97093	Trichoderma koningii	fungi	MH862585.1	530	530	530	55.2830	ITS1-5.8S-ITS2	ITSx-region-extraction
MPDB005303	97093	Trichoderma koningii	fungi	MW929147.1	546	546	546	56.0440	ITS1-5.8S-ITS2	ITSx-region-extraction
MPDB005304	97093	Trichoderma koningii	fungi	MZ950659.1	525	525	525	56.3810	ITS1-5.8S-ITS2	ITSx-region-extraction
MPDB005305	97093	Trichoderma koningii	fungi	OR350475.1	577	524	524	55.7252	ITS1-5.8S-ITS2	ITSx-region-extraction
MPDB005306	97093	Trichoderma koningii	fungi	PQ113582.1	632	518	518	56.1776	ITS1-5.8S-ITS2	ITSx-region-extraction
MPDB005307	97093	Trichoderma koningii	fungi	PQ220192.1	783	520	520	55.3846	ITS1-5.8S-ITS2	ITSx-region-extraction
MPDB005308	97093	Trichoderma koningii	fungi	PQ302259.1	566	517	517	54.9323	ITS1-5.8S-ITS2	ITSx-region-extraction
MPDB005309	97093	Trichoderma koningii	fungi	PQ555724.1	600	517	517	56.2863	ITS1-5.8S-ITS2	ITSx-region-extraction
MPDB005310	97093	Trichoderma koningii	fungi	PQ555726.1	598	517	517	56.2863	ITS1-5.8S-ITS2	ITSx-region-extraction
MPDB005311	97093	Trichoderma koningii	fungi	PQ764474.1	604	518	518	56.1776	ITS1-5.8S-ITS2	ITSx-region-extraction
MPDB005312	97093	Trichoderma koningii	fungi	PQ771098.1	534	534	534	55.4307	ITS1-5.8S-ITS2	ITSx-region-extraction
MPDB005313	97093	Trichoderma koningii	fungi	PQ787510.1	574	513	513	56.3353	ITS1-5.8S-ITS2	ITSx-region-extraction
MPDB005314	97093	Trichoderma koningii	fungi	PQ800339.1	576	524	524	55.3435	ITS1-5.8S-ITS2	ITSx-region-extraction
MPDB005315	97093	Trichoderma koningii	fungi	PQ821175.1	622	518	518	56.1776	ITS1-5.8S-ITS2	ITSx-region-extraction
MPDB005316	97093	Trichoderma koningii	fungi	PV050431.1	631	563	563	56.3055	ITS1-5.8S-ITS2	ITSx-region-extraction
MPDB005317	97093	Trichoderma koningii	fungi	PV154043.1	584	551	551	55.7169	ITS1-5.8S-ITS2	ITSx-region-extraction
MPDB005318	97093	Trichoderma koningii	fungi	PV154120.1	527	527	527	55.4080	ITS1-5.8S-ITS2	ITSx-region-extraction
MPDB005319	97093	Trichoderma koningii	fungi	PV437575.1	597	527	527	56.5465	ITS1-5.8S-ITS2	ITSx-region-extraction
MPDB005320	97093	Trichoderma koningii	fungi	PV565346.1	568	506	506	56.1265	ITS1-5.8S-ITS2	ITSx-region-extraction
MPDB005321	97093	Trichoderma koningii	fungi	PV802852.1	519	519	519	56.4547	ITS1-5.8S-ITS2	ITSx-region-extraction
MPDB005322	97093	Trichoderma koningii	fungi	PV873394.1	497	469	469	57.1429	ITS1-5.8S-ITS2	ITSx-region-extraction
MPDB005323	97093	Trichoderma koningii	fungi	PV995430.1	591	530	530	55.2830	ITS1-5.8S-ITS2	ITSx-region-extraction
MPDB005324	97093	Trichoderma koningii	fungi	PX060177.1	524	480	480	56.6667	ITS1-5.8S-ITS2	ITSx-region-extraction
MPDB005325	97093	Trichoderma koningii	fungi	PX226012.1	640	517	517	55.8994	ITS1-5.8S-ITS2	ITSx-region-extraction
MPDB005326	97093	Trichoderma koningii	fungi	PX317596.1	562	562	562	57.6512	ITS1-5.8S-ITS2	ITSx-region-extraction
MPDB005327	97093	Trichoderma koningii	fungi	PX317599.1	564	564	564	57.4468	ITS1-5.8S-ITS2	ITSx-region-extraction
MPDB005328	97093	Trichoderma koningii	fungi	PX381333.1	570	522	522	55.5556	ITS1-5.8S-ITS2	ITSx-region-extraction
MPDB005329	97093	Trichoderma koningii	fungi	PX421018.1	565	513	513	55.7505	ITS1-5.8S-ITS2	ITSx-region-extraction
MPDB005330	97093	Trichoderma koningii	fungi	PX446866.1	531	489	489	56.2372	ITS1-5.8S-ITS2	ITSx-region-extraction
MPDB005331	97093	Trichoderma koningii	fungi	PX451862.1	576	522	522	55.5556	ITS1-5.8S-ITS2	ITSx-region-extraction
MPDB005332	97093	Trichoderma koningii	fungi	PX498482.1	586	529	529	55.7656	ITS1-5.8S-ITS2	ITSx-region-extraction
MPDB005333	97093	Trichoderma koningii	fungi	PX629750.1	618	514	514	55.8366	ITS1-5.8S-ITS2	ITSx-region-extraction
MPDB005334	97093	Trichoderma koningii	fungi	PX916279.1	568	506	506	56.3241	ITS1-5.8S-ITS2	ITSx-region-extraction
MPDB005335	97093	Trichoderma koningii	fungi	PX928012.1	621	514	514	55.8366	ITS1-5.8S-ITS2	ITSx-region-extraction
MPDB005336	97093	Trichoderma koningii	fungi	PZ014349.1	581	529	529	55.7656	ITS1-5.8S-ITS2	ITSx-region-extraction
MPDB005337	97093	Trichoderma koningii	fungi	PZ039110.1	567	519	519	55.4913	ITS1-5.8S-ITS2	ITSx-region-extraction
MPDB005338	97093	Trichoderma koningii	fungi	PZ205986.1	574	513	513	55.9454	ITS1-5.8S-ITS2	ITSx-region-extraction
MPDB005339	97093	Trichoderma koningii	fungi	PZ245941.1	571	519	519	55.4913	ITS1-5.8S-ITS2	ITSx-region-extraction
MPDB005340	97093	Trichoderma koningii	fungi	PZ336165.1	558	511	511	55.5773	ITS1-5.8S-ITS2	ITSx-region-extraction
MPDB005341	97093	Trichoderma koningii	fungi	PZ499068.1	637	547	547	57.9525	ITS1-5.8S-ITS2	ITSx-region-extraction
MPDB005342	97093	Trichoderma koningii	fungi	PZ789697.1	576	531	531	55.7439	ITS1-5.8S-ITS2	ITSx-region-extraction
MPDB005344	126844	Pythium helicoides / Phytopythium helicoides	oomycetes	AB108056.1	757	757	757	49.4055	ITS1-5.8S-ITS2	ITSx-region-extraction
MPDB005345	126844	Pythium helicoides / Phytopythium helicoides	oomycetes	AB108057.1	753	753	753	49.6680	ITS1-5.8S-ITS2	ITSx-region-extraction
MPDB005346	126844	Pythium helicoides / Phytopythium helicoides	oomycetes	AB108058.1	762	762	762	49.0814	ITS1-5.8S-ITS2	ITSx-region-extraction
MPDB005347	126844	Pythium helicoides / Phytopythium helicoides	oomycetes	AB108060.1	762	762	762	49.2126	ITS1-5.8S-ITS2	ITSx-region-extraction
MPDB005348	126844	Pythium helicoides / Phytopythium helicoides	oomycetes	AB108061.1	757	757	757	49.1413	ITS1-5.8S-ITS2	ITSx-region-extraction
MPDB005349	126844	Pythium helicoides / Phytopythium helicoides	oomycetes	AB217659.1	753	753	753	49.4024	ITS1-5.8S-ITS2	ITSx-region-extraction
MPDB005350	126844	Pythium helicoides / Phytopythium helicoides	oomycetes	AB217660.1	753	753	753	49.4024	ITS1-5.8S-ITS2	ITSx-region-extraction
MPDB005351	126844	Pythium helicoides / Phytopythium helicoides	oomycetes	AB217661.1	752	752	752	49.7340	ITS1-5.8S-ITS2	ITSx-region-extraction
MPDB005352	126844	Pythium helicoides / Phytopythium helicoides	oomycetes	AB690611.1	758	758	758	49.4723	ITS1-5.8S-ITS2	ITSx-region-extraction
MPDB005353	126844	Pythium helicoides / Phytopythium helicoides	oomycetes	AB690616.1	755	755	755	49.4040	ITS1-5.8S-ITS2	ITSx-region-extraction
MPDB005354	126844	Pythium helicoides / Phytopythium helicoides	oomycetes	AB725878.1	753	753	753	49.4024	ITS1-5.8S-ITS2	ITSx-region-extraction
MPDB005355	126844	Pythium helicoides / Phytopythium helicoides	oomycetes	AY598665.2	4044	752	752	49.6011	ITS1-5.8S-ITS2	ITSx-region-extraction
MPDB005356	126844	Pythium helicoides / Phytopythium helicoides	oomycetes	LC798349.1	760	760	760	49.3421	ITS1-5.8S-ITS2	ITSx-region-extraction
MPDB005357	126844	Pythium helicoides / Phytopythium helicoides	oomycetes	LC798350.1	753	753	753	49.8008	ITS1-5.8S-ITS2	ITSx-region-extraction
MPDB005358	126844	Pythium helicoides / Phytopythium helicoides	oomycetes	OR531151.1	823	752	752	49.7340	ITS1-5.8S-ITS2	ITSx-region-extraction
MPDB005359	126844	Pythium helicoides / Phytopythium helicoides	oomycetes	OR531152.1	792	762	762	48.9501	ITS1-5.8S-ITS2	ITSx-region-extraction
MPDB005360	126844	Pythium helicoides / Phytopythium helicoides	oomycetes	OR531153.1	776	744	744	49.7290	ITS1-5.8S-ITS2	ITSx-region-extraction
MPDB005361	126844	Pythium helicoides / Phytopythium helicoides	oomycetes	OR531154.1	822	750	750	49.3992	ITS1-5.8S-ITS2	ITSx-region-extraction
MPDB005362	126844	Pythium helicoides / Phytopythium helicoides	oomycetes	OR531155.1	824	784	784	49.8724	ITS1-5.8S-ITS2	ITSx-region-extraction
MPDB005363	126844	Pythium helicoides / Phytopythium helicoides	oomycetes	OR531156.1	822	781	781	50.5141	ITS1-5.8S-ITS2	ITSx-region-extraction
MPDB005364	126844	Pythium helicoides / Phytopythium helicoides	oomycetes	OR531196.1	805	767	767	49.8695	ITS1-5.8S-ITS2	ITSx-region-extraction
MPDB005365	126844	Pythium helicoides / Phytopythium helicoides	oomycetes	OR531254.1	846	807	807	51.3011	ITS1-5.8S-ITS2	ITSx-region-extraction
MPDB005366	126844	Pythium helicoides / Phytopythium helicoides	oomycetes	OR531258.1	802	770	770	49.3506	ITS1-5.8S-ITS2	ITSx-region-extraction
MPDB005367	126844	Pythium helicoides / Phytopythium helicoides	oomycetes	OR531261.1	818	818	818	50.0612	ITS1-5.8S-ITS2	ITSx-region-extraction
MPDB005368	126844	Pythium helicoides / Phytopythium helicoides	oomycetes	OR531262.1	701	701	701	49.6434	ITS1-5.8S-ITS2	ITSx-region-extraction
MPDB005369	126844	Pythium helicoides / Phytopythium helicoides	oomycetes	OR531270.1	821	749	749	49.7997	ITS1-5.8S-ITS2	ITSx-region-extraction
MPDB005370	126844	Pythium helicoides / Phytopythium helicoides	oomycetes	OR531271.1	823	751	751	49.6671	ITS1-5.8S-ITS2	ITSx-region-extraction
MPDB005371	126844	Pythium helicoides / Phytopythium helicoides	oomycetes	OR531272.1	792	760	760	49.6053	ITS1-5.8S-ITS2	ITSx-region-extraction
MPDB005372	126844	Pythium helicoides / Phytopythium helicoides	oomycetes	OR632928.1	786	786	786	45.5471	ITS1-5.8S-ITS2	ITSx-region-extraction
MPDB005374	126844	Pythium helicoides / Phytopythium helicoides	oomycetes	PP597243.1	906	766	766	49.7389	ITS1-5.8S-ITS2	ITSx-region-extraction
MPDB005375	126844	Pythium helicoides / Phytopythium helicoides	oomycetes	PP741643.1	587	587	587	50.4259	ITS1-5.8S-ITS2	ITSx-region-extraction
MPDB005378	126844	Pythium helicoides / Phytopythium helicoides	oomycetes	PQ149064.1	801	801	801	44.9875	ITS1-5.8S-ITS2	ITSx-region-extraction
MPDB005381	126844	Pythium helicoides / Phytopythium helicoides	oomycetes	PV845155.1	706	706	706	50.0000	ITS1-5.8S-ITS2	ITSx-region-extraction
MPDB005382	126844	Pythium helicoides / Phytopythium helicoides	oomycetes	PV849200.1	778	778	778	49.4859	ITS1-5.8S-ITS2	ITSx-region-extraction
MPDB005383	126844	Pythium helicoides / Phytopythium helicoides	oomycetes	PV849201.1	722	722	722	49.3075	ITS1-5.8S-ITS2	ITSx-region-extraction
MPDB005384	126844	Pythium helicoides / Phytopythium helicoides	oomycetes	PV849252.1	819	768	768	49.3490	ITS1-5.8S-ITS2	ITSx-region-extraction
MPDB005385	126844	Pythium helicoides / Phytopythium helicoides	oomycetes	PV849253.1	813	760	760	49.6053	ITS1-5.8S-ITS2	ITSx-region-extraction
MPDB005386	126844	Pythium helicoides / Phytopythium helicoides	oomycetes	PV849254.1	823	752	752	49.6011	ITS1-5.8S-ITS2	ITSx-region-extraction
MPDB005387	1277646	Pythium schmitthenneri / Globisporangium schmitthenneri	oomycetes	JF836870.1	871	871	871	43.6280	ITS1-5.8S-ITS2	ITSx-region-extraction
MPDB005388	1277646	Pythium schmitthenneri / Globisporangium schmitthenneri	oomycetes	KJ716862.1	2019	475	475	44.2105	ITS2	ITSx-region-extraction
MPDB005389	1277646	Pythium schmitthenneri / Globisporangium schmitthenneri	oomycetes	MG799193.1	897	897	897	43.5897	ITS1-5.8S-ITS2	ITSx-region-extraction
MPDB005390	1277646	Pythium schmitthenneri / Globisporangium schmitthenneri	oomycetes	MG799194.1	923	870	870	43.9080	ITS1-5.8S-ITS2	ITSx-region-extraction
MPDB005391	1277646	Pythium schmitthenneri / Globisporangium schmitthenneri	oomycetes	PQ611592.1	616	616	616	43.6688	ITS1-5.8S-ITS2	ITSx-region-extraction
MPDB005392	1277646	Pythium schmitthenneri / Globisporangium schmitthenneri	oomycetes	PQ611756.1	570	570	570	44.7368	ITS1-5.8S-ITS2	ITSx-region-extraction
MPDB005393	1277646	Pythium schmitthenneri / Globisporangium schmitthenneri	oomycetes	PQ615100.1	652	652	652	45.5521	ITS1-5.8S-ITS2	ITSx-region-extraction
MPDB005394	140044	Pythium aristosporum	oomycetes	AY598627.2	4069	795	795	44.9057	ITS1-5.8S-ITS2	ITSx-region-extraction
MPDB005396	140044	Pythium aristosporum	oomycetes	MF446819.1	335	286	286	51.3986	ITS1	ITSx-region-extraction
MPDB005398	140044	Pythium aristosporum	oomycetes	MF446821.1	335	286	286	41.9580	ITS1	ITSx-region-extraction
MPDB005399	140044	Pythium aristosporum	oomycetes	MH890548.1	863	813	813	44.8954	ITS1-5.8S-ITS2	ITSx-region-extraction
MPDB005400	140044	Pythium aristosporum	oomycetes	MK326485.1	786	786	786	45.0382	ITS1-5.8S-ITS2	ITSx-region-extraction
MPDB005401	140044	Pythium aristosporum	oomycetes	MK326542.1	783	783	783	45.3964	ITS1-5.8S-ITS2	ITSx-region-extraction
MPDB005402	140044	Pythium aristosporum	oomycetes	MK326561.1	770	770	770	45.9740	ITS1-5.8S-ITS2	ITSx-region-extraction
MPDB005403	140044	Pythium aristosporum	oomycetes	MK420046.1	862	795	795	44.7799	ITS1-5.8S-ITS2	ITSx-region-extraction
MPDB005404	140044	Pythium aristosporum	oomycetes	MK794677.1	853	821	821	44.7016	ITS1-5.8S-ITS2	ITSx-region-extraction
MPDB005405	140044	Pythium aristosporum	oomycetes	MT337429.1	859	795	795	45.3739	ITS1-5.8S-ITS2	ITSx-region-extraction
MPDB005406	140044	Pythium aristosporum	oomycetes	MT337436.1	900	796	796	44.8492	ITS1-5.8S-ITS2	ITSx-region-extraction
MPDB005407	140044	Pythium aristosporum	oomycetes	OL701302.1	762	762	762	44.9868	ITS1-5.8S-ITS2	ITSx-region-extraction
MPDB005408	140044	Pythium aristosporum	oomycetes	OP050386.1	833	788	788	45.5471	ITS1-5.8S-ITS2	ITSx-region-extraction
MPDB005409	140044	Pythium aristosporum	oomycetes	OP050387.1	892	796	796	44.8492	ITS1-5.8S-ITS2	ITSx-region-extraction
MPDB005410	140044	Pythium aristosporum	oomycetes	OP050388.1	880	789	789	44.8669	ITS1-5.8S-ITS2	ITSx-region-extraction
MPDB005411	140044	Pythium aristosporum	oomycetes	OP050389.1	840	754	754	45.2255	ITS1-5.8S-ITS2	ITSx-region-extraction
MPDB005412	140044	Pythium aristosporum	oomycetes	OP076892.1	850	789	789	45.3384	ITS1-5.8S-ITS2	ITSx-region-extraction
MPDB005413	140044	Pythium aristosporum	oomycetes	OP076937.1	870	814	814	45.0860	ITS1-5.8S-ITS2	ITSx-region-extraction
MPDB005414	140044	Pythium aristosporum	oomycetes	OP076947.1	891	796	796	44.8492	ITS1-5.8S-ITS2	ITSx-region-extraction
MPDB005415	140044	Pythium aristosporum	oomycetes	OP077086.1	896	796	796	44.8492	ITS1-5.8S-ITS2	ITSx-region-extraction
MPDB005416	140044	Pythium aristosporum	oomycetes	OP933076.1	775	775	775	45.0323	ITS1-5.8S-ITS2	ITSx-region-extraction
MPDB005417	140044	Pythium aristosporum	oomycetes	OR120531.1	846	800	800	44.6250	ITS1-5.8S-ITS2	ITSx-region-extraction
MPDB005418	140044	Pythium aristosporum	oomycetes	OR194783.1	818	781	781	44.6863	ITS1-5.8S-ITS2	ITSx-region-extraction
MPDB005419	140044	Pythium aristosporum	oomycetes	OR890036.1	984	795	795	44.9057	ITS1-5.8S-ITS2	ITSx-region-extraction
MPDB005420	140044	Pythium aristosporum	oomycetes	OR890037.1	1000	795	795	44.9057	ITS1-5.8S-ITS2	ITSx-region-extraction
MPDB005421	140044	Pythium aristosporum	oomycetes	OR890038.1	993	795	795	44.9057	ITS1-5.8S-ITS2	ITSx-region-extraction
MPDB005422	140044	Pythium aristosporum	oomycetes	PZ810724.1	902	833	833	45.2467	ITS1-5.8S-ITS2	ITSx-region-extraction
MPDB005423	140044	Pythium aristosporum	oomycetes	PZ810725.1	900	832	832	45.2467	ITS1-5.8S-ITS2	ITSx-region-extraction
MPDB005424	140044	Pythium aristosporum	oomycetes	PZ810726.1	896	795	795	44.9367	ITS1-5.8S-ITS2	ITSx-region-extraction
MPDB005425	140044	Pythium aristosporum	oomycetes	PZ810727.1	894	795	795	44.9367	ITS1-5.8S-ITS2	ITSx-region-extraction
MPDB005426	140044	Pythium aristosporum	oomycetes	PZ810729.1	896	795	795	44.9057	ITS1-5.8S-ITS2	ITSx-region-extraction
MPDB005427	140044	Pythium aristosporum	oomycetes	PZ810730.1	898	829	829	45.3559	ITS1-5.8S-ITS2	ITSx-region-extraction
MPDB005428	140044	Pythium aristosporum	oomycetes	PZ810731.1	884	829	829	45.2352	ITS1-5.8S-ITS2	ITSx-region-extraction
MPDB005429	140044	Pythium aristosporum	oomycetes	PZ810732.1	903	834	834	45.6077	ITS1-5.8S-ITS2	ITSx-region-extraction
MPDB005430	140044	Pythium aristosporum	oomycetes	PZ810733.1	898	829	829	45.3559	ITS1-5.8S-ITS2	ITSx-region-extraction
MPDB005431	140044	Pythium aristosporum	oomycetes	PZ810734.1	897	832	832	45.3670	ITS1-5.8S-ITS2	ITSx-region-extraction
MPDB005432	140044	Pythium aristosporum	oomycetes	PZ810736.1	898	833	833	45.5529	ITS1-5.8S-ITS2	ITSx-region-extraction
MPDB005433	140044	Pythium aristosporum	oomycetes	PZ810742.1	850	808	808	44.8020	ITS1-5.8S-ITS2	ITSx-region-extraction
MPDB005434	140044	Pythium aristosporum	oomycetes	PZ810746.1	848	806	806	44.7891	ITS1-5.8S-ITS2	ITSx-region-extraction
MPDB005435	140044	Pythium aristosporum	oomycetes	PZ810748.1	852	807	807	44.7336	ITS1-5.8S-ITS2	ITSx-region-extraction
MPDB005436	140044	Pythium aristosporum	oomycetes	PZ810750.1	852	807	807	44.8575	ITS1-5.8S-ITS2	ITSx-region-extraction
MPDB005437	2052682	Pythium ultimum	oomycetes	LC901555.1	825	825	825	42.5455	ITS1-5.8S-ITS2	ITSx-region-extraction
MPDB005438	2052682	Pythium ultimum	oomycetes	LC906641.1	844	844	844	42.5355	ITS1-5.8S-ITS2	ITSx-region-extraction
MPDB005439	2052682	Pythium ultimum	oomycetes	OL342591.1	835	835	835	42.6347	ITS1-5.8S-ITS2	ITSx-region-extraction
MPDB005440	2052682	Pythium ultimum	oomycetes	OL342593.1	843	843	843	42.3488	ITS1-5.8S-ITS2	ITSx-region-extraction
MPDB005441	2052682	Pythium ultimum	oomycetes	OL342607.1	836	836	836	42.5837	ITS1-5.8S-ITS2	ITSx-region-extraction
MPDB005442	2052682	Pythium ultimum	oomycetes	OL342609.1	821	821	821	42.8745	ITS1-5.8S-ITS2	ITSx-region-extraction
MPDB005443	2052682	Pythium ultimum	oomycetes	OL342611.1	826	826	826	42.7361	ITS1-5.8S-ITS2	ITSx-region-extraction
MPDB005444	2052682	Pythium ultimum	oomycetes	OL342612.1	832	832	832	42.7885	ITS1-5.8S-ITS2	ITSx-region-extraction
MPDB005445	2052682	Pythium ultimum	oomycetes	OL342613.1	833	833	833	42.7371	ITS1-5.8S-ITS2	ITSx-region-extraction
MPDB005446	2052682	Pythium ultimum	oomycetes	PP835989.1	869	835	835	42.3952	ITS1-5.8S-ITS2	ITSx-region-extraction
MPDB005447	2052682	Pythium ultimum	oomycetes	PQ897936.1	309	283	283	41.3428	ITS1-5.8S	ITSx-region-extraction
MPDB005448	2052682	Pythium ultimum	oomycetes	PV424126.1	694	694	694	43.2277	ITS1-5.8S-ITS2	ITSx-region-extraction
MPDB005449	2052682	Pythium ultimum	oomycetes	PV594455.1	738	697	697	43.6155	ITS1-5.8S-ITS2	ITSx-region-extraction
MPDB005450	2052682	Pythium ultimum	oomycetes	PV776020.1	880	844	844	42.5355	ITS1-5.8S-ITS2	ITSx-region-extraction
MPDB005451	2052682	Pythium ultimum	oomycetes	PV776021.1	872	846	846	42.5532	ITS1-5.8S-ITS2	ITSx-region-extraction
MPDB005452	2052682	Pythium ultimum	oomycetes	PV807958.1	824	824	824	42.5971	ITS1-5.8S-ITS2	ITSx-region-extraction
MPDB005453	2052682	Pythium ultimum	oomycetes	PV815413.1	821	821	821	42.7527	ITS1-5.8S-ITS2	ITSx-region-extraction
MPDB005454	2052682	Pythium ultimum	oomycetes	PV815414.1	817	817	817	42.9621	ITS1-5.8S-ITS2	ITSx-region-extraction
MPDB005455	2052682	Pythium ultimum	oomycetes	PV845119.1	902	843	843	42.5860	ITS1-5.8S-ITS2	ITSx-region-extraction
MPDB005456	2052682	Pythium ultimum	oomycetes	PV845126.1	877	836	836	42.7033	ITS1-5.8S-ITS2	ITSx-region-extraction
MPDB005457	2052682	Pythium ultimum	oomycetes	PV845129.1	833	833	833	42.6170	ITS1-5.8S-ITS2	ITSx-region-extraction
MPDB005458	2052682	Pythium ultimum	oomycetes	PV845130.1	532	448	448	42.1875	ITS2	ITSx-region-extraction
MPDB005459	2052682	Pythium ultimum	oomycetes	PV845131.1	586	586	586	43.0034	5.8S-ITS2	ITSx-region-extraction
MPDB005460	2052682	Pythium ultimum	oomycetes	PV845137.1	669	669	669	42.4514	ITS1-5.8S-ITS2	ITSx-region-extraction
MPDB005461	2052682	Pythium ultimum	oomycetes	PV845150.1	894	846	846	41.7258	ITS1-5.8S-ITS2	ITSx-region-extraction
MPDB005462	2052682	Pythium ultimum	oomycetes	PV849267.1	898	844	844	42.6540	ITS1-5.8S-ITS2	ITSx-region-extraction
MPDB005463	2052682	Pythium ultimum	oomycetes	PV849273.1	883	835	835	41.7964	ITS1-5.8S-ITS2	ITSx-region-extraction
MPDB005464	2052682	Pythium ultimum	oomycetes	PV849275.1	881	835	835	42.6347	ITS1-5.8S-ITS2	ITSx-region-extraction
MPDB005465	2052682	Pythium ultimum	oomycetes	PV849276.1	893	838	838	42.6014	ITS1-5.8S-ITS2	ITSx-region-extraction
MPDB005466	2052682	Pythium ultimum	oomycetes	PV849277.1	889	836	836	42.5837	ITS1-5.8S-ITS2	ITSx-region-extraction
MPDB005467	2052682	Pythium ultimum	oomycetes	PV849278.1	885	837	837	42.6523	ITS1-5.8S-ITS2	ITSx-region-extraction
MPDB005468	2052682	Pythium ultimum	oomycetes	PV849279.1	884	837	837	42.6523	ITS1-5.8S-ITS2	ITSx-region-extraction
MPDB005469	2052682	Pythium ultimum	oomycetes	PV849280.1	749	749	749	42.0561	ITS1-5.8S-ITS2	ITSx-region-extraction
MPDB005470	2052682	Pythium ultimum	oomycetes	PV849283.1	891	846	846	42.5532	ITS1-5.8S-ITS2	ITSx-region-extraction
MPDB005471	2052682	Pythium ultimum	oomycetes	PV849286.1	825	825	825	42.0606	ITS1-5.8S-ITS2	ITSx-region-extraction
MPDB005473	2052682	Pythium ultimum	oomycetes	PX218305.1	774	774	774	42.2481	ITS1-5.8S-ITS2	ITSx-region-extraction
MPDB005474	2052682	Pythium ultimum	oomycetes	PX674610.1	865	831	831	42.3586	ITS1-5.8S-ITS2	ITSx-region-extraction
MPDB005475	2052682	Pythium ultimum	oomycetes	PX699629.1	898	824	824	42.5971	ITS1-5.8S-ITS2	ITSx-region-extraction
MPDB005476	2052682	Pythium ultimum	oomycetes	PX890959.1	1987	824	824	42.5971	ITS1-5.8S-ITS2	ITSx-region-extraction
MPDB005477	2052682	Pythium ultimum	oomycetes	PX972519.1	583	444	444	42.3423	ITS2	ITSx-region-extraction
MPDB005478	2052682	Pythium ultimum	oomycetes	PX972521.1	585	444	444	42.3423	ITS2	ITSx-region-extraction
MPDB005479	2052682	Pythium ultimum	oomycetes	PZ630447.1	889	844	844	42.7725	ITS1-5.8S-ITS2	ITSx-region-extraction
MPDB005480	2125995	Pythium paroecandrum/ Globisporangium paroecandrum	oomycetes	AY598644.2	4220	930	930	48.9774	ITS1-5.8S-ITS2	ITSx-region-extraction
MPDB005481	2125995	Pythium paroecandrum/ Globisporangium paroecandrum	oomycetes	KU208275.1	928	928	928	49.2457	ITS1-5.8S-ITS2	ITSx-region-extraction
MPDB005482	2125995	Pythium paroecandrum/ Globisporangium paroecandrum	oomycetes	KU208339.1	698	698	698	47.7077	ITS1-5.8S-ITS2	ITSx-region-extraction
MPDB005483	2125995	Pythium paroecandrum/ Globisporangium paroecandrum	oomycetes	KU208340.1	743	743	743	48.5175	ITS1-5.8S-ITS2	ITSx-region-extraction
MPDB005484	2125995	Pythium paroecandrum/ Globisporangium paroecandrum	oomycetes	KU208341.1	823	823	823	49.0887	ITS1-5.8S-ITS2	ITSx-region-extraction
MPDB005485	2125995	Pythium paroecandrum/ Globisporangium paroecandrum	oomycetes	KU208357.1	929	929	929	50.1615	ITS1-5.8S-ITS2	ITSx-region-extraction
MPDB005486	2125995	Pythium paroecandrum/ Globisporangium paroecandrum	oomycetes	KU208372.1	912	912	912	50.4386	ITS1-5.8S-ITS2	ITSx-region-extraction
MPDB005487	2125995	Pythium paroecandrum/ Globisporangium paroecandrum	oomycetes	KU208376.1	919	919	919	50.1632	ITS1-5.8S-ITS2	ITSx-region-extraction
MPDB005488	2125995	Pythium paroecandrum/ Globisporangium paroecandrum	oomycetes	KU208377.1	917	917	917	49.0731	ITS1-5.8S-ITS2	ITSx-region-extraction
MPDB005489	2125995	Pythium paroecandrum/ Globisporangium paroecandrum	oomycetes	KU208379.1	922	922	922	49.1323	ITS1-5.8S-ITS2	ITSx-region-extraction
MPDB005490	2125995	Pythium paroecandrum/ Globisporangium paroecandrum	oomycetes	KU208380.1	921	921	921	48.9663	ITS1-5.8S-ITS2	ITSx-region-extraction
MPDB005491	2125995	Pythium paroecandrum/ Globisporangium paroecandrum	oomycetes	KU208381.1	923	923	923	49.0791	ITS1-5.8S-ITS2	ITSx-region-extraction
MPDB005492	2125995	Pythium paroecandrum/ Globisporangium paroecandrum	oomycetes	KU208383.1	923	923	923	50.4875	ITS1-5.8S-ITS2	ITSx-region-extraction
MPDB005493	2125995	Pythium paroecandrum/ Globisporangium paroecandrum	oomycetes	KU208384.1	924	924	924	49.0260	ITS1-5.8S-ITS2	ITSx-region-extraction
MPDB005494	2125995	Pythium paroecandrum/ Globisporangium paroecandrum	oomycetes	KU208386.1	928	928	928	50.1080	ITS1-5.8S-ITS2	ITSx-region-extraction
MPDB005495	2125995	Pythium paroecandrum/ Globisporangium paroecandrum	oomycetes	KU208388.1	925	925	925	50.2703	ITS1-5.8S-ITS2	ITSx-region-extraction
MPDB005496	2125995	Pythium paroecandrum/ Globisporangium paroecandrum	oomycetes	KU208389.1	936	936	936	49.0385	ITS1-5.8S-ITS2	ITSx-region-extraction
MPDB005497	2125995	Pythium paroecandrum/ Globisporangium paroecandrum	oomycetes	KU208404.1	918	918	918	49.3464	ITS1-5.8S-ITS2	ITSx-region-extraction
MPDB005498	2125995	Pythium paroecandrum/ Globisporangium paroecandrum	oomycetes	KU208405.1	922	922	922	49.1323	ITS1-5.8S-ITS2	ITSx-region-extraction
MPDB005499	2125995	Pythium paroecandrum/ Globisporangium paroecandrum	oomycetes	KU208406.1	929	929	929	49.3003	ITS1-5.8S-ITS2	ITSx-region-extraction
MPDB005500	2125995	Pythium paroecandrum/ Globisporangium paroecandrum	oomycetes	KU209341.1	920	920	920	49.2391	ITS1-5.8S-ITS2	ITSx-region-extraction
MPDB005501	2125995	Pythium paroecandrum/ Globisporangium paroecandrum	oomycetes	KU209349.1	926	926	926	49.2441	ITS1-5.8S-ITS2	ITSx-region-extraction
MPDB005502	2125995	Pythium paroecandrum/ Globisporangium paroecandrum	oomycetes	KU209350.1	927	927	927	49.0831	ITS1-5.8S-ITS2	ITSx-region-extraction
MPDB005503	2125995	Pythium paroecandrum/ Globisporangium paroecandrum	oomycetes	KU209351.1	928	928	928	49.1379	ITS1-5.8S-ITS2	ITSx-region-extraction
MPDB005504	2125995	Pythium paroecandrum/ Globisporangium paroecandrum	oomycetes	KU210456.1	1025	933	933	50.1608	ITS1-5.8S-ITS2	ITSx-region-extraction
MPDB005505	2125995	Pythium paroecandrum/ Globisporangium paroecandrum	oomycetes	KU210457.1	1014	915	915	50.3825	ITS1-5.8S-ITS2	ITSx-region-extraction
MPDB005506	2125995	Pythium paroecandrum/ Globisporangium paroecandrum	oomycetes	KU210463.1	752	752	752	49.0013	ITS1-5.8S-ITS2	ITSx-region-extraction
MPDB005507	2125995	Pythium paroecandrum/ Globisporangium paroecandrum	oomycetes	KU210471.1	922	922	922	50.2714	ITS1-5.8S-ITS2	ITSx-region-extraction
MPDB005508	2125995	Pythium paroecandrum/ Globisporangium paroecandrum	oomycetes	KU210472.1	937	937	937	49.8399	ITS1-5.8S-ITS2	ITSx-region-extraction
MPDB005509	2125995	Pythium paroecandrum/ Globisporangium paroecandrum	oomycetes	KU210513.1	917	917	917	50.4907	ITS1-5.8S-ITS2	ITSx-region-extraction
MPDB005510	2125995	Pythium paroecandrum/ Globisporangium paroecandrum	oomycetes	KU210515.1	927	927	927	50.3776	ITS1-5.8S-ITS2	ITSx-region-extraction
MPDB005511	2125995	Pythium paroecandrum/ Globisporangium paroecandrum	oomycetes	KU210519.1	943	943	943	50.1591	ITS1-5.8S-ITS2	ITSx-region-extraction
MPDB005512	2125995	Pythium paroecandrum/ Globisporangium paroecandrum	oomycetes	KU210520.1	945	945	945	50.0529	ITS1-5.8S-ITS2	ITSx-region-extraction
MPDB005513	2125995	Pythium paroecandrum/ Globisporangium paroecandrum	oomycetes	KX788834.1	962	930	930	49.1398	ITS1-5.8S-ITS2	ITSx-region-extraction
MPDB005514	2125995	Pythium paroecandrum/ Globisporangium paroecandrum	oomycetes	KY433891.1	798	798	798	47.9950	ITS1-5.8S-ITS2	ITSx-region-extraction
MPDB005515	2125995	Pythium paroecandrum/ Globisporangium paroecandrum	oomycetes	MF963042.1	550	510	510	50.0000	5.8S-ITS2	ITSx-region-extraction
MPDB005516	2125995	Pythium paroecandrum/ Globisporangium paroecandrum	oomycetes	MF963043.1	550	510	510	49.2157	5.8S-ITS2	ITSx-region-extraction
MPDB005517	2125995	Pythium paroecandrum/ Globisporangium paroecandrum	oomycetes	MG799189.1	905	905	905	50.0564	ITS1-5.8S-ITS2	ITSx-region-extraction
MPDB005518	2125995	Pythium paroecandrum/ Globisporangium paroecandrum	oomycetes	MK886856.1	913	913	913	50.0548	ITS1-5.8S-ITS2	ITSx-region-extraction
MPDB005519	2125995	Pythium paroecandrum/ Globisporangium paroecandrum	oomycetes	MK910127.1	925	925	925	48.8649	ITS1-5.8S-ITS2	ITSx-region-extraction
MPDB005520	2125995	Pythium paroecandrum/ Globisporangium paroecandrum	oomycetes	MZ207918.1	902	902	902	49.3348	ITS1-5.8S-ITS2	ITSx-region-extraction
MPDB005521	2125995	Pythium paroecandrum/ Globisporangium paroecandrum	oomycetes	OR484040.1	775	775	775	48.7742	ITS1-5.8S-ITS2	ITSx-region-extraction
MPDB005522	2125995	Pythium paroecandrum/ Globisporangium paroecandrum	oomycetes	PZ239895.1	512	512	512	47.6562	ITS1-5.8S-ITS2	ITSx-region-extraction
MPDB005523	2125998	Pythium spinosum /Globisporangium spinosum	oomycetes	AB108006.1	916	916	916	45.4545	ITS1-5.8S-ITS2	ITSx-region-extraction
MPDB005524	2125998	Pythium spinosum /Globisporangium spinosum	oomycetes	AB108007.1	916	916	916	45.5044	ITS1-5.8S-ITS2	ITSx-region-extraction
MPDB005525	2125998	Pythium spinosum /Globisporangium spinosum	oomycetes	AB217665.1	916	916	916	45.5240	ITS1-5.8S-ITS2	ITSx-region-extraction
MPDB005526	2125998	Pythium spinosum /Globisporangium spinosum	oomycetes	AY598701.2	4068	915	915	45.4645	ITS1-5.8S-ITS2	ITSx-region-extraction
MPDB005527	2125998	Pythium spinosum /Globisporangium spinosum	oomycetes	MG799197.1	901	901	901	45.2830	ITS1-5.8S-ITS2	ITSx-region-extraction
MPDB005528	2125998	Pythium spinosum /Globisporangium spinosum	oomycetes	OL307779.1	739	739	739	46.2788	ITS1-5.8S-ITS2	ITSx-region-extraction
MPDB005529	2125998	Pythium spinosum /Globisporangium spinosum	oomycetes	OL307783.1	838	838	838	45.9427	ITS1-5.8S-ITS2	ITSx-region-extraction
MPDB005530	2125998	Pythium spinosum /Globisporangium spinosum	oomycetes	ON102786.1	886	886	886	45.5982	ITS1-5.8S-ITS2	ITSx-region-extraction
MPDB005531	2125998	Pythium spinosum /Globisporangium spinosum	oomycetes	ON102787.1	954	904	904	45.2809	ITS1-5.8S-ITS2	ITSx-region-extraction
MPDB005532	2125998	Pythium spinosum /Globisporangium spinosum	oomycetes	ON113873.1	623	623	623	45.9069	ITS1-5.8S-ITS2	ITSx-region-extraction
MPDB005533	2125998	Pythium spinosum /Globisporangium spinosum	oomycetes	ON202808.2	969	931	931	45.6498	ITS1-5.8S-ITS2	ITSx-region-extraction
MPDB005534	2125998	Pythium spinosum /Globisporangium spinosum	oomycetes	OP592246.1	955	926	926	45.5724	ITS1-5.8S-ITS2	ITSx-region-extraction
MPDB005535	2125998	Pythium spinosum /Globisporangium spinosum	oomycetes	OQ612485.1	979	917	917	45.8015	ITS1-5.8S-ITS2	ITSx-region-extraction
MPDB005536	2125998	Pythium spinosum /Globisporangium spinosum	oomycetes	OQ875759.1	720	720	720	45.5556	ITS1-5.8S-ITS2	ITSx-region-extraction
MPDB005537	2125998	Pythium spinosum /Globisporangium spinosum	oomycetes	OQ975665.1	909	848	848	45.7547	ITS1-5.8S-ITS2	ITSx-region-extraction
MPDB005538	2125998	Pythium spinosum /Globisporangium spinosum	oomycetes	OR120463.1	948	920	920	45.3261	ITS1-5.8S-ITS2	ITSx-region-extraction
MPDB005539	2125998	Pythium spinosum /Globisporangium spinosum	oomycetes	OR120465.1	963	920	920	45.3261	ITS1-5.8S-ITS2	ITSx-region-extraction
MPDB005540	2125998	Pythium spinosum /Globisporangium spinosum	oomycetes	OR120468.1	961	918	918	45.3159	ITS1-5.8S-ITS2	ITSx-region-extraction
MPDB005541	2125998	Pythium spinosum /Globisporangium spinosum	oomycetes	OR120530.1	956	910	910	45.3846	ITS1-5.8S-ITS2	ITSx-region-extraction
MPDB005542	2125998	Pythium spinosum /Globisporangium spinosum	oomycetes	OR120534.1	963	919	919	45.2666	ITS1-5.8S-ITS2	ITSx-region-extraction
MPDB005543	2125998	Pythium spinosum /Globisporangium spinosum	oomycetes	OR120550.1	952	919	919	45.2666	ITS1-5.8S-ITS2	ITSx-region-extraction
MPDB005544	2125998	Pythium spinosum /Globisporangium spinosum	oomycetes	OR120554.1	956	918	918	45.3159	ITS1-5.8S-ITS2	ITSx-region-extraction
MPDB005545	2125998	Pythium spinosum /Globisporangium spinosum	oomycetes	OR120564.1	958	919	919	45.2666	ITS1-5.8S-ITS2	ITSx-region-extraction
MPDB005546	2125998	Pythium spinosum /Globisporangium spinosum	oomycetes	OR120566.1	938	938	938	45.2026	ITS1-5.8S-ITS2	ITSx-region-extraction
MPDB005547	2125998	Pythium spinosum /Globisporangium spinosum	oomycetes	OR120571.1	962	919	919	45.2666	ITS1-5.8S-ITS2	ITSx-region-extraction
MPDB005548	2125998	Pythium spinosum /Globisporangium spinosum	oomycetes	OR120651.1	960	918	918	45.6427	ITS1-5.8S-ITS2	ITSx-region-extraction
MPDB005549	2125998	Pythium spinosum /Globisporangium spinosum	oomycetes	OR194626.1	945	945	945	45.5508	ITS1-5.8S-ITS2	ITSx-region-extraction
MPDB005550	2125998	Pythium spinosum /Globisporangium spinosum	oomycetes	OR194628.1	951	915	915	45.8425	ITS1-5.8S-ITS2	ITSx-region-extraction
MPDB005551	2125998	Pythium spinosum /Globisporangium spinosum	oomycetes	OR194629.1	960	913	913	45.7831	ITS1-5.8S-ITS2	ITSx-region-extraction
MPDB005552	2125998	Pythium spinosum /Globisporangium spinosum	oomycetes	OR194631.1	783	783	783	46.4879	ITS1-5.8S-ITS2	ITSx-region-extraction
MPDB005553	2125998	Pythium spinosum /Globisporangium spinosum	oomycetes	OR194757.1	626	626	626	46.9649	ITS1-5.8S-ITS2	ITSx-region-extraction
MPDB005554	2125998	Pythium spinosum /Globisporangium spinosum	oomycetes	OR194764.1	799	799	799	46.5582	ITS1-5.8S-ITS2	ITSx-region-extraction
MPDB005555	2125998	Pythium spinosum /Globisporangium spinosum	oomycetes	OR194824.1	865	865	865	46.0116	ITS1-5.8S-ITS2	ITSx-region-extraction
MPDB005556	2125998	Pythium spinosum /Globisporangium spinosum	oomycetes	OR194834.1	935	935	935	45.9807	ITS1-5.8S-ITS2	ITSx-region-extraction
MPDB005557	2125998	Pythium spinosum /Globisporangium spinosum	oomycetes	OR194845.1	939	913	913	45.7237	ITS1-5.8S-ITS2	ITSx-region-extraction
MPDB005558	2125998	Pythium spinosum /Globisporangium spinosum	oomycetes	OR511522.1	878	843	843	45.5516	ITS1-5.8S-ITS2	ITSx-region-extraction
MPDB005559	2125998	Pythium spinosum /Globisporangium spinosum	oomycetes	OR604290.1	896	896	896	45.5357	ITS1-5.8S-ITS2	ITSx-region-extraction
MPDB005560	2125998	Pythium spinosum /Globisporangium spinosum	oomycetes	PP033679.1	931	931	931	45.5328	ITS1-5.8S-ITS2	ITSx-region-extraction
MPDB005561	2125998	Pythium spinosum /Globisporangium spinosum	oomycetes	PP817607.1	945	913	913	45.2355	ITS1-5.8S-ITS2	ITSx-region-extraction
MPDB005562	2125998	Pythium spinosum /Globisporangium spinosum	oomycetes	PV390628.1	919	919	919	45.0490	ITS1-5.8S-ITS2	ITSx-region-extraction
MPDB005563	2125998	Pythium spinosum /Globisporangium spinosum	oomycetes	PZ321508.1	934	896	896	45.9821	ITS1-5.8S-ITS2	ITSx-region-extraction
MPDB005564	2125998	Pythium spinosum /Globisporangium spinosum	oomycetes	PZ439652.1	679	679	679	45.9499	ITS1-5.8S-ITS2	ITSx-region-extraction
MPDB005565	2125998	Pythium spinosum /Globisporangium spinosum	oomycetes	PZ810737.1	964	925	925	45.9459	ITS1-5.8S-ITS2	ITSx-region-extraction
MPDB005568	231958	Pythium debaryanum /Globisporangium debaryanum	oomycetes	AY243060.1	822	822	822	42.7007	ITS1-5.8S-ITS2	ITSx-region-extraction
MPDB005569	231958	Pythium debaryanum /Globisporangium debaryanum	oomycetes	AY243061.1	826	826	826	43.1349	ITS1-5.8S-ITS2	ITSx-region-extraction
MPDB005570	231958	Pythium debaryanum /Globisporangium debaryanum	oomycetes	AY243062.1	819	819	819	42.9621	ITS1-5.8S-ITS2	ITSx-region-extraction
MPDB005571	231958	Pythium debaryanum /Globisporangium debaryanum	oomycetes	AY243063.1	823	823	823	42.8919	ITS1-5.8S-ITS2	ITSx-region-extraction
MPDB005572	231958	Pythium debaryanum /Globisporangium debaryanum	oomycetes	AY243064.1	791	791	791	42.7848	ITS1-5.8S-ITS2	ITSx-region-extraction
MPDB005573	231958	Pythium debaryanum /Globisporangium debaryanum	oomycetes	AY243065.1	794	794	794	42.4968	ITS1-5.8S-ITS2	ITSx-region-extraction
MPDB005574	231958	Pythium debaryanum /Globisporangium debaryanum	oomycetes	AY598704.2	4189	912	912	48.9035	ITS1-5.8S-ITS2	ITSx-region-extraction
MPDB005575	231958	Pythium debaryanum /Globisporangium debaryanum	oomycetes	HQ643519.1	944	912	912	48.9572	ITS1-5.8S-ITS2	ITSx-region-extraction
MPDB005576	231958	Pythium debaryanum /Globisporangium debaryanum	oomycetes	KT429655.1	961	922	922	48.8069	ITS1-5.8S-ITS2	ITSx-region-extraction
MPDB005577	231958	Pythium debaryanum /Globisporangium debaryanum	oomycetes	KU833269.1	885	885	885	48.9266	ITS1-5.8S-ITS2	ITSx-region-extraction
MPDB005578	231958	Pythium debaryanum /Globisporangium debaryanum	oomycetes	KX228092.1	900	900	900	49.3333	ITS1-5.8S-ITS2	ITSx-region-extraction
MPDB005579	231958	Pythium debaryanum /Globisporangium debaryanum	oomycetes	KX396598.1	791	791	791	42.7848	ITS1-5.8S-ITS2	ITSx-region-extraction
MPDB005580	231958	Pythium debaryanum /Globisporangium debaryanum	oomycetes	MF115153.1	930	881	881	46.8785	ITS1-5.8S-ITS2	ITSx-region-extraction
MPDB005581	231958	Pythium debaryanum /Globisporangium debaryanum	oomycetes	MW489834.1	900	900	900	49.1111	ITS1-5.8S-ITS2	ITSx-region-extraction
MPDB005582	231958	Pythium debaryanum /Globisporangium debaryanum	oomycetes	OQ318505.1	755	755	755	47.8146	ITS1-5.8S-ITS2	ITSx-region-extraction
MPDB005583	231958	Pythium debaryanum /Globisporangium debaryanum	oomycetes	OR910652.1	752	752	752	43.4088	ITS1-5.8S-ITS2	ITSx-region-extraction
MPDB005584	231958	Pythium debaryanum /Globisporangium debaryanum	oomycetes	PV849209.1	868	868	868	48.7327	ITS1-5.8S-ITS2	ITSx-region-extraction
MPDB005585	231958	Pythium debaryanum /Globisporangium debaryanum	oomycetes	PV849210.1	946	946	946	49.3658	ITS1-5.8S-ITS2	ITSx-region-extraction
MPDB005586	231958	Pythium debaryanum /Globisporangium debaryanum	oomycetes	PV849212.1	710	710	710	47.8873	ITS1-5.8S-ITS2	ITSx-region-extraction
MPDB005587	2711123	Globisporangium rostratum (Pythium rostratum )	oomycetes	AB468775.1	966	966	966	50.0000	ITS1-5.8S-ITS2	ITSx-region-extraction
MPDB005589	2711123	Globisporangium rostratum (Pythium rostratum )	oomycetes	AJ233456.1	982	982	982	50.4073	ITS1-5.8S-ITS2	ITSx-region-extraction
MPDB005590	2711123	Globisporangium rostratum (Pythium rostratum )	oomycetes	AY598696.2	4116	964	964	47.0405	ITS1-5.8S-ITS2	ITSx-region-extraction
MPDB005592	2711123	Globisporangium rostratum (Pythium rostratum )	oomycetes	DQ648134.1	964	964	964	46.9367	ITS1-5.8S-ITS2	ITSx-region-extraction
MPDB005593	2711123	Globisporangium rostratum (Pythium rostratum )	oomycetes	GU258606.1	981	981	981	50.3568	ITS1-5.8S-ITS2	ITSx-region-extraction
MPDB005594	2711123	Globisporangium rostratum (Pythium rostratum )	oomycetes	HQ643767.1	996	964	964	46.9854	ITS1-5.8S-ITS2	ITSx-region-extraction
MPDB005595	2711123	Globisporangium rostratum (Pythium rostratum )	oomycetes	MF446697.1	393	344	344	43.6047	ITS1	ITSx-region-extraction
MPDB005596	2711123	Globisporangium rostratum (Pythium rostratum )	oomycetes	MK330686.1	919	919	919	47.7693	ITS1-5.8S-ITS2	ITSx-region-extraction
MPDB005597	2711123	Globisporangium rostratum (Pythium rostratum )	oomycetes	MT084526.1	606	606	606	47.3597	ITS1-5.8S-ITS2	ITSx-region-extraction
MPDB005598	2711123	Globisporangium rostratum (Pythium rostratum )	oomycetes	MT084527.1	893	893	893	46.9205	ITS1-5.8S-ITS2	ITSx-region-extraction
MPDB005599	289596	Pythium adhaerens	oomycetes	AY598619.2	3926	782	782	46.9833	ITS1-5.8S-ITS2	ITSx-region-extraction
MPDB005600	289596	Pythium adhaerens	oomycetes	HQ111456.1	805	777	777	46.5894	ITS1-5.8S-ITS2	ITSx-region-extraction
MPDB005601	289596	Pythium adhaerens	oomycetes	HQ111467.1	789	789	789	46.8948	ITS1-5.8S-ITS2	ITSx-region-extraction
MPDB005602	289596	Pythium adhaerens	oomycetes	HQ111468.1	785	785	785	47.0064	ITS1-5.8S-ITS2	ITSx-region-extraction
MPDB005603	289596	Pythium adhaerens	oomycetes	HQ643415.1	814	773	773	46.7974	ITS1-5.8S-ITS2	ITSx-region-extraction
MPDB005604	289596	Pythium adhaerens	oomycetes	JQ898454.1	892	782	782	47.1867	ITS1-5.8S-ITS2	ITSx-region-extraction
MPDB005605	289596	Pythium adhaerens	oomycetes	KJ865241.1	794	754	754	47.7454	ITS1-5.8S-ITS2	ITSx-region-extraction
MPDB005606	289596	Pythium adhaerens	oomycetes	KP063120.1	845	807	807	46.9641	ITS1-5.8S-ITS2	ITSx-region-extraction
MPDB005607	289596	Pythium adhaerens	oomycetes	KP843580.1	689	689	689	47.1698	ITS1-5.8S-ITS2	ITSx-region-extraction
MPDB005608	289596	Pythium adhaerens	oomycetes	KP862937.1	816	769	769	47.2042	ITS1-5.8S-ITS2	ITSx-region-extraction
MPDB005609	289596	Pythium adhaerens	oomycetes	KU210085.1	777	777	777	47.4903	ITS1-5.8S-ITS2	ITSx-region-extraction
MPDB005610	289596	Pythium adhaerens	oomycetes	MF115424.1	837	787	787	47.1338	ITS1-5.8S-ITS2	ITSx-region-extraction
MPDB005611	289596	Pythium adhaerens	oomycetes	OP933314.1	672	672	672	47.0765	ITS1-5.8S-ITS2	ITSx-region-extraction
MPDB005612	289596	Pythium adhaerens	oomycetes	OP933315.1	629	629	629	46.9745	ITS1-5.8S-ITS2	ITSx-region-extraction
MPDB005613	289596	Pythium adhaerens	oomycetes	OR784346.1	831	794	794	47.1033	ITS1-5.8S-ITS2	ITSx-region-extraction
MPDB005614	289598	Pythium angustatum	oomycetes	AY598623.1	2254	779	779	45.9564	ITS1-5.8S-ITS2	ITSx-region-extraction
MPDB005615	289598	Pythium angustatum	oomycetes	HQ643437.1	820	779	779	45.9564	ITS1-5.8S-ITS2	ITSx-region-extraction
MPDB005616	289598	Pythium angustatum	oomycetes	JX271794.1	800	800	800	45.6250	ITS1-5.8S-ITS2	ITSx-region-extraction
MPDB005617	289598	Pythium angustatum	oomycetes	JX271799.1	786	786	786	45.6743	ITS1-5.8S-ITS2	ITSx-region-extraction
MPDB005618	289598	Pythium angustatum	oomycetes	KM280065.1	743	743	743	46.2988	ITS1-5.8S-ITS2	ITSx-region-extraction
MPDB005619	289598	Pythium angustatum	oomycetes	KP843596.1	813	767	767	45.5020	ITS1-5.8S-ITS2	ITSx-region-extraction
MPDB005620	289598	Pythium angustatum	oomycetes	KU210460.1	724	724	724	46.4088	ITS1-5.8S-ITS2	ITSx-region-extraction
MPDB005621	289598	Pythium angustatum	oomycetes	MT473788.1	720	720	720	46.1752	ITS1-5.8S-ITS2	ITSx-region-extraction
MPDB005622	289598	Pythium angustatum	oomycetes	PQ107654.1	837	796	796	45.7286	ITS1-5.8S-ITS2	ITSx-region-extraction
MPDB005623	289618	Pythium lutarium	oomycetes	AY598688.1	777	777	777	44.7876	ITS1-5.8S-ITS2	ITSx-region-extraction
MPDB005624	289618	Pythium lutarium	oomycetes	KU210117.1	785	785	785	44.9682	ITS1-5.8S-ITS2	ITSx-region-extraction
MPDB005625	289618	Pythium lutarium	oomycetes	KU210120.1	785	785	785	44.9682	ITS1-5.8S-ITS2	ITSx-region-extraction
MPDB005626	289618	Pythium lutarium	oomycetes	KU210121.1	786	786	786	44.9109	ITS1-5.8S-ITS2	ITSx-region-extraction
MPDB005627	289618	Pythium lutarium	oomycetes	KU210128.1	787	787	787	44.7268	ITS1-5.8S-ITS2	ITSx-region-extraction
MPDB005628	289618	Pythium lutarium	oomycetes	KU210158.1	810	810	810	45.0617	ITS1-5.8S-ITS2	ITSx-region-extraction
MPDB005629	289618	Pythium lutarium	oomycetes	KU210253.1	785	785	785	44.8408	ITS1-5.8S-ITS2	ITSx-region-extraction
MPDB005630	289618	Pythium lutarium	oomycetes	KU210254.1	786	786	786	45.0955	ITS1-5.8S-ITS2	ITSx-region-extraction
MPDB005631	289618	Pythium lutarium	oomycetes	KU210331.1	808	808	808	44.9257	ITS1-5.8S-ITS2	ITSx-region-extraction
MPDB005632	289618	Pythium lutarium	oomycetes	KU210467.1	782	782	782	47.3146	ITS1-5.8S-ITS2	ITSx-region-extraction
MPDB005633	289618	Pythium lutarium	oomycetes	KU210494.1	775	775	775	44.9032	ITS1-5.8S-ITS2	ITSx-region-extraction
MPDB005634	289618	Pythium lutarium	oomycetes	KU210496.1	780	780	780	45.0000	ITS1-5.8S-ITS2	ITSx-region-extraction
MPDB005635	289618	Pythium lutarium	oomycetes	KU210498.1	780	780	780	45.1282	ITS1-5.8S-ITS2	ITSx-region-extraction
MPDB005636	289618	Pythium lutarium	oomycetes	KU210502.1	785	785	785	44.8408	ITS1-5.8S-ITS2	ITSx-region-extraction
MPDB005637	289618	Pythium lutarium	oomycetes	KU210504.1	781	781	781	44.6863	ITS1-5.8S-ITS2	ITSx-region-extraction
MPDB005638	289618	Pythium lutarium	oomycetes	KU210505.1	787	787	787	44.8539	ITS1-5.8S-ITS2	ITSx-region-extraction
MPDB005639	289618	Pythium lutarium	oomycetes	KU210506.1	791	791	791	44.6835	ITS1-5.8S-ITS2	ITSx-region-extraction
MPDB005640	289618	Pythium lutarium	oomycetes	KU210574.1	777	777	777	45.0450	ITS1-5.8S-ITS2	ITSx-region-extraction
MPDB005641	289618	Pythium lutarium	oomycetes	KU210575.1	778	778	778	44.9871	ITS1-5.8S-ITS2	ITSx-region-extraction
MPDB005642	289618	Pythium lutarium	oomycetes	KU210578.1	778	778	778	44.9871	ITS1-5.8S-ITS2	ITSx-region-extraction
MPDB005643	289618	Pythium lutarium	oomycetes	KU210579.1	779	779	779	45.3145	ITS1-5.8S-ITS2	ITSx-region-extraction
MPDB005644	289618	Pythium lutarium	oomycetes	KU210580.1	778	778	778	44.9871	ITS1-5.8S-ITS2	ITSx-region-extraction
MPDB005645	289618	Pythium lutarium	oomycetes	KU210583.1	784	784	784	44.8980	ITS1-5.8S-ITS2	ITSx-region-extraction
MPDB005646	289618	Pythium lutarium	oomycetes	KU210587.1	782	782	782	44.8849	ITS1-5.8S-ITS2	ITSx-region-extraction
MPDB005647	289618	Pythium lutarium	oomycetes	KU210588.1	787	787	787	44.8539	ITS1-5.8S-ITS2	ITSx-region-extraction
MPDB005648	289618	Pythium lutarium	oomycetes	KU210603.1	805	805	805	45.2174	ITS1-5.8S-ITS2	ITSx-region-extraction
MPDB005649	289618	Pythium lutarium	oomycetes	KU210702.1	785	785	785	44.9682	ITS1-5.8S-ITS2	ITSx-region-extraction
MPDB005650	289618	Pythium lutarium	oomycetes	KU211059.1	777	777	777	44.7876	ITS1-5.8S-ITS2	ITSx-region-extraction
MPDB005651	289618	Pythium lutarium	oomycetes	KU211277.1	777	777	777	45.0450	ITS1-5.8S-ITS2	ITSx-region-extraction
MPDB005652	289618	Pythium lutarium	oomycetes	KU211278.1	779	779	779	45.0578	ITS1-5.8S-ITS2	ITSx-region-extraction
MPDB005653	289618	Pythium lutarium	oomycetes	KX346232.1	812	751	751	43.7166	ITS1-5.8S-ITS2	ITSx-region-extraction
MPDB005654	289618	Pythium lutarium	oomycetes	KY708961.1	662	600	600	46.6667	5.8S-ITS2	ITSx-region-extraction
MPDB005655	289618	Pythium lutarium	oomycetes	MF115257.1	826	781	781	44.6727	ITS1-5.8S-ITS2	ITSx-region-extraction
MPDB005656	289618	Pythium lutarium	oomycetes	MK326435.1	776	776	776	44.8454	ITS1-5.8S-ITS2	ITSx-region-extraction
MPDB005657	289618	Pythium lutarium	oomycetes	MK326443.1	796	796	796	44.8492	ITS1-5.8S-ITS2	ITSx-region-extraction
MPDB005658	289618	Pythium lutarium	oomycetes	MK326444.1	809	809	809	44.7466	ITS1-5.8S-ITS2	ITSx-region-extraction
MPDB005659	289618	Pythium lutarium	oomycetes	MK326449.1	813	813	813	45.0185	ITS1-5.8S-ITS2	ITSx-region-extraction
MPDB005660	289618	Pythium lutarium	oomycetes	MK326458.1	790	790	790	44.6835	ITS1-5.8S-ITS2	ITSx-region-extraction
MPDB005661	289618	Pythium lutarium	oomycetes	MK326475.1	774	774	774	44.8320	ITS1-5.8S-ITS2	ITSx-region-extraction
MPDB005662	289618	Pythium lutarium	oomycetes	MK326527.1	783	783	783	45.3384	ITS1-5.8S-ITS2	ITSx-region-extraction
MPDB005664	289618	Pythium lutarium	oomycetes	OR784332.1	828	789	789	45.1204	ITS1-5.8S-ITS2	ITSx-region-extraction
MPDB005665	289618	Pythium lutarium	oomycetes	PV082505.1	605	605	605	46.6116	5.8S-ITS2	ITSx-region-extraction
MPDB005666	36331	Globisporangium irregulare (Pythium irregulare)	oomycetes	AB107995.1	938	938	938	48.2942	ITS1-5.8S-ITS2	ITSx-region-extraction
MPDB005667	36331	Globisporangium irregulare (Pythium irregulare)	oomycetes	AB107996.1	948	948	948	48.2068	ITS1-5.8S-ITS2	ITSx-region-extraction
MPDB005668	36331	Globisporangium irregulare (Pythium irregulare)	oomycetes	AB107997.1	937	937	937	47.0651	ITS1-5.8S-ITS2	ITSx-region-extraction
MPDB005669	36331	Globisporangium irregulare (Pythium irregulare)	oomycetes	AB107998.1	916	916	916	49.6725	ITS1-5.8S-ITS2	ITSx-region-extraction
MPDB005670	36331	Globisporangium irregulare (Pythium irregulare)	oomycetes	AB107999.1	937	937	937	47.2785	ITS1-5.8S-ITS2	ITSx-region-extraction
MPDB005671	36331	Globisporangium irregulare (Pythium irregulare)	oomycetes	AB108000.1	945	945	945	48.6772	ITS1-5.8S-ITS2	ITSx-region-extraction
MPDB005672	36331	Globisporangium irregulare (Pythium irregulare)	oomycetes	AB108001.1	916	916	916	49.6166	ITS1-5.8S-ITS2	ITSx-region-extraction
MPDB005673	36331	Globisporangium irregulare (Pythium irregulare)	oomycetes	AB108003.1	916	916	916	49.6725	ITS1-5.8S-ITS2	ITSx-region-extraction
MPDB005674	36331	Globisporangium irregulare (Pythium irregulare)	oomycetes	AB108004.1	927	927	927	48.1122	ITS1-5.8S-ITS2	ITSx-region-extraction
MPDB005675	36331	Globisporangium irregulare (Pythium irregulare)	oomycetes	AB108005.1	937	937	937	47.1718	ITS1-5.8S-ITS2	ITSx-region-extraction
MPDB005676	36331	Globisporangium irregulare (Pythium irregulare)	oomycetes	AY598702.2	4212	936	936	47.1154	ITS1-5.8S-ITS2	ITSx-region-extraction
MPDB005677	36331	Globisporangium irregulare (Pythium irregulare)	oomycetes	LC858064.1	914	914	914	47.4836	ITS1-5.8S-ITS2	ITSx-region-extraction
MPDB005678	36331	Globisporangium irregulare (Pythium irregulare)	oomycetes	OL342596.1	938	938	938	47.8678	ITS1-5.8S-ITS2	ITSx-region-extraction
MPDB005679	36331	Globisporangium irregulare (Pythium irregulare)	oomycetes	OL952624.1	884	884	884	48.5294	ITS1-5.8S-ITS2	ITSx-region-extraction
MPDB005680	36331	Globisporangium irregulare (Pythium irregulare)	oomycetes	OR194729.1	873	873	873	48.1100	ITS1-5.8S-ITS2	ITSx-region-extraction
MPDB005681	36331	Globisporangium irregulare (Pythium irregulare)	oomycetes	OR194752.1	938	938	938	47.9657	ITS1-5.8S-ITS2	ITSx-region-extraction
MPDB005682	36331	Globisporangium irregulare (Pythium irregulare)	oomycetes	OR194753.1	742	742	742	48.9598	ITS1-5.8S-ITS2	ITSx-region-extraction
MPDB005683	36331	Globisporangium irregulare (Pythium irregulare)	oomycetes	OR259033.1	618	482	482	46.2656	ITS2	ITSx-region-extraction
MPDB005684	36331	Globisporangium irregulare (Pythium irregulare)	oomycetes	PP789600.1	948	948	948	48.3122	ITS1-5.8S-ITS2	ITSx-region-extraction
MPDB005685	36331	Globisporangium irregulare (Pythium irregulare)	oomycetes	PP817565.1	968	936	936	47.1658	ITS1-5.8S-ITS2	ITSx-region-extraction
MPDB005686	36331	Globisporangium irregulare (Pythium irregulare)	oomycetes	PP835986.1	960	960	960	47.3958	ITS1-5.8S-ITS2	ITSx-region-extraction
MPDB005687	36331	Globisporangium irregulare (Pythium irregulare)	oomycetes	PP844717.1	829	829	829	48.4922	ITS1-5.8S-ITS2	ITSx-region-extraction
MPDB005688	36331	Globisporangium irregulare (Pythium irregulare)	oomycetes	PP844848.1	831	831	831	48.3755	ITS1-5.8S-ITS2	ITSx-region-extraction
MPDB005689	36331	Globisporangium irregulare (Pythium irregulare)	oomycetes	PP844890.1	800	770	770	48.4416	ITS1-5.8S-ITS2	ITSx-region-extraction
MPDB005690	36331	Globisporangium irregulare (Pythium irregulare)	oomycetes	PP965682.1	525	525	525	46.0952	ITS1-5.8S-ITS2	ITSx-region-extraction
MPDB005691	36331	Globisporangium irregulare (Pythium irregulare)	oomycetes	PP965683.1	556	556	556	46.4029	ITS1-5.8S-ITS2	ITSx-region-extraction
MPDB005692	36331	Globisporangium irregulare (Pythium irregulare)	oomycetes	PP965684.1	550	550	550	46.1818	ITS1-5.8S-ITS2	ITSx-region-extraction
MPDB005693	36331	Globisporangium irregulare (Pythium irregulare)	oomycetes	PQ216304.1	705	705	705	49.2199	ITS1-5.8S-ITS2	ITSx-region-extraction
MPDB005694	36331	Globisporangium irregulare (Pythium irregulare)	oomycetes	PQ331059.1	944	944	944	47.8814	ITS1-5.8S-ITS2	ITSx-region-extraction
MPDB005695	36331	Globisporangium irregulare (Pythium irregulare)	oomycetes	PQ331060.1	491	491	491	46.0285	ITS1-5.8S-ITS2	ITSx-region-extraction
MPDB005696	36331	Globisporangium irregulare (Pythium irregulare)	oomycetes	PQ331061.1	533	533	533	46.1538	ITS1-5.8S-ITS2	ITSx-region-extraction
MPDB005697	36331	Globisporangium irregulare (Pythium irregulare)	oomycetes	PQ895788.1	825	825	825	49.0909	ITS1-5.8S-ITS2	ITSx-region-extraction
MPDB005698	36331	Globisporangium irregulare (Pythium irregulare)	oomycetes	PV776018.1	984	984	984	47.4059	ITS1-5.8S-ITS2	ITSx-region-extraction
MPDB005699	36331	Globisporangium irregulare (Pythium irregulare)	oomycetes	PV776019.1	981	981	981	47.4006	ITS1-5.8S-ITS2	ITSx-region-extraction
MPDB005700	36331	Globisporangium irregulare (Pythium irregulare)	oomycetes	PV777972.1	983	983	983	47.3042	ITS1-5.8S-ITS2	ITSx-region-extraction
MPDB005701	36331	Globisporangium irregulare (Pythium irregulare)	oomycetes	PV777973.1	986	986	986	47.4645	ITS1-5.8S-ITS2	ITSx-region-extraction
MPDB005702	36331	Globisporangium irregulare (Pythium irregulare)	oomycetes	PX394239.1	711	711	711	46.4135	ITS1-5.8S-ITS2	ITSx-region-extraction
MPDB005703	36331	Globisporangium irregulare (Pythium irregulare)	oomycetes	PX394240.1	712	712	712	46.4888	ITS1-5.8S-ITS2	ITSx-region-extraction
MPDB005704	36331	Globisporangium irregulare (Pythium irregulare)	oomycetes	PX972522.1	635	478	478	48.1172	ITS2	ITSx-region-extraction
MPDB005705	36331	Globisporangium irregulare (Pythium irregulare)	oomycetes	PZ445155.1	922	922	922	47.7742	ITS1-5.8S-ITS2	ITSx-region-extraction
MPDB005706	36331	Globisporangium irregulare (Pythium irregulare)	oomycetes	PZ445157.1	922	922	922	47.8308	ITS1-5.8S-ITS2	ITSx-region-extraction
MPDB005707	36331	Globisporangium irregulare (Pythium irregulare)	oomycetes	PZ445161.1	922	922	922	47.6554	ITS1-5.8S-ITS2	ITSx-region-extraction
MPDB005708	36331	Globisporangium irregulare (Pythium irregulare)	oomycetes	PZ782685.1	907	907	907	47.7398	ITS1-5.8S-ITS2	ITSx-region-extraction
MPDB005712	4799	Pythium torulosum	oomycetes	AB095046.1	775	775	775	45.2196	ITS1-5.8S-ITS2	ITSx-region-extraction
MPDB005713	4799	Pythium torulosum	oomycetes	AB160846.1	775	775	775	45.2903	ITS1-5.8S-ITS2	ITSx-region-extraction
MPDB005714	4799	Pythium torulosum	oomycetes	AY598624.2	4041	774	774	45.3488	ITS1-5.8S-ITS2	ITSx-region-extraction
MPDB005715	4799	Pythium torulosum	oomycetes	MK795031.1	862	774	774	45.4780	ITS1-5.8S-ITS2	ITSx-region-extraction
MPDB005716	4799	Pythium torulosum	oomycetes	MK795037.1	878	774	774	45.4780	ITS1-5.8S-ITS2	ITSx-region-extraction
MPDB005717	4799	Pythium torulosum	oomycetes	MK795045.1	858	774	774	45.3488	ITS1-5.8S-ITS2	ITSx-region-extraction
MPDB005718	4799	Pythium torulosum	oomycetes	MK795047.1	850	774	774	45.3488	ITS1-5.8S-ITS2	ITSx-region-extraction
MPDB005719	4799	Pythium torulosum	oomycetes	MK795048.1	859	774	774	45.4780	ITS1-5.8S-ITS2	ITSx-region-extraction
MPDB005720	4799	Pythium torulosum	oomycetes	MK795050.1	853	774	774	45.4780	ITS1-5.8S-ITS2	ITSx-region-extraction
MPDB005721	4799	Pythium torulosum	oomycetes	MK795053.1	856	774	774	45.4780	ITS1-5.8S-ITS2	ITSx-region-extraction
MPDB005722	4799	Pythium torulosum	oomycetes	MK795058.1	875	774	774	45.4780	ITS1-5.8S-ITS2	ITSx-region-extraction
MPDB005723	4799	Pythium torulosum	oomycetes	MT414939.1	754	754	754	45.7560	ITS1-5.8S-ITS2	ITSx-region-extraction
MPDB005724	4799	Pythium torulosum	oomycetes	MZ540564.1	822	774	774	45.3488	ITS1-5.8S-ITS2	ITSx-region-extraction
MPDB005725	4799	Pythium torulosum	oomycetes	MZ540565.1	783	783	783	45.3384	ITS1-5.8S-ITS2	ITSx-region-extraction
MPDB005726	4799	Pythium torulosum	oomycetes	MZ540567.1	775	775	775	45.5484	ITS1-5.8S-ITS2	ITSx-region-extraction
MPDB005727	4799	Pythium torulosum	oomycetes	MZ540570.1	825	776	776	45.2320	ITS1-5.8S-ITS2	ITSx-region-extraction
MPDB005728	4799	Pythium torulosum	oomycetes	MZ540572.1	817	775	775	45.2903	ITS1-5.8S-ITS2	ITSx-region-extraction
MPDB005729	4799	Pythium torulosum	oomycetes	OK257561.1	801	801	801	45.3184	ITS1-5.8S-ITS2	ITSx-region-extraction
MPDB005730	4799	Pythium torulosum	oomycetes	OK257562.1	800	800	800	45.3750	ITS1-5.8S-ITS2	ITSx-region-extraction
MPDB005731	4799	Pythium torulosum	oomycetes	OP933359.1	748	748	748	45.1743	ITS1-5.8S-ITS2	ITSx-region-extraction
MPDB005732	4799	Pythium torulosum	oomycetes	OP933360.1	811	750	750	45.3209	ITS1-5.8S-ITS2	ITSx-region-extraction
MPDB005733	4799	Pythium torulosum	oomycetes	OP933361.1	753	753	753	45.3457	ITS1-5.8S-ITS2	ITSx-region-extraction
MPDB005734	4799	Pythium torulosum	oomycetes	OQ678451.1	811	811	811	45.3761	ITS1-5.8S-ITS2	ITSx-region-extraction
MPDB005735	4799	Pythium torulosum	oomycetes	OR120524.1	825	778	778	45.1157	ITS1-5.8S-ITS2	ITSx-region-extraction
MPDB005736	4799	Pythium torulosum	oomycetes	OR120559.1	826	779	779	45.1861	ITS1-5.8S-ITS2	ITSx-region-extraction
MPDB005737	4799	Pythium torulosum	oomycetes	OR120572.1	825	779	779	45.1861	ITS1-5.8S-ITS2	ITSx-region-extraction
MPDB005738	4799	Pythium torulosum	oomycetes	OR120573.1	824	778	778	45.1157	ITS1-5.8S-ITS2	ITSx-region-extraction
MPDB005739	4799	Pythium torulosum	oomycetes	OR120580.1	825	778	778	45.2442	ITS1-5.8S-ITS2	ITSx-region-extraction
MPDB005740	4799	Pythium torulosum	oomycetes	OR120635.1	839	777	777	45.4311	ITS1-5.8S-ITS2	ITSx-region-extraction
MPDB005741	4799	Pythium torulosum	oomycetes	OR194618.1	772	772	772	45.3368	ITS1-5.8S-ITS2	ITSx-region-extraction
MPDB005742	4799	Pythium torulosum	oomycetes	OR194634.1	779	779	779	45.3826	ITS1-5.8S-ITS2	ITSx-region-extraction
MPDB005743	4799	Pythium torulosum	oomycetes	OR194637.1	779	779	779	45.5712	ITS1-5.8S-ITS2	ITSx-region-extraction
MPDB005744	4799	Pythium torulosum	oomycetes	OR194640.1	727	693	693	44.5887	ITS1-5.8S-ITS2	ITSx-region-extraction
MPDB005745	4799	Pythium torulosum	oomycetes	OR194642.1	814	768	768	45.5729	ITS1-5.8S-ITS2	ITSx-region-extraction
MPDB005746	4799	Pythium torulosum	oomycetes	OR194658.1	823	775	775	45.2903	ITS1-5.8S-ITS2	ITSx-region-extraction
MPDB005747	4799	Pythium torulosum	oomycetes	OR194669.1	827	775	775	45.2903	ITS1-5.8S-ITS2	ITSx-region-extraction
MPDB005748	4799	Pythium torulosum	oomycetes	OR194723.1	804	768	768	45.8931	ITS1-5.8S-ITS2	ITSx-region-extraction
MPDB005749	4799	Pythium torulosum	oomycetes	OR194724.1	798	765	765	45.6209	ITS1-5.8S-ITS2	ITSx-region-extraction
MPDB005750	4799	Pythium torulosum	oomycetes	OR194726.1	806	769	769	45.7031	ITS1-5.8S-ITS2	ITSx-region-extraction
MPDB005751	4799	Pythium torulosum	oomycetes	OR194773.1	799	766	766	45.6209	ITS1-5.8S-ITS2	ITSx-region-extraction
MPDB005752	4799	Pythium torulosum	oomycetes	OR784401.1	775	775	775	45.5484	ITS1-5.8S-ITS2	ITSx-region-extraction
MPDB005753	4799	Pythium torulosum	oomycetes	PP835995.1	825	785	785	45.0955	ITS1-5.8S-ITS2	ITSx-region-extraction
MPDB005754	4799	Pythium torulosum	oomycetes	PZ810747.1	825	784	784	45.2806	ITS1-5.8S-ITS2	ITSx-region-extraction
MPDB005755	65069	Pythium acanthicum	oomycetes	AY598617.2	4048	766	766	43.2115	ITS1-5.8S-ITS2	ITSx-region-extraction
MPDB005756	65069	Pythium acanthicum	oomycetes	KX423753.1	822	776	776	43.8144	ITS1-5.8S-ITS2	ITSx-region-extraction
MPDB005757	65069	Pythium acanthicum	oomycetes	MG799207.1	753	753	753	43.6919	ITS1-5.8S-ITS2	ITSx-region-extraction
MPDB005758	65069	Pythium acanthicum	oomycetes	MK794821.1	849	773	773	43.2083	ITS1-5.8S-ITS2	ITSx-region-extraction
MPDB005759	65069	Pythium acanthicum	oomycetes	MK794855.1	854	773	773	43.2083	ITS1-5.8S-ITS2	ITSx-region-extraction
MPDB005760	65069	Pythium acanthicum	oomycetes	MK794863.1	844	773	773	43.2083	ITS1-5.8S-ITS2	ITSx-region-extraction
MPDB005761	65069	Pythium acanthicum	oomycetes	MK794871.1	850	773	773	43.2083	ITS1-5.8S-ITS2	ITSx-region-extraction
MPDB005762	65069	Pythium acanthicum	oomycetes	MK794887.1	850	773	773	43.2083	ITS1-5.8S-ITS2	ITSx-region-extraction
MPDB005763	65069	Pythium acanthicum	oomycetes	MK794917.1	844	778	778	42.9306	ITS1-5.8S-ITS2	ITSx-region-extraction
MPDB005764	65069	Pythium acanthicum	oomycetes	MK794969.1	849	787	787	43.4562	ITS1-5.8S-ITS2	ITSx-region-extraction
MPDB005765	65069	Pythium acanthicum	oomycetes	MK795060.1	851	773	773	43.2083	ITS1-5.8S-ITS2	ITSx-region-extraction
MPDB005766	65069	Pythium acanthicum	oomycetes	MT758167.1	772	772	772	43.1347	ITS1-5.8S-ITS2	ITSx-region-extraction
MPDB005767	65069	Pythium acanthicum	oomycetes	MT758168.1	863	769	769	42.9129	ITS1-5.8S-ITS2	ITSx-region-extraction
MPDB005768	65069	Pythium acanthicum	oomycetes	MT758169.1	871	769	769	42.9129	ITS1-5.8S-ITS2	ITSx-region-extraction
MPDB005769	65069	Pythium acanthicum	oomycetes	MT758170.1	858	770	770	42.9870	ITS1-5.8S-ITS2	ITSx-region-extraction
MPDB005770	65069	Pythium acanthicum	oomycetes	MT758181.1	822	781	781	43.4059	ITS1-5.8S-ITS2	ITSx-region-extraction
MPDB005771	65069	Pythium acanthicum	oomycetes	MT758182.1	770	770	770	42.9870	ITS1-5.8S-ITS2	ITSx-region-extraction
MPDB005772	65069	Pythium acanthicum	oomycetes	MW426378.1	859	769	769	42.9129	ITS1-5.8S-ITS2	ITSx-region-extraction
MPDB005773	65069	Pythium acanthicum	oomycetes	MW489839.1	859	769	769	43.0429	ITS1-5.8S-ITS2	ITSx-region-extraction
MPDB005774	65069	Pythium acanthicum	oomycetes	OL468023.1	781	781	781	43.2778	ITS1-5.8S-ITS2	ITSx-region-extraction
MPDB005775	65069	Pythium acanthicum	oomycetes	OL468024.1	727	727	727	43.1912	ITS1-5.8S-ITS2	ITSx-region-extraction
MPDB005776	65069	Pythium acanthicum	oomycetes	OL468036.1	650	650	650	42.3077	ITS1-5.8S-ITS2	ITSx-region-extraction
MPDB005777	65069	Pythium acanthicum	oomycetes	OL661627.1	753	753	753	43.2935	ITS1-5.8S-ITS2	ITSx-region-extraction
MPDB005778	65069	Pythium acanthicum	oomycetes	ON306886.1	813	745	745	43.2796	ITS1-5.8S-ITS2	ITSx-region-extraction
MPDB005779	65069	Pythium acanthicum	oomycetes	ON306887.1	783	783	783	43.8619	ITS1-5.8S-ITS2	ITSx-region-extraction
MPDB005780	65069	Pythium acanthicum	oomycetes	ON306888.1	795	744	744	43.2796	ITS1-5.8S-ITS2	ITSx-region-extraction
MPDB005781	65069	Pythium acanthicum	oomycetes	ON306902.1	780	751	751	43.3155	ITS1-5.8S-ITS2	ITSx-region-extraction
MPDB005782	65069	Pythium acanthicum	oomycetes	ON306903.1	808	757	757	43.3289	ITS1-5.8S-ITS2	ITSx-region-extraction
MPDB005783	65069	Pythium acanthicum	oomycetes	ON860611.1	764	764	764	43.0628	ITS1-5.8S-ITS2	ITSx-region-extraction
MPDB005784	65069	Pythium acanthicum	oomycetes	OR120575.1	808	767	767	43.4159	ITS1-5.8S-ITS2	ITSx-region-extraction
MPDB005785	65069	Pythium acanthicum	oomycetes	OR120577.1	752	710	710	43.5211	ITS1-5.8S-ITS2	ITSx-region-extraction
MPDB005786	65069	Pythium acanthicum	oomycetes	OR120632.1	825	774	774	42.7649	ITS1-5.8S-ITS2	ITSx-region-extraction
MPDB005787	65069	Pythium acanthicum	oomycetes	OR120633.1	820	778	778	43.0591	ITS1-5.8S-ITS2	ITSx-region-extraction
MPDB005788	65069	Pythium acanthicum	oomycetes	OR120679.1	819	769	769	43.3030	ITS1-5.8S-ITS2	ITSx-region-extraction
MPDB005789	65069	Pythium acanthicum	oomycetes	OR120793.1	635	635	635	42.8346	ITS1-5.8S-ITS2	ITSx-region-extraction
MPDB005790	65069	Pythium acanthicum	oomycetes	OR643500.1	735	735	735	43.6735	ITS1-5.8S-ITS2	ITSx-region-extraction
MPDB005791	65069	Pythium acanthicum	oomycetes	OR643519.1	732	732	732	43.5792	ITS1-5.8S-ITS2	ITSx-region-extraction
MPDB005792	65069	Pythium acanthicum	oomycetes	OR643519.1	732	732	732	43.5792	ITS1-5.8S-ITS2	ITSx-region-extraction
MPDB005793	65069	Pythium acanthicum	oomycetes	OR643520.1	737	737	737	43.6906	ITS1-5.8S-ITS2	ITSx-region-extraction
MPDB005794	65069	Pythium acanthicum	oomycetes	PP817326.1	807	773	773	43.2083	ITS1-5.8S-ITS2	ITSx-region-extraction
MPDB005795	65070	Pythium aphanidermatum	oomycetes	LC906640.1	762	762	762	45.4068	ITS1-5.8S-ITS2	ITSx-region-extraction
MPDB005796	65070	Pythium aphanidermatum	oomycetes	PP835994.1	794	794	794	45.0882	ITS1-5.8S-ITS2	ITSx-region-extraction
MPDB005797	65070	Pythium aphanidermatum	oomycetes	PV849269.1	836	793	793	45.2711	ITS1-5.8S-ITS2	ITSx-region-extraction
MPDB005798	65070	Pythium aphanidermatum	oomycetes	PV849270.1	837	784	784	45.6633	ITS1-5.8S-ITS2	ITSx-region-extraction
MPDB005799	65070	Pythium aphanidermatum	oomycetes	PV849271.1	846	793	793	45.2711	ITS1-5.8S-ITS2	ITSx-region-extraction
MPDB005800	65070	Pythium aphanidermatum	oomycetes	PV849272.1	845	792	792	45.3283	ITS1-5.8S-ITS2	ITSx-region-extraction
MPDB005801	65070	Pythium aphanidermatum	oomycetes	PV855754.1	794	748	748	45.5882	ITS1-5.8S-ITS2	ITSx-region-extraction
MPDB005802	65070	Pythium aphanidermatum	oomycetes	PV928889.1	875	813	813	45.5105	ITS1-5.8S-ITS2	ITSx-region-extraction
MPDB005803	65070	Pythium aphanidermatum	oomycetes	PV932848.1	466	466	466	43.7768	ITS1-5.8S-ITS2	ITSx-region-extraction
MPDB005804	65070	Pythium aphanidermatum	oomycetes	PX090916.1	827	797	797	45.4203	ITS1-5.8S-ITS2	ITSx-region-extraction
MPDB005805	65070	Pythium aphanidermatum	oomycetes	PX138772.1	207	160	160	39.3750	ITS1	ITSx-region-extraction
MPDB005806	65070	Pythium aphanidermatum	oomycetes	PX138797.1	812	812	812	45.8128	ITS1-5.8S-ITS2	ITSx-region-extraction
MPDB005807	65070	Pythium aphanidermatum	oomycetes	PX205201.1	831	775	775	45.5484	ITS1-5.8S-ITS2	ITSx-region-extraction
MPDB005808	65070	Pythium aphanidermatum	oomycetes	PX614642.1	792	792	792	45.0758	ITS1-5.8S-ITS2	ITSx-region-extraction
MPDB005809	65070	Pythium aphanidermatum	oomycetes	PX614643.1	795	795	795	45.1572	ITS1-5.8S-ITS2	ITSx-region-extraction
MPDB005810	65070	Pythium aphanidermatum	oomycetes	PX671483.1	555	555	555	45.9459	ITS1-5.8S-ITS2	ITSx-region-extraction
MPDB005811	65070	Pythium aphanidermatum	oomycetes	PX671484.1	664	664	664	45.7831	ITS1-5.8S-ITS2	ITSx-region-extraction
MPDB005812	65070	Pythium aphanidermatum	oomycetes	PX671485.1	739	739	739	45.6022	ITS1-5.8S-ITS2	ITSx-region-extraction
MPDB005813	65070	Pythium aphanidermatum	oomycetes	PX885054.1	799	746	746	45.8445	ITS1-5.8S-ITS2	ITSx-region-extraction
MPDB005814	65070	Pythium aphanidermatum	oomycetes	PX972520.1	587	443	443	47.4041	ITS2	ITSx-region-extraction
MPDB005815	65070	Pythium aphanidermatum	oomycetes	PX972523.1	591	443	443	47.4041	ITS2	ITSx-region-extraction
MPDB005816	65070	Pythium aphanidermatum	oomycetes	PZ027666.1	882	780	780	45.3846	ITS1-5.8S-ITS2	ITSx-region-extraction
MPDB005817	65070	Pythium aphanidermatum	oomycetes	PZ028374.1	851	776	776	45.3608	ITS1-5.8S-ITS2	ITSx-region-extraction
MPDB005818	65070	Pythium aphanidermatum	oomycetes	PZ028375.1	850	776	776	45.3608	ITS1-5.8S-ITS2	ITSx-region-extraction
MPDB005819	65070	Pythium aphanidermatum	oomycetes	PZ188756.1	805	747	747	45.5154	ITS1-5.8S-ITS2	ITSx-region-extraction
MPDB005820	65070	Pythium aphanidermatum	oomycetes	PZ193173.1	764	736	736	45.6522	ITS1-5.8S-ITS2	ITSx-region-extraction
MPDB005821	65070	Pythium aphanidermatum	oomycetes	PZ255448.1	838	798	798	45.2381	ITS1-5.8S-ITS2	ITSx-region-extraction
MPDB005822	65070	Pythium aphanidermatum	oomycetes	PZ255449.1	840	810	810	45.3086	ITS1-5.8S-ITS2	ITSx-region-extraction
MPDB005823	65070	Pythium aphanidermatum	oomycetes	PZ255450.1	839	777	777	45.3024	ITS1-5.8S-ITS2	ITSx-region-extraction
MPDB005824	65070	Pythium aphanidermatum	oomycetes	PZ255451.1	825	799	799	45.1815	ITS1-5.8S-ITS2	ITSx-region-extraction
MPDB005825	65070	Pythium aphanidermatum	oomycetes	PZ380008.1	210	171	171	39.1813	ITS1	ITSx-region-extraction
MPDB005826	65070	Pythium aphanidermatum	oomycetes	PZ493317.1	702	702	702	45.2991	ITS1-5.8S-ITS2	ITSx-region-extraction
MPDB005827	65070	Pythium aphanidermatum	oomycetes	PZ493318.1	701	669	669	45.2915	ITS1-5.8S-ITS2	ITSx-region-extraction
MPDB005828	65070	Pythium aphanidermatum	oomycetes	PZ501937.1	641	641	641	46.0218	ITS1-5.8S-ITS2	ITSx-region-extraction
MPDB005829	65070	Pythium aphanidermatum	oomycetes	PZ501938.1	685	685	685	45.4015	ITS1-5.8S-ITS2	ITSx-region-extraction
MPDB005830	65070	Pythium aphanidermatum	oomycetes	PZ501939.1	765	765	765	45.2288	ITS1-5.8S-ITS2	ITSx-region-extraction
MPDB005831	65070	Pythium aphanidermatum	oomycetes	PZ501940.1	641	599	599	45.5760	ITS1-5.8S-ITS2	ITSx-region-extraction
MPDB005832	65070	Pythium aphanidermatum	oomycetes	PZ501941.1	759	759	759	45.3228	ITS1-5.8S-ITS2	ITSx-region-extraction
MPDB005833	65070	Pythium aphanidermatum	oomycetes	PZ501942.1	808	808	808	45.1613	ITS1-5.8S-ITS2	ITSx-region-extraction
MPDB005834	65070	Pythium aphanidermatum	oomycetes	PZ501943.1	840	776	776	45.3608	ITS1-5.8S-ITS2	ITSx-region-extraction
MPDB005835	65070	Pythium aphanidermatum	oomycetes	PZ501944.1	688	688	688	46.3663	ITS1-5.8S-ITS2	ITSx-region-extraction
MPDB005836	65070	Pythium aphanidermatum	oomycetes	PZ501945.1	762	735	735	46.1853	ITS1-5.8S-ITS2	ITSx-region-extraction
MPDB005837	65070	Pythium aphanidermatum	oomycetes	PZ746424.1	720	720	720	45.9722	ITS1-5.8S-ITS2	ITSx-region-extraction
MPDB005838	82926	Pythium splendens/Globisporangium splendens	oomycetes	AB468778.1	806	806	806	45.9057	ITS1-5.8S-ITS2	ITSx-region-extraction
MPDB005839	82926	Pythium splendens/Globisporangium splendens	oomycetes	AY598655.2	4076	805	805	45.3184	ITS1-5.8S-ITS2	ITSx-region-extraction
MPDB005840	82926	Pythium splendens/Globisporangium splendens	oomycetes	LC684532.1	930	806	806	44.7891	ITS1-5.8S-ITS2	ITSx-region-extraction
MPDB005841	82926	Pythium splendens/Globisporangium splendens	oomycetes	LC684549.1	926	806	806	45.0372	ITS1-5.8S-ITS2	ITSx-region-extraction
MPDB005842	82926	Pythium splendens/Globisporangium splendens	oomycetes	LC684555.1	925	806	806	47.7667	ITS1-5.8S-ITS2	ITSx-region-extraction
MPDB005843	82926	Pythium splendens/Globisporangium splendens	oomycetes	LC684560.1	931	806	806	45.4094	ITS1-5.8S-ITS2	ITSx-region-extraction
MPDB005844	82926	Pythium splendens/Globisporangium splendens	oomycetes	LC684563.1	925	805	805	45.3300	ITS1-5.8S-ITS2	ITSx-region-extraction
MPDB005845	82926	Pythium splendens/Globisporangium splendens	oomycetes	MH023387.1	675	675	675	44.9319	ITS1-5.8S-ITS2	ITSx-region-extraction
MPDB005846	82926	Pythium splendens/Globisporangium splendens	oomycetes	MT140122.1	539	539	539	42.1150	ITS1-5.8S-ITS2	ITSx-region-extraction
MPDB005847	82926	Pythium splendens/Globisporangium splendens	oomycetes	MT645509.1	805	805	805	45.3416	ITS1-5.8S-ITS2	ITSx-region-extraction
MPDB005848	82926	Pythium splendens/Globisporangium splendens	oomycetes	MT754449.1	787	787	787	45.7433	ITS1-5.8S-ITS2	ITSx-region-extraction
MPDB005849	82926	Pythium splendens/Globisporangium splendens	oomycetes	MT754456.1	801	801	801	45.3184	ITS1-5.8S-ITS2	ITSx-region-extraction
MPDB005850	82926	Pythium splendens/Globisporangium splendens	oomycetes	MT754461.1	783	783	783	45.7216	ITS1-5.8S-ITS2	ITSx-region-extraction
MPDB005851	82926	Pythium splendens/Globisporangium splendens	oomycetes	MT754483.1	781	781	781	45.4545	ITS1-5.8S-ITS2	ITSx-region-extraction
MPDB005852	82926	Pythium splendens/Globisporangium splendens	oomycetes	MT754509.1	786	786	786	45.5471	ITS1-5.8S-ITS2	ITSx-region-extraction
MPDB005853	82926	Pythium splendens/Globisporangium splendens	oomycetes	MT758164.1	853	812	812	44.8276	ITS1-5.8S-ITS2	ITSx-region-extraction
MPDB005854	82926	Pythium splendens/Globisporangium splendens	oomycetes	MT758166.1	793	793	793	45.5233	ITS1-5.8S-ITS2	ITSx-region-extraction
MPDB005855	82926	Pythium splendens/Globisporangium splendens	oomycetes	MW412819.1	806	806	806	45.4094	ITS1-5.8S-ITS2	ITSx-region-extraction
MPDB005856	82926	Pythium splendens/Globisporangium splendens	oomycetes	MW412820.1	803	803	803	45.2055	ITS1-5.8S-ITS2	ITSx-region-extraction
MPDB005857	82926	Pythium splendens/Globisporangium splendens	oomycetes	MW412821.1	791	791	791	45.5120	ITS1-5.8S-ITS2	ITSx-region-extraction
MPDB005858	82926	Pythium splendens/Globisporangium splendens	oomycetes	MW412822.1	834	834	834	45.8034	ITS1-5.8S-ITS2	ITSx-region-extraction
MPDB005859	82926	Pythium splendens/Globisporangium splendens	oomycetes	MW412823.1	822	822	822	45.2555	ITS1-5.8S-ITS2	ITSx-region-extraction
MPDB005860	82926	Pythium splendens/Globisporangium splendens	oomycetes	MW426375.1	809	809	809	45.4883	ITS1-5.8S-ITS2	ITSx-region-extraction
MPDB005861	82926	Pythium splendens/Globisporangium splendens	oomycetes	MW426379.1	824	824	824	45.7524	ITS1-5.8S-ITS2	ITSx-region-extraction
MPDB005862	82926	Pythium splendens/Globisporangium splendens	oomycetes	MW426380.1	800	800	800	46.1250	ITS1-5.8S-ITS2	ITSx-region-extraction
MPDB005863	82926	Pythium splendens/Globisporangium splendens	oomycetes	MW426383.1	818	818	818	45.1100	ITS1-5.8S-ITS2	ITSx-region-extraction
MPDB005864	82926	Pythium splendens/Globisporangium splendens	oomycetes	ON102783.1	920	806	806	45.5335	ITS1-5.8S-ITS2	ITSx-region-extraction
MPDB005865	82926	Pythium splendens/Globisporangium splendens	oomycetes	ON102785.1	920	806	806	45.5335	ITS1-5.8S-ITS2	ITSx-region-extraction
MPDB005866	82926	Pythium splendens/Globisporangium splendens	oomycetes	ON860614.1	803	803	803	45.6359	ITS1-5.8S-ITS2	ITSx-region-extraction
MPDB005867	82926	Pythium splendens/Globisporangium splendens	oomycetes	OQ338353.1	647	647	647	45.5951	ITS1-5.8S-ITS2	ITSx-region-extraction
MPDB005868	82926	Pythium splendens/Globisporangium splendens	oomycetes	OQ472517.1	469	428	428	46.9626	ITS2	ITSx-region-extraction
MPDB005869	82926	Pythium splendens/Globisporangium splendens	oomycetes	OQ612560.1	543	543	543	47.1455	ITS1-5.8S-ITS2	ITSx-region-extraction
MPDB005870	82926	Pythium splendens/Globisporangium splendens	oomycetes	OR659761.1	684	684	684	45.4678	ITS1-5.8S-ITS2	ITSx-region-extraction
MPDB005871	82926	Pythium splendens/Globisporangium splendens	oomycetes	OR659762.1	701	701	701	45.6491	ITS1-5.8S-ITS2	ITSx-region-extraction
MPDB005872	82926	Pythium splendens/Globisporangium splendens	oomycetes	OR659763.1	697	697	697	45.6241	ITS1-5.8S-ITS2	ITSx-region-extraction
MPDB005873	82926	Pythium splendens/Globisporangium splendens	oomycetes	OR659764.1	697	697	697	45.9770	ITS1-5.8S-ITS2	ITSx-region-extraction
MPDB005874	82926	Pythium splendens/Globisporangium splendens	oomycetes	OR659765.1	701	701	701	45.9344	ITS1-5.8S-ITS2	ITSx-region-extraction
MPDB005875	82926	Pythium splendens/Globisporangium splendens	oomycetes	OR659766.1	696	696	696	45.8333	ITS1-5.8S-ITS2	ITSx-region-extraction
MPDB005876	82926	Pythium splendens/Globisporangium splendens	oomycetes	OR659767.1	733	733	733	45.8390	ITS1-5.8S-ITS2	ITSx-region-extraction
MPDB005877	82926	Pythium splendens/Globisporangium splendens	oomycetes	OR659768.1	618	618	618	46.4401	ITS1-5.8S-ITS2	ITSx-region-extraction
MPDB005878	82926	Pythium splendens/Globisporangium splendens	oomycetes	OR659769.1	641	641	641	46.0218	ITS1-5.8S-ITS2	ITSx-region-extraction
MPDB005879	82926	Pythium splendens/Globisporangium splendens	oomycetes	PP267712.1	779	779	779	45.8280	ITS1-5.8S-ITS2	ITSx-region-extraction
MPDB005880	82926	Pythium splendens/Globisporangium splendens	oomycetes	PP267713.1	779	779	779	45.6996	ITS1-5.8S-ITS2	ITSx-region-extraction
MPDB005881	82932	Pythium arrhenomanes	oomycetes	AB095040.1	794	794	794	45.0882	ITS1-5.8S-ITS2	ITSx-region-extraction
MPDB005882	82932	Pythium arrhenomanes	oomycetes	AB095041.1	789	789	789	45.7541	ITS1-5.8S-ITS2	ITSx-region-extraction
MPDB005883	82932	Pythium arrhenomanes	oomycetes	AB160838.1	796	796	796	44.7236	ITS1-5.8S-ITS2	ITSx-region-extraction
MPDB005884	82932	Pythium arrhenomanes	oomycetes	AB160839.1	796	796	796	44.8492	ITS1-5.8S-ITS2	ITSx-region-extraction
MPDB005885	82932	Pythium arrhenomanes	oomycetes	AB160841.1	796	796	796	44.8492	ITS1-5.8S-ITS2	ITSx-region-extraction
MPDB005886	82932	Pythium arrhenomanes	oomycetes	AB160842.1	796	796	796	44.8492	ITS1-5.8S-ITS2	ITSx-region-extraction
MPDB005887	82932	Pythium arrhenomanes	oomycetes	AB160844.1	798	798	798	45.4887	ITS1-5.8S-ITS2	ITSx-region-extraction
MPDB005888	82932	Pythium arrhenomanes	oomycetes	AY598628.1	2271	795	795	44.9622	ITS1-5.8S-ITS2	ITSx-region-extraction
MPDB005889	82932	Pythium arrhenomanes	oomycetes	KP843584.1	673	673	673	45.1709	ITS1-5.8S-ITS2	ITSx-region-extraction
MPDB005890	82932	Pythium arrhenomanes	oomycetes	KT716813.1	798	798	798	44.9875	ITS1-5.8S-ITS2	ITSx-region-extraction
MPDB005891	82932	Pythium arrhenomanes	oomycetes	KU209724.1	817	817	817	44.7304	ITS1-5.8S-ITS2	ITSx-region-extraction
MPDB005892	82932	Pythium arrhenomanes	oomycetes	KU210141.1	794	794	794	44.9622	ITS1-5.8S-ITS2	ITSx-region-extraction
MPDB005893	82932	Pythium arrhenomanes	oomycetes	KU210507.1	804	804	804	48.3188	ITS1-5.8S-ITS2	ITSx-region-extraction
MPDB005894	82932	Pythium arrhenomanes	oomycetes	KU210589.1	788	788	788	44.9239	ITS1-5.8S-ITS2	ITSx-region-extraction
MPDB005895	82932	Pythium arrhenomanes	oomycetes	KU210595.1	788	788	788	45.2351	ITS1-5.8S-ITS2	ITSx-region-extraction
MPDB005896	82932	Pythium arrhenomanes	oomycetes	KU210870.1	781	781	781	44.6727	ITS1-5.8S-ITS2	ITSx-region-extraction
MPDB005897	82932	Pythium arrhenomanes	oomycetes	KU210874.1	789	789	789	44.8669	ITS1-5.8S-ITS2	ITSx-region-extraction
MPDB005898	82932	Pythium arrhenomanes	oomycetes	KY570311.1	876	795	795	44.7799	ITS1-5.8S-ITS2	ITSx-region-extraction
MPDB005899	82932	Pythium arrhenomanes	oomycetes	LC053669.1	789	789	789	44.6134	ITS1-5.8S-ITS2	ITSx-region-extraction
MPDB005900	82932	Pythium arrhenomanes	oomycetes	LC053670.1	815	815	815	44.6626	ITS1-5.8S-ITS2	ITSx-region-extraction
MPDB005901	82932	Pythium arrhenomanes	oomycetes	LC053671.1	808	808	808	44.8020	ITS1-5.8S-ITS2	ITSx-region-extraction
MPDB005902	82932	Pythium arrhenomanes	oomycetes	LC053672.1	807	807	807	44.6097	ITS1-5.8S-ITS2	ITSx-region-extraction
MPDB005903	82932	Pythium arrhenomanes	oomycetes	LC053673.1	809	809	809	44.3758	ITS1-5.8S-ITS2	ITSx-region-extraction
MPDB005904	82932	Pythium arrhenomanes	oomycetes	LC053674.1	808	808	808	44.5545	ITS1-5.8S-ITS2	ITSx-region-extraction
MPDB005905	82932	Pythium arrhenomanes	oomycetes	LC150551.1	849	814	814	44.9631	ITS1-5.8S-ITS2	ITSx-region-extraction
MPDB005906	82932	Pythium arrhenomanes	oomycetes	LC160347.1	869	795	795	44.9057	ITS1-5.8S-ITS2	ITSx-region-extraction
MPDB005907	82932	Pythium arrhenomanes	oomycetes	MF446807.1	336	287	287	29.9652	ITS1	ITSx-region-extraction
MPDB005908	82932	Pythium arrhenomanes	oomycetes	MF446813.1	361	312	312	43.9103	ITS1	ITSx-region-extraction
MPDB005909	82932	Pythium arrhenomanes	oomycetes	MF446814.1	335	286	286	45.4545	ITS1	ITSx-region-extraction
MPDB005910	82932	Pythium arrhenomanes	oomycetes	MH155268.1	797	797	797	44.9184	ITS1-5.8S-ITS2	ITSx-region-extraction
MPDB005911	82932	Pythium arrhenomanes	oomycetes	MK326469.1	796	796	796	45.1005	ITS1-5.8S-ITS2	ITSx-region-extraction
MPDB005912	82932	Pythium arrhenomanes	oomycetes	MK326486.1	839	804	804	45.0249	ITS1-5.8S-ITS2	ITSx-region-extraction
MPDB005913	82932	Pythium arrhenomanes	oomycetes	MK326487.1	838	838	838	45.0418	ITS1-5.8S-ITS2	ITSx-region-extraction
MPDB005914	82932	Pythium arrhenomanes	oomycetes	MW489840.1	797	797	797	45.0439	ITS1-5.8S-ITS2	ITSx-region-extraction
MPDB005915	82932	Pythium arrhenomanes	oomycetes	MZ540469.1	798	798	798	44.8622	ITS1-5.8S-ITS2	ITSx-region-extraction
MPDB005916	82932	Pythium arrhenomanes	oomycetes	MZ540659.1	741	741	741	45.0742	ITS1-5.8S-ITS2	ITSx-region-extraction
MPDB005917	82932	Pythium arrhenomanes	oomycetes	OR194784.1	801	801	801	44.6941	ITS1-5.8S-ITS2	ITSx-region-extraction
MPDB005918	82932	Pythium arrhenomanes	oomycetes	OR194785.1	805	768	768	45.0852	ITS1-5.8S-ITS2	ITSx-region-extraction
MPDB005919	82932	Pythium arrhenomanes	oomycetes	OR194787.1	812	785	785	45.0255	ITS1-5.8S-ITS2	ITSx-region-extraction
MPDB005920	82932	Pythium arrhenomanes	oomycetes	OR194799.1	811	811	811	44.8878	ITS1-5.8S-ITS2	ITSx-region-extraction
MPDB005921	82932	Pythium arrhenomanes	oomycetes	OR784340.1	845	805	805	45.0932	ITS1-5.8S-ITS2	ITSx-region-extraction
MPDB005922	82932	Pythium arrhenomanes	oomycetes	PX447580.1	837	837	837	44.8029	ITS1-5.8S-ITS2	ITSx-region-extraction
MPDB005923	82932	Pythium arrhenomanes	oomycetes	PX447581.1	833	833	833	44.5378	ITS1-5.8S-ITS2	ITSx-region-extraction
MPDB005924	82937	Pythium graminicola	oomycetes	AY598625.2	4042	771	771	45.5253	ITS1-5.8S-ITS2	ITSx-region-extraction
MPDB005925	82937	Pythium graminicola	oomycetes	OR194798.1	731	702	702	45.5840	ITS1-5.8S-ITS2	ITSx-region-extraction
MPDB005926	82937	Pythium graminicola	oomycetes	OR194803.1	742	742	742	45.6403	ITS1-5.8S-ITS2	ITSx-region-extraction
MPDB005927	82937	Pythium graminicola	oomycetes	OR194804.1	769	769	769	45.2536	ITS1-5.8S-ITS2	ITSx-region-extraction
MPDB005928	82937	Pythium graminicola	oomycetes	OR194808.1	795	762	762	45.6579	ITS1-5.8S-ITS2	ITSx-region-extraction
MPDB005929	82937	Pythium graminicola	oomycetes	OR194809.1	793	762	762	45.6693	ITS1-5.8S-ITS2	ITSx-region-extraction
MPDB005930	82937	Pythium graminicola	oomycetes	OR194810.1	797	769	769	45.7737	ITS1-5.8S-ITS2	ITSx-region-extraction
MPDB005931	82937	Pythium graminicola	oomycetes	OR194811.1	729	701	701	45.5064	ITS1-5.8S-ITS2	ITSx-region-extraction
MPDB005932	82937	Pythium graminicola	oomycetes	OR194812.1	771	771	771	45.3956	ITS1-5.8S-ITS2	ITSx-region-extraction
MPDB005933	82937	Pythium graminicola	oomycetes	OR194813.1	768	768	768	45.4427	ITS1-5.8S-ITS2	ITSx-region-extraction
MPDB005934	82937	Pythium graminicola	oomycetes	OR194814.1	769	769	769	45.8333	ITS1-5.8S-ITS2	ITSx-region-extraction
MPDB005935	82937	Pythium graminicola	oomycetes	OR194815.1	785	753	753	45.7447	ITS1-5.8S-ITS2	ITSx-region-extraction
MPDB005936	82937	Pythium graminicola	oomycetes	OR194816.1	789	789	789	45.6163	ITS1-5.8S-ITS2	ITSx-region-extraction
MPDB005937	82937	Pythium graminicola	oomycetes	OR194817.1	795	764	764	45.8115	ITS1-5.8S-ITS2	ITSx-region-extraction
MPDB005938	82937	Pythium graminicola	oomycetes	OR194818.1	704	704	704	44.5245	ITS1-5.8S-ITS2	ITSx-region-extraction
MPDB005939	82937	Pythium graminicola	oomycetes	OR194819.1	774	743	743	45.7604	ITS1-5.8S-ITS2	ITSx-region-extraction
MPDB005940	82937	Pythium graminicola	oomycetes	OR194820.1	771	771	771	45.3956	ITS1-5.8S-ITS2	ITSx-region-extraction
MPDB005941	82937	Pythium graminicola	oomycetes	OR194821.1	745	745	745	45.9060	ITS1-5.8S-ITS2	ITSx-region-extraction
MPDB005942	82937	Pythium graminicola	oomycetes	OR194822.1	770	770	770	45.4545	ITS1-5.8S-ITS2	ITSx-region-extraction
MPDB005943	82937	Pythium graminicola	oomycetes	OR194823.1	786	758	758	45.5393	ITS1-5.8S-ITS2	ITSx-region-extraction
MPDB005944	82937	Pythium graminicola	oomycetes	OR194825.1	794	762	762	45.6693	ITS1-5.8S-ITS2	ITSx-region-extraction
MPDB005945	82937	Pythium graminicola	oomycetes	OR194826.1	728	728	728	45.1923	ITS1-5.8S-ITS2	ITSx-region-extraction
MPDB005946	82937	Pythium graminicola	oomycetes	OR194827.1	791	759	759	45.5746	ITS1-5.8S-ITS2	ITSx-region-extraction
MPDB005947	82937	Pythium graminicola	oomycetes	OR194828.1	789	763	763	45.5263	ITS1-5.8S-ITS2	ITSx-region-extraction
MPDB005948	82937	Pythium graminicola	oomycetes	OR194829.1	798	761	761	45.5979	ITS1-5.8S-ITS2	ITSx-region-extraction
MPDB005949	82937	Pythium graminicola	oomycetes	OR194830.1	778	778	778	45.8869	ITS1-5.8S-ITS2	ITSx-region-extraction
MPDB005950	82937	Pythium graminicola	oomycetes	OR194831.1	788	788	788	45.5844	ITS1-5.8S-ITS2	ITSx-region-extraction
MPDB005951	82937	Pythium graminicola	oomycetes	OR194832.1	755	755	755	45.2730	ITS1-5.8S-ITS2	ITSx-region-extraction
MPDB005952	82937	Pythium graminicola	oomycetes	OR194833.1	774	774	774	45.2412	ITS1-5.8S-ITS2	ITSx-region-extraction
MPDB005953	82937	Pythium graminicola	oomycetes	OR194835.1	787	758	758	45.2507	ITS1-5.8S-ITS2	ITSx-region-extraction
MPDB005954	82937	Pythium graminicola	oomycetes	OR194836.1	787	754	754	45.6117	ITS1-5.8S-ITS2	ITSx-region-extraction
MPDB005955	82937	Pythium graminicola	oomycetes	OR194837.1	775	775	775	45.5484	ITS1-5.8S-ITS2	ITSx-region-extraction
MPDB005956	82937	Pythium graminicola	oomycetes	OR194838.1	790	758	758	45.7672	ITS1-5.8S-ITS2	ITSx-region-extraction
MPDB005957	82937	Pythium graminicola	oomycetes	OR194839.1	792	765	765	45.8824	ITS1-5.8S-ITS2	ITSx-region-extraction
MPDB005958	82937	Pythium graminicola	oomycetes	OR194840.1	792	756	756	45.5511	ITS1-5.8S-ITS2	ITSx-region-extraction
MPDB005959	82937	Pythium graminicola	oomycetes	OR194841.1	788	788	788	45.2351	ITS1-5.8S-ITS2	ITSx-region-extraction
MPDB005960	82937	Pythium graminicola	oomycetes	OR194842.1	775	775	775	45.4194	ITS1-5.8S-ITS2	ITSx-region-extraction
MPDB005961	82937	Pythium graminicola	oomycetes	OR194843.1	797	760	760	45.5863	ITS1-5.8S-ITS2	ITSx-region-extraction
MPDB005962	82937	Pythium graminicola	oomycetes	OR194846.1	783	783	783	45.3964	ITS1-5.8S-ITS2	ITSx-region-extraction
MPDB005963	82937	Pythium graminicola	oomycetes	OR194847.1	782	782	782	45.4545	ITS1-5.8S-ITS2	ITSx-region-extraction
MPDB005964	82937	Pythium graminicola	oomycetes	OR194849.1	787	756	756	45.4787	ITS1-5.8S-ITS2	ITSx-region-extraction
MPDB005965	82937	Pythium graminicola	oomycetes	OR194850.1	778	750	750	46.0000	ITS1-5.8S-ITS2	ITSx-region-extraction
MPDB005966	82937	Pythium graminicola	oomycetes	PQ814186.1	770	770	770	45.3247	ITS1-5.8S-ITS2	ITSx-region-extraction
MPDB005967	82938	Pythium inflatum	oomycetes	AY598626.2	4033	770	770	45.7143	ITS1-5.8S-ITS2	ITSx-region-extraction
MPDB005968	82938	Pythium inflatum	oomycetes	KX228090.1	772	772	772	45.4663	ITS1-5.8S-ITS2	ITSx-region-extraction
MPDB005969	82938	Pythium inflatum	oomycetes	LC556057.1	833	786	786	45.6743	ITS1-5.8S-ITS2	ITSx-region-extraction
MPDB005970	82938	Pythium inflatum	oomycetes	LC684548.1	895	774	774	44.8320	ITS1-5.8S-ITS2	ITSx-region-extraction
MPDB005971	82938	Pythium inflatum	oomycetes	MH023380.1	768	768	768	45.4427	ITS1-5.8S-ITS2	ITSx-region-extraction
MPDB005972	82938	Pythium inflatum	oomycetes	MK794697.1	852	770	770	45.7143	ITS1-5.8S-ITS2	ITSx-region-extraction
MPDB005973	82938	Pythium inflatum	oomycetes	MK794699.1	851	770	770	45.7143	ITS1-5.8S-ITS2	ITSx-region-extraction
MPDB005974	82938	Pythium inflatum	oomycetes	MK794703.1	753	753	753	45.9495	ITS1-5.8S-ITS2	ITSx-region-extraction
MPDB005975	82938	Pythium inflatum	oomycetes	MK794707.1	866	770	770	45.7143	ITS1-5.8S-ITS2	ITSx-region-extraction
MPDB005976	82938	Pythium inflatum	oomycetes	MK794710.1	867	770	770	45.7143	ITS1-5.8S-ITS2	ITSx-region-extraction
MPDB005977	82938	Pythium inflatum	oomycetes	MK794711.1	878	770	770	45.7143	ITS1-5.8S-ITS2	ITSx-region-extraction
MPDB005978	82938	Pythium inflatum	oomycetes	MK794712.1	844	770	770	45.7143	ITS1-5.8S-ITS2	ITSx-region-extraction
MPDB005979	82938	Pythium inflatum	oomycetes	MK794723.1	847	770	770	45.7143	ITS1-5.8S-ITS2	ITSx-region-extraction
MPDB005980	82938	Pythium inflatum	oomycetes	MK794738.1	841	770	770	45.7143	ITS1-5.8S-ITS2	ITSx-region-extraction
MPDB005981	82938	Pythium inflatum	oomycetes	MK794745.1	863	770	770	45.7143	ITS1-5.8S-ITS2	ITSx-region-extraction
MPDB005982	82938	Pythium inflatum	oomycetes	MK794748.1	874	770	770	45.7143	ITS1-5.8S-ITS2	ITSx-region-extraction
MPDB005983	82938	Pythium inflatum	oomycetes	MK794750.1	811	779	779	45.8280	ITS1-5.8S-ITS2	ITSx-region-extraction
MPDB005984	82938	Pythium inflatum	oomycetes	MK794751.1	850	770	770	45.7143	ITS1-5.8S-ITS2	ITSx-region-extraction
MPDB005985	82938	Pythium inflatum	oomycetes	MK794757.1	819	786	786	45.5471	ITS1-5.8S-ITS2	ITSx-region-extraction
MPDB005986	82938	Pythium inflatum	oomycetes	MK794994.1	847	770	770	45.7143	ITS1-5.8S-ITS2	ITSx-region-extraction
MPDB005987	82938	Pythium inflatum	oomycetes	MK795006.1	866	770	770	45.7143	ITS1-5.8S-ITS2	ITSx-region-extraction
MPDB005988	82938	Pythium inflatum	oomycetes	MK795056.1	857	773	773	45.6662	ITS1-5.8S-ITS2	ITSx-region-extraction
MPDB005989	82938	Pythium inflatum	oomycetes	MN905936.1	1053	796	796	45.3518	ITS1-5.8S-ITS2	ITSx-region-extraction
MPDB005990	82938	Pythium inflatum	oomycetes	MN905937.1	1038	796	796	45.7286	ITS1-5.8S-ITS2	ITSx-region-extraction
MPDB005991	82938	Pythium inflatum	oomycetes	MT414940.1	773	773	773	45.5959	ITS1-5.8S-ITS2	ITSx-region-extraction
MPDB005992	82938	Pythium inflatum	oomycetes	MT754458.1	766	766	766	45.8225	ITS1-5.8S-ITS2	ITSx-region-extraction
MPDB005993	82938	Pythium inflatum	oomycetes	MT819396.1	855	793	793	45.9016	ITS1-5.8S-ITS2	ITSx-region-extraction
MPDB005994	82938	Pythium inflatum	oomycetes	MT968528.1	764	764	764	45.6806	ITS1-5.8S-ITS2	ITSx-region-extraction
MPDB005995	82938	Pythium inflatum	oomycetes	MW025217.1	796	796	796	45.2261	ITS1-5.8S-ITS2	ITSx-region-extraction
MPDB005996	82938	Pythium inflatum	oomycetes	MW025229.1	789	789	789	45.3739	ITS1-5.8S-ITS2	ITSx-region-extraction
MPDB005997	82938	Pythium inflatum	oomycetes	MZ540477.1	765	765	765	45.9424	ITS1-5.8S-ITS2	ITSx-region-extraction
MPDB005998	82938	Pythium inflatum	oomycetes	OP933291.1	748	748	748	46.1230	ITS1-5.8S-ITS2	ITSx-region-extraction
MPDB005999	82938	Pythium inflatum	oomycetes	OP933292.1	761	761	761	45.5979	ITS1-5.8S-ITS2	ITSx-region-extraction
MPDB006000	82938	Pythium inflatum	oomycetes	OP933293.1	805	743	743	45.8108	ITS1-5.8S-ITS2	ITSx-region-extraction
MPDB006001	82938	Pythium inflatum	oomycetes	OP933294.1	755	692	692	45.1520	ITS1-5.8S-ITS2	ITSx-region-extraction
MPDB006002	82938	Pythium inflatum	oomycetes	OR120587.1	821	775	775	45.5484	ITS1-5.8S-ITS2	ITSx-region-extraction
MPDB006003	82938	Pythium inflatum	oomycetes	OR120622.1	821	774	774	45.4780	ITS1-5.8S-ITS2	ITSx-region-extraction
MPDB006004	82938	Pythium inflatum	oomycetes	OR120628.1	822	775	775	45.5484	ITS1-5.8S-ITS2	ITSx-region-extraction
MPDB006005	82938	Pythium inflatum	oomycetes	OR194725.1	675	647	647	45.5951	ITS1-5.8S-ITS2	ITSx-region-extraction
MPDB006006	82938	Pythium inflatum	oomycetes	OR194727.1	815	778	778	45.7584	ITS1-5.8S-ITS2	ITSx-region-extraction
MPDB006007	82938	Pythium inflatum	oomycetes	OR194795.1	796	762	762	45.9318	ITS1-5.8S-ITS2	ITSx-region-extraction
MPDB006008	82938	Pythium inflatum	oomycetes	OR194796.1	796	761	761	45.8607	ITS1-5.8S-ITS2	ITSx-region-extraction
MPDB006009	82938	Pythium inflatum	oomycetes	OR194797.1	755	755	755	45.7560	ITS1-5.8S-ITS2	ITSx-region-extraction
MPDB006010	82950	Pythium sylvaticum / Globisporangium sylvaticum	oomycetes	AB108008.1	907	907	907	49.0628	ITS1-5.8S-ITS2	ITSx-region-extraction
MPDB006011	82950	Pythium sylvaticum / Globisporangium sylvaticum	oomycetes	AY598645.2	4188	906	906	49.2274	ITS1-5.8S-ITS2	ITSx-region-extraction
MPDB006012	82950	Pythium sylvaticum / Globisporangium sylvaticum	oomycetes	LC901554.1	906	906	906	49.2274	ITS1-5.8S-ITS2	ITSx-region-extraction
MPDB006013	82950	Pythium sylvaticum / Globisporangium sylvaticum	oomycetes	LC908960.1	898	898	898	49.1091	ITS1-5.8S-ITS2	ITSx-region-extraction
MPDB006014	82950	Pythium sylvaticum / Globisporangium sylvaticum	oomycetes	OK271185.1	955	929	929	48.8698	ITS1-5.8S-ITS2	ITSx-region-extraction
MPDB006015	82950	Pythium sylvaticum / Globisporangium sylvaticum	oomycetes	OK271190.1	960	912	912	48.9572	ITS1-5.8S-ITS2	ITSx-region-extraction
MPDB006016	82950	Pythium sylvaticum / Globisporangium sylvaticum	oomycetes	OL342579.1	919	919	919	48.8575	ITS1-5.8S-ITS2	ITSx-region-extraction
MPDB006017	82950	Pythium sylvaticum / Globisporangium sylvaticum	oomycetes	OL342580.1	896	896	896	49.1071	ITS1-5.8S-ITS2	ITSx-region-extraction
MPDB006018	82950	Pythium sylvaticum / Globisporangium sylvaticum	oomycetes	OL342597.1	932	902	902	49.0022	ITS1-5.8S-ITS2	ITSx-region-extraction
MPDB006019	82950	Pythium sylvaticum / Globisporangium sylvaticum	oomycetes	ON678083.1	889	889	889	49.4369	ITS1-5.8S-ITS2	ITSx-region-extraction
MPDB006020	82950	Pythium sylvaticum / Globisporangium sylvaticum	oomycetes	ON678084.1	791	791	791	46.5234	ITS1-5.8S-ITS2	ITSx-region-extraction
MPDB006021	82950	Pythium sylvaticum / Globisporangium sylvaticum	oomycetes	ON678085.1	852	852	852	45.6573	ITS1-5.8S-ITS2	ITSx-region-extraction
MPDB006022	82950	Pythium sylvaticum / Globisporangium sylvaticum	oomycetes	ON678086.1	782	782	782	46.6752	ITS1-5.8S-ITS2	ITSx-region-extraction
MPDB006023	82950	Pythium sylvaticum / Globisporangium sylvaticum	oomycetes	OQ724651.1	998	908	908	49.2291	ITS1-5.8S-ITS2	ITSx-region-extraction
MPDB006024	82950	Pythium sylvaticum / Globisporangium sylvaticum	oomycetes	OR120756.1	945	902	902	49.0022	ITS1-5.8S-ITS2	ITSx-region-extraction
MPDB006025	82950	Pythium sylvaticum / Globisporangium sylvaticum	oomycetes	OR120759.1	950	909	909	49.0649	ITS1-5.8S-ITS2	ITSx-region-extraction
MPDB006026	82950	Pythium sylvaticum / Globisporangium sylvaticum	oomycetes	OR120761.1	951	909	909	48.8449	ITS1-5.8S-ITS2	ITSx-region-extraction
MPDB006027	82950	Pythium sylvaticum / Globisporangium sylvaticum	oomycetes	OR120765.1	950	909	909	48.7349	ITS1-5.8S-ITS2	ITSx-region-extraction
MPDB006028	82950	Pythium sylvaticum / Globisporangium sylvaticum	oomycetes	OR194633.1	567	432	432	47.5524	ITS2	ITSx-region-extraction
MPDB006029	82950	Pythium sylvaticum / Globisporangium sylvaticum	oomycetes	OR194728.1	673	673	673	48.2912	ITS1-5.8S-ITS2	ITSx-region-extraction
MPDB006030	82950	Pythium sylvaticum / Globisporangium sylvaticum	oomycetes	OR194730.1	721	721	721	48.4050	ITS1-5.8S-ITS2	ITSx-region-extraction
MPDB006031	82950	Pythium sylvaticum / Globisporangium sylvaticum	oomycetes	OR194731.1	872	872	872	49.4834	ITS1-5.8S-ITS2	ITSx-region-extraction
MPDB006032	82950	Pythium sylvaticum / Globisporangium sylvaticum	oomycetes	OR194744.1	931	902	902	49.1676	ITS1-5.8S-ITS2	ITSx-region-extraction
MPDB006033	82950	Pythium sylvaticum / Globisporangium sylvaticum	oomycetes	OR194766.1	842	810	810	49.8765	ITS1-5.8S-ITS2	ITSx-region-extraction
MPDB006034	82950	Pythium sylvaticum / Globisporangium sylvaticum	oomycetes	OR194768.1	856	856	856	49.5897	ITS1-5.8S-ITS2	ITSx-region-extraction
MPDB006035	82950	Pythium sylvaticum / Globisporangium sylvaticum	oomycetes	OR194769.1	876	876	876	49.4845	ITS1-5.8S-ITS2	ITSx-region-extraction
MPDB006036	82950	Pythium sylvaticum / Globisporangium sylvaticum	oomycetes	OR194844.1	860	860	860	49.8837	ITS1-5.8S-ITS2	ITSx-region-extraction
MPDB006037	82950	Pythium sylvaticum / Globisporangium sylvaticum	oomycetes	OR511524.1	849	849	849	47.3498	ITS1-5.8S-ITS2	ITSx-region-extraction
MPDB006038	82950	Pythium sylvaticum / Globisporangium sylvaticum	oomycetes	OR511536.1	433	433	433	43.8799	ITS1-5.8S-ITS2	ITSx-region-extraction
MPDB006039	82950	Pythium sylvaticum / Globisporangium sylvaticum	oomycetes	OR633311.1	990	906	906	49.2802	ITS1-5.8S-ITS2	ITSx-region-extraction
MPDB006040	82950	Pythium sylvaticum / Globisporangium sylvaticum	oomycetes	PP817299.1	938	906	906	49.2274	ITS1-5.8S-ITS2	ITSx-region-extraction
MPDB006041	82950	Pythium sylvaticum / Globisporangium sylvaticum	oomycetes	PP835985.1	888	888	888	49.4369	ITS1-5.8S-ITS2	ITSx-region-extraction
MPDB006042	82950	Pythium sylvaticum / Globisporangium sylvaticum	oomycetes	PQ331070.1	745	745	745	46.9799	ITS1-5.8S-ITS2	ITSx-region-extraction
MPDB006043	82950	Pythium sylvaticum / Globisporangium sylvaticum	oomycetes	PQ331071.1	864	864	864	49.5370	ITS1-5.8S-ITS2	ITSx-region-extraction
MPDB006044	82950	Pythium sylvaticum / Globisporangium sylvaticum	oomycetes	PQ331072.1	769	769	769	50.0650	ITS1-5.8S-ITS2	ITSx-region-extraction
MPDB006045	82950	Pythium sylvaticum / Globisporangium sylvaticum	oomycetes	PQ331073.1	770	770	770	50.2597	ITS1-5.8S-ITS2	ITSx-region-extraction
MPDB006046	82950	Pythium sylvaticum / Globisporangium sylvaticum	oomycetes	PV197171.1	968	906	906	49.1170	ITS1-5.8S-ITS2	ITSx-region-extraction
MPDB006047	82950	Pythium sylvaticum / Globisporangium sylvaticum	oomycetes	PV248832.1	580	566	566	49.1166	5.8S-ITS2	ITSx-region-extraction
MPDB006048	82950	Pythium sylvaticum / Globisporangium sylvaticum	oomycetes	PV248833.1	940	901	901	49.0566	ITS1-5.8S-ITS2	ITSx-region-extraction
MPDB006049	82950	Pythium sylvaticum / Globisporangium sylvaticum	oomycetes	PV594456.1	747	747	747	50.3347	ITS1-5.8S-ITS2	ITSx-region-extraction
MPDB006050	82950	Pythium sylvaticum / Globisporangium sylvaticum	oomycetes	PX351718.1	584	584	584	49.1438	ITS1-5.8S-ITS2	ITSx-region-extraction
MPDB006051	82950	Pythium sylvaticum / Globisporangium sylvaticum	oomycetes	PX351719.1	584	584	584	48.9726	ITS1-5.8S-ITS2	ITSx-region-extraction
MPDB006052	82950	Pythium sylvaticum / Globisporangium sylvaticum	oomycetes	PZ484507.1	908	873	873	49.2554	ITS1-5.8S-ITS2	ITSx-region-extraction
MPDB006089	886949	Peronosclerospora maydis	oomycetes	PZ301870.1	249	219	219	40.6393	ITS1	ITSx-region-extraction
MPDB006091	886949	Peronosclerospora maydis	oomycetes	PZ301872.1	249	219	219	40.1826	ITS1	ITSx-region-extraction
MPDB006092	907947	Pythium vexans/Phytopythium vexans	oomycetes	PP835991.1	792	792	792	49.3655	ITS1-5.8S-ITS2	ITSx-region-extraction
MPDB006093	907947	Pythium vexans/Phytopythium vexans	oomycetes	PP835997.1	841	801	801	49.0590	ITS1-5.8S-ITS2	ITSx-region-extraction
MPDB006094	907947	Pythium vexans/Phytopythium vexans	oomycetes	PQ453721.1	468	468	468	49.5726	ITS1-5.8S-ITS2	ITSx-region-extraction
MPDB006095	907947	Pythium vexans/Phytopythium vexans	oomycetes	PQ453722.1	466	466	466	49.5708	ITS1-5.8S-ITS2	ITSx-region-extraction
MPDB006096	907947	Pythium vexans/Phytopythium vexans	oomycetes	PQ453723.1	470	470	470	49.5745	ITS1-5.8S-ITS2	ITSx-region-extraction
MPDB006097	907947	Pythium vexans/Phytopythium vexans	oomycetes	PQ453724.1	464	464	464	49.5690	ITS1-5.8S-ITS2	ITSx-region-extraction
MPDB006098	907947	Pythium vexans/Phytopythium vexans	oomycetes	PQ453725.1	471	471	471	49.4692	ITS1-5.8S-ITS2	ITSx-region-extraction
MPDB006099	907947	Pythium vexans/Phytopythium vexans	oomycetes	PQ453726.1	464	464	464	49.3534	ITS1-5.8S-ITS2	ITSx-region-extraction
MPDB006100	907947	Pythium vexans/Phytopythium vexans	oomycetes	PQ453727.1	457	457	457	48.3589	ITS1-5.8S-ITS2	ITSx-region-extraction
MPDB006101	907947	Pythium vexans/Phytopythium vexans	oomycetes	PQ453728.1	469	469	469	49.6802	ITS1-5.8S-ITS2	ITSx-region-extraction
MPDB006102	907947	Pythium vexans/Phytopythium vexans	oomycetes	PQ453729.1	469	469	469	49.4670	ITS1-5.8S-ITS2	ITSx-region-extraction
MPDB006103	907947	Pythium vexans/Phytopythium vexans	oomycetes	PV849285.1	816	816	816	50.6127	ITS1-5.8S-ITS2	ITSx-region-extraction
MPDB006104	907947	Pythium vexans/Phytopythium vexans	oomycetes	PV897056.1	836	794	794	49.3703	ITS1-5.8S-ITS2	ITSx-region-extraction
MPDB006105	907947	Pythium vexans/Phytopythium vexans	oomycetes	PV897098.1	839	794	794	49.3703	ITS1-5.8S-ITS2	ITSx-region-extraction
MPDB006106	907947	Pythium vexans/Phytopythium vexans	oomycetes	PV897112.1	839	794	794	49.2443	ITS1-5.8S-ITS2	ITSx-region-extraction
MPDB006107	907947	Pythium vexans/Phytopythium vexans	oomycetes	PV897113.1	838	795	795	49.3082	ITS1-5.8S-ITS2	ITSx-region-extraction
MPDB006108	907947	Pythium vexans/Phytopythium vexans	oomycetes	PV897114.1	840	795	795	49.3082	ITS1-5.8S-ITS2	ITSx-region-extraction
MPDB006109	907947	Pythium vexans/Phytopythium vexans	oomycetes	PV897115.1	842	795	795	49.3082	ITS1-5.8S-ITS2	ITSx-region-extraction
MPDB006110	907947	Pythium vexans/Phytopythium vexans	oomycetes	PV897116.1	842	795	795	49.4340	ITS1-5.8S-ITS2	ITSx-region-extraction
MPDB006111	907947	Pythium vexans/Phytopythium vexans	oomycetes	PV897119.1	838	797	797	49.1844	ITS1-5.8S-ITS2	ITSx-region-extraction
MPDB006112	907947	Pythium vexans/Phytopythium vexans	oomycetes	PV897126.1	838	794	794	49.3703	ITS1-5.8S-ITS2	ITSx-region-extraction
MPDB006113	907947	Pythium vexans/Phytopythium vexans	oomycetes	PV897173.1	841	796	796	49.6855	ITS1-5.8S-ITS2	ITSx-region-extraction
MPDB006114	907947	Pythium vexans/Phytopythium vexans	oomycetes	PV897174.1	834	794	794	49.6847	ITS1-5.8S-ITS2	ITSx-region-extraction
MPDB006115	907947	Pythium vexans/Phytopythium vexans	oomycetes	PV897225.1	840	795	795	49.4340	ITS1-5.8S-ITS2	ITSx-region-extraction
MPDB006116	907947	Pythium vexans/Phytopythium vexans	oomycetes	PV897226.1	841	794	794	49.3703	ITS1-5.8S-ITS2	ITSx-region-extraction
MPDB006117	907947	Pythium vexans/Phytopythium vexans	oomycetes	PV897227.1	840	793	793	49.4325	ITS1-5.8S-ITS2	ITSx-region-extraction
MPDB006118	907947	Pythium vexans/Phytopythium vexans	oomycetes	PX464106.1	873	805	805	49.8137	ITS1-5.8S-ITS2	ITSx-region-extraction
MPDB006119	907947	Pythium vexans/Phytopythium vexans	oomycetes	PX473042.1	927	860	860	50.2326	ITS1-5.8S-ITS2	ITSx-region-extraction
MPDB006120	907947	Pythium vexans/Phytopythium vexans	oomycetes	PX498492.1	827	785	785	49.8089	ITS1-5.8S-ITS2	ITSx-region-extraction
MPDB006121	907947	Pythium vexans/Phytopythium vexans	oomycetes	PX498494.1	835	787	787	49.9365	ITS1-5.8S-ITS2	ITSx-region-extraction
MPDB006122	907947	Pythium vexans/Phytopythium vexans	oomycetes	PX498495.1	850	784	784	49.8724	ITS1-5.8S-ITS2	ITSx-region-extraction
MPDB006123	907947	Pythium vexans/Phytopythium vexans	oomycetes	PX498496.1	848	781	781	49.1677	ITS1-5.8S-ITS2	ITSx-region-extraction
MPDB006124	907947	Pythium vexans/Phytopythium vexans	oomycetes	PX498497.1	846	783	783	50.8301	ITS1-5.8S-ITS2	ITSx-region-extraction
MPDB006125	907947	Pythium vexans/Phytopythium vexans	oomycetes	PX498498.1	869	869	869	51.3234	ITS1-5.8S-ITS2	ITSx-region-extraction
MPDB006126	907947	Pythium vexans/Phytopythium vexans	oomycetes	PX498500.1	854	789	789	50.0634	ITS1-5.8S-ITS2	ITSx-region-extraction
MPDB006127	907947	Pythium vexans/Phytopythium vexans	oomycetes	PX593153.1	835	798	798	49.8118	ITS1-5.8S-ITS2	ITSx-region-extraction
MPDB006128	907947	Pythium vexans/Phytopythium vexans	oomycetes	PZ022717.1	789	789	789	50.0634	ITS1-5.8S-ITS2	ITSx-region-extraction
MPDB006129	907947	Pythium vexans/Phytopythium vexans	oomycetes	PZ022718.1	789	789	789	49.1762	ITS1-5.8S-ITS2	ITSx-region-extraction
MPDB006130	907947	Pythium vexans/Phytopythium vexans	oomycetes	PZ782634.1	635	635	635	47.5591	ITS1-5.8S-ITS2	ITSx-region-extraction
MPDB006131	907947	Pythium vexans/Phytopythium vexans	oomycetes	PZ782635.1	635	635	635	47.5591	ITS1-5.8S-ITS2	ITSx-region-extraction
MPDB006132	907947	Pythium vexans/Phytopythium vexans	oomycetes	PZ782639.1	634	634	634	47.6341	ITS1-5.8S-ITS2	ITSx-region-extraction
MPDB006133	907947	Pythium vexans/Phytopythium vexans	oomycetes	PZ782639.1	634	634	634	47.6341	ITS1-5.8S-ITS2	ITSx-region-extraction
MPDB006134	907947	Pythium vexans/Phytopythium vexans	oomycetes	PZ782640.1	634	634	634	48.1073	ITS1-5.8S-ITS2	ITSx-region-extraction
MPDB001621	1659837	Exserohilum rostratum (Setosphaeria rostrata)	fungi	PX895805.1	150	98	98	48.9796	BLAST-remapped from MPDB001643|1659837|Exserohilum	BLAST-remapped-ITS-fragment
MPDB001861	226117	Xepiculopsis graminea/Myrothecium gramineum	fungi	KY591776.1	213	173	173	67.0520	BLAST-remapped from MPDB001855|226117|Xepiculopsis	BLAST-remapped-ITS-fragment
MPDB001862	226117	Xepiculopsis graminea/Myrothecium gramineum	fungi	LS483744.1	168	168	168	67.2619	BLAST-remapped from MPDB001872|226117|Xepiculopsis	BLAST-remapped-ITS-fragment
MPDB001863	226117	Xepiculopsis graminea/Myrothecium gramineum	fungi	LS483783.1	184	184	184	66.8478	BLAST-remapped from MPDB001881|226117|Xepiculopsis	BLAST-remapped-ITS-fragment
MPDB001864	226117	Xepiculopsis graminea/Myrothecium gramineum	fungi	LS483784.1	184	184	184	67.3913	BLAST-remapped from MPDB001881|226117|Xepiculopsis	BLAST-remapped-ITS-fragment
MPDB001865	226117	Xepiculopsis graminea/Myrothecium gramineum	fungi	LS483788.1	183	181	181	66.2983	BLAST-remapped from MPDB001881|226117|Xepiculopsis	BLAST-remapped-ITS-fragment
MPDB001866	226117	Xepiculopsis graminea/Myrothecium gramineum	fungi	LS483935.1	170	170	170	65.8824	BLAST-remapped from MPDB001857|226117|Xepiculopsis	BLAST-remapped-ITS-fragment
MPDB001867	226117	Xepiculopsis graminea/Myrothecium gramineum	fungi	LS483949.1	172	172	172	68.6047	BLAST-remapped from MPDB001874|226117|Xepiculopsis	BLAST-remapped-ITS-fragment
MPDB001868	226117	Xepiculopsis graminea/Myrothecium gramineum	fungi	LS484211.1	170	170	170	68.8235	BLAST-remapped from MPDB001874|226117|Xepiculopsis	BLAST-remapped-ITS-fragment
MPDB001869	226117	Xepiculopsis graminea/Myrothecium gramineum	fungi	LS484218.1	181	181	181	66.8508	BLAST-remapped from MPDB001878|226117|Xepiculopsis	BLAST-remapped-ITS-fragment
MPDB001880	226117	Xepiculopsis graminea/Myrothecium gramineum	fungi	MZ919500.1	175	157	157	59.8726	BLAST-remapped from MPDB001859|226117|Xepiculopsis	BLAST-remapped-ITS-fragment
MPDB001998	27349	Puccinia sorghi	fungi	PV810235.1	174	174	174	31.6092	BLAST-remapped from MPDB002002|27349|Puccinia	BLAST-remapped-ITS-fragment
MPDB002151	28572	Penicillium funiculosum / Talaromyces funiculosus	fungi	PX503668.1	606	122	122	68.8525	BLAST-remapped from MPDB002138|28572|Penicillium	BLAST-remapped-ITS-fragment
MPDB002156	28572	Penicillium funiculosum / Talaromyces funiculosus	fungi	PX994870.1	625	160	160	70.0000	BLAST-remapped from MPDB002138|28572|Penicillium	BLAST-remapped-ITS-fragment
MPDB002475	33175	Phaeosphaeria herpotricha / Ophiosphaerella herpotricha	fungi	AF101796.1	164	164	164	40.2439	BLAST-remapped from MPDB002510|33175|Phaeosphaeria	BLAST-remapped-ITS-fragment
MPDB002476	33175	Phaeosphaeria herpotricha / Ophiosphaerella herpotricha	fungi	AF101813.1	154	154	154	44.8052	BLAST-remapped from MPDB002510|33175|Phaeosphaeria	BLAST-remapped-ITS-fragment
MPDB002714	36080	Mucor circinelloides	fungi	PZ480718.1	566	566	566	43.4629	marker-only partial ITS	marker-only-record-retained
MPDB002763	38902	Curvularia inaequalis / Helminthosporium inaequale	fungi	MW356912.1	527	527	527	47.8178	marker-only partial ITS	marker-only-record-retained
MPDB002802	39291	Agroathelia rolfsii (Sclerotium rolfsii, Athelia rolfsii)	fungi	PZ270758.1	720	580	580	37.5862	BLAST-remapped from MPDB002828|39291|Agroathelia	BLAST-remapped-ITS-fragment
MPDB002818	39291	Agroathelia rolfsii (Sclerotium rolfsii, Athelia rolfsii)	fungi	PZ686062.1	635	635	635	41.4173	marker-only partial ITS	marker-only-record-retained
MPDB002821	39291	Agroathelia rolfsii (Sclerotium rolfsii, Athelia rolfsii)	fungi	PZ688792.1	910	910	910	47.6923	marker-only partial ITS	marker-only-record-retained
MPDB002824	39291	Agroathelia rolfsii (Sclerotium rolfsii, Athelia rolfsii)	fungi	PZ704274.1	620	620	620	41.2903	marker-only partial ITS	marker-only-record-retained
MPDB002866	40199	Fusarium avenaceum	fungi	PZ547846.1	236	170	170	47.6471	BLAST-remapped from MPDB002874|40199|Fusarium	BLAST-remapped-ITS-fragment
MPDB002989	418126	Curvularia geniculata(Cochliobolus geniculatus)	fungi	PZ092863.1	205	201	201	47.7612	BLAST-remapped from MPDB002980|418126|Curvularia	BLAST-remapped-ITS-fragment
MPDB003295	456999	Rhizoctonia solani (Thanatephorus cucumeris)	fungi	PZ830834.1	130	88	88	45.4545	BLAST-remapped from MPDB003256|456999|Rhizoctonia	BLAST-remapped-ITS-fragment
MPDB003322	47278	Trichoderma roseum /Trichothecium roseum	fungi	PV987583.1	795	236	236	68.2203	BLAST-remapped from MPDB003304|47278|Trichoderma	BLAST-remapped-ITS-fragment
MPDB003367	4846	Rhizopus stolonifer	fungi	OR552919.1	512	78	78	19.2308	BLAST-remapped from MPDB003407|4846|Rhizopus	BLAST-remapped-ITS-fragment
MPDB003379	4846	Rhizopus stolonifer	fungi	PV801992.1	704	704	704	39.7727	marker-only partial ITS	marker-only-record-retained
MPDB003384	4846	Rhizopus stolonifer	fungi	PX238430.1	641	69	69	18.8406	BLAST-remapped from MPDB003407|4846|Rhizopus	BLAST-remapped-ITS-fragment
MPDB003397	4846	Rhizopus stolonifer	fungi	PX981750.1	789	336	336	21.7262	BLAST-remapped from MPDB003393|4846|Rhizopus	BLAST-remapped-ITS-fragment
MPDB003400	4846	Rhizopus stolonifer	fungi	PZ053804.1	805	352	352	25.2841	BLAST-remapped from MPDB003393|4846|Rhizopus	BLAST-remapped-ITS-fragment
MPDB003401	4846	Rhizopus stolonifer	fungi	PZ053805.1	820	354	354	25.1412	BLAST-remapped from MPDB003393|4846|Rhizopus	BLAST-remapped-ITS-fragment
MPDB003405	4846	Rhizopus stolonifer	fungi	PZ447514.1	798	125	125	23.2000	BLAST-remapped from MPDB003393|4846|Rhizopus	BLAST-remapped-ITS-fragment
MPDB003503	49224	Trichoderma hamatum	fungi	PX675711.1	150	128	128	58.5938	BLAST-remapped from MPDB003524|49224|Trichoderma	BLAST-remapped-ITS-fragment
MPDB003804	5067	Aspergillus parasiticus	fungi	OR005238.1	248	210	210	64.7619	BLAST-remapped from MPDB003834|5067|Aspergillus	BLAST-remapped-ITS-fragment
MPDB004013	5503	Curvularia lunata (Cochliobolus lunatus)	fungi	PZ327833.1	223	222	222	45.9459	BLAST-remapped from MPDB004021|5503|Curvularia	BLAST-remapped-ITS-fragment
MPDB004312	5547	Trichoderma viride	fungi	PX833676.1	594	594	594	53.8721	marker-only partial ITS	marker-only-record-retained
MPDB004438	56665	Fusarium kyushuense	fungi	LS484456.1	148	148	148	52.7027	BLAST-remapped from MPDB004473|56665|Fusarium	BLAST-remapped-ITS-fragment
MPDB004569	61235	Fusarium equiseti	fungi	PV802776.1	194	172	172	50.5814	BLAST-remapped from MPDB004595|61235|Fusarium	BLAST-remapped-ITS-fragment
MPDB004700	67620	Graphium penicillioides	fungi	KY590152.1	218	199	199	69.8492	BLAST-remapped from MPDB004702|67620|Graphium	BLAST-remapped-ITS-fragment
MPDB004723	684837	Puccinia polysora	fungi	MZ787762.1	175	175	175	29.1429	BLAST-remapped from MPDB004717|684837|Puccinia	BLAST-remapped-ITS-fragment
MPDB004817	72558	Sporisorium reilianum (Sphacelotheca reiliana)	fungi	KJ917977.1	682	56	56	41.0714	ITS2	ITSx-coordinate-extraction
MPDB005098	91365	Curvularia australiensis	fungi	OQ118377.1	229	229	229	45.4148	BLAST-remapped from MPDB005100|91365|Curvularia	BLAST-remapped-ITS-fragment
MPDB005277	95742	Curvularia clavata	fungi	LS484130.1	165	165	165	51.5152	BLAST-remapped from MPDB005261|95742|Curvularia	BLAST-remapped-ITS-fragment
MPDB005343	1081076	Peronosclerospora miscanthi	oomycetes	KX721500.1	249	164	164	43.9024	ITS1	ITSx-coordinate-extraction
MPDB005373	126844	Pythium helicoides / Phytopythium helicoides	oomycetes	PP597241.1	1056	277	277	50.1805	BLAST-remapped from MPDB005383|126844|Pythium	BLAST-remapped-ITS-fragment
MPDB005376	126844	Pythium helicoides / Phytopythium helicoides	oomycetes	PP741644.1	371	371	371	54.7170	BLAST-remapped from MPDB005384|126844|Pythium	BLAST-remapped-ITS-fragment
MPDB005377	126844	Pythium helicoides / Phytopythium helicoides	oomycetes	PP976982.1	1337	89	89	48.3146	BLAST-remapped from MPDB005363|126844|Pythium	BLAST-remapped-ITS-fragment
MPDB005379	126844	Pythium helicoides / Phytopythium helicoides	oomycetes	PQ200672.1	336	336	336	53.5714	BLAST-remapped from MPDB005384|126844|Pythium	BLAST-remapped-ITS-fragment
MPDB005380	126844	Pythium helicoides / Phytopythium helicoides	oomycetes	PV845136.1	534	534	534	50.3745	BLAST-remapped from MPDB005385|126844|Pythium	BLAST-remapped-ITS-fragment
MPDB005395	140044	Pythium aristosporum	oomycetes	MF446817.1	335	335	335	65.3731	marker-only partial ITS	marker-only-record-retained
MPDB005397	140044	Pythium aristosporum	oomycetes	MF446820.1	335	335	335	59.4030	marker-only partial ITS	marker-only-record-retained
MPDB005472	2052682	Pythium ultimum	oomycetes	PX139271.1	174	174	174	40.2299	BLAST-remapped from MPDB005479|2052682|Pythium	BLAST-remapped-ITS-fragment
MPDB005566	230839	Peronosclerospora sorghi	oomycetes	HM236843.1	195	195	195	42.0513	marker-only partial ITS	marker-only-record-retained
MPDB005567	230839	Peronosclerospora sorghi	oomycetes	HM236843.1	195	195	195	42.0513	marker-only partial ITS	marker-only-record-retained
MPDB005588	2711123	Globisporangium rostratum (Pythium rostratum )	oomycetes	AF310335.1	161	99	99	35.3535	BLAST-remapped from MPDB005593|2711123|Globisporangium	BLAST-remapped-ITS-fragment
MPDB005591	2711123	Globisporangium rostratum (Pythium rostratum )	oomycetes	AY753573.1	366	310	310	50.4886	BLAST-remapped from MPDB005593|2711123|Globisporangium	BLAST-remapped-ITS-fragment
MPDB005663	289618	Pythium lutarium	oomycetes	MN522172.1	249	200	200	44.5000	BLAST-remapped from MPDB005627|289618|Pythium	BLAST-remapped-ITS-fragment
MPDB005709	467161	Peronosclerospora sacchari	oomycetes	HM236836.1	195	195	195	41.5385	marker-only partial ITS	marker-only-record-retained
MPDB005710	467161	Peronosclerospora sacchari	oomycetes	HM236847.1	188	188	188	41.4894	marker-only partial ITS	marker-only-record-retained
MPDB005711	467161	Peronosclerospora sacchari	oomycetes	JF754979.1	1574	1574	1574	43.6468	marker-only partial ITS	marker-only-record-retained
MPDB006053	886948	Peronosclerospora philippinensis	oomycetes	HM236833.1	195	195	195	41.0256	marker-only partial ITS	marker-only-record-retained
MPDB006054	886948	Peronosclerospora philippinensis	oomycetes	HM236844.1	196	196	196	42.8571	marker-only partial ITS	marker-only-record-retained
MPDB006055	886948	Peronosclerospora philippinensis	oomycetes	HM236845.1	193	193	193	42.4870	marker-only partial ITS	marker-only-record-retained
MPDB006056	886948	Peronosclerospora philippinensis	oomycetes	HM236846.1	188	188	188	40.9574	marker-only partial ITS	marker-only-record-retained
MPDB006057	886948	Peronosclerospora philippinensis	oomycetes	JF754978.1	1572	1572	1572	43.3206	marker-only partial ITS	marker-only-record-retained
MPDB006058	886948	Peronosclerospora philippinensis	oomycetes	KR047735.1	103	103	103	34.9515	marker-only partial ITS	marker-only-record-retained
MPDB006059	886948	Peronosclerospora philippinensis	oomycetes	KR047736.1	101	101	101	36.0000	marker-only partial ITS	marker-only-record-retained
MPDB006060	886948	Peronosclerospora philippinensis	oomycetes	KR047737.1	103	103	103	33.0097	marker-only partial ITS	marker-only-record-retained
MPDB006061	886948	Peronosclerospora philippinensis	oomycetes	KR047738.1	103	103	103	39.8058	marker-only partial ITS	marker-only-record-retained
MPDB006062	886948	Peronosclerospora philippinensis	oomycetes	KX252750.1	156	156	156	46.7949	marker-only partial ITS	marker-only-record-retained
MPDB006063	886948	Peronosclerospora philippinensis	oomycetes	KX252751.1	157	157	157	46.4968	marker-only partial ITS	marker-only-record-retained
MPDB006064	886948	Peronosclerospora philippinensis	oomycetes	KX252752.1	156	156	156	46.7949	marker-only partial ITS	marker-only-record-retained
MPDB006065	886948	Peronosclerospora philippinensis	oomycetes	KX252753.1	155	155	155	47.7419	marker-only partial ITS	marker-only-record-retained
MPDB006066	886948	Peronosclerospora philippinensis	oomycetes	KX252754.1	158	158	158	45.5696	marker-only partial ITS	marker-only-record-retained
MPDB006067	886948	Peronosclerospora philippinensis	oomycetes	KX252755.1	155	155	155	47.0968	marker-only partial ITS	marker-only-record-retained
MPDB006068	886948	Peronosclerospora philippinensis	oomycetes	KX252756.1	157	157	157	46.4968	marker-only partial ITS	marker-only-record-retained
MPDB006069	886948	Peronosclerospora philippinensis	oomycetes	KX252757.1	157	157	157	46.4968	marker-only partial ITS	marker-only-record-retained
MPDB006070	886948	Peronosclerospora philippinensis	oomycetes	KX252758.1	156	156	156	47.4359	marker-only partial ITS	marker-only-record-retained
MPDB006071	886948	Peronosclerospora philippinensis	oomycetes	KX252759.1	156	156	156	46.1538	marker-only partial ITS	marker-only-record-retained
MPDB006072	886948	Peronosclerospora philippinensis	oomycetes	KX252760.1	156	156	156	46.1538	marker-only partial ITS	marker-only-record-retained
MPDB006073	886948	Peronosclerospora philippinensis	oomycetes	KX252761.1	155	155	155	47.0968	marker-only partial ITS	marker-only-record-retained
MPDB006074	886948	Peronosclerospora philippinensis	oomycetes	KX252762.1	157	157	157	48.4076	marker-only partial ITS	marker-only-record-retained
MPDB006075	886948	Peronosclerospora philippinensis	oomycetes	KX252763.1	154	154	154	46.1039	marker-only partial ITS	marker-only-record-retained
MPDB006076	886949	Peronosclerospora maydis	oomycetes	HM236840.1	195	195	195	41.0256	BLAST-remapped from MPDB006089|886949|Peronosclerospora	BLAST-remapped-ITS-fragment
MPDB006077	886949	Peronosclerospora maydis	oomycetes	HM236841.1	197	197	197	41.1168	BLAST-remapped from MPDB006089|886949|Peronosclerospora	BLAST-remapped-ITS-fragment
MPDB006078	886949	Peronosclerospora maydis	oomycetes	LC128602.1	226	219	219	40.6393	BLAST-remapped from MPDB006089|886949|Peronosclerospora	BLAST-remapped-ITS-fragment
MPDB006079	886949	Peronosclerospora maydis	oomycetes	LC128608.1	225	218	218	40.8257	BLAST-remapped from MPDB006089|886949|Peronosclerospora	BLAST-remapped-ITS-fragment
MPDB006080	886949	Peronosclerospora maydis	oomycetes	LC128612.1	221	217	217	41.0138	BLAST-remapped from MPDB006089|886949|Peronosclerospora	BLAST-remapped-ITS-fragment
MPDB006081	886949	Peronosclerospora maydis	oomycetes	LC128619.1	222	218	218	40.8257	BLAST-remapped from MPDB006089|886949|Peronosclerospora	BLAST-remapped-ITS-fragment
MPDB006082	886949	Peronosclerospora maydis	oomycetes	LC128620.1	223	219	219	40.6393	BLAST-remapped from MPDB006089|886949|Peronosclerospora	BLAST-remapped-ITS-fragment
MPDB006083	886949	Peronosclerospora maydis	oomycetes	LC322282.1	231	219	219	40.6393	BLAST-remapped from MPDB006089|886949|Peronosclerospora	BLAST-remapped-ITS-fragment
MPDB006084	886949	Peronosclerospora maydis	oomycetes	LC537855.1	220	218	218	40.3670	BLAST-remapped from MPDB006089|886949|Peronosclerospora	BLAST-remapped-ITS-fragment
MPDB006085	886949	Peronosclerospora maydis	oomycetes	LC537862.1	219	217	217	40.5530	BLAST-remapped from MPDB006089|886949|Peronosclerospora	BLAST-remapped-ITS-fragment
MPDB006086	886949	Peronosclerospora maydis	oomycetes	LC537863.1	219	217	217	41.0138	BLAST-remapped from MPDB006089|886949|Peronosclerospora	BLAST-remapped-ITS-fragment
MPDB006087	886949	Peronosclerospora maydis	oomycetes	LC537870.1	220	218	218	40.8257	BLAST-remapped from MPDB006089|886949|Peronosclerospora	BLAST-remapped-ITS-fragment
MPDB006088	886949	Peronosclerospora maydis	oomycetes	LC537872.1	220	218	218	41.2844	BLAST-remapped from MPDB006089|886949|Peronosclerospora	BLAST-remapped-ITS-fragment
MPDB006090	886949	Peronosclerospora maydis	oomycetes	PZ301871.1	249	219	219	40.1826	BLAST-remapped from MPDB006091|886949|Peronosclerospora	BLAST-remapped-ITS-fragment
