species	taxid	category	citation_id	raw_chunk	extracted_doi	crossref_doi	crossref_title	crossref_container	crossref_year	crossref_score	crossref_error	pubmed_pmid	pubmed_title	pubmed_year	pubmed_score	pubmed_error	resolution_status	verification_required	review_decision	reviewer	review_date	review_notes
Acidovorax avenae subsp. avenae	80867	bacteria	80867.1	Ji C, Ou J, Xu D, et al. First report of corn bacterial leaf stripe caused by Acidovorax avenae in Guangdong Province, China[J]. Plant Disease, 2014, 98(10): 1424-1424.		10.1094/pdis-03-14-0334-pdn	First Report of Corn Bacterial Leaf Stripe Caused by Acidovorax avenae in Guangdong Province, China	Plant Disease	2014			30704011	First Report of Corn Bacterial Leaf Stripe Caused by Acidovorax avenae in Guangdong Province, China.	2014			AUTO_CANDIDATE_HIGH	no	Correct	Gui-Feng Gao	2026-08-28	strict_doi_match
Acidovorax avenae subsp. avenae	80867	bacteria	80867.2	White D G, Pataky J K, Stall R E. Unusual occurrences of bacterial leaf blight on maize and sorghum in Central Illinois[J]. 1994.		10.1094/pd-78-0640d	Unusual Occurrences of Bacterial Leaf Blight on Maize and Sorghum in Central Illinois	Plant Disease	1994								AUTO_CANDIDATE_HIGH	no	Correct	Gui-Feng Gao	2026-08-25	strict_doi_match
Bacillus pumilus	1408	bacteria	1408.1	WANG X M, SHI J, JIN Q M, LI X, SUN S X. Field Book of Maize Diseases and Insect Pests. Beijing: China Agricultural Science and Technology Press, 2010. (in Chinese) 陈斌,韩海亮,侯俊峰,等.玉米细菌性茎腐病研究进展[J].中国植保导刊,2021,41(8):25-29+65.		10.1016/b978-0-12-803527-6.00011-1	Current and Potential Applications of Biopesticides to Manage Insect Pests of Maize	Microbial Control of Insect and Mite Pests	2017								AUTO_CANDIDATE_LOW	yes	Not found	Gui-Feng Gao	2026-08-29	title_mismatch overlap=0.20; openalex_no_doi
Bacillus pumilus	1408	bacteria	1408.2	姚秀英,代真林,魏兰芳,等.一株新的引起玉米细菌性茎腐病病原细菌的分离鉴定[J].植物病理学报,2021,51(5):822-827. DOI:10.13926/j.cnki.apps.000731.	10.13926/j.cnki.apps.000731	10.13926/j.cnki.apps.000731	一株新的引起玉米细菌性茎腐病病原细菌的分离鉴定										RESOLVED_DOI_INPUT	no	Correct	Gui-Feng Gao	2026-08-20	extracted_doi_kept_title_from_raw
Burkholderia gladioli	28095	bacteria	28095.1	Gijon-Hernandez A, Teliz-Ortiz D, Mejia-Sanchez D, et al. Leaf stripe and stem rot caused by Burkholderia gladioli, a new maize disease in Mexico[J]. Journal of Phytopathology, 2011, 159(5): 377-381.		10.1111/j.1439-0434.2010.01776.x	Leaf Stripe and Stem Rot Caused by Burkholderia gladioli, a New Maize Disease in Mexico	Journal of Phytopathology	2010								AUTO_CANDIDATE_HIGH	no	Correct	Gui-Feng Gao	2026-08-23	strict_doi_match
Burkholderia gladioli	28095	bacteria	28095.2	Félix-Gastelum, R.; Escalante-Castro, J.R.; Leyva-Madrigal, K.Y.; Maldonado-Mendoza, I.E.; Herrera-Rodríguez, G. Burkholderia gladioli Causing Brown Spot on Leaf Sheath of Sweet Corn (Zea mays L.) in Sinaloa, Mexico: An Emerging Disease. Agriculture 2026, 16, 948.		10.3390/agriculture16090948	Burkholderia gladioli Causing Brown Spot on Leaf Sheath of Sweet Corn (Zea mays L.) in Sinaloa, Mexico: An Emerging Disease	Agriculture	2026								AUTO_CANDIDATE_HIGH	no	Correct	Gui-Feng Gao	2026-08-23	strict_doi_match
Clavibacter michiganensis subsp. nebraskensis	31963	bacteria	31963.1	Osdaghi E, Robertson A E, Jackson‐Ziems T A, et al. Clavibacter nebraskensis causing Goss's wilt of maize: five decades of detaining the enemy in the New World[J]. Molecular Plant Pathology, 2023, 24(7): 675-692.		10.1111/mpp.13268	Clavibacter nebraskensis causing Goss's wilt of maize: Five decades of detaining the enemy in the New World	Molecular Plant Pathology	2022			36116105	Clavibacter nebraskensis causing Goss's wilt of maize: Five decades of detaining the enemy in the New World.	2023			AUTO_CANDIDATE_HIGH	no	Correct	Gui-Feng Gao	2026-08-22	strict_doi_match
Dickeya dadantii	204038	bacteria	204038.1	Askari S, Rezaei R, Sadravi M, et al. Identification of Dickeya dadantii Samson et al 2005 sp. nov.(Erwinia chrysanthemi 3937) as a causal agent of bacterial stalk rot of maize in Southwest of Iran[J]. Tropical Agriculture, 2018, 95(2).		10.1601/ex.9513	Exemplar Abstract for Dickeya dadantii dadantii (Samson et al. 2005) Brady et al. 2012 and Dickeya dadantii Samson et al. 2005 emend. Brady et al. 2012.	The NamesforLife Abstracts	2010								AUTO_CANDIDATE_LOW	yes	Incorrect	Gui-Feng Gao	2026-08-21	title_mismatch overlap=0.24; openalex_no_doi
Dickeya zeae	204042	bacteria	204042.1	Jatoth R, Kashyap A S, Babu P L, et al. Unravelling the aetiology of Dickeya zeae using polyphasic approaches for bacterial stalk rot in maize[J]. Plant Pathology, 2024, 73(4): 1007-1022.		10.1111/ppa.13858	Unravelling the aetiology of Dickeya zeae using polyphasic approaches for bacterial stalk rot in maize	Plant Pathology	2024								AUTO_CANDIDATE_HIGH	no	Correct	Gui-Feng Gao	2026-08-24	strict_doi_match
Dickeya zeae	204042	bacteria	204042.2	陈斌,韩海亮,侯俊峰,等.玉米细菌性茎腐病研究进展[J].中国植保导刊,2021,41(8):25-29+65.		10.70693/cjmsr.v1i1.554	心血管疾病中内皮细胞调控机制的研究进展	中国医学科学研究	2025								AUTO_CANDIDATE_LOW	yes	Incorrect	Gui-Feng Gao	2026-08-24	title_mismatch overlap=0.00; openalex_no_doi
Dickeya zeae	204042	bacteria	204042.3	姚秀英,代真林,魏兰芳,等.一株新的引起玉米细菌性茎腐病病原细菌的分离鉴定[J].植物病理学报,2021,51(5):822-827. DOI:10.13926/j.cnki.apps.000731.	10.13926/j.cnki.apps.000731	10.13926/j.cnki.apps.000731	一株新的引起玉米细菌性茎腐病病原细菌的分离鉴定										RESOLVED_DOI_INPUT	no	Correct	Gui-Feng Gao	2026-08-20	extracted_doi_kept_title_from_raw
Enterobacter cloacae subsp. dissolvens	69219	bacteria	69219.1	(Rosen 1922; Hoffmann et al. 2005) Enterobacter cloacae subsp. Dissolvens W-4 is an aerobe, Gram-negative, motile plant pathogen that was isolated from maize plant.		10.1021/acs.jafc.0c01613.s001	Ribonucleoside Diphosphate Reductase Plays an Important Role in Patulin Degradation by Enterobacter cloacae subsp. dissolvens										AUTO_CANDIDATE_LOW	yes	Incorrect	Gui-Feng Gao	2026-08-25	title_mismatch overlap=0.25; openalex_no_doi
Klebsiella pneumoniae	573	bacteria	573.1	Huang M, He P, Munir S, et al. Ecology and etiology of bacterial top rot in maize caused by Klebsiella pneumoniae KpC4[J]. Microbial pathogenesis, 2020, 139: 103906.		10.1016/j.micpath.2019.103906	Ecology and etiology of bacterial top rot in maize caused by Klebsiella pneumoniae KpC4	Microbial Pathogenesis	2020			31786257	Ecology and etiology of bacterial top rot in maize caused by Klebsiella pneumoniae KpC4.	2020			AUTO_CANDIDATE_HIGH	no	Correct	Gui-Feng Gao	2026-08-21	strict_doi_match
Pantoea agglomerans	549	bacteria	549.1	Morales-Valenzuela G, Silva-Rojas H V, Ochoa-Martínez D, et al. First report of Pantoea agglomerans causing leaf blight and vascular wilt in maize and sorghum in Mexico[J]. Plant Disease, 2007, 91(10): 1365-1365.		10.1094/pdis-91-10-1365a	First Report of Pantoea agglomerans Causing Leaf Blight and Vascular Wilt in Maize and Sorghum in Mexico	Plant Disease	2007			30780539	First Report of Pantoea agglomerans Causing Leaf Blight and Vascular Wilt in Maize and Sorghum in Mexico.	2007			AUTO_CANDIDATE_HIGH	no	Correct	Gui-Feng Gao	2026-08-25	strict_doi_match
Pantoea agglomerans	549	bacteria	549.2	陈斌,韩海亮,侯俊峰,等.玉米细菌性茎腐病研究进展[J].中国植保导刊,2021,41(8):25-29+65.		10.70693/cjmsr.v1i1.554	心血管疾病中内皮细胞调控机制的研究进展	中国医学科学研究	2025								AUTO_CANDIDATE_LOW	yes	Incorrect	Gui-Feng Gao	2026-08-22	title_mismatch overlap=0.00; openalex_no_doi
Pantoea agglomerans	549	bacteria	549.3	姚秀英,代真林,魏兰芳,等.一株新的引起玉米细菌性茎腐病病原细菌的分离鉴定[J].植物病理学报,2021,51(5):822-827. DOI:10.13926/j.cnki.apps.000731.	10.13926/j.cnki.apps.000731	10.13926/j.cnki.apps.000731	一株新的引起玉米细菌性茎腐病病原细菌的分离鉴定										RESOLVED_DOI_INPUT	no	Correct	Gui-Feng Gao	2026-08-29	extracted_doi_kept_title_from_raw
Pantoea ananatis	553	bacteria	553.1	Zhao X, Gao L, Ali Q, et al. A type VI secretion system effector TseG of Pantoea ananatis is involved in virulence and antibacterial activity[J]. Molecular Plant Pathology, 2024, 25(3): e13442.		10.1111/mpp.13442	A type VI secretion system effector TseG of Pantoea ananatis is involved in virulence and antibacterial activity	Molecular Plant Pathology	2024			38476100	A type VI secretion system effector TseG of Pantoea ananatis is involved in virulence and antibacterial activity.	2024			AUTO_CANDIDATE_HIGH	no	Correct	Gui-Feng Gao	2026-08-24	strict_doi_match
Pantoea stewartii subsp. stewartii	66269	bacteria	66269.1	Roper M C. Pantoea stewartii subsp. stewartii: lessons learned from a xylem‐dwelling pathogen of sweet corn[J]. Molecular plant pathology, 2011, 12(7): 628-637.		10.1111/j.1364-3703.2010.00698.x	Pantoea stewartii subsp. stewartii : lessons learned from a xylem‐dwelling pathogen of sweet corn	Molecular Plant Pathology	2011			21726365	Pantoea stewartii subsp. stewartii: lessons learned from a xylem-dwelling pathogen of sweet corn.	2011			AUTO_CANDIDATE_HIGH	no	Correct	Gui-Feng Gao	2026-08-28	strict_doi_match
Pectobacterium carotovorum	554	bacteria	554.1	Hoffmann A, Zenelt W, Krawczyk K. The effect of the method of inoculation of corn plants with bacterial pathogens on the formation and development of disease symptoms[J]. 2024.		10.14199/ppp-2024-003	The effect of the method of inoculation of corn plants with bacterial pathogens on the formation and development of disease symptoms	Progress in Plant Protection	2024								AUTO_CANDIDATE_HIGH	no	Correct	Gui-Feng Gao	2026-08-21	strict_doi_match
Pseudomonas aeruginosa	287	bacteria	287.1	WANG X M, WANG Z Y. Illustrated Handbook of Maize Diseases, Insect Pests and Weeds in China. Beijing: China Agriculture Press, 2018. (in Chinese) 陈斌,韩海亮,侯俊峰,等.玉米细菌性茎腐病研究进展[J].中国植保导刊,2021,41(8):25-29+65.		10.1111/j.1744-7917.1998.tb00328.x	PROSPECTS FOR THE CLASSICAL BIOLOGICAL CONTROL OF MAJOR INSECT PESTS AND WEEDS IN SOUTHERN CHINA	Insect Science	1998								AUTO_CANDIDATE_LOW	yes	Incorrect	Gui-Feng Gao	2026-08-30	title_mismatch overlap=0.29; openalex_no_doi
Pseudomonas aeruginosa	287	bacteria	287.2	姚秀英,代真林,魏兰芳,等.一株新的引起玉米细菌性茎腐病病原细菌的分离鉴定[J].植物病理学报,2021,51(5):822-827. DOI:10.13926/j.cnki.apps.000731.	10.13926/j.cnki.apps.000731	10.13926/j.cnki.apps.000731	一株新的引起玉米细菌性茎腐病病原细菌的分离鉴定										RESOLVED_DOI_INPUT	no	Correct	Gui-Feng Gao	2026-08-28	extracted_doi_kept_title_from_raw
Pseudomonas asplenii	53407	bacteria	53407.1	Duveiller E, Snacken F, Maraite H, et al. First detection of Pseudomonas fuscovaginae on maize and sorghum in Burundi[J]. 1989.		10.1094/pd-73-0514	First Detection of Pseudomonas fuscovaginae on Maize and Sorghum in Burundi	Plant Disease	1989								AUTO_CANDIDATE_HIGH	no	Correct	Gui-Feng Gao	2026-08-23	strict_doi_match
Pseudomonas extremorientalis	169669	bacteria	169669.1	陈斌,韩海亮,侯俊峰,等.玉米细菌性茎腐病研究进展[J].中国植保导刊,2021,41(8):25-29+65.		10.70693/cjmsr.v1i1.554	心血管疾病中内皮细胞调控机制的研究进展	中国医学科学研究	2025								AUTO_CANDIDATE_LOW	yes	Incorrect	Gui-Feng Gao	2026-08-26	title_mismatch overlap=0.00; openalex_no_doi
Pseudomonas extremorientalis	169669	bacteria	169669.2	姚秀英,代真林,魏兰芳,等.一株新的引起玉米细菌性茎腐病病原细菌的分离鉴定[J].植物病理学报,2021,51(5):822-827. DOI:10.13926/j.cnki.apps.000731.	10.13926/j.cnki.apps.000731	10.13926/j.cnki.apps.000731	一株新的引起玉米细菌性茎腐病病原细菌的分离鉴定										RESOLVED_DOI_INPUT	no	Correct	Gui-Feng Gao	2026-08-20	extracted_doi_kept_title_from_raw
Pseudomonas syringae pv. lapsa	199201	bacteria	199201.1	郑雅楠,吕国忠,杨宇,等.玉米细菌性茎腐病鉴别与防治[J].安徽农业科学,2006,(10):2128+2133. DOI:10.13989/j.cnki.0517-6611.2006.10.056﻿.	10.13989/j.cnki.0517-6611.2006.10.056﻿	10.13989/j.cnki.0517-6611.2006.10.056	玉米细菌性茎腐病鉴别与防治										RESOLVED_DOI_INPUT	no	Correct	Gui-Feng Gao	2026-08-28	extracted_doi_kept_title_from_raw
Pseudomonas syringae pv. syringae	321	bacteria	321.1	Ravindran A, Jalan N, Yuan J S, et al. Comparative genomics of Pseudomonas syringae pv. syringae strains B301D and HS 191 and insights into intrapathovar traits associated with plant pathogenesis[J]. Microbiologyopen, 2015, 4(4): 553-573.		10.1002/mbo3.261	Comparative genomics ofPseudomonas syringaepv.syringaestrains B301D andHS191 and insights into intrapathovar traits associated with plant pathogenesis	MicrobiologyOpen	2015			25940918	Comparative genomics of Pseudomonas syringae pv. syringae strains B301D and HS191 and insights into intrapathovar traits associated with plant pathogenesis.	2015			AUTO_CANDIDATE_HIGH	no	Correct	Gui-Feng Gao	2026-08-29	strict_doi_match
Robbsia andropogonis	28092	bacteria	28092.1	Vidaver A K, Carlson R R. Leaf Spot of Field Corn Caused by Pseudimonas andropogonis[J]. 1978.		10.1094/pd-78-1218c	Bacterial Leaf Spot of Statice Caused by Pseudomonas andropogonis	Plant Disease	1994								AUTO_CANDIDATE_HIGH	yes	Incorrect	Gui-Feng Gao	2026-08-29	title_mismatch overlap=0.48; openalex_no_doi
Serratia marcescens	615	bacteria	615.1	Liu H, Zhao C, Wang Y, et al. Isolation and Identification of the Causal Agent of Top Rot and the Genetic Architecture of Resistance in Maize[J]. Plant Disease, 2023, 107(9): 2799-2807.		10.1094/pdis-02-23-0276-re	Isolation and Identification of the Causal Agent of Top Rot and the Genetic Architecture of Resistance in Maize	Plant Disease	2023			37727018	Isolation and Identification of the Causal Agent of Top Rot and the Genetic Architecture of Resistance in Maize.	2023			AUTO_CANDIDATE_HIGH	no	Correct	Gui-Feng Gao	2026-08-24	strict_doi_match
Stenotrophomonas maltophilia	40324	bacteria	40324.1	Heidari M, Aeini M. Stenotrophomonas maltophilia causing maize (Zea mays L.) seedling soft rot disease, an emerging threat to maize crop[J]. Journal of Phytopathology, 2024, 172(2): e13299.		10.1111/jph.13299	Stenotrophomonas maltophilia causing maize (Zea mays L.) seedling soft rot disease, an emerging threat to maize crop	Journal of Phytopathology	2024								AUTO_CANDIDATE_LOW	no	Correct	Gui-Feng Gao	2026-08-24	doi_corrected 10.1111/jph.13365 -> 10.1111/jph.13299; manual_doi_correction; pmid_cleared_doi_changed
Xanthomonas vasicola pv. vasculorum	325776	bacteria	325776.1	Lang J M, DuCharme E, Ibarra Caballero J, et al. Detection and characterization of Xanthomonas vasicola pv. vasculorum (Cobb 1894) comb. nov. causing bacterial leaf streak of corn in the United States[J]. Phytopathology, 2017, 107(11): 1312-1321.		10.1094/phyto-05-17-0168-r	Detection and Characterization ofXanthomonas vasicolapv.vasculorum(Cobb 1894) comb. nov. Causing Bacterial Leaf Streak of Corn in the United States	Phytopathology®	2017			28677478	Detection and Characterization of Xanthomonas vasicola pv. vasculorum (Cobb 1894) comb. nov. Causing Bacterial Leaf Streak of Corn in the United States.	2017			AUTO_CANDIDATE_HIGH	no	Correct	Gui-Feng Gao	2026-08-26	strict_doi_match
Alphanucleorhabdovirus maydis	279896	viruses	279896.1	Redinbaugh M G, Zambrano J L. Control of virus diseases in maize[J]. Advances in virus research, 2014, 90: 391-429.		10.1016/b978-0-12-801246-8.00008-1	Control of Virus Diseases in Maize	Advances in Virus Research	2014			25410107	Control of virus diseases in maize.	2014			AUTO_CANDIDATE_HIGH	no	Correct	Gui-Feng Gao	2026-08-21	strict_doi_match
Alphanucleorhabdovirus zeairanense	348823	viruses	348823.1	Ghorbani A, Izadpanah K, Dietzgen R G. Changes in maize transcriptome in response to maize Iranian mosaic virus infection[J]. Plos one, 2018, 13(4): e0194592.		10.1371/journal.pone.0194592	Changes in maize transcriptome in response to maize Iranian mosaic virus infection	PLOS ONE	2018			29634778	Changes in maize transcriptome in response to maize Iranian mosaic virus infection.	2018			AUTO_CANDIDATE_HIGH	no	Correct	Gui-Feng Gao	2026-08-20	strict_doi_match
American wheat striate mosaic virus	1985707	viruses	1985707.1	Slykhuis J T. Vector and host relations of North American wheat striate mosaic virus[J]. Canadian Journal of Botany, 1963, 41(8): 1171-1185.		10.1139/b63-098	VECTOR AND HOST RELATIONS OF NORTH AMERICAN WHEAT STRIATE MOSAIC VIRUS	Canadian Journal of Botany	1963								AUTO_CANDIDATE_HIGH	no	Correct	Gui-Feng Gao	2026-08-29	strict_doi_match
Aureusvirus zeae	445227	viruses	445227.1	Zhang L, Zitter T A, Lulkin E J. Artificial inoculation of maize white line mosaic virus into corn and wheat[J]. 1991.		10.1094/phyto-81-397	Artificial Inoculation of Maize White Line Mosaic Virus into Corn and Wheat	Phytopathology	1991								AUTO_CANDIDATE_HIGH	no	Correct	Gui-Feng Gao	2026-08-21	strict_doi_match
Betacytorhabdovirus hordei	2545470	viruses	2545470.1	Greber R S. Maize sterile stunt—a delphacid transmitted rhabdovirus disease affecting some maize genotypes in Australia[J]. Australian Journal of Agricultural Research, 1982, 33(1): 13-23.		10.1071/ar9820013	Maize sterile stunt — a delphacid transmitted rhabdovirus disease affecting some maize genotypes in Australia	Australian Journal of Agricultural Research	1982								AUTO_CANDIDATE_HIGH	no	Correct	Gui-Feng Gao	2026-08-20	strict_doi_match
Bromovirus BMV	12302	viruses	12302.1	Aguilera S, Rodríguez-Escobar J G, Romero-González V N, et al. Identification and abundance of six viruses and a spiroplasma in single and mixed infections in maize fields in Veracruz, Mexico[J]. Revista bio ciencias, 2019, 6.		10.2139/ssrn.4752320	Single and Mixed Infections of Six Major Potato Viruses in Four Major Potato-Growing Districts of Eastern Ethiopia		2024								AUTO_CANDIDATE_LOW	yes	Not found	Gui-Feng Gao	2026-08-20	title_mismatch overlap=0.32; openalex_no_doi
Cucumovirus CMV	12305	viruses	12305.1	Kim M K, Kwak H R, Lee S H, et al. Characteristics of Cucumber mosaic virus isolated from Zea mays in Korea[J]. The Plant Pathology Journal, 2011, 27(4): 372-377.		10.5423/ppj.2011.27.4.372	Characteristics of Cucumber mosaic virus isolated from Zea mays in Korea	The Plant Pathology Journal	2011								AUTO_CANDIDATE_HIGH	no	Correct	Gui-Feng Gao	2026-08-28	strict_doi_match
Emaravirus tritici	1980428	viruses	1980428.1	Redinbaugh M G, Zambrano J L. Control of virus diseases in maize[J]. Advances in virus research, 2014, 90: 391-429.		10.1016/b978-0-12-801246-8.00008-1	Control of Virus Diseases in Maize	Advances in Virus Research	2014			25410107	Control of virus diseases in maize.	2014			AUTO_CANDIDATE_HIGH	no	Correct	Gui-Feng Gao	2026-08-27	strict_doi_match
Fijivirus alporyzae	10990	viruses	10990.1	Redinbaugh M G, Zambrano J L. Control of virus diseases in maize[J]. Advances in virus research, 2014, 90: 391-429.		10.1016/b978-0-12-801246-8.00008-1	Control of Virus Diseases in Maize	Advances in Virus Research	2014			25410107	Control of virus diseases in maize.	2014			AUTO_CANDIDATE_HIGH	no	Correct	Gui-Feng Gao	2026-08-21	strict_doi_match
Fijivirus boryzae	519497	viruses	519497.1	Zhou G, Xu D, Xu D, et al. Southern rice black-streaked dwarf virus: a white-backed planthopper-transmitted fijivirus threatening rice production in Asia[J]. Frontiers in microbiology, 2013, 4: 270.		10.3389/fmicb.2013.00270	Southern rice black-streaked dwarf virus: a white-backed planthopper-transmitted fijivirus threatening rice production in Asia	Frontiers in Microbiology	2013			24058362	Southern rice black-streaked dwarf virus: a white-backed planthopper-transmitted fijivirus threatening rice production in Asia.	2013			AUTO_CANDIDATE_HIGH	no	Correct	Gui-Feng Gao	2026-08-21	strict_doi_match
Fijivirus cuartoense	185954	viruses	185954.1	Redinbaugh M G, Zambrano J L. Control of virus diseases in maize[J]. Advances in virus research, 2014, 90: 391-429.		10.1016/b978-0-12-801246-8.00008-1	Control of Virus Diseases in Maize	Advances in Virus Research	2014			25410107	Control of virus diseases in maize.	2014			AUTO_CANDIDATE_HIGH	no	Correct	Gui-Feng Gao	2026-08-21	strict_doi_match
Fijivirus zeae	10989	viruses	10989.1	Redinbaugh M G, Zambrano J L. Control of virus diseases in maize[J]. Advances in virus research, 2014, 90: 391-429.		10.1016/b978-0-12-801246-8.00008-1	Control of Virus Diseases in Maize	Advances in Virus Research	2014			25410107	Control of virus diseases in maize.	2014			AUTO_CANDIDATE_HIGH	no	Correct	Gui-Feng Gao	2026-08-23	strict_doi_match
Gammanucleorhabdovirus cerealis	2964312	viruses	2964312.1	Greber R S. Cereal chlorotic mottle virus—a rhabdovirus of Gramineae in Australia transmitted by Nesoclutha pallida (Evans)[J]. Australian Journal of Agricultural Research, 1979, 30(3): 433-443.		10.1071/ar9790433	Cereal chlorotic mottle virus — a rhabdovirus of Gramineae in Australia transmitted by Nesoclutha pallida (Evans)	Australian Journal of Agricultural Research	1979								AUTO_CANDIDATE_HIGH	no	Correct	Gui-Feng Gao	2026-08-28	strict_doi_match
Gammanucleorhabdovirus maydis	209854	viruses	209854.1	Redinbaugh M G, Seifers D L, Meulia T, et al. Maize fine streak virus, a new leafhopper-transmitted rhabdovirus[J]. Phytopathology, 2002, 92(11): 1167-1174.		10.1094/phyto.2002.92.11.1167	Maize fine streak virus, a New Leafhopper-Transmitted Rhabdovirus	Phytopathology®	2002			18944241	Maize fine streak virus, a New Leafhopper-Transmitted Rhabdovirus.	2002			AUTO_CANDIDATE_HIGH	no	Correct	Gui-Feng Gao	2026-08-26	strict_doi_match
Hordeivirus hordei	12327	viruses	12327.1	Pring D R. Barley stripe mosaic virus infection of corn and the" aberrant ratio" genetic effect[J]. 1974.		10.1094/phyto-64-64	Barley Stripe Mosaic Virus Infection of Corn and the 'Aberrant Ratio' Genetic Effect	Phytopathology	1974								AUTO_CANDIDATE_HIGH	no	Correct	Gui-Feng Gao	2026-08-21	strict_doi_match
Luteovirus mavhordei	2169984	viruses	2169984.1	Bisnieks, M., Kvarnheden, A., Turka, I., & Sigvald, R. (2006). Occurrence of barley yellow dwarf virus and cereal yellow dwarf virus in pasture grasses and spring cereals in Latvia.		10.1080/09064710500297658	Occurrence of barley yellow dwarf virus and cereal yellow dwarf virus in pasture grasses and spring cereals in Latvia	Acta Agriculturae Scandinavica, Section B - Plant Soil Science	2006								AUTO_CANDIDATE_HIGH	no	Correct	Gui-Feng Gao	2026-08-23	strict_doi_match
Luteovirus mavhordei	2169984	viruses	2169984.2	Acta Agriculturae Scandinavica, Section B — Soil & Plant Science, 56(3), 171–178. https://doi.org/10.1080/09064710500297658	10.1080/09064710500297658	10.1080/09064710500297658	Occurrence of barley yellow dwarf virus and cereal yellow dwarf virus in pasture grasses and spring cereals in Latvia	Acta Agriculturae Scandinavica, Section B - Plant Soil Science	2006				About the quality of YouTube™ videos' on bladder pain syndrome in: "YouTube™ as a source of information on bladder pain syndrome: A contemporary analysis" by Morra et al., Neurourology and Urodynamics 2022;237-245. https//doi:10.1002/nau.24802.	2022	0.061		RESOLVED_DOI_INPUT	no	Correct	Gui-Feng Gao	2026-08-23	extracted_doi_kept_title_from_raw
Machlomovirus zeae	12138	viruses	12138.1	Jones RAC. (2022). Global Plant Virus Disease Pandemics. Plants		10.3390/plants10020233	Global Plant Virus Disease Pandemics and Epidemics	Plants	2021			33504044	Global Plant Virus Disease Pandemics and Epidemics.	2021			AUTO_CANDIDATE_HIGH	no	Correct	Gui-Feng Gao	2026-08-26	title_mismatch overlap=0.62; openalex_no_doi; raw_title_abbreviated
Maize yellow stripe virus	328622	viruses	328622.1	Mahmoud A, Royer M, Granier M, et al. Evidence for a segmented genome and partial nucleotide sequences of maize yellow stripe virus, a proposed new tenuivirus[J]. Archives of virology, 2007, 152(9): 1757-1762.		10.1007/s00705-007-0980-7	Evidence for a segmented genome and partial nucleotide sequences of maize yellow stripe virus, a proposed new tenuivirus	Archives of Virology	2007								AUTO_CANDIDATE_HIGH	no	Correct	Gui-Feng Gao	2026-08-26	strict_doi_match
Marafivirus maydis	59749	viruses	59749.1	Redinbaugh M G, Zambrano J L. Control of virus diseases in maize[J]. Advances in virus research, 2014, 90: 391-429.		10.1016/b978-0-12-801246-8.00008-1	Control of Virus Diseases in Maize	Advances in Virus Research	2014			25410107	Control of virus diseases in maize.	2014			AUTO_CANDIDATE_HIGH	no	Correct	Gui-Feng Gao	2026-08-20	strict_doi_match
Mastrevirus bourbonense	1182518	viruses	1182518.1	Oyeniran K A, Hartnady P, Claverie S, et al. How virulent are emerging maize-infecting mastreviruses?[J]. Archives of virology, 2021, 166(3): 955-959.		10.1007/s00705-020-04906-x	How virulent are emerging maize-infecting mastreviruses?	Archives of Virology	2021			33502595	How virulent are emerging maize-infecting mastreviruses?	2021			AUTO_CANDIDATE_HIGH	no	Correct	Gui-Feng Gao	2026-08-27	strict_doi_match
Mastrevirus fulleri	2557970	viruses	2557970.1	Guadie D, Tesfaye K, Knierim D, et al. Molecular analysis of maize (Zea mays L.)-infecting mastreviruses in Ethiopia reveals marked diversity of virus genomes and a novel species[J]. Virus genes, 2019, 55(3): 339-345.		10.1007/s11262-019-01655-1	Molecular analysis of maize (Zea mays L.)-infecting mastreviruses in Ethiopia reveals marked diversity of virus genomes and a novel species	Virus Genes	2019			30875007	Molecular analysis of maize (Zea mays L.)-infecting mastreviruses in Ethiopia reveals marked diversity of virus genomes and a novel species.	2019			AUTO_CANDIDATE_HIGH	no	Correct	Gui-Feng Gao	2026-08-27	strict_doi_match
Mastrevirus storeyi	10821	viruses	10821.1	Santa Cruz F C, Domalanta J C, Minguez L T, et al. First report of maize streak virus affecting maize in the Philippines[J]. New Disease Reports, 2024, 50(1).		10.1002/ndr2.12302	First report of maize streak virus affecting maize in the Philippines	New Disease Reports	2024								AUTO_CANDIDATE_HIGH	no	Correct	Gui-Feng Gao	2026-08-24	strict_doi_match
Polerovirus MAYMV	1856642	viruses	1856642.1	Stewart L R, Willie K. Maize yellow mosaic virus interacts with maize chlorotic mottle virus and sugarcane mosaic virus in mixed infections, but does not cause maize lethal necrosis[J]. Plant disease, 2021, 105(10): 3008-3014.		10.1094/pdis-09-20-2088-re	Maize Yellow Mosaic Virus Interacts with Maize Chlorotic Mottle Virus and Sugarcane Mosaic Virus in Mixed Infections, But Does Not Cause Maize Lethal Necrosis	Plant Disease	2021			33736468	Maize Yellow Mosaic Virus Interacts with Maize Chlorotic Mottle Virus and Sugarcane Mosaic Virus in Mixed Infections, But Does Not Cause Maize Lethal Necrosis.	2021			AUTO_CANDIDATE_HIGH	no	Correct	Gui-Feng Gao	2026-08-30	strict_doi_match
Polerovirus MYDVRMV	2170101	viruses	2170101.1	Krueger E N, Beckett R J, Gray S M, et al. The complete nucleotide sequence of the genome of Barley yellow dwarf virus-RMV reveals it to be a new Polerovirus distantly related to other yellow dwarf viruses[J]. Frontiers in Microbiology, 2013, 4: 205.		10.3389/fmicb.2013.00205	The complete nucleotide sequence of the genome of Barley yellow dwarf virus-RMV reveals it to be a new Polerovirus distantly related to other yellow dwarf viruses	Frontiers in Microbiology	2013			23888156	The complete nucleotide sequence of the genome of Barley yellow dwarf virus-RMV reveals it to be a new Polerovirus distantly related to other yellow dwarf viruses.	2013			AUTO_CANDIDATE_HIGH	no	Correct	Gui-Feng Gao	2026-08-26	strict_doi_match
Potyvirus halapensis	31742	viruses	31742.1	Stewart L R, Willie K, Wijeratne S, et al. Johnsongrass mosaic virus contributes to maize lethal necrosis in East Africa[J]. Plant disease, 2017, 101(8): 1455-1462.		10.1094/pdis-01-17-0136-re	Johnsongrass mosaic virus Contributes to Maize Lethal Necrosis in East Africa	Plant Disease	2017			30678589	Johnsongrass mosaic virus Contributes to Maize Lethal Necrosis in East Africa.	2017			AUTO_CANDIDATE_HIGH	no	Correct	Gui-Feng Gao	2026-08-24	strict_doi_match
Potyvirus pennisseti	221262	viruses	221262.1	Fan Z F, Wang W J, Jiang X, et al. Natural infection of maize byPennisetum mosaic virusin China[J]. Plant pathology, 2004, 53(6).		10.1111/j.1365-3059.2004.01074.x	Natural infection of maize by Pennisetum mosaic virus in China	Plant Pathology	2004								AUTO_CANDIDATE_LOW	no	Correct	Gui-Feng Gao	2026-08-22	strict_doi_match
Potyvirus sacchari	12224	viruses	12224.1	Jones RAC. (2021). Global Plant Virus Disease Pandemics. Plants		10.3390/plants10020233	Global Plant Virus Disease Pandemics and Epidemics	Plants	2021			33504044	Global Plant Virus Disease Pandemics and Epidemics.	2021			AUTO_CANDIDATE_HIGH	no	Correct	Gui-Feng Gao	2026-08-20	title_mismatch overlap=0.62; openalex_no_doi; raw_title_abbreviated
Potyvirus sorghitessellati	32619	viruses	32619.1	Kannan M, Ismail I, Bunawan H. Maize dwarf mosaic virus: from genome to disease management[J]. Viruses, 2018, 10(9): 492.		10.3390/v10090492	Maize Dwarf Mosaic Virus: From Genome to Disease Management	Viruses	2018			30217014	Maize Dwarf Mosaic Virus: From Genome to Disease Management.	2018			AUTO_CANDIDATE_HIGH	no	Correct	Gui-Feng Gao	2026-08-23	strict_doi_match
Potyvirus zeananus	12203	viruses	12203.1	Jones RAC. (2021). Global Plant Virus Disease Pandemics. Plants		10.3390/plants10020233	Global Plant Virus Disease Pandemics and Epidemics	Plants	2021			33504044	Global Plant Virus Disease Pandemics and Epidemics.	2021			AUTO_CANDIDATE_HIGH	no	Correct	Gui-Feng Gao	2026-08-21	title_mismatch overlap=0.62; openalex_no_doi; raw_title_abbreviated
Potyvirus zeatessellati	115232	viruses	115232.1	Seifers D L, Salomon R, Marie-Jeanne V, et al. Characterization of a novel potyvirus isolated from maize in Israel[J]. Phytopathology, 2000, 90(5): 505-513.		10.1094/phyto.2000.90.5.505	Characterization of a Novel Potyvirus Isolated from Maize in Israel	Phytopathology®	2000			18944557	Characterization of a novel potyvirus isolated from maize in Israel.	2000			AUTO_CANDIDATE_HIGH	no	Correct	Gui-Feng Gao	2026-08-25	strict_doi_match
Tenuivirus oryzaclavatae	3052763	viruses	3052763.1	MUNKVOLD G P, WHITE D G. Compendium of Corn Diseases. 4th ed. Saint Paul: The American Phytopathological Society Press, 2016.		10.1094/9780890544945	Compendium of Corn Diseases, Fourth Edition	APS Press	2016								AUTO_CANDIDATE_HIGH	no	Correct	Gui-Feng Gao	2026-08-30	title_mismatch overlap=0.32; openalex_no_doi; book_title_verified
Tenuivirus zeae	3052767	viruses	3052767.1	Redinbaugh M G, Zambrano J L. Control of virus diseases in maize[J]. Advances in virus research, 2014, 90: 391-429.		10.1016/b978-0-12-801246-8.00008-1	Control of Virus Diseases in Maize	Advances in Virus Research	2014			25410107	Control of virus diseases in maize.	2014			AUTO_CANDIDATE_HIGH	no	Correct	Gui-Feng Gao	2026-08-24	strict_doi_match
Totivirus jyukyu	1756285	viruses	1756285.1	Read D A, Featherston J, Rees D J G, et al. Diversity and distribution of Maize-associated totivirus strains from Tanzania[J]. Virus Genes, 2019, 55(3): 429-432.		10.1007/s11262-019-01650-6	Diversity and distribution of Maize-associated totivirus strains from Tanzania	Virus Genes	2019			30790190	Diversity and distribution of Maize-associated totivirus strains from Tanzania.	2019			AUTO_CANDIDATE_HIGH	no	Correct	Gui-Feng Gao	2026-08-28	strict_doi_match
Tritimovirus tritici	31741	viruses	31741.1	Satyanarayana T, Roy F. The C-terminus of Wheat streak mosaic virus Coat Protein Is Involved in Differential Infection of Wheat and Maize through Host-Specific Long-Distance Transport[J]. 2014.		10.1094/mpmi-09-13-0272-r	The C-terminus of Wheat streak mosaic virus Coat Protein Is Involved in Differential Infection of Wheat and Maize through Host-Specific Long-Distance Transport	Molecular Plant-Microbe Interactions®	2014			24111920	The C-terminus of Wheat streak mosaic virus coat protein is involved in differential infection of wheat and maize through host-specific long-distance transport.	2014			AUTO_CANDIDATE_HIGH	no	Correct	Gui-Feng Gao	2026-08-30	strict_doi_match
Waikavirus zeae	51354	viruses	51354.1	Redinbaugh M G, Zambrano J L. Control of virus diseases in maize[J]. Advances in virus research, 2014, 90: 391-429.		10.1016/b978-0-12-801246-8.00008-1	Control of Virus Diseases in Maize	Advances in Virus Research	2014			25410107	Control of virus diseases in maize.	2014			AUTO_CANDIDATE_HIGH	no	Correct	Gui-Feng Gao	2026-08-22	strict_doi_match
Zeavirus zeae	137556	viruses	137556.1	Louie R, Redinbaugh M G, Gordon D T, et al. Maize necrotic streak virus, a new maize virus with similarity to species of the family Tombusviridae[J]. Plant disease, 2000, 84(10): 1133-1139.		10.1094/pdis.2000.84.10.1133	Maize necrotic streak virus, a New Maize Virus with Similarity to Species of the Family Tombusviridae	Plant Disease	2000			30831907	Maize necrotic streak virus, a New Maize Virus with Similarity to Species of the Family Tombusviridae.	2000			AUTO_CANDIDATE_HIGH	no	Correct	Gui-Feng Gao	2026-08-21	strict_doi_match
Agroathelia rolfsii (Sclerotium rolfsii, Athelia rolfsii)	39291	fungi	39291.1	Ahmad Y, Mirza M S, Aslam M. Collar rot of maize caused by Sclerotium rolfsii in Pakistan[J]. Pakistan Journal of Agricultural Research (Pakistan), 1988, 9(4).		10.56739/jor.v40ispecialissue.145438	Evaluation of soybean genotypes against collar rot disease caused by Sclerotium rolfsii Sacc.	Journal of Oilseeds Research	2023								AUTO_CANDIDATE_LOW	yes	Incorrect	Gui-Feng Gao	2026-08-30	title_mismatch overlap=0.39; openalex_no_doi
Alternaria alternata	5599	fungi	5599.1	Xu X, Zhang L, Yang X, et al. Alternaria spp. associated with leaf blight of maize in Heilongjiang Province, China[J]. Plant Disease, 2022, 106(2): 572-584.		10.1094/pdis-06-21-1151-re	Alternaria spp. Associated with Leaf Blight of Maize in Heilongjiang Province, China	Plant Disease	2022			36354937	Fusarium Species Associated with Maize Leaf Blight in Heilongjiang Province, China.	2022			AUTO_CANDIDATE_HIGH	no	Correct	Gui-Feng Gao	2026-08-27	strict_doi_match
Alternaria burnsii	1187904	fungi	1187904.1	Xu X, Zhang L, Yang X, et al. Alternaria spp. associated with leaf blight of maize in Heilongjiang Province, China[J]. Plant Disease, 2022, 106(2): 572-584.		10.1094/pdis-06-21-1151-re	Alternaria spp. Associated with Leaf Blight of Maize in Heilongjiang Province, China	Plant Disease	2022			34472972	Alternaria spp. Associated with Leaf Blight of Maize in Heilongjiang Province, China.	2022			AUTO_CANDIDATE_HIGH	no	Correct	Gui-Feng Gao	2026-08-29	strict_doi_match
Alternaria tenuissima	119927	fungi	119927.1	Xu X, Zhang L, Yang X, et al. Alternaria spp. associated with leaf blight of maize in Heilongjiang Province, China[J]. Plant Disease, 2022, 106(2): 572-584.		10.1094/pdis-06-21-1151-re	Alternaria spp. Associated with Leaf Blight of Maize in Heilongjiang Province, China	Plant Disease	2022			34472972	Alternaria spp. Associated with Leaf Blight of Maize in Heilongjiang Province, China.	2022			AUTO_CANDIDATE_HIGH	no	Correct	Gui-Feng Gao	2026-08-30	strict_doi_match
Ascochyta maydis	NOT_VERIFIED	fungi	NOT_VERIFIED.1	Stout G L. New fungi found on the Indian corn plant in Illinois[J]. Mycologia, 1930, 22(6): 271-287. | NCBI Taxonomy 未收录 Ascochyta maydis；与 Didymella maydis 非同一物种，TaxID 不可混用		10.1080/00275514.1930.12017012	New Fungi Found on the Indian Corn Plant in Illinois	Mycologia	1930								AUTO_CANDIDATE_HIGH	no	Correct	Gui-Feng Gao	2026-08-28	strict_doi_match
Ascochyta zeae	NOT_VERIFIED	fungi	NOT_VERIFIED.1	Subedi S. A review on important maize diseases and their management in Nepal[J]. Journal of Maize Research and Development, 2015, 1(1): 28-52. | NCBI Taxonomy 未收录 Ascochyta zeae		10.3126/jmrd.v1i1.14242	A review on important maize diseases and their management in Nepal	Journal of Maize Research and Development	2015								AUTO_CANDIDATE_HIGH	no	Correct	Gui-Feng Gao	2026-08-25	strict_doi_match
Aspergillus flavus	5059	fungi	5059.1	Klich M A. Aspergillus flavus: the major producer of aflatoxin[J]. Molecular plant pathology, 2007, 8(6): 713-722.		10.1111/j.1364-3703.2007.00436.x	Aspergillus flavus : the major producer of aflatoxin	Molecular Plant Pathology	2007			20507532	Aspergillus flavus: the major producer of aflatoxin.	2007			AUTO_CANDIDATE_HIGH	no	Correct	Gui-Feng Gao	2026-08-25	strict_doi_match
Aspergillus glaucus	41413	fungi	41413.1	Nnebechukwu I A, Rwang N Y, Ikechi-Nwogu C G, et al. A COMPARATIVE ANALYSIS OF THE ANTIFUNGAL EFFECTS OF YEAST AND BACILLUS SUBTILIS IN THE CONTROL OF BLUE EYE MOLD DISEASE OF MAIZE AND RICE[J]. FUDMA JOURNAL OF SCIENCES, 2024, 8(6): 581-586.		10.33003/fjs-2024-0806-3130	A COMPARATIVE ANALYSIS OF THE ANTIFUNGAL EFFECTS OF YEAST AND BACILLUS SUBTILIS IN THE CONTROL OF BLUE EYE MOLD DISEASE OF MAIZE AND RICE	FUDMA JOURNAL OF SCIENCES	2024								AUTO_CANDIDATE_HIGH	no	Correct	Gui-Feng Gao	2026-08-27	strict_doi_match
Aspergillus niger	5061	fungi	5061.1	Goher F, Khan F S, Saeed S, et al. First report of Aspergillus niger causing preharvest ear rot infection of maize in Pakistan[J]. Plant Disease, 2021, 105(1): 228.		10.1094/pdis-05-20-1105-pdn	First Report of Aspergillus niger Causing Preharvest Ear Rot Infection of Maize in Pakistan	Plant Disease	2021								AUTO_CANDIDATE_HIGH	no	Correct	Gui-Feng Gao	2026-08-24	strict_doi_match
Aspergillus parasiticus	5067	fungi	5067.1	Sivakaame G, Anand T, Paranidharan V, et al. Exploring Bacterial Endophytes as Potential Biocontrol Agents Against Aspergillus parasiticus Colonisation and Aflatoxin Contamination in Maize[J]. Journal of Phytopathology, 2025, 173(4): e70119.		10.1111/jph.70119	Exploring Bacterial Endophytes as Potential Biocontrol Agents Against Aspergillus parasiticus Colonisation and Aflatoxin Contamination in Maize	Journal of Phytopathology	2025								AUTO_CANDIDATE_HIGH	no	Correct	Gui-Feng Gao	2026-08-27	doi_corrected 10.1111/jph.70119/v1/review1 -> 10.1111/jph.70119; removed_review_suffix; pmid_cleared_doi_changed
Aspergillus tamarii	41984	fungi	41984.1	Okoth S, Nyongesa B, Ayugi V, et al. Toxigenic potential of Aspergillus species occurring on maize kernels from two agro-ecological zones in Kenya[J]. Toxins, 2012, 4(11): 991-1007.		10.3390/toxins4110991	Toxigenic Potential of Aspergillus Species Occurring on Maize Kernels from Two Agro-Ecological Zones in Kenya	Toxins	2012			23202303	Toxigenic potential of Aspergillus species occurring on maize kernels from two agro-ecological zones in Kenya.	2012			AUTO_CANDIDATE_HIGH	no	Correct	Gui-Feng Gao	2026-08-21	strict_doi_match
Bipolaris maydis (Cochliobolus heterostrophus)	5016	fungi	5016.1	Bruns H A. Southern corn leaf blight: a story worth retelling[J]. Agronomy Journal, 2017, 109(4): 1218-1224.		10.2134/csa2017.62.0806	Southern Corn Leaf Blight: A Story Worth Retelling	CSA News	2017								AUTO_CANDIDATE_HIGH	no	Correct	Gui-Feng Gao	2026-08-29	strict_doi_match
Bipolaris sorokiniana (Cochliobolus sativus)	45130	fungi	45130.1	郭宁,倪璇,石洁,等.玉米麦根腐平脐蠕孢叶斑病的发生与病原鉴定[J].植物病理学报,2017,47(1):1-8. DOI:10.13926/j.cnki.apps.000049.	10.13926/j.cnki.apps.000049	10.13926/j.cnki.apps.000049	玉米麦根腐平脐蠕孢叶斑病的发生与病原鉴定										RESOLVED_DOI_INPUT	no	Correct	Gui-Feng Gao	2026-08-25	extracted_doi_kept_title_from_raw
Bipolaris zeicola (Cochliobolus carbonum)	5017	fungi	5017.1	Tonukari N J, Scott-Craig J S, Waltonb J D. The Cochliobolus carbonum SNF1 gene is required for cell wall–degrading enzyme expression and virulence on maize[J]. The Plant Cell, 2000, 12(2): 237-247.		10.2307/3870925	The Cochliobolus Carbonum SNF1 Gene Is Required for Cell Wall-Degrading Enzyme Expression and Virulence on Maize	The Plant Cell	2000								AUTO_CANDIDATE_HIGH	no	Correct	Gui-Feng Gao	2026-08-23	strict_doi_match
Botryosphaeria zeae	NOT_VERIFIED	fungi	NOT_VERIFIED.1	Bezuidenhout, Henrietta and Marasas W F O. Botryosphaeria zeae: the cause of grey ear rot of maize (Zea mays) in South Africa[J]. Phytophylactica, 1978, 10(1): 21-24. | NCBI Taxonomy 未收录 Botryosphaeria zeae		10.1007/s10343-007-0139-1	Fusarium – Problematik bei Körnermais (Zea Mays L.)	Gesunde Pflanzen	2007								AUTO_CANDIDATE_LOW	yes	Incorrect	Gui-Feng Gao	2026-08-23	title_mismatch overlap=0.10; openalex_no_doi
Botrytis cinerea	40559	fungi	40559.1	Liang Y, Bi K, Sharon A. The Botrytis cinerea transglycosylase BcCrh4 is a cell death‐inducing protein with cell death‐promoting and‐suppressing domains[J]. Plant, cell & environment, 2024, 47(1): 354-371.		10.1111/pce.14740	The Botrytis cinerea transglycosylase BcCrh4 is a cell death‐inducing protein with cell death‐promoting and ‐suppressing domains	Plant, Cell & Environment	2023			37846876	The Botrytis cinerea transglycosylase BcCrh4 is a cell death-inducing protein with cell death-promoting and -suppressing domains.	2024			AUTO_CANDIDATE_HIGH	no	Correct	Gui-Feng Gao	2026-08-21	strict_doi_match
Ceratobasidium cereale (Rhizoctonia cerealis)	76351	fungi	76351.1	Tomaso-Peterson M, Trevathan L E. Characterization of Rhizoctonia-like fungi isolated from agronomic crops and turfgrasses in Mississippi[J]. Plant disease, 2007, 91(3): 260-265.		10.1094/pdis-91-3-0260	Characterization of Rhizoctonia-Like Fungi Isolated from Agronomic Crops and Turfgrasses in Mississippi	Plant Disease	2007			30780558	Characterization of Rhizoctonia-Like Fungi Isolated from Agronomic Crops and Turfgrasses in Mississippi.	2007			AUTO_CANDIDATE_HIGH	no	Correct	Gui-Feng Gao	2026-08-21	strict_doi_match
Ceratocystis paradoxa/Thielaviopsis paradoxa	13001	fungi	13001.1	Kumari M, Kamat S, Dixit R, et al. Microbial formulation approaches in postharvest disease management[M]//Food security and plant disease management. Woodhead Publishing, 2021: 279-305.		10.1016/b978-0-12-821843-3.00007-6	Microbial formulation approaches in postharvest disease management	Food Security and Plant Disease Management	2021								AUTO_CANDIDATE_HIGH	no	Correct	Gui-Feng Gao	2026-08-29	strict_doi_match
Cercospora sorghi var. maydis	161743	fungi	161743.1	Crous P W, Groenewald J Z, Groenewald M, et al. Species of Cercospora associated with grey leaf spot of maize[J]. Studies in Mycology, 2006, 55(1): 189-197.		10.3114/sim.55.1.189	Species of Cercospora associated with grey leaf spot of maize	Studies in Mycology	2006			18490979	Species of Cercospora associated with grey leaf spot of maize.	2006			AUTO_CANDIDATE_HIGH	no	Correct	Gui-Feng Gao	2026-08-20	strict_doi_match
Cercospora zeae-maydis	135779	fungi	135779.1	Ward J M J, Stromberg E L, Nowell D C, et al. Gray leaf spot: a disease of global importance in maize production[J]. Plant disease, 1999, 83(10): 884-895.		10.1094/pdis.1999.83.10.884	Gray leaf Spot: A Disease of Global Importance in Maize Production	Plant Disease	1999			30841068	Gray leaf Spot: A Disease of Global Importance in Maize Production.	1999			AUTO_CANDIDATE_HIGH	no	Correct	Gui-Feng Gao	2026-08-21	strict_doi_match
Cercospora zeina	348901	fungi	348901.1	Liu K J, Xu X D. First report of gray leaf spot of maize caused by Cercospora zeina in China[J]. Plant Disease, 2013, 97(12): 1656-1656.		10.1094/pdis-03-13-0280-pdn	First Report of Gray Leaf Spot of Maize Caused by Cercospora zeina in China	Plant Disease	2013			30716816	First Report of Gray Leaf Spot of Maize Caused by Cercospora zeina in China.	2013			AUTO_CANDIDATE_HIGH	no	Correct	Gui-Feng Gao	2026-08-26	strict_doi_match
Cladosporium cladosporioides	29917	fungi	29917.1	Price J L, Visagie C M, Meyer H, et al. Fungal species and mycotoxins associated with maize ear rots collected from the eastern Cape in South Africa. Toxins (Basel). 2024; 16 (2): 95[EB/OL].		10.3390/toxins16020095	Fungal Species and Mycotoxins Associated with Maize Ear Rots Collected from the Eastern Cape in South Africa	Toxins	2024			38393173	Fungal Species and Mycotoxins Associated with Maize Ear Rots Collected from the Eastern Cape in South Africa.	2024			AUTO_CANDIDATE_HIGH	no	Correct	Gui-Feng Gao	2026-08-30	strict_doi_match
Cladosporium cladosporioides	29917	fungi	29917.2	杜娟,郭洁蓓,胡佳,等.枝孢菌引致的玉米叶枯病研究[J].玉米科学,2025,33(6):115-121. DOI:10.13597/j.cnki.maize.science.20250616.	10.13597/j.cnki.maize.science.20250616	10.13597/j.cnki.maize.science.20250616	枝孢菌引致的玉米叶枯病研究										RESOLVED_DOI_INPUT	no	Correct	Gui-Feng Gao	2026-08-30	extracted_doi_kept_title_from_raw
Cladosporium herbarum	29918	fungi	29918.1	Crop Protection Network (2019). Cladosporium Ear Rot of Corn.		10.31274/cc-20240624-394	Comparing Characterization Methods of Fusarium Ear Rot Resistance in Corn		2019								AUTO_CANDIDATE_LOW	yes	Incorrect	Gui-Feng Gao	2026-08-29	title_mismatch overlap=0.42; openalex_no_doi
Claviceps gigantea	89175	fungi	89175.1	Fuentes S F, De La Isla D L I, Maria De L M D L, et al. Claviceps gigantea, a new pathogen of Maize in Mexico[J]. 1964.		10.1021/acs.jafc.7b04272.s001	Ergot Alkaloid Biosynthesis in the Maize (Zea mays) Ergot Fungus Claviceps gigantea										AUTO_CANDIDATE_LOW	yes	Incorrect	Gui-Feng Gao	2026-08-24	title_mismatch overlap=0.23; openalex_no_doi
Colletotrichum graminicola /Glomerella graminicola	31870	fungi	31870.1	Sukno S A, García V M, Shaw B D, et al. Root infection and systemic colonization of maize by Colletotrichum graminicola[J]. Applied and environmental microbiology, 2008, 74(3): 823-832.		10.1128/aem.01165-07	Root Infection and Systemic Colonization of Maize by Colletotrichum graminicola	Applied and Environmental Microbiology	2008			18065625	Root infection and systemic colonization of maize by Colletotrichum graminicola.	2008			AUTO_CANDIDATE_HIGH	no	Correct	Gui-Feng Gao	2026-08-30	strict_doi_match
Curvularia aeria / Curvularia lunata var. aeria	1203437	fungi	1203437.1	Garhwal P D, Sharma S S, Dahima V, et al. Physiopathological studies, characterization and yield loss assessment of Curvularia leaf spot of maize (Zea mays)[J]. 2022.		10.56093/ijas.v92i9.123910	Physiopathological studies, characterization and yield loss assessment of Curvularia leaf spot of maize (Zea mays)	The Indian Journal of Agricultural Sciences	2022								AUTO_CANDIDATE_HIGH	no	Correct	Gui-Feng Gao	2026-08-29	strict_doi_match
Curvularia australiensis	91365	fungi	91365.1	Chang J Y, Zhang H J, Shi J, et al. First report of Curvularia australiensis causing leaf spot on maize (Zea mays) in China[J]. Plant Disease, 2016, 100(8): 1780-1780.		10.1094/pdis-09-15-1096-pdn	First Report of Curvularia australiensis Causing Leaf Spot on Maize (Zea mays) in China	Plant Disease	2016								AUTO_CANDIDATE_HIGH	no	Correct	Gui-Feng Gao	2026-08-23	strict_doi_match
Curvularia clavata	95742	fungi	95742.1	Mandokhot A M, Basu Chaudhary K C. A new leaf spot of maize incited by Curvularia clavata[J]. Netherlands Journal of Plant Pathology, 1972, 78(2): 65-68.		10.1007/bf02077558	A new leaf spot of maize incited by Curvularia clavata	Netherlands Journal of Plant Pathology	1972								AUTO_CANDIDATE_LOW	no	Correct	Gui-Feng Gao	2026-08-30	doi_corrected 10.1079/cabicompendium.17047 -> 10.1007/bf02077558; manual_doi_correction; pmid_cleared_doi_changed
Curvularia eragrostidis	418125	fungi	418125.1	KULKARNI S, WALI M C, HARLAPUR S I, et al. Etiology, prevalence and management of curvularia leaf spot of maize in Karnataka[J]. 2016.		10.12692/ijb/7.6.111-117	Study on etiology, incidence and severity of Southern corn leaf blight, curvularia leaf spot, sheath blight and damping off of maize	International Journal of Biosciences (IJB)	2015								AUTO_CANDIDATE_LOW	yes	Incorrect	Gui-Feng Gao	2026-08-25	title_mismatch overlap=0.36; openalex_no_doi
Curvularia geniculata(Cochliobolus geniculatus)	418126	fungi	418126.1	Manzar N, Kashyap A S, Sharma P K, et al. First report of leaf spot of maize caused by Curvularia geniculata in India[J]. Plant Disease, 2021, 105(12): 4155.		10.1094/pdis-03-21-0637-pdn	First Report of Leaf Spot of Maize Caused by Curvularia geniculata in India	Plant Disease	2021								AUTO_CANDIDATE_HIGH	no	Correct	Gui-Feng Gao	2026-08-20	strict_doi_match
Curvularia inaequalis / Helminthosporium inaequale	38902	fungi	38902.1	Zhang D, Wang F, Zhao J, et al. Virulence, molecular diversity, and mating type of Curvularia lunata in China[J]. Plant disease, 2019, 103(7): 1728-1737.		10.1094/pdis-10-18-1857-re	Virulence, Molecular Diversity, and Mating Type of Curvularia lunata in China	Plant Disease	2019			31107642	Virulence, Molecular Diversity, and Mating Type of Curvularia lunata in China.	2019			AUTO_CANDIDATE_HIGH	no	Correct	Gui-Feng Gao	2026-08-25	strict_doi_match
Curvularia intermedia / Cochliobolus intermedius	95735	fungi	95735.1	Zhang D, Wang F, Zhao J, et al. Virulence, molecular diversity, and mating type of Curvularia lunata in China[J]. Plant disease, 2019, 103(7): 1728-1737.		10.1094/pdis-10-18-1857-re	Virulence, Molecular Diversity, and Mating Type of Curvularia lunata in China	Plant Disease	2019			31107642	Virulence, Molecular Diversity, and Mating Type of Curvularia lunata in China.	2019			AUTO_CANDIDATE_HIGH	no	Correct	Gui-Feng Gao	2026-08-21	strict_doi_match
Curvularia lunata (Cochliobolus lunatus)	5503	fungi	5503.1	Gao S, Li Y, Gao J, et al. Genome sequence and virulence variation-related transcriptome profiles of Curvularia lunata, an important maize pathogenic fungus[J]. BMC genomics, 2014, 15(1): 627.		10.1186/1471-2164-15-627	Genome sequence and virulence variation-related transcriptome profiles of Curvularia lunata, an important maize pathogenic fungus	BMC Genomics	2014			25056288	Genome sequence and virulence variation-related transcriptome profiles of Curvularia lunata, an important maize pathogenic fungus.	2014			AUTO_CANDIDATE_HIGH	no	Correct	Gui-Feng Gao	2026-08-23	strict_doi_match
Curvularia pallescens	318706	fungi	318706.1	Manzar N, Kashyap A S, Sharma P K, et al. First report of leaf spot on maize caused by Curvularia verruculosa in India[J]. Plant Disease, 2024, 108(3): 793.		10.1094/pdis-07-23-1410-pdn	First Report of Leaf Spot on Maize Caused by Curvularia verruculosa in India	Plant Disease	2024								AUTO_CANDIDATE_HIGH	no	Correct	Gui-Feng Gao	2026-08-30	strict_doi_match
Curvularia senegalensis / Brachysporium senegalense	215132	fungi	215132.1	Zhang D, Wang F, Zhao J, et al. Virulence, molecular diversity, and mating type of Curvularia lunata in China[J]. Plant disease, 2019, 103(7): 1728-1737.		10.1094/pdis-10-18-1857-re	Virulence, Molecular Diversity, and Mating Type of Curvularia lunata in China	Plant Disease	2019			31107642	Virulence, Molecular Diversity, and Mating Type of Curvularia lunata in China.	2019			AUTO_CANDIDATE_HIGH	no	Correct	Gui-Feng Gao	2026-08-26	strict_doi_match
Curvularia tuberculata / Cochliobolus tuberculatus	1056642	fungi	1056642.1	Zhang D, Wang F, Zhao J, et al. Virulence, molecular diversity, and mating type of Curvularia lunata in China[J]. Plant disease, 2019, 103(7): 1728-1737.		10.1094/pdis-10-18-1857-re	Virulence, Molecular Diversity, and Mating Type of Curvularia lunata in China	Plant Disease	2019			31107642	Virulence, Molecular Diversity, and Mating Type of Curvularia lunata in China.	2019			AUTO_CANDIDATE_HIGH	no	Correct	Gui-Feng Gao	2026-08-27	strict_doi_match
Didymella exitialis / Neoascochyta exitialis	487631	fungi	487631.1	王晓鸣等.		10.37155/2705-0653-0705-5	数字时代背景下邢台高等院校思想育人创新研究	教育理论与应用	2025								AUTO_CANDIDATE_LOW	yes	Not found	Gui-Feng Gao	2026-08-22	title_mismatch overlap=0.00; openalex_no_doi title_found_no_doi
Didymella exitialis / Neoascochyta exitialis	487631	fungi	487631.2	玉米病害和病原名称整理及其汉译名称规范化探讨. 《中国农业科学》,2020.		10.11922/sciencedb.538	Land-Use Data Set Based on “Gaofen-1 Satellite” Data	Science Data Bank Datasets					Supervised consumption service use and high-frequency public injecting among people who inject drugs in Toronto: A cross-sectional analysis (2018-2020).	2026	0.043		AUTO_CANDIDATE_LOW	yes	Incorrect	Gui-Feng Gao	2026-08-24	title_mismatch overlap=0.00; openalex_no_doi
Didymella maydis (Phyllosticta maydis)	259522	fungi	259522.1	Arny D C, Nelson R R. Phyllosticta maydis species nova, the incitant of yellow leaf blight of maize[J]. Phytopathology, 1971, 61(10): 1170-72.		10.1094/phyto-61-1170	Phyllosticta maydis species nova, the Incitant of Yellow Leaf Blight of Maize	Phytopathology	1971								AUTO_CANDIDATE_HIGH	no	Correct	Gui-Feng Gao	2026-08-21	strict_doi_match
Epicoccum nigrum	105696	fungi	105696.1	Xu X, Li J, Yang X, et al. Epicoccum spp. causing maize leaf spot in Heilongjiang Province, China[J]. Plant Disease, 2022, 106(12): 3050-3060.		10.1094/pdis-09-21-1948-re	Epicoccum spp. Causing Maize Leaf Spot in Heilongjiang Province, China	Plant Disease	2022			35612576	Epicoccum spp. Causing Maize Leaf Spot in Heilongjiang Province, China.	2022			AUTO_CANDIDATE_HIGH	no	Correct	Gui-Feng Gao	2026-08-21	strict_doi_match
Epicoccum sorghinum/Phoma sorghina	749593	fungi	749593.1	Do Amaral A L, Dal Soglio F K, De Carli M L, et al. Pathogenic fungi causing symptoms similar to Phaeosphaeria leaf spot of maize in Brazil[J]. Plant disease, 2005, 89(1): 44-49.		10.1094/pd-89-0044	Pathogenic Fungi Causing Symptoms Similar to Phaeosphaeria Leaf Spot of Maize in Brazil	Plant Disease	2005			30795283	Pathogenic Fungi Causing Symptoms Similar to Phaeosphaeria Leaf Spot of Maize in Brazil.	2005			AUTO_CANDIDATE_HIGH	no	Correct	Gui-Feng Gao	2026-08-27	strict_doi_match
Eutiarosporella dactylidis	1608309	fungi	1608309.1	Guo C, Zhang X, Wang B, et al. Identification, pathogenicity, and fungicide sensitivity of Eutiarosporella dactylidis associated with leaf blight on maize in China[J]. Journal of Integrative Agriculture, 2024, 23(3): 888-900.		10.1016/j.jia.2023.09.032	Identification, pathogenicity, and fungicide sensitivity of Eutiarosporella dactylidis associated with leaf blight on maize in China	Journal of Integrative Agriculture	2024								AUTO_CANDIDATE_HIGH	no	Correct	Gui-Feng Gao	2026-08-22	strict_doi_match
Exserohilum rostratum (Setosphaeria rostrata)	1659837	fungi	1659837.1	Xie S N, Li B Y, Ru Y Y, et al. First report of Exserohilum rostratum causing leaf spot on maize (Zea mays) in Henan, China[J]. Plant disease, 2022, 106(6): 1748.		10.1094/pdis-04-21-0860-pdn	First Report of Exserohilum rostratum Causing Leaf Spot on Maize (Zea mays) in Henan, China	Plant Disease	2022								AUTO_CANDIDATE_HIGH	no	Correct	Gui-Feng Gao	2026-08-30	strict_doi_match
Exserohilum rostratum (Setosphaeria rostrata)	1659837	fungi	1659837.2	Leonard K J, Suggs E G. Setosphaeria prolata, the ascigerous state of Exserohilum prolatum[J]. Mycologia, 1974, 66(2): 281-297.		10.2307/3758363	Setosphaeria prolata, the Ascigerous State of Exserohilum prolatum	Mycologia	1974								AUTO_CANDIDATE_HIGH	no	Correct	Gui-Feng Gao	2026-08-27	strict_doi_match
Exserohilum turcicum (Setosphaeria turcica)	93612	fungi	93612.1	Kotze R G, Van der Merwe C F, Crampton B G, et al. A histological assessment of the infection strategy of Exserohilum turcicum in maize[J]. Plant Pathology, 2019, 68(3): 504-512.		10.1111/ppa.12961	A histological assessment of the infection strategy of Exserohilum turcicum in maize	Plant Pathology	2018								AUTO_CANDIDATE_HIGH	no	Correct	Gui-Feng Gao	2026-08-28	strict_doi_match
Fusarium acuminatum	5515	fungi	5515.1	Okello P N, Mathew F M. Cross pathogenicity studies show South Dakota isolates of Fusarium acuminatum, F. equiseti, F. graminearum, F. oxysporum, F. proliferatum, F. solani, and F. subglutinans from either soybean or corn are pathogenic to both crops[J]. Plant Health Progress, 2019, 20(1): 44-49.		10.1094/php-10-18-0056-rs	Cross Pathogenicity Studies Show South Dakota Isolates of Fusarium acuminatum, F. equiseti, F. graminearum, F. oxysporum, F. proliferatum, F. solani, and F. subglutinans from Either Soybean or Corn are Pathogenic to Both Crops	Plant Health Progress	2019								AUTO_CANDIDATE_LOW	no	Correct	Gui-Feng Gao	2026-08-28	strict_doi_match
Fusarium andiyazi	520446	fungi	520446.1	Zhang H, Luo W, Pan Y, et al. First report of Fusarium ear rot of maize caused by Fusarium andiyazi in China[J]. Plant disease, 2014, 98(10): 1428-1428.		10.1094/pdis-01-14-0038-pdn	First Report of Fusarium Ear Rot of Maize Caused by Fusarium andiyazi in China	Plant Disease	2014			30703964	First Report of Fusarium Ear Rot of Maize Caused by Fusarium andiyazi in China.	2014			AUTO_CANDIDATE_HIGH	no	Correct	Gui-Feng Gao	2026-08-28	strict_doi_match
Fusarium asiaticum	282267	fungi	282267.1	Xi K, Shan L, Yang Y, et al. Species diversity and chemotypes of Fusarium species associated with maize stalk rot in Yunnan province of southwest China[J]. Frontiers in Microbiology, 2021, 12: 652062.		10.3389/fmicb.2021.652062	Species Diversity and Chemotypes of Fusarium Species Associated With Maize Stalk Rot in Yunnan Province of Southwest China	Frontiers in Microbiology	2021			34759893	Species Diversity and Chemotypes of Fusarium Species Associated With Maize Stalk Rot in Yunnan Province of Southwest China.	2021			AUTO_CANDIDATE_HIGH	no	Correct	Gui-Feng Gao	2026-08-29	strict_doi_match
Fusarium avenaceum	40199	fungi	40199.1	Ma N, Abdul Haseeb H, Xing F, et al. Fusarium avenaceum: A toxigenic pathogen causing ear rot on maize in yunnan province, China[J]. Plant Dis, 2019, 103(6): 1424.		10.1094/pdis-11-18-2034-pdn	Fusarium avenaceum: A Toxigenic Pathogen Causing Ear Rot on Maize in Yunnan Province, China	Plant Disease	2019								AUTO_CANDIDATE_HIGH	no	Correct	Gui-Feng Gao	2026-08-25	strict_doi_match
Fusarium boothii	282271	fungi	282271.1	Deressa T, Adugna G, Suresh L M, et al. Fusarium boothii, Fusarium meridionale, and Fusarium temperatum are emerging preharvest maize ear rot pathogens in Ethiopia[J]. Plant Disease, 2025, 109(2): 297-307.		10.1094/pdis-12-23-2765-sr	Fusarium boothii , Fusarium meridionale , and Fusarium temperatum Are Emerging Preharvest Maize Ear Rot Pathogens in Ethiopia	Plant Disease	2025			39623288	Fusarium boothii, Fusarium meridionale, and Fusarium temperatum Are Emerging Preharvest Maize Ear Rot Pathogens in Ethiopia.	2025			AUTO_CANDIDATE_HIGH	no	Correct	Gui-Feng Gao	2026-08-28	strict_doi_match
Fusarium camptoceras	57143	fungi	57143.1	Abo-Elyousr K A M, El-Fawy M M, El-Nagar A S, et al. Biochar-based sustainable control of stalk and ear rot in maize caused by Fusarium camptoceras[J]. Journal of Plant Diseases and Protection, 2026, 133(4): 104.		10.1007/s41348-026-01297-0	Biochar-based sustainable control of stalk and ear rot in maize caused by Fusarium camptoceras	Journal of Plant Diseases and Protection	2026								AUTO_CANDIDATE_HIGH	no	Correct	Gui-Feng Gao	2026-08-25	strict_doi_match
Fusarium cerealis / Fusarium crookwellense	56641	fungi	56641.1	Pfordt A, Schiwek S, Rathgeb A, et al. Occurrence, pathogenicity, and mycotoxin production of Fusarium temperatum in relation to other Fusarium species on maize in Germany[J]. Pathogens, 2020, 9(11): 864.		10.3390/pathogens9110864	Occurrence, Pathogenicity, and Mycotoxin Production of Fusarium temperatum in Relation to Other Fusarium Species on Maize in Germany	Pathogens	2020			33105838	Occurrence, Pathogenicity, and Mycotoxin Production of Fusarium temperatum in Relation to Other Fusarium Species on Maize in Germany.	2020			AUTO_CANDIDATE_HIGH	no	Correct	Gui-Feng Gao	2026-08-30	strict_doi_match
Fusarium chlamydosporum	86545	fungi	86545.1	Shabana Y M, Ghoneem K M, Rashad Y M, et al. Distribution and biodiversity of seed-borne pathogenic and toxigenic fungi of maize in Egypt and their correlations with weather variables. Plants 11 (18): 2347[EB/OL].(2022) Morales-Rodríguez I, de Yañz-Morales M J, Silva-Rojas H V, et al. Biodiversity of Fusarium species in Mexico associated with ear rot in maize, and their identification using a phylogenetic approach[J]. Mycopathologia, 2007, 163(1): 31-39.		10.1007/s11046-006-0082-1	Biodiversity of Fusarium species in Mexico associated with ear rot in maize, and their identification using a phylogenetic approach	Mycopathologia	2007			17216329	Biodiversity of Fusarium species in Mexico associated with ear rot in maize, and their identification using a phylogenetic approach.	2007			AUTO_CANDIDATE_HIGH	no	Correct	Gui-Feng Gao	2026-08-22	strict_doi_match
Fusarium concentricum	48491	fungi	48491.1	Du Q, Duan C X, Li S C, et al. First report of maize ear rot caused by Fusarium concentricum in China[J]. Plant Disease, 2020, 104(5): 1539.		10.1094/pdis-07-19-1515-pdn	First Report of Maize Ear Rot Caused by Fusarium concentricum in China	Plant Disease	2020								AUTO_CANDIDATE_HIGH	no	Correct	Gui-Feng Gao	2026-08-21	strict_doi_match
Fusarium culmorum	5516	fungi	5516.1	Xia L K, Cao Y Y, Wang J, et al. First report of Fusarium culmorum causing maize stalk rot in China[J]. Plant Disease, 2022, 106(5): 1521.		10.1094/pdis-07-21-1442-pdn	First Report of Fusarium culmorum Causing Maize Stalk Rot in China	Plant Disease	2022			34705486	First Report of Fusarium culmorum Causing Maize Stalk Rot in China.	2022			AUTO_CANDIDATE_HIGH	no	Correct	Gui-Feng Gao	2026-08-25	strict_doi_match
Fusarium equiseti	61235	fungi	61235.1	Swamy S D, Mahadevakumar S, Hemareddy H B, et al. First report of Fusarium equiseti–the incitant of post flowering stalkrot of maize (Zea mays L.) in India[J]. Crop Protection, 2020, 129: 105035.		10.1016/j.cropro.2019.105035	First report of Fusarium equiseti–the incitant of post flowering stalkrot of maize (Zea mays L.) in India	Crop Protection	2020								AUTO_CANDIDATE_HIGH	no	Correct	Gui-Feng Gao	2026-08-26	strict_doi_match
Fusarium globosum	78864	fungi	78864.1	Moses L M, Marasas W F O, Vismer H F, et al. Molecular characterization of Fusarium globosum strains from South African maize and Japanese wheat[J]. Mycopathologia, 2010, 170(4): 237-249.		10.1007/s11046-010-9318-1	Molecular Characterization of Fusarium globosum Strains from South African Maize and Japanese Wheat	Mycopathologia	2010			20495873	Molecular characterization of Fusarium globosum strains from South African maize and Japanese wheat.	2010			AUTO_CANDIDATE_HIGH	no	Correct	Gui-Feng Gao	2026-08-28	strict_doi_match
Fusarium graminearum (Gibberella zeae)	5518	fungi	5518.1	Munkvold GP, Desjardins AE. (1997). Fumonisins in maize: can we reduce their occurrence? Plant Dis. 81:556-565		10.1094/pdis.1997.81.6.556	Fumonisins in Maize: Can We Reduce Their Occurrence?	Plant Disease	1997			30861834	Fumonisins in Maize: Can We Reduce Their Occurrence?	1997			AUTO_CANDIDATE_HIGH	no	Correct	Gui-Feng Gao	2026-08-22	strict_doi_match
Fusarium incarnatum (F. semitectum)	298378	fungi	298378.1	Xi K, Shan L, Yang Y, et al. Species diversity and chemotypes of Fusarium species associated with maize stalk rot in Yunnan province of southwest China[J]. Frontiers in Microbiology, 2021, 12: 652062.		10.3389/fmicb.2021.652062	Species Diversity and Chemotypes of Fusarium Species Associated With Maize Stalk Rot in Yunnan Province of Southwest China	Frontiers in Microbiology	2021			34759893	Species Diversity and Chemotypes of Fusarium Species Associated With Maize Stalk Rot in Yunnan Province of Southwest China.	2021			AUTO_CANDIDATE_HIGH	no	Correct	Gui-Feng Gao	2026-08-27	strict_doi_match
Fusarium kyushuense	56665	fungi	56665.1	Wang J H, Li H P, Zhang J B, et al. First report of Fusarium maize ear rot caused by Fusarium kyushuense in China[J]. Plant disease, 2014, 98(2): 279-279.		10.1094/pdis-05-13-0558-pdn	First Report of Fusarium Maize Ear Rot Caused by Fusarium kyushuense in China	Plant Disease	2014			30708751	First Report of Fusarium Maize Ear Rot Caused by Fusarium kyushuense in China.	2014			AUTO_CANDIDATE_HIGH	no	Correct	Gui-Feng Gao	2026-08-29	strict_doi_match
Fusarium meridionale	282269	fungi	282269.1	Xi K, Shan L, Yang Y, et al. Species diversity and chemotypes of Fusarium species associated with maize stalk rot in Yunnan province of southwest China[J]. Frontiers in Microbiology, 2021, 12: 652062.		10.3389/fmicb.2021.652062	Species Diversity and Chemotypes of Fusarium Species Associated With Maize Stalk Rot in Yunnan Province of Southwest China	Frontiers in Microbiology	2021			34759893	Species Diversity and Chemotypes of Fusarium Species Associated With Maize Stalk Rot in Yunnan Province of Southwest China.	2021			AUTO_CANDIDATE_HIGH	no	Correct	Gui-Feng Gao	2026-08-23	strict_doi_match
Fusarium napiforme	42672	fungi	42672.1	Morales-Rodríguez I, de Yañz-Morales M J, Silva-Rojas H V, et al. Biodiversity of Fusarium species in Mexico associated with ear rot in maize, and their identification using a phylogenetic approach[J]. Mycopathologia, 2007, 163(1): 31-39.		10.1007/s11046-006-0082-1	Biodiversity of Fusarium species in Mexico associated with ear rot in maize, and their identification using a phylogenetic approach	Mycopathologia	2007			17216329	Biodiversity of Fusarium species in Mexico associated with ear rot in maize, and their identification using a phylogenetic approach.	2007			AUTO_CANDIDATE_HIGH	no	Correct	Gui-Feng Gao	2026-08-28	strict_doi_match
Fusarium oxysporum	5507	fungi	5507.1	Okello P N, Petrović K, Kontz B, et al. Eight species of Fusarium cause root rot of corn (Zea mays) in South Dakota[J]. Plant Health Progress, 2019, 20(1): 38-43.		10.1094/php-11-18-0075-rs	Eight Species of Fusarium Cause Root Rot of Corn (Zea mays) in South Dakota	Plant Health Progress	2019								AUTO_CANDIDATE_HIGH	no	Correct	Gui-Feng Gao	2026-08-21	strict_doi_match
Fusarium poae	36050	fungi	36050.1	Chelkowski J, Lew H, Pettersson H. Fusarium poae (Peck) Wollenw.—Occurrence in maize ears, nivalenol production and mycotoxin accumulation in cobs[J]. Mycotoxin Research, 1994, 10(2): 116-120.		10.1007/bf03192261	Fusarium Poae (Peck) Wollenw. — Occurrence in maize ears, nivalenol production and mycotoxin accumulation in cobs	Mycotoxin Research	1994			23605973	Fusarium Poae (Peck) Wollenw. - Occurrence in maize ears, nivalenol production and mycotoxin accumulation in cobs.	1994	0.333		AUTO_CANDIDATE_LOW	no	Correct	Gui-Feng Gao	2026-08-21	strict_doi_match
Fusarium proliferatum	948311	fungi	948311.1	Munkvold GP, Desjardins AE. (1997). Fumonisins in maize: can we reduce their occurrence? Plant Dis. 81:556-565		10.1094/pdis.1997.81.6.556	Fumonisins in Maize: Can We Reduce Their Occurrence?	Plant Disease	1997			30861834	Fumonisins in Maize: Can We Reduce Their Occurrence?	1997			AUTO_CANDIDATE_HIGH	no	Correct	Gui-Feng Gao	2026-08-30	strict_doi_match
Fusarium pseudograminearum	101028	fungi	101028.1	Jiang H, Ma L G, Qi K, et al. First report of maize seedling blight caused by Fusarium pseudograminearum in China[J]. Plant disease, 2022, 106(9): 2519.		10.1094/pdis-01-22-0099-pdn	First Report of Maize Seedling Blight Caused by Fusarium pseudograminearum in China	Plant Disease	2022								AUTO_CANDIDATE_HIGH	no	Correct	Gui-Feng Gao	2026-08-28	strict_doi_match
Fusarium pseudonygamai	47755	fungi	47755.1	Chehri K, Zafari D, Nurhazrati M, et al. Natural occurrence of Fusarium species associated with root and stalk rot of maize in Kermanshah Province, Iran[J]. 2010.		10.3923/jbs.2010.795.799	Natural Occurrence of Fusarium Species Associated with Root and Stalk Rot of Maize in Kermanshah Province, Iran	Journal of Biological Sciences	2010								AUTO_CANDIDATE_HIGH	no	Correct	Gui-Feng Gao	2026-08-22	strict_doi_match
Fusarium sacchari	42676	fungi	42676.1	Carrer Filho R, Guimarães M, Abreu V P, et al. Fusarium sacchari associated with stem rot in sweet corn in Brazil[J]. Pesquisa Agropecuária Tropical, 2023, 53: e74263.		10.1590/1983-40632023v5374263	Fusarium sacchari associated with stem rot in sweet corn in Brazil	Pesquisa Agropecuária Tropical	2023								AUTO_CANDIDATE_HIGH	no	Correct	Gui-Feng Gao	2026-08-21	strict_doi_match
Fusarium solani (Neocosmospora solani)	169388	fungi	169388.1	Okello P N, Mathew F M. Cross pathogenicity studies show South Dakota isolates of Fusarium acuminatum, F. equiseti, F. graminearum, F. oxysporum, F. proliferatum, F. solani, and F. subglutinans from either soybean or corn are pathogenic to both crops[J]. Plant Health Progress, 2019, 20(1): 44-49.		10.1094/php-10-18-0056-rs	Cross Pathogenicity Studies Show South Dakota Isolates of Fusarium acuminatum, F. equiseti, F. graminearum, F. oxysporum, F. proliferatum, F. solani, and F. subglutinans from Either Soybean or Corn are Pathogenic to Both Crops	Plant Health Progress	2019								AUTO_CANDIDATE_LOW	no	Correct	Gui-Feng Gao	2026-08-23	strict_doi_match
Fusarium sporotrichioides	5514	fungi	5514.1	Wang B B, Guo C, Sun S L, et al. First report of maize ear rot caused by Fusarium sporotrichioides in China[J]. Plant Disease, 2020, 104(2): 567.		10.1094/pdis-08-19-1669-pdn	First Report of Maize Ear Rot Caused by Fusarium sporotrichioides in China	Plant Disease	2020								AUTO_CANDIDATE_HIGH	no	Correct	Gui-Feng Gao	2026-08-30	strict_doi_match
Fusarium subglutinans	42677	fungi	42677.1	Munkvold GP, Desjardins AE. (1997). Fumonisins in maize: can we reduce their occurrence? Plant Dis. 81:556-565		10.1094/pdis.1997.81.6.556	Fumonisins in Maize: Can We Reduce Their Occurrence?	Plant Disease	1997			30861834	Fumonisins in Maize: Can We Reduce Their Occurrence?	1997			AUTO_CANDIDATE_HIGH	no	Correct	Gui-Feng Gao	2026-08-28	strict_doi_match
Fusarium temperatum	1035347	fungi	1035347.1	Fumero M V, Reynoso M M, Chulze S. Fusarium temperatum and Fusarium subglutinans isolated from maize in Argentina[J]. International Journal of Food Microbiology, 2015, 199: 86-92.		10.1016/j.ijfoodmicro.2015.01.011	Fusarium temperatum and Fusarium subglutinans isolated from maize in Argentina	International Journal of Food Microbiology	2015			25647244	Fusarium temperatum and Fusarium subglutinans isolated from maize in Argentina.	2015			AUTO_CANDIDATE_HIGH	no	Correct	Gui-Feng Gao	2026-08-20	strict_doi_match
Fusarium tricinctum	61284	fungi	61284.1	Yang X, Xu X, Wang S, et al. Identification, pathogenicity, and genetic diversity of Fusarium spp. associated with maize sheath rot in Heilongjiang Province, China[J]. International journal of molecular sciences, 2022, 23(18): 10821.		10.3390/ijms231810821	Identification, Pathogenicity, and Genetic Diversity of Fusarium spp. Associated with Maize Sheath Rot in Heilongjiang Province, China	International Journal of Molecular Sciences	2022			36142733	Identification, Pathogenicity, and Genetic Diversity of Fusarium spp. Associated with Maize Sheath Rot in Heilongjiang Province, China.	2022			AUTO_CANDIDATE_HIGH	no	Correct	Gui-Feng Gao	2026-08-26	strict_doi_match
Fusarium verticillioides (Gibberella moniliformis)	117187	fungi	117187.1	Munkvold GP, Desjardins AE. (1997). Fumonisins in maize: can we reduce their occurrence? Plant Dis. 81:556-565		10.1094/pdis.1997.81.6.556	Fumonisins in Maize: Can We Reduce Their Occurrence?	Plant Disease	1997			30861834	Fumonisins in Maize: Can We Reduce Their Occurrence?	1997			AUTO_CANDIDATE_HIGH	no	Correct	Gui-Feng Gao	2026-08-30	strict_doi_match
Gaeumannomyces graminis	29850	fungi	29850.1	Freeman J, Ward E. Gaeumannomyces graminis, the take‐all fungus and its relatives[J]. Molecular Plant Pathology, 2004, 5(4): 235-252.		10.1111/j.1364-3703.2004.00226.x	Gaeumannomyces graminis , the take‐all fungus and its relatives	Molecular Plant Pathology	2004			20565593	Gaeumannomyces graminis, the take-all fungus and its relatives.	2004			AUTO_CANDIDATE_HIGH	no	Correct	Gui-Feng Gao	2026-08-24	strict_doi_match
Gibberella fujikuroi (Fusarium fujikuroi)	5127	fungi	5127.1	O'Donnell K, Cigelnik E, Nirenberg H I. Molecular systematics and phylogeography of the Gibberella fujikuroi species complex[J]. Mycologia, 1998, 90(3): 465-493.		10.2307/3761407	Molecular Systematics and Phylogeography of the Gibberella fujikuroi Species Complex	Mycologia	1998								AUTO_CANDIDATE_HIGH	no	Correct	Gui-Feng Gao	2026-08-30	strict_doi_match
Gloeocercospora sorghi / Microdochium sorghi	1682391	fungi	1682391.1	Velazquez P D.		10.5040/9781350922075	Velazquez, the Painter of Painters	Velazquez, the Painter of Painters	1991								AUTO_CANDIDATE_LOW	yes	Incorrect	Gui-Feng Gao	2026-08-30	title_mismatch overlap=0.25; openalex_no_doi
Gloeocercospora sorghi / Microdochium sorghi	1682391	fungi	1682391.2	Microdochium sorghi on sorghum in northwestern Entre Ríos, Argentina[J]. 2024.		10.14409/fa.2024.23.e0030	Microdochium sorghi en sorgo en el noroeste de Entre Ríos, Argentina	FAVE Sección Ciencias Agrarias	2024								AUTO_CANDIDATE_LOW	no	Correct	Gui-Feng Gao	2026-08-23	title_mismatch overlap=0.52; openalex_no_doi; spanish_title_matches_raw
Gonatobotrys simplex	2713053	fungi	2713053.1	Vakili N G. Mycoparasitic fungi associated with potential stalk rot pathogens of corn[J]. Phytopathology, 1985, 75(11): 1201-1207.		10.1094/phyto-75-1201	Mycoparasitic Fungi Associated with Potential Stalk Rot Pathogens of Corn	Phytopathology	1985								AUTO_CANDIDATE_HIGH	no	Correct	Gui-Feng Gao	2026-08-28	strict_doi_match
Graphium penicillioides	67620	fungi	67620.1	Smith D R, White D G. Diseases of corn[J]. Corn and corn improvement, 1988, 18: 687-766.		10.2134/agronmonogr18.3ed.c12	Diseases of Corn	Corn and Corn Improvement	1988								AUTO_CANDIDATE_HIGH	no	Correct	Gui-Feng Gao	2026-08-21	doi_corrected 10.1094/grow-cor-11-13-056 -> 10.2134/agronmonogr18.3ed.c12; manual_doi_correction; pmid_cleared_doi_changed
Harpophora maydis (Cephalosporium maydis/Magnaporthiopsis maydis)	80373	fungi	80373.1	Samra A S, Sabet K A, Hingorani M K. Late wilt disease of Maize caused by Cephalosporium maydis[J]. 1963.		10.21608/jppp.2011.86639	ASYMPTOMATIC INFECTION OF MAIZE LATE WILT CAUSED BY Cephalosporium maydis	Journal of Plant Protection and Pathology	2011								AUTO_CANDIDATE_HIGH	yes	Incorrect	Gui-Feng Gao	2026-08-24	title_mismatch overlap=0.57; openalex_no_doi
Helminthosporium hawaiiensis / Curvularia hawaiiensis	1230527	fungi	1230527.1	Suzui T, Kamphangridthrong T. The prevalence of maize and soybean diseases in Thailand[J]. 1979.		10.1007/978-981-97-8723-4_5	Theory of Soybean Canopy Architecture Regulation in Maize-Soybean Strip Intercropping	Theories and Application in Maize-Soybean Strip Intercropping System	2025								AUTO_CANDIDATE_LOW	yes	Incorrect	Gui-Feng Gao	2026-08-26	title_mismatch overlap=0.33; openalex_no_doi
Helminthosporium pedicellatum/Exserohilum pedicellatum	119929	fungi	119929.1	Egunjobi O L A, Norton D C, Martinson C. Interaction of pra tylenchus scribneri and helminthosporium pedicellatum in the etiology of corn root rot[J]. Phytoparasitica, 1986, 14(4): 287-295.		10.1007/bf02980733	Interaction ofpra tylenchus scribneri and helminthosporium pedicellatum in the etiology of corn root rot	Phytoparasitica	1986								AUTO_CANDIDATE_HIGH	no	Correct	Gui-Feng Gao	2026-08-20	strict_doi_match
Helminthosporium pedicellatum/Exserohilum pedicellatum	119929	fungi	119929.2	Isakeit T, Gao X, Kolomiets M. Exserohilum pedicellatum root rot of corn in Texas[J]. Plant Disease, 2007, 91(5): 634-634.		10.1094/pdis-91-5-0634c	Exserohilum pedicellatum Root Rot of Corn in Texas	Plant Disease	2007			30780722	Exserohilum pedicellatum Root Rot of Corn in Texas.	2007			AUTO_CANDIDATE_HIGH	no	Correct	Gui-Feng Gao	2026-08-23	strict_doi_match
Helminthosporium tetramera / Curvularia spicifera/Bipolaris spicifera	145392	fungi	145392.1	Li G F, Liu K X, Xiao S Q, et al. First report of leaf spot of maize (Zea mays) caused by Bipolaris spicifera in China[J]. Plant Disease, 2016, 100(4): 855-855.		10.1094/pdis-07-15-0750-pdn	First Report of Leaf Spot of maize (Zea mays) Caused by Bipolaris spicifera in China	Plant Disease	2016								AUTO_CANDIDATE_HIGH	no	Correct	Gui-Feng Gao	2026-08-29	strict_doi_match
Hyalothyridium maydis / Orphanocoela maydis	NOT_VERIFIED	fungi	NOT_VERIFIED.1	Latterell, F. M., & Rossi, A. E. 1984. A new species of Hyalothyridium associated with a leaf spot of maize in Latin America. Mycologia 76(3): 506–514. | NCBI Taxonomy 未收录 Orphanocoela/Hyalothyridium maydis		10.2307/3793333	A New Species of Hyalothyridium Associated with a Leaf Spot of Maize in Latin America	Mycologia	1984								AUTO_CANDIDATE_HIGH	no	Correct	Gui-Feng Gao	2026-08-22	strict_doi_match
Kabatiella zeae (Aureobasidium zeae)	1592451	fungi	1592451.1	Chen N, Xiao S, Sun J, et al. Virulence and molecular diversity in the Kabatiella zeae population causing maize eyespot in China[J]. Plant disease, 2020, 104(12): 3197-3206.		10.1094/pdis-03-20-0509-re	Virulence and Molecular Diversity in the Kabatiella zeae Population Causing Maize Eyespot in China	Plant Disease	2020			33136469	Virulence and Molecular Diversity in the Kabatiella zeae Population Causing Maize Eyespot in China.	2020			AUTO_CANDIDATE_HIGH	no	Correct	Gui-Feng Gao	2026-08-27	strict_doi_match
Lasiodiplodia theobromae / Botryodiplodia tubericola	45133	fungi	45133.1	Ma H X, Zhang H J, Shi J, et al. First report of Lasiodiplodia theobromae causing maize ear rot in Hainan Province in Southern China[J]. Plant Disease, 2016, 100(10): 2160.		10.1094/pdis-01-16-0049-pdn	First Report of Lasiodiplodia theobromae Causing Maize Ear Rot in Hainan Province in Southern China	Plant Disease	2016								AUTO_CANDIDATE_HIGH	no	Correct	Gui-Feng Gao	2026-08-26	strict_doi_match
Leptosphaeria multiseptata / Entodesmium multiseptatum	NOT_VERIFIED	fungi	NOT_VERIFIED.1	MCGEE D C. Maize Diseases. Saint Paul: The American Phytopathological Society Press, 1988.		10.1201/b19891-7	Diseases and Management of Maize	Crop Diseases and Their Management	2016				Pathogen Inoculation and Rating Strategies for Studying Maize Diseases.	2026	0.222		AUTO_CANDIDATE_LOW	yes	Not found	Gui-Feng Gao	2026-08-25	title_mismatch overlap=0.22; openalex_no_doi
Leptosphaeria multiseptata / Entodesmium multiseptatum	NOT_VERIFIED	fungi	NOT_VERIFIED.2	王晓鸣等.		10.37155/2705-0653-0705-5	数字时代背景下邢台高等院校思想育人创新研究	教育理论与应用	2025								AUTO_CANDIDATE_LOW	yes	Not found	Gui-Feng Gao	2026-08-30	title_mismatch overlap=0.00; openalex_no_doi title_found_no_doi
Leptosphaeria multiseptata / Entodesmium multiseptatum	NOT_VERIFIED	fungi	NOT_VERIFIED.3	玉米病害和病原名称整理及其汉译名称规范化探讨. 《中国农业科学》,2020. | NCBI Taxonomy 未收录 Leptosphaeria/Entodesmium multiseptata		10.11922/sciencedb.538	Land-Use Data Set Based on “Gaofen-1 Satellite” Data	Science Data Bank Datasets					Supervised consumption service use and high-frequency public injecting among people who inject drugs in Toronto: A cross-sectional analysis (2018-2020).	2026	0.043		AUTO_CANDIDATE_LOW	yes	Incorrect	Gui-Feng Gao	2026-08-28	title_mismatch overlap=0.00; openalex_no_doi
Leptosphaeria variiseptata / Phaeosphaeria variiseptata	NOT_VERIFIED	fungi	NOT_VERIFIED.1	MUNKVOLD G P, WHITE D G. Compendium of Corn Diseases. 4th ed. Saint Paul: The American Phytopathological Society Press, 2016. | NCBI Taxonomy 未收录 Leptosphaeria/Phaeosphaeria variiseptata		10.1094/9780890544945	Compendium of Corn Diseases, Fourth Edition	APS Press	2016								AUTO_CANDIDATE_HIGH	no	Correct	Gui-Feng Gao	2026-08-29	title_mismatch overlap=0.26; openalex_no_doi; book_title_verified
Leptosphaerulina australis	318710	fungi	318710.1	Liu Y, Wu S, Li X, et al. Occurrence of maize leaf spot disease caused by Leptosphaerulina australis in Yunnan, China[J]. Plant Disease, 2024, 108(11): 3407.		10.1094/pdis-11-23-2503-pdn	Occurrence of Maize Leaf Spot Disease Caused by Leptosphaerulina australis in Yunnan, China	Plant Disease	2024								AUTO_CANDIDATE_HIGH	no	Correct	Gui-Feng Gao	2026-08-27	strict_doi_match
Macrophomina phaseolina	35725	fungi	35725.1	Marquez N, Giachero M L, Declerck S, et al. Macrophomina phaseolina: General characteristics of pathogenicity and methods of control[J]. Frontiers in plant science, 2021, 12: 634397.		10.3389/fpls.2021.634397	Macrophomina phaseolina: General Characteristics of Pathogenicity and Methods of Control	Frontiers in Plant Science	2021			33968098	Macrophomina phaseolina : General Characteristics of Pathogenicity and Methods of Control.	2021			AUTO_CANDIDATE_HIGH	no	Correct	Gui-Feng Gao	2026-08-26	strict_doi_match
Marasmiellus inoderma	3021703	fungi	3021703.1	Sabet K A, Ashour W A, Samra A S, et al. Root-rot of maize caused by Marasmiellus inoderma[J]. Transactions of the British Mycological Society, 1970, 54(1): 123-IN15.		10.1016/s0007-1536(70)80130-9	Root-rot of maize caused by Marasmiellus inoderma	Transactions of the British Mycological Society	1970								AUTO_CANDIDATE_HIGH	no	Correct	Gui-Feng Gao	2026-08-26	doi_corrected 10.1079/cabicompendium.32536 -> 10.1016/s0007-1536(70)80130-9; manual_doi_correction; pmid_cleared_doi_changed
Marasmius graminum var. brevispora / Marasmius graminum	160937	fungi	160937.1	PONT W. STUDIES ON ROOT ROT AND STALK ROT OF MAIZE IN NORTH QUEENSLAND CAUSED BY MARASMIUS SACCHARI WAKKER VAR.. HAW AIIENSIS COBB AND[J]. Queensland Journal of Agricultural and Animal Sciences, 1973, 30: 3.		10.1093/oed/1150130953	haw-haw, v.	Oxford English Dictionary	2023								AUTO_CANDIDATE_LOW	yes	Incorrect	Gui-Feng Gao	2026-08-30	title_mismatch overlap=0.06; openalex_no_doi
Marasmius sacchari var. hawaiiensis / Marasmius sacchar	2075139	fungi	2075139.1	PONT W. STUDIES ON ROOT ROT AND STALK ROT OF MAIZE IN NORTH QUEENSLAND CAUSED BY MARASMIUS SACCHARI WAKKER VAR.. HAW AIIENSIS COBB AND[J]. Queensland Journal of Agricultural and Animal Sciences, 1973, 30: 3.		10.1093/oed/1150130953	haw-haw, v.	Oxford English Dictionary	2023								AUTO_CANDIDATE_LOW	yes	Incorrect	Gui-Feng Gao	2026-08-30	title_mismatch overlap=0.06; openalex_no_doi
Microdochium bolleyi	196109	fungi	196109.1	Stojkov S. The study of Microdochium bolleyi (Sprague) De Hoog and Hermandies-Nijof the fungus causing root rot of maize[J]. 1993.		10.1079/cabicompendium.7998	Microdochium bolleyi (root rot of maize)	CABI Compendium	2021								AUTO_CANDIDATE_LOW	yes	Not found	Gui-Feng Gao	2026-08-23	title_mismatch overlap=0.46; openalex_no_doi
Microdochium seminicola	1682390	fungi	1682390.1	Ferreira L C, de Moura V A S, Resende Jr M F R, et al. Pathobiome Analyses Reveal Structural Changes in Maize Microbiomes Associated with Phyllachora maydis and Tar Spot Disease[J]. Phytobiomes Journal, 2025, 9(4): 620-635.		10.1094/pbiomes-12-24-0118-r	Pathobiome Analyses Reveal Structural Changes in Maize Microbiomes Associated with Phyllachora maydis and Tar Spot Disease	Phytobiomes Journal	2025								AUTO_CANDIDATE_HIGH	no	Correct	Gui-Feng Gao	2026-08-25	strict_doi_match
Monographella maydis/Microdochium maydis	NOT_VERIFIED	fungi	NOT_VERIFIED.1	Müller E, Samuels G J. Monographella maydis sp. nov. and its connection to the tar-spot disease of Zea mays[J]. 1984. | NCBI Taxonomy 未收录 Microdochium/Monographella maydis		10.1127/nova.hedwigia/40/1985/113	Monographella maydis sp. nov. and its Connection to the Tar-spot Disease of Zea mays	Nova Hedwigia	1985								AUTO_CANDIDATE_HIGH	no	Correct	Gui-Feng Gao	2026-08-21	strict_doi_match
Mucor circinelloides	36080	fungi	36080.1	Purwantisari S, Nurbayani F A, Safina M F I, et al. Antagonistic activity of Trichoderma harzianum against Aspergillus parasiticus and Mucor circinelloides in corn plant (Zea mays L.)[J]. PLANTA TROPIKA, 2025, 13(1): 38-51.		10.18196/pt.v13i1.21507	Antagonistic activity of Trichoderma harzianum against Aspergillus parasiticus and Mucor circinelloides in corn plant (Zea mays L.)	PLANTA TROPIKA	2025								AUTO_CANDIDATE_HIGH	no	Correct	Gui-Feng Gao	2026-08-20	strict_doi_match
Mycosarcoma maydis (Ustilago maydis)	5270	fungi	5270.1	Kämper J, Kahmann R, Bölker M, et al. Insights from the genome of the biotrophic fungal plant pathogen Ustilago maydis[J]. Nature, 2006, 444(7115): 97-101.		10.1038/nature05248	Insights from the genome of the biotrophic fungal plant pathogen Ustilago maydis	Nature	2006			17080091	Insights from the genome of the biotrophic fungal plant pathogen Ustilago maydis.	2006			AUTO_CANDIDATE_HIGH	no	Correct	Gui-Feng Gao	2026-08-25	title_mismatch overlap=0.54; openalex_no_doi; manual_doi_correction
Nigrospora oryzae (Khuskia oryzae)	335854	fungi	335854.1	Balendres M A, Calabon M, Cortes A, et al. Nigrospora[M]//Compendium of Phytopathogenic Microbes in Agro-Ecology: Vol. 1 Fungi. Cham: Springer Nature Switzerland, 2025: 503-529.		10.1007/978-3-031-81770-0_22	Nigrospora	Compendium of Phytopathogenic Microbes in Agro-Ecology	2025				Biological activities and metabolic profile of crude extracts from two Nigrospora sp. isolates.	2026	0.077		AUTO_CANDIDATE_LOW	no	Correct	Gui-Feng Gao	2026-08-22	strict_doi_match
Paraphaeosphaeria michotii / Sphaeria michotii	125373	fungi	125373.1	Ferreira L C, de Moura V A S, Resende Jr M F R, et al. Pathobiome Analyses Reveal Structural Changes in Maize Microbiomes Associated with Phyllachora maydis and Tar Spot Disease[J]. Phytobiomes Journal, 2025, 9(4): 620-635.		10.1094/pbiomes-12-24-0118-r	Pathobiome Analyses Reveal Structural Changes in Maize Microbiomes Associated with Phyllachora maydis and Tar Spot Disease	Phytobiomes Journal	2025								AUTO_CANDIDATE_HIGH	no	Correct	Gui-Feng Gao	2026-08-21	strict_doi_match
Penicillium chrysogenum	5076	fungi	5076.1	Hill P. 1972. The Production of Penicillins in Soils and Seeds by Penicillium chrysogenum and the Role of Penicillin β-Lactamase in the Ecology of Soil Bacillus. Journal of General Microbiology, 70: 243–252.		10.1099/00221287-70-2-243	The Production of Penicillins in Soils and Seeds by Penicillium chrysogenum and the Role of Penicillin -Lactamase in the Ecology of Soil Bacillus	Journal of General Microbiology	1972			4624991	The production of penicillins in soils and seeds by penicillium chrysogenum and the role of penicillin -lactamase in the ecology of soil bacillus.	1972			AUTO_CANDIDATE_HIGH	no	Correct	Gui-Feng Gao	2026-08-21	strict_doi_match
Penicillium cyclopium	60167	fungi	60167.1	Keromnes J, Thouvenot D. Role of penicillic acid in the phytotoxicity of Penicillium cyclopium and Penicillium canescens to the germination of corn seeds[J]. Applied and environmental microbiology, 1985, 49(3): 660-663.		10.1128/aem.49.3.660-663.1985	Role of Penicillic Acid in the Phytotoxicity of Penicillium cyclopium and Penicillium canescens to the Germination of Corn Seeds	Applied and Environmental Microbiology	1985			16346759	Role of Penicillic Acid in the Phytotoxicity of Penicillium cyclopium and Penicillium canescens to the Germination of Corn Seeds.	1985			AUTO_CANDIDATE_HIGH	no	Correct	Gui-Feng Gao	2026-08-22	strict_doi_match
Penicillium cyclopium	60167	fungi	60167.2	Ekwomadu T I, Gopane R E, Mwanza M. Occurrence of filamentous fungi in maize destined for human consumption in South Africa[J]. Food science & nutrition, 2018, 6(4): 884-890.		10.1002/fsn3.561	Occurrence of filamentous fungi in maize destined for human consumption in South Africa	Food Science & Nutrition	2018			29983951	Occurrence of filamentous fungi in maize destined for human consumption in South Africa.	2018			AUTO_CANDIDATE_HIGH	no	Correct	Gui-Feng Gao	2026-08-23	strict_doi_match
Penicillium funiculosum / Talaromyces funiculosus	28572	fungi	28572.1	Liu S, Wang J, Guo N, et al. Talaromyces funiculosus, a novel causal agent of maize ear rot and its sensitivity to fungicides[J]. Plant disease, 2021, 105(12): 3978-3984.		10.1094/pdis-04-21-0686-re	Talaromyces funiculosus, a Novel Causal Agent of Maize Ear Rot and Its Sensitivity to Fungicides	Plant Disease	2021			34156277	Talaromyces funiculosus, a Novel Causal Agent of Maize Ear Rot and Its Sensitivity to Fungicides.	2021			AUTO_CANDIDATE_HIGH	no	Correct	Gui-Feng Gao	2026-08-22	strict_doi_match
Penicillium oxalicum	69781	fungi	69781.1	Han J X, Zhang S L, Shi X C, et al. First report of Penicillium oxalicum causing leaf blight on maize in China[J]. Plant Disease, 2023, 107(8): 2554.		10.1094/pdis-12-22-2965-pdn	First Report of Penicillium oxalicum Causing Leaf Blight on Maize in China	Plant Disease	2023								AUTO_CANDIDATE_HIGH	no	Correct	Gui-Feng Gao	2026-08-20	strict_doi_match
Penicillium verrucosum	60171	fungi	60171.1	Wawrzyniak J, Waśkiewicz A. Ochratoxin A and citrinin production by Penicillium verrucosum on cereal solid substrates[J]. Food Additives & Contaminants: Part A, 2014, 31(1): 139-148.		10.1080/19440049.2013.861933	Ochratoxin A and citrinin production byPenicillium verrucosumon cereal solid substrates	Food Additives & Contaminants: Part A	2014			24199782	Ochratoxin A and citrinin production by Penicillium verrucosum on cereal solid substrates.	2014			AUTO_CANDIDATE_HIGH	no	Correct	Gui-Feng Gao	2026-08-22	strict_doi_match
Phaeocytostroma ambiguum	935936	fungi	935936.1	Kimtai D K, Schmidt C, Matthiesen R L, et al. Pathogenicity and fungicide sensitivity of Phaeocytostroma ambiguum, a fungal species recovered from the crowns of corn plants[J]. Plant Disease, 2026 (ja).		10.1094/pdis-02-26-0383-re	Pathogenicity and fungicide sensitivity of Phaeocytostroma ambiguum , a fungal species recovered from the crowns of corn plants	Plant Disease	2026			42067984	Pathogenicity and fungicide sensitivity of Phaeocytostroma ambiguum, a fungal species recovered from the crowns of corn plants.	2026			AUTO_CANDIDATE_HIGH	no	Correct	Gui-Feng Gao	2026-08-24	strict_doi_match
Phaeosphaeria herpotricha / Ophiosphaerella herpotricha	33175	fungi	33175.1	MCGEE D C. Maize Diseases. Saint Paul: The American Phytopathological Society Press, 1988.		10.1201/b19891-7	Diseases and Management of Maize	Crop Diseases and Their Management	2016				Pathogen Inoculation and Rating Strategies for Studying Maize Diseases.	2026	0.222		AUTO_CANDIDATE_LOW	yes	Incorrect	Gui-Feng Gao	2026-08-27	title_mismatch overlap=0.22; openalex_no_doi
Phaeosphaeria herpotricha / Ophiosphaerella herpotricha	33175	fungi	33175.2	王晓鸣等.		10.37155/2705-0653-0705-5	数字时代背景下邢台高等院校思想育人创新研究	教育理论与应用	2025								AUTO_CANDIDATE_LOW	yes	Not found	Gui-Feng Gao	2026-08-23	title_mismatch overlap=0.00; openalex_no_doi title_found_no_doi
Phaeosphaeria herpotricha / Ophiosphaerella herpotricha	33175	fungi	33175.3	玉米病害和病原名称整理及其汉译名称规范化探讨. 《中国农业科学》,2020.		10.11922/sciencedb.538	Land-Use Data Set Based on “Gaofen-1 Satellite” Data	Science Data Bank Datasets					Supervised consumption service use and high-frequency public injecting among people who inject drugs in Toronto: A cross-sectional analysis (2018-2020).	2026	0.043		AUTO_CANDIDATE_LOW	yes	Incorrect	Gui-Feng Gao	2026-08-24	title_mismatch overlap=0.00; openalex_no_doi
Phaeosphaeria maydis	NOT_VERIFIED	fungi	NOT_VERIFIED.1	Jibril S M, Hu Y, Yang K, et al. Microbiome Analysis of Area in Proximity to White Spot Lesions Reveals More Harmful Plant Pathogens in Maize[J]. Biomolecules, 2025, 15(2): 252.		10.3390/biom15020252	Microbiome Analysis of Area in Proximity to White Spot Lesions Reveals More Harmful Plant Pathogens in Maize	Biomolecules	2025			40001555	Microbiome Analysis of Area in Proximity to White Spot Lesions Reveals More Harmful Plant Pathogens in Maize.	2025			AUTO_CANDIDATE_HIGH	no	Correct	Gui-Feng Gao	2026-08-30	strict_doi_match
Phaeosphaeria maydis	NOT_VERIFIED	fungi	NOT_VERIFIED.2	Gonçalves R M, Figueiredo J E F, Pedro E S, et al. Etiology of Phaeosphaeria leaf spot disease of maize[J]. Journal of Plant Pathology, 2013: 559-569. Carson M L. Yield loss potential of Phaeosphaeria leaf spot of maize caused by Phaeosphaeria maydis in the United States[J]. Plant disease, 2005, 89(9): 986-988. | NCBI Taxonomy 未收录 Phaeosphaeria maydis		10.1094/pd-89-0986	Yield Loss Potential of Phaeosphaeria Leaf Spot of Maize Caused by Phaeosphaeria maydis in the United States	Plant Disease	2005			30786633	Yield Loss Potential of Phaeosphaeria Leaf Spot of Maize Caused by Phaeosphaeria maydis in the United States.	2005			AUTO_CANDIDATE_HIGH	no	Correct	Gui-Feng Gao	2026-08-25	strict_doi_match
Phialophora radicicola / Gaeumannomyces radicicola	1577605	fungi	1577605.1	McKeen W E. Phialophora radicicola Cain, a corn rootrot pathogen[J]. Canadian Journal of Botany, 1952, 30(3): 344-347.		10.1139/b52-026	PHIALOPHORA RADICICOLA CAIN, A CORN ROOTROT PATHOGEN	Canadian Journal of Botany	1952								AUTO_CANDIDATE_HIGH	no	Correct	Gui-Feng Gao	2026-08-27	strict_doi_match
Phyllachora maydis	1825666	fungi	1825666.1	Solórzano J E, Cruz C D, Arenz B E, et al. Tar spot of corn: A diagnostic and methods guide[J]. Plant Health Progress, 2023, 24(1): 117-122.		10.1094/php-04-22-0033-dg	Tar Spot of Corn: A Diagnostic and Methods Guide	Plant Health Progress	2023								AUTO_CANDIDATE_HIGH	no	Correct	Gui-Feng Gao	2026-08-26	doi_corrected 10.1094/php-04-22-0033.1-dg -> 10.1094/php-04-22-0033-dg; removed_erratum_suffix; pmid_cleared_doi_changed
Physoderma maydis	276838	fungi	276838.1	Robertson A E, Jesse L, Munkvold G, et al. Physoderma brown spot and stalk rot of corn caused by Physoderma maydis in Iowa[J]. Plant Health Progress, 2015, 16(2): 90-92.		10.1094/php-br-15-0003	Physoderma Brown Spot and Stalk Rot of Corn Caused by Physoderma maydis in Iowa	Plant Health Progress	2015								AUTO_CANDIDATE_HIGH	no	Correct	Gui-Feng Gao	2026-08-29	doi_corrected 10.1094/php-br-15-0003ex -> 10.1094/php-br-15-0003; removed_ex_suffix; pmid_cleared_doi_changed
Physopella pallescens / Phakopsora pallescens	NOT_VERIFIED	fungi	NOT_VERIFIED.1	NYVALL R F. Field Crop Diseases. 3rd ed. Ames: Iowa State University Press, 1999 | NCBI Taxonomy 未收录 Phakopsora/Physopella pallescens		10.1007/978-1-4757-5221-2_7	Diseases of Field Beans	Field Crop Diseases Handbook	1989				The potential of optical canopy measurement for targeted control of field crop diseases.	2003	0.25		AUTO_CANDIDATE_LOW	yes	Incorrect	Gui-Feng Gao	2026-08-28	title_mismatch overlap=0.17; openalex_no_doi
Physopella zeae	NOT_VERIFIED	fungi	NOT_VERIFIED.1	Nihei T H, Ferreira J M. Diallel analysis of maize inbred lines with emphasis on resistance to leaf diseases[J]. Pesquisa Agropecuária Brasileira, 2012, 47: 369-377. | NCBI Taxonomy 未收录 Phakopsora/Physopella zeae		10.1094/phyto-78-65	Diallel Analysis of Resistance of Eight Maize Inbred Lines toSphacelotheca reiliana	Phytopathology	1988								AUTO_CANDIDATE_LOW	yes	Incorrect	Gui-Feng Gao	2026-08-23	title_mismatch overlap=0.33; openalex_no_doi
Puccinia polysora	684837	fungi	684837.1	Sun Q, Li L, Guo F, et al. Southern corn rust caused by Puccinia polysor a Underw: a review[J]. Phytopathology Research, 2021, 3(1): 25.		10.1186/s42483-021-00102-0	Southern corn rust caused by Puccinia polysora Underw: a review	Phytopathology Research	2021								AUTO_CANDIDATE_HIGH	no	Correct	Gui-Feng Gao	2026-08-22	strict_doi_match
Puccinia sorghi	27349	fungi	27349.1	Olukolu B A, Tracy W F, Wisser R, et al. A genome-wide association study for partial resistance to maize common rust[J]. Phytopathology, 2016, 106(7): 745-751.		10.1094/phyto-11-15-0305-r	A Genome-Wide Association Study for Partial Resistance to Maize Common Rust	Phytopathology®	2016			27003507	A Genome-Wide Association Study for Partial Resistance to Maize Common Rust.	2016			AUTO_CANDIDATE_HIGH	no	Correct	Gui-Feng Gao	2026-08-24	strict_doi_match
Pyricularia oryzae (Magnaporthe oryzae)	318829	fungi	318829.1	Pordel A, Ravel S, Charriat F, et al. Tracing the origin and evolutionary history of Pyricularia oryzae infecting maize and barnyard grass[J]. Phytopathology®, 2021, 111(1): 128-136.		10.1094/phyto-09-20-0423-r	Tracing the Origin and Evolutionary History of Pyricularia oryzae Infecting Maize and Barnyard Grass	Phytopathology®	2021			33100147	Tracing the Origin and Evolutionary History of Pyricularia oryzae Infecting Maize and Barnyard Grass.	2021			AUTO_CANDIDATE_HIGH	no	Correct	Gui-Feng Gao	2026-08-23	strict_doi_match
Rhizoctonia solani (Thanatephorus cucumeris)	456999	fungi	456999.1	Pascual, Toda, Raymondo, et al. Characterization by conventional techniques and PCR of Rhizoctonia solani isolates causing banded leaf sheath blight in maize[J]. Plant Pathology, 2000, 49(1): 108-118.		10.1046/j.1365-3059.2000.00429.x	Characterization by conventional techniques and PCR of Rhizoctonia solani isolates causing banded leaf sheath blight in maize	Plant Pathology	2000								AUTO_CANDIDATE_HIGH	no	Correct	Gui-Feng Gao	2026-08-29	strict_doi_match
Rhizopus arrhizus	64495	fungi	64495.1	Morales-Barron B M, Larios-Serrato V, Morales-García Y E, et al. Effect of Pseudomonas protegens EMM-1 Against Rhizopus oryzae in Interactions with Mexican Autochthonous Red Maize[J]. Life, 2025, 15(4): 554.		10.3390/life15040554	Effect of Pseudomonas protegens EMM-1 Against Rhizopus oryzae in Interactions with Mexican Autochthonous Red Maize	Life	2025			40283109	Effect of Pseudomonas protegens EMM-1 Against Rhizopus oryzae in Interactions with Mexican Autochthonous Red Maize.	2025			AUTO_CANDIDATE_HIGH	no	Correct	Gui-Feng Gao	2026-08-27	strict_doi_match
Rhizopus stolonifer	4846	fungi	4846.1	Pscheidt JW, Ocamb CM. Corn (Zea mays)—Ear Rots. Pacific Northwest Plant Disease Management Handbook.		10.1016/b978-0-444-87468-9.50024-9	EPIDEMIOLOGY OF CORN (ZEA MAYS L.) EAR ROT CAUSED BY FUSARIUM spp.	Fusarium	1989								AUTO_CANDIDATE_LOW	yes	Not found	Gui-Feng Gao	2026-08-28	title_mismatch overlap=0.30; openalex_no_doi
Sarocladium strictum (Acremonium strictum)	5046	fungi	5046.1	Tagne A, Neergaard E, Hansen H J, et al. Studies of host—pathogen interaction between maize and Acremonium strictum from Cameroon[J]. European Journal of Plant Pathology, 2002, 108(2): 93-102.		10.1023/a:1015092030874	Studies of Host—pathogen Interaction Between Maize and Acremonium strictum From Cameroon	European Journal of Plant Pathology	2002								AUTO_CANDIDATE_HIGH	no	Correct	Gui-Feng Gao	2026-08-30	strict_doi_match
Sarocladium zeae/Acremonium zeae	1036732	fungi	1036732.1	Harish J, Prasannakumar M K, Venkateshbabu G, et al. Molecular and genomic insights into the pathogenicity of Sarocladium zeae causing maize stalk rot disease[J]. Microbiological Research, 2025, 296: 128146.		10.1016/j.micres.2025.128146	Molecular and genomic insights into the pathogenicity of Sarocladium zeae causing maize stalk rot disease	Microbiological Research	2025			40168814	Molecular and genomic insights into the pathogenicity of Sarocladium zeae causing maize stalk rot disease.	2025			AUTO_CANDIDATE_HIGH	no	Correct	Gui-Feng Gao	2026-08-24	strict_doi_match
Septoria maydis	NOT_VERIFIED	fungi	NOT_VERIFIED.1	CIMMYT Maize Program. Maize Diseases: A Guide for Field Identification. 4th ed.		10.4060/cb6351en	Field guide for recognition, identification and management of pests and diseases of commercial tree species in Uganda		2021								AUTO_CANDIDATE_LOW	yes	Not found	Gui-Feng Gao	2026-08-29	title_mismatch overlap=0.38; openalex_no_doi
Septoria maydis	NOT_VERIFIED	fungi	NOT_VERIFIED.2	Mexico, D.F.: International Maize and Wheat Improvement Center (CIMMYT). 119 pp.2004. | NCBI Taxonomy 未收录 Septoria maydis		10.14218/mrp.2015.029	为何PubMed 可以检索 MEDLINE 未曾收录的文章？	Medical Research & Publication	2015								AUTO_CANDIDATE_LOW	yes	Incorrect	Gui-Feng Gao	2026-08-26	title_mismatch overlap=0.00; openalex_no_doi
Septoria zeina/Septoria zeae	NOT_VERIFIED	fungi	NOT_VERIFIED.1	QI P K, BAI J K, ZHU G X. Fungal Diseases of Cultured Plants of Jilin. Beijing: Science Press, 1966. (in Chinese) | NCBI Taxonomy 未收录 Septoria zeina (不同于 Cercospora zeina)		10.1016/b978-0-124-64450-2.x5001-3	Fungal Wilt Diseases of Plants		1981								AUTO_CANDIDATE_HIGH	yes	Incorrect	Gui-Feng Gao	2026-08-21	title_mismatch overlap=0.25; openalex_no_doi
Setophoma terrestris (Phoma terrestris/Pyrenochaeta terrestris )	798162	fungi	798162.1	Yoshida N. Seasonal dynamics of the pink root fungus (Setophoma terrestris) in rhizosphere soil: Effect of crop species and rotation[J]. Plant Pathology, 2022, 71(2): 361-372.		10.1111/ppa.13464	Seasonal dynamics of the pink root fungus ( Setophoma terrestris ) in rhizosphere soil: Effect of crop species and rotation	Plant Pathology	2021								AUTO_CANDIDATE_HIGH	no	Correct	Gui-Feng Gao	2026-08-22	strict_doi_match
Sporisorium reilianum (Sphacelotheca reiliana)	72558	fungi	72558.1	Ghareeb H, Becker A, Iven T, et al. Sporisorium reilianum infection changes inflorescence and branching architectures of maize[J]. Plant physiology, 2011, 156(4): 2037-2052.		10.1104/pp.111.179499	Sporisorium reilianumInfection Changes Inflorescence and Branching Architectures of Maize	Plant Physiology	2011			21653782	Sporisorium reilianum infection changes inflorescence and branching architectures of maize.	2011			AUTO_CANDIDATE_HIGH	no	Correct	Gui-Feng Gao	2026-08-29	strict_doi_match
Stenocarpella macrospora	371126	fungi	371126.1	| McGee DC. (1988). Maize diseases: a reference source for seed technologists.		10.2307/3760093	Maize Diseases: A Reference Source for Seed Technologists	Mycologia	1989								AUTO_CANDIDATE_HIGH	no	Correct	Gui-Feng Gao	2026-08-28	strict_doi_match
Stenocarpella maydis (Diplodia maydis)	238245	fungi	238245.1	Wicklow D T, Rogers K D, Dowd P F, et al. Bioactive metabolites from Stenocarpella maydis, a stalk and ear rot pathogen of maize[J]. Fungal biology, 2011, 115(2): 133-142.		10.1016/j.funbio.2010.11.003	Bioactive metabolites from Stenocarpella maydis, a stalk and ear rot pathogen of maize	Fungal Biology	2011			21315311	Bioactive metabolites from Stenocarpella maydis, a stalk and ear rot pathogen of maize.	2011			AUTO_CANDIDATE_HIGH	no	Correct	Gui-Feng Gao	2026-08-28	strict_doi_match
Talaromyces radicus	228353	fungi	228353.1	王晓鸣, 王振营.		10.33142/hst.v1i1.14	新时期大数据智能电网构建研究	水电科技	2018								AUTO_CANDIDATE_LOW	yes	Incorrect	Gui-Feng Gao	2026-08-24	title_mismatch overlap=0.00; openalex_no_doi
Talaromyces radicus	228353	fungi	228353.2	中国玉米病虫草害图鉴.		10.37155/2811-0617-0412-47	玉米病虫害综合防治技术	农业科技与发展	2025								AUTO_CANDIDATE_LOW	yes	Incorrect	Gui-Feng Gao	2026-08-30	title_mismatch overlap=0.00; openalex_no_doi
Talaromyces radicus	228353	fungi	228353.3	北京: 中国农业出版社, 2018. WANG X M, WANG Z Y.		10.2139/ssrn.4484815	A Novel Method of Abnormal Event Location in Rdts Based on Graphsage		2023								AUTO_CANDIDATE_LOW	yes	Incorrect	Gui-Feng Gao	2026-08-29	title_mismatch overlap=0.00; openalex_no_doi
Talaromyces radicus	228353	fungi	228353.4	Illustrated Handbook of Maize Diseases, Insect Pests and Weeds in China. Beijing: China Agriculture Press, 2018. (in Chinese)		10.17660/ejhs.2019/84.1.6	Effects of partial root drying on strawberry fruit	European Journal of Horticultural Science	2019								AUTO_CANDIDATE_LOW	yes	Incorrect	Gui-Feng Gao	2026-08-21	title_mismatch overlap=0.08; openalex_no_doi
Trichoderma afroharzianum	1567482	fungi	1567482.1	Harish J, Prasannakumar M K, Karan R, et al. Trichoderma spp. as a novel pathogen for maize post-flowering stalk rot in India[J]. Crop Protection, 2025, 195: 107255.		10.1016/j.cropro.2025.107255	Trichoderma spp. as a novel pathogen for maize post-flowering stalk rot in India	Crop Protection	2025								AUTO_CANDIDATE_HIGH	no	Correct	Gui-Feng Gao	2026-08-25	strict_doi_match
Trichoderma asperellum	101201	fungi	101201.1	Wang W, Xiao S, Que F, et al. Maize Knows Friends or Foes? The Dark Side of Trichoderma asperellum as a Maize Ear Rot Pathogenic Fungus[J]. Plant Biotechnology Journal, 2026, 24(4): 2701-2703.		10.1111/pbi.70489	Maize Knows Friends or Foes? The Dark Side of Trichoderma asperellum as a Maize Ear Rot Pathogenic Fungus	Plant Biotechnology Journal	2025			41457041	Maize Knows Friends or Foes? The Dark Side of Trichoderma asperellum as a Maize Ear Rot Pathogenic Fungus.	2026			AUTO_CANDIDATE_HIGH	no	Correct	Gui-Feng Gao	2026-08-22	strict_doi_match
Trichoderma hamatum	49224	fungi	49224.1	McFadden A G, Sutton J C. Relationships of populations of Trichoderma spp. in soil to disease in maize[J]. Canadian journal of plant science, 1975, 55(2): 579-586.		10.4141/cjps75-085	RELATIONSHIPS OF POPULATIONS OF TRICHODERMA SPP. IN SOIL TO DISEASE IN MAIZE	Canadian Journal of Plant Science	1975								AUTO_CANDIDATE_LOW	no	Correct	Gui-Feng Gao	2026-08-27	strict_doi_match
Trichoderma hamatum	49224	fungi	49224.2	Sobowale A A, Odebode A C, Cardwell K F, et al. Antagonistic potential of Trichoderma longibrachiatum and T. hamatum resident on maize (Zea mays) plant against Fusarium verticillioides (Nirenberg) isolated from rotting maize stem[J]. Archives of Phytopathology and Plant protection, 2010, 43(8): 744-753.		10.1080/03235400802175904	Antagonistic potential ofTrichoderma longibrachiatumandT. hamatumresident on maize (Zea mays) plant againstFusarium verticillioides(Nirenberg) isolated from rotting maize stem	Archives Of Phytopathology And Plant Protection	2010								AUTO_CANDIDATE_HIGH	no	Correct	Gui-Feng Gao	2026-08-24	strict_doi_match
Trichoderma harzianum	5544	fungi	5544.1	Harish J, Prasannakumar M K, Karan R, et al. Trichoderma spp. as a novel pathogen for maize post-flowering stalk rot in India[J]. Crop Protection, 2025, 195: 107255.		10.1016/j.cropro.2025.107255	Trichoderma spp. as a novel pathogen for maize post-flowering stalk rot in India	Crop Protection	2025								AUTO_CANDIDATE_HIGH	no	Correct	Gui-Feng Gao	2026-08-29	strict_doi_match
Trichoderma koningii	97093	fungi	97093.1	SUTTON J C. Trichoderma koningii as a parasite of maize seedlings[J]. Canadian journal of plant science, 1972, 52(6): 1037-1042.		10.4141/cjps72-176	TRICHODERMA KONINGII AS A PARASITE OF MAIZE SEEDLINGS	Canadian Journal of Plant Science	1972								AUTO_CANDIDATE_HIGH	no	Correct	Gui-Feng Gao	2026-08-29	strict_doi_match
Trichoderma roseum /Trichothecium roseum	47278	fungi	47278.1	Xue C S, Xu J N, Sun J Y, et al. First report of Trichothecium roseum causing maize (Zea mays) ear rot in Northern China[J]. Plant Disease, 2016, 100(11): 2324-2324.		10.1094/pdis-03-16-0358-pdn	First Report of Trichothecium roseum Causing Maize (Zea mays) Ear Rot in Northern China	Plant Disease	2016								AUTO_CANDIDATE_HIGH	no	Correct	Gui-Feng Gao	2026-08-29	strict_doi_match
Trichoderma viride	5547	fungi	5547.1	Robertson, A. 2004. Corn Ear Rots. Iowa State University IPM.IC-492(21) [October 4, 2004] Available at https://lib.dr.iastate.edu/cgi/viewcontent.cgi?referer=https://www.google.com/&httpsredir=1&article=2505&context=cropnews [URL verified 3/28/2019].		10.31274/icm-180809-92	Managing rotten corn: An overview of corn ear rots	Proceedings of the Integrated Crop Management Conference	2012								AUTO_CANDIDATE_LOW	yes	Incorrect	Gui-Feng Gao	2026-08-29	title_mismatch overlap=0.13; openalex_no_doi
Ustilaginoidea virens	1159556	fungi	1159556.1	Gohel N M, Patil R K, Pandey R N, et al. A NEW REPORT ON OCCURRENCE OF FALSE HEAD SMUT [USTILAGINOIDEA VIRENS (COOKE) TAKAHASHI] OF MAIZE (ZEA MAYS L.) FROM GUJARAT, INDIA[J]. Bioscan (Suppl Plant Pathol), 2014, 9(3): 1147-1149.		10.1079/cabicompendium.55958	Ustilaginoidea virens (false smut)	CABI Compendium	2021								AUTO_CANDIDATE_LOW	yes	Incorrect	Gui-Feng Gao	2026-08-29	title_mismatch overlap=0.19; openalex_no_doi
Waitea zeae (Rhizoctonia zeae)	49569	fungi	49569.1	Gambhir N, Kodati S, Adesemoye A O, et al. Fungicide Sensitivity and Nontarget Site Resistance in Rhizoctonia zeae Isolates Collected from Corn and Soybean Fields in Nebraska[J]. Plant Disease, 2025, 109(1): 217-227.		10.1094/pdis-02-24-0352-re	Fungicide Sensitivity and Nontarget Site Resistance in Rhizoctonia zeae Isolates Collected from Corn and Soybean Fields in Nebraska	Plant Disease	2025			39254848	Fungicide Sensitivity and Nontarget Site Resistance in Rhizoctonia zeae Isolates Collected from Corn and Soybean Fields in Nebraska.	2025			AUTO_CANDIDATE_HIGH	no	Correct	Gui-Feng Gao	2026-08-30	strict_doi_match
Xepiculopsis graminea/Myrothecium gramineum	226117	fungi	226117.1	NYVALL R F. Field Crop Diseases. 3rd ed. Ames: Iowa State University Press, 1999.		10.1007/978-1-4757-5221-2_7	Diseases of Field Beans	Field Crop Diseases Handbook	1989				The potential of optical canopy measurement for targeted control of field crop diseases.	2003	0.25		AUTO_CANDIDATE_LOW	yes	Incorrect	Gui-Feng Gao	2026-08-25	title_mismatch overlap=0.22; openalex_no_doi
Globisporangium irregulare (Pythium irregulare)	36331	oomycetes	36331.1	Munkvold G P, White D G. Compendium of corn diseases[M]. 2016.		10.1094/9780890544945	Compendium of Corn Diseases, Fourth Edition	APS Press	2016								AUTO_CANDIDATE_HIGH	no	Correct	Gui-Feng Gao	2026-08-21	title_mismatch overlap=0.47; openalex_no_doi; book_title_verified
Globisporangium irregulare (Pythium irregulare)	36331	oomycetes	36331.2	王晓鸣等.		10.37155/2705-0653-0705-5	数字时代背景下邢台高等院校思想育人创新研究	教育理论与应用	2025								AUTO_CANDIDATE_LOW	yes	Not found	Gui-Feng Gao	2026-08-22	title_mismatch overlap=0.00; openalex_no_doi title_found_no_doi
Globisporangium irregulare (Pythium irregulare)	36331	oomycetes	36331.3	玉米病害和病原名称整理及其汉译名称规范化探讨. 《中国农业科学》,2022.		10.11922/sciencedb.538	Land-Use Data Set Based on “Gaofen-1 Satellite” Data	Science Data Bank Datasets					Sex disparities in STEMI and stroke outcomes persist despite universal health care: a nationwide study in Spain (2007-2022).	2026	0.053		AUTO_CANDIDATE_LOW	yes	Incorrect	Gui-Feng Gao	2026-08-22	title_mismatch overlap=0.00; openalex_no_doi
Globisporangium rostratum (Pythium rostratum )	2711123	oomycetes	2711123.1	Munkvold G P, White D G. Compendium of corn diseases[M]. 2016.		10.1094/9780890544945	Compendium of Corn Diseases, Fourth Edition	APS Press	2016								AUTO_CANDIDATE_HIGH	no	Correct	Gui-Feng Gao	2026-08-22	title_mismatch overlap=0.47; openalex_no_doi; book_title_verified
Globisporangium rostratum (Pythium rostratum )	2711123	oomycetes	2711123.2	王晓鸣等.		10.37155/2705-0653-0705-5	数字时代背景下邢台高等院校思想育人创新研究	教育理论与应用	2025								AUTO_CANDIDATE_LOW	yes	Not found	Gui-Feng Gao	2026-08-21	title_mismatch overlap=0.00; openalex_no_doi title_found_no_doi
Globisporangium rostratum (Pythium rostratum )	2711123	oomycetes	2711123.3	玉米病害和病原名称整理及其汉译名称规范化探讨. 《中国农业科学》,2023.		10.11922/sciencedb.538	Land-Use Data Set Based on “Gaofen-1 Satellite” Data	Science Data Bank Datasets					Corrigendum to "Japanese clinical practice guidelines for oral cancer, 2023" [Int J Oral Maxillofac Surg 54(5) (2025) 461-476].	2026	0.05		AUTO_CANDIDATE_LOW	yes	Incorrect	Gui-Feng Gao	2026-08-30	title_mismatch overlap=0.00; openalex_no_doi
Peronosclerospora heteropogonis	467162	oomycetes	467162.1	MATHUR K, TRIVEDI A, RATHORE R S. Assessment of losses caused by Peronosclerospora heteropogoni, incitant of downy mildew of Maize[J]. 2006.		10.1079/cabicompendium.44640	Peronosclerospora maydis (downy mildew of maize)	CABI Compendium	2021								AUTO_CANDIDATE_LOW	yes	Incorrect	Gui-Feng Gao	2026-08-30	title_mismatch overlap=0.38; openalex_no_doi
Peronosclerospora maydis	886949	oomycetes	886949.1	Ramsey M D, Jones D R. Peronosclerospora maydis found on maize, sweetcorn and plume sorghum in Far North Queensland[J]. Plant pathology, 1988, 37(4): 581-587.		10.1111/j.1365-3059.1988.tb02118.x	Peronosclerospora maydis found on maize, sweetcorn and plume sorghum in Far North Queensland	Plant Pathology	1988								AUTO_CANDIDATE_HIGH	no	Correct	Gui-Feng Gao	2026-08-26	strict_doi_match
Peronosclerospora miscanthi	1081076	oomycetes	1081076.1	Crouch J A, Davis W J, Shishkoff N, et al. Peronosporaceae species causing downy mildew diseases of Poaceae, including nomenclature revisions and diagnostic resources[J]. Fungal Systematics and Evolution, 2022, 9(1): 43-86.		10.3114/fuse.2022.09.05	Peronosporaceae Species Causing Downy Mildew Diseases of Poaceae, Including Nomenclature Revisions and Diagnostic Resources	Fungal Systematics and Evolution	2022			35978987	Peronosporaceae species causing downy mildew diseases of Poaceae, including nomenclature revisions and diagnostic resources.	2022			AUTO_CANDIDATE_HIGH	no	Correct	Gui-Feng Gao	2026-08-25	doi_corrected 10.3114/fuse.2022.09.05_supp -> 10.3114/fuse.2022.09.05; removed_supp_suffix
Peronosclerospora philippinensis	886948	oomycetes	886948.1	Telle S, Shivas R G, Ryley M J, et al. Molecular phylogenetic analysis of Peronosclerospora (Oomycetes) reveals cryptic species and genetically distinct species parasitic to maize[J]. European Journal of Plant Pathology, 2011, 130(4): 521-528.		10.1007/s10658-011-9772-8	Molecular phylogenetic analysis of Peronosclerospora (Oomycetes) reveals cryptic species and genetically distinct species parasitic to maize	European Journal of Plant Pathology	2011								AUTO_CANDIDATE_HIGH	no	Correct	Gui-Feng Gao	2026-08-28	strict_doi_match
Peronosclerospora sacchari	467161	oomycetes	467161.1	Yao C, Magill C W, Frederiksen R A, et al. Detection and identification of Peronosclerospora sacchari in maize by DNA hybridization[J]. Phytopathology, 1991, 81(8): 901-905.		10.1094/phyto-81-901	Detection and Identification ofPeronosclerospora sacchariin Maize by DNA Hybridization	Phytopathology	1991								AUTO_CANDIDATE_HIGH	no	Correct	Gui-Feng Gao	2026-08-24	strict_doi_match
Peronosclerospora sorghi	230839	oomycetes	230839.1	Adenle V O, Cardwell K F. Seed transmission of maize downy mildew (Peronosclerospora sorghi) in Nigeria[J]. Plant pathology, 2000, 49(5): 628-634.		10.1046/j.1365-3059.2000.00484.x	Seed transmission of maize downy mildew ( Peronosclerospora sorghi ) in Nigeria	Plant Pathology	2000								AUTO_CANDIDATE_HIGH	no	Correct	Gui-Feng Gao	2026-08-24	strict_doi_match
Peronosclerospora spontanea	NOT_VERIFIED	oomycetes	NOT_VERIFIED.1	Crouch J A, Davis W J, Shishkoff N, et al. Peronosporaceae species causing downy mildew diseases of Poaceae, including nomenclature revisions and diagnostic resources[J]. Fungal Systematics and Evolution, 2022, 9(1): 43-86. | NCBI Taxonomy 未收录 Peronosclerospora spontanea		10.3114/fuse.2022.09.05	Peronosporaceae Species Causing Downy Mildew Diseases of Poaceae, Including Nomenclature Revisions and Diagnostic Resources	Fungal Systematics and Evolution	2022			35978987	Peronosporaceae species causing downy mildew diseases of Poaceae, including nomenclature revisions and diagnostic resources.	2022			AUTO_CANDIDATE_HIGH	no	Correct	Gui-Feng Gao	2026-08-20	doi_corrected 10.3114/fuse.2022.09.05_supp -> 10.3114/fuse.2022.09.05; removed_supp_suffix
Pythium acanthicum	65069	oomycetes	65069.1	Munkvold G P, White D G. Compendium of corn diseases[M]. 2016.		10.1094/9780890544945	Compendium of Corn Diseases, Fourth Edition	APS Press	2016								AUTO_CANDIDATE_HIGH	no	Correct	Gui-Feng Gao	2026-08-25	title_mismatch overlap=0.47; openalex_no_doi; book_title_verified
Pythium acanthicum	65069	oomycetes	65069.2	王晓鸣等.		10.37155/2705-0653-0705-5	数字时代背景下邢台高等院校思想育人创新研究	教育理论与应用	2025								AUTO_CANDIDATE_LOW	yes	Not found	Gui-Feng Gao	2026-08-25	title_mismatch overlap=0.00; openalex_no_doi title_found_no_doi
Pythium acanthicum	65069	oomycetes	65069.3	玉米病害和病原名称整理及其汉译名称规范化探讨. 《中国农业科学》,2020.		10.11922/sciencedb.538	Land-Use Data Set Based on “Gaofen-1 Satellite” Data	Science Data Bank Datasets					Supervised consumption service use and high-frequency public injecting among people who inject drugs in Toronto: A cross-sectional analysis (2018-2020).	2026	0.043		AUTO_CANDIDATE_LOW	yes	Incorrect	Gui-Feng Gao	2026-08-21	title_mismatch overlap=0.00; openalex_no_doi
Pythium adhaerens	289596	oomycetes	289596.1	Munkvold G P, White D G. Compendium of corn diseases[M]. 2016.		10.1094/9780890544945	Compendium of Corn Diseases, Fourth Edition	APS Press	2016								AUTO_CANDIDATE_HIGH	no	Correct	Gui-Feng Gao	2026-08-25	title_mismatch overlap=0.47; openalex_no_doi; book_title_verified
Pythium adhaerens	289596	oomycetes	289596.2	王晓鸣等.		10.37155/2705-0653-0705-5	数字时代背景下邢台高等院校思想育人创新研究	教育理论与应用	2025								AUTO_CANDIDATE_LOW	yes	Not found	Gui-Feng Gao	2026-08-29	title_mismatch overlap=0.00; openalex_no_doi title_found_no_doi
Pythium adhaerens	289596	oomycetes	289596.3	玉米病害和病原名称整理及其汉译名称规范化探讨. 《中国农业科学》,2021.		10.11922/sciencedb.538	Land-Use Data Set Based on “Gaofen-1 Satellite” Data	Science Data Bank Datasets					Corrigendum to "P53-independent partial restoration of the p53 pathway in tumors with mutated p53 through ATF4 transcriptional modulation by ERK1/2 and CDK9" [Neoplasia, Volume 23 (2021) 304-325].	2026	0.034		AUTO_CANDIDATE_LOW	yes	Incorrect	Gui-Feng Gao	2026-08-20	title_mismatch overlap=0.00; openalex_no_doi
Pythium angustatum	289598	oomycetes	289598.1	Irwin J, Singh S, Kochman J, et al. Pathogen risks associated with bulk maize imports to australia from the United States of America[J]. A report by technical working group, 1999, 1.		10.1787/647445123515	Imports of services from the United States										AUTO_CANDIDATE_LOW	yes	Incorrect	Gui-Feng Gao	2026-08-26	title_mismatch overlap=0.32; openalex_no_doi
Pythium aphanidermatum	65070	oomycetes	65070.1	Bickel J T, Koehler A M. Review of Pythium species causing damping-off in corn[J]. Plant Health Progress, 2021, 22(3): 219-225.		10.1094/php-02-21-0046-fi	Review of Pythium Species Causing Damping-Off in Corn	Plant Health Progress	2021								AUTO_CANDIDATE_HIGH	no	Correct	Gui-Feng Gao	2026-08-22	strict_doi_match
Pythium aristosporum	140044	oomycetes	140044.1	Hou M, Cao Y, Zhang X, et al. Genome-wide association study of maize resistance to Pythium aristosporum stalk rot[J]. Frontiers in Plant Science, 2023, 14: 1239635.		10.3389/fpls.2023.1239635	Genome-wide association study of maize resistance to Pythium aristosporum stalk rot	Frontiers in Plant Science	2023			37662167	Genome-wide association study of maize resistance to Pythium aristosporum stalk rot.	2023			AUTO_CANDIDATE_HIGH	no	Correct	Gui-Feng Gao	2026-08-22	strict_doi_match
Pythium arrhenomanes	82932	oomycetes	82932.1	Deep I W, Lipps P E. Recovery of Pythium arrhenomanes and its virulence to corn[J]. Crop Protection, 1996, 15(1): 85-90.		10.1016/0261-2194(95)00120-4	Recovery of Pythium arrhenomanes and its virulence to corn	Crop Protection	1996								AUTO_CANDIDATE_HIGH	no	Correct	Gui-Feng Gao	2026-08-24	strict_doi_match
Pythium debaryanum /Globisporangium debaryanum	231958	oomycetes	231958.1	Foley D C. Resistance to Pythium debaryanum in Zea mays seedlings[C]//Proceedings of the Iowa Academy of Science. 1980, 87(4): 134-138.		10.1079/cabicompendium.31300874	Pythium debaryanum (damping-off)	CABI Compendium	2021								AUTO_CANDIDATE_LOW	yes	Incorrect	Gui-Feng Gao	2026-08-20	title_mismatch overlap=0.15; openalex_no_doi
Pythium debaryanum /Globisporangium debaryanum	231958	oomycetes	231958.2	Bickel J T, Koehler A M. Review of Pythium species causing damping-off in corn[J]. Plant Health Progress, 2021, 22(3): 219-225.		10.1094/php-02-21-0046-fi	Review of Pythium Species Causing Damping-Off in Corn	Plant Health Progress	2021								AUTO_CANDIDATE_HIGH	no	Correct	Gui-Feng Gao	2026-08-23	strict_doi_match
Pythium graminicola	82937	oomycetes	82937.1	Erwin D C, Cameron J W. Susceptibility of five Sweet Com varieties to Pythium graminicola[J]. 1957.		10.1079/cabicompendium.46149	Pythium graminicola (seedling blight of grasses)	CABI Compendium	2021								AUTO_CANDIDATE_LOW	yes	Incorrect	Gui-Feng Gao	2026-08-26	title_mismatch overlap=0.27; openalex_no_doi
Pythium helicoides / Phytopythium helicoides	126844	oomycetes	126844.1	Xie X Y, Zhou H Z, Fan S S, et al. First report of Phytopythium helicoides causing stalk rot on corn in China[J]. Plant disease, 2021, 105(11): 3766.		10.1094/pdis-02-21-0429-pdn	First Report of Phytopythium helicoides Causing Stalk Rot on Corn in China	Plant Disease	2021								AUTO_CANDIDATE_HIGH	no	Correct	Gui-Feng Gao	2026-08-28	strict_doi_match
Pythium inflatum	82938	oomycetes	82938.1	Yang D E, Jin D M, Wang B, et al. Characterization and mapping of Rpi1, a gene that confers dominant resistance to stalk rot in maize[J]. Molecular genetics and genomics, 2005, 274(3): 229-234.		10.1007/s00438-005-0016-5	Characterization and mapping of Rpi1, a gene that confers dominant resistance to stalk rot in maize	Molecular Genetics and Genomics	2005			16133168	Characterization and mapping of Rpi1, a gene that confers dominant resistance to stalk rot in maize.	2005			AUTO_CANDIDATE_HIGH	no	Correct	Gui-Feng Gao	2026-08-20	strict_doi_match
Pythium lutarium	289618	oomycetes	289618.1	Acharya, Jyotsna, and Alison E. Robertson. "Effect of allelochemicals from cereal rye cultivar and Pythium lutarium on corn growth and disease." PhytoFrontiers™ 3.4 (2023): 847-854.		10.1094/phytofr-11-22-0137-r	Effect of Allelochemicals from Cereal Rye Cultivar and Pythium lutarium on Corn Growth and Disease	PhytoFrontiers™	2023				Generalisation between motor and declarative memory sequences: A conceptual replication of Mosha & Robertson (2016).	2026	0.071		AUTO_CANDIDATE_HIGH	no	Correct	Gui-Feng Gao	2026-08-22	strict_doi_match
Pythium paroecandrum/ Globisporangium paroecandrum	2125995	oomycetes	2125995.1	KONDO N, KODAMA F, AKAI J. Pathogenicity of Pythium species isolated from ungerminated corn seeds planted at a low temperature[J]. Japanese Journal of Phytopathology, 1986, 52(4): 585-589.		10.3186/jjphytopath.52.585	Pathogenicity of Pythium species isolated from ungerminated corn seeds planted at a low temperature.	Japanese Journal of Phytopathology	1986								AUTO_CANDIDATE_HIGH	no	Correct	Gui-Feng Gao	2026-08-23	strict_doi_match
Pythium pulchrum / Globisporangium pulchrum	115420	oomycetes	115420.1	Bickel J T, Koehler A M. Review of Pythium species causing damping-off in corn[J]. Plant Health Progress, 2021, 22(3): 219-225.		10.1094/php-02-21-0046-fi	Review of Pythium Species Causing Damping-Off in Corn	Plant Health Progress	2021								AUTO_CANDIDATE_HIGH	no	Correct	Gui-Feng Gao	2026-08-25	strict_doi_match
Pythium schmitthenneri / Globisporangium schmitthenneri	1277646	oomycetes	1277646.1	Ellis M L, Paul P A, Dorrance A E, et al. Two new species of Pythium, P. schmitthenneri and P. selbyi pathogens of corn and soybean in Ohio[J]. Mycologia, 2012, 104(2): 477-487.		10.3852/11-162	Two new species of Pythium , P. schmitthenneri and P. selbyi pathogens of corn and soybean in Ohio	Mycologia	2012			22123655	Two new species of Pythium, P. schmitthenneri and P. selbyi pathogens of corn and soybean in Ohio.	2012			AUTO_CANDIDATE_HIGH	no	Correct	Gui-Feng Gao	2026-08-21	strict_doi_match
Pythium spinosum /Globisporangium spinosum	2125998	oomycetes	2125998.1	KONDO N, KODAMA F, AKAI J. Pathogenicity of Pythium species isolated from ungerminated corn seeds planted at a low temperature[J]. Japanese Journal of Phytopathology, 1986, 52(4): 585-589.		10.3186/jjphytopath.52.585	Pathogenicity of Pythium species isolated from ungerminated corn seeds planted at a low temperature.	Japanese Journal of Phytopathology	1986								AUTO_CANDIDATE_HIGH	no	Correct	Gui-Feng Gao	2026-08-27	strict_doi_match
Pythium splendens/Globisporangium splendens	82926	oomycetes	82926.1	Dorrance A E, Berry S A, Lipps P E. Characterization of Pythium spp. from three Ohio fields for pathogenicity on corn and soybean and metalaxyl sensitivity[J]. Plant Health Progress, 2004, 5(1): 10.		10.1094/php-2004-0202-01-rs	Characterization of Pythium spp. from Three Ohio Fields for Pathogenicity on Corn and Soybean and Metalaxyl Sensitivity	Plant Health Progress	2004								AUTO_CANDIDATE_HIGH	no	Correct	Gui-Feng Gao	2026-08-25	strict_doi_match
Pythium sylvaticum / Globisporangium sylvaticum	82950	oomycetes	82950.1	Tang X, Chen S, Yan X, et al. First Report of Pythium torulosum Causing Corn Root Rot in Northeastern China[J]. Plant disease, 2021, 105(3): 712-712.		10.1094/pdis-08-20-1679-pdn	First Report of Pythium torulosum Causing Corn Root Rot in Northeastern China	Plant Disease	2021								AUTO_CANDIDATE_HIGH	no	Correct	Gui-Feng Gao	2026-08-28	strict_doi_match
Pythium torulosum	4799	oomycetes	4799.1	Tang X, Chen S, Yan X, et al. First Report of Pythium torulosum Causing Corn Root Rot in Northeastern China[J]. Plant disease, 2021, 105(3): 712-712.		10.1094/pdis-08-20-1679-pdn	First Report of Pythium torulosum Causing Corn Root Rot in Northeastern China	Plant Disease	2021								AUTO_CANDIDATE_HIGH	no	Correct	Gui-Feng Gao	2026-08-27	strict_doi_match
Pythium ultimum	2052682	oomycetes	2052682.1	Broders K D, Lipps P E, Paul P A, et al. Characterization of Pythium spp. associated with corn and soybean seed and seedling disease in Ohio[J]. Plant disease, 2007, 91(6): 727-735.		10.1094/pdis-91-6-0727	Characterization of Pythium spp. Associated with Corn and Soybean Seed and Seedling Disease in Ohio	Plant Disease	2007			30780657	Evaluation of Fusarium graminearum Associated with Corn and Soybean Seed and Seedling Disease in Ohio.	2007			AUTO_CANDIDATE_HIGH	no	Correct	Gui-Feng Gao	2026-08-21	strict_doi_match
Pythium vexans/Phytopythium vexans	907947	oomycetes	907947.1	Bickel J T, Koehler A M. Review of Pythium species causing damping-off in corn[J]. Plant Health Progress, 2021, 22(3): 219-225.		10.1094/php-02-21-0046-fi	Review of Pythium Species Causing Damping-Off in Corn	Plant Health Progress	2021								AUTO_CANDIDATE_HIGH	no	Correct	Gui-Feng Gao	2026-08-25	strict_doi_match
Sclerophthora macrospora	467176	oomycetes	467176.1	Trdan S, Celar F. The first and mass occurrence of fungus Sclerophthora macrospora (Sacc.) Thirumalachar, CG Shaw & Narasimhan on maize in Slovenia[J]. 1999.		10.14720/aas.1999.73.2.15988	The first and mass occurrence of fungus Sclerophthora macrospora (SACC.) Thirumalachar, C. G. Shaw and Narasimhan on maize in Slovenia	Acta agriculturae Slovenica	1999								AUTO_CANDIDATE_LOW	no	Correct	Gui-Feng Gao	2026-08-28	strict_doi_match
Sclerophthora rayssiae / Sclerophthora rayssiae var. zeae	NOT_VERIFIED	oomycetes	NOT_VERIFIED.1	Crouch J A, Davis W J, Shishkoff N, et al. Peronosporaceae species causing downy mildew diseases of Poaceae, including nomenclature revisions and diagnostic resources[J]. Fungal Systematics and Evolution, 2022, 9(1): 43-86. | NCBI Taxonomy 未收录 Sclerophthora rayssiae		10.3114/fuse.2022.09.05	Peronosporaceae Species Causing Downy Mildew Diseases of Poaceae, Including Nomenclature Revisions and Diagnostic Resources	Fungal Systematics and Evolution	2022			35978987	Peronosporaceae species causing downy mildew diseases of Poaceae, including nomenclature revisions and diagnostic resources.	2022			AUTO_CANDIDATE_HIGH	no	Correct	Gui-Feng Gao	2026-08-30	doi_corrected 10.3114/fuse.2022.09.05_supp -> 10.3114/fuse.2022.09.05; removed_supp_suffix
Sclerospora graminicola	162130	oomycetes	162130.1	Frederiksen R A, Renfro B L. Global status of maize downy mildew[J]. Annual Review of Phytopathology, 1977, 15(1): 249-271.		10.1146/annurev.py.15.090177.001341	Global Status of Maize Downy Mildew	Annual Review of Phytopathology	1977								AUTO_CANDIDATE_HIGH	no	Correct	Gui-Feng Gao	2026-08-25	strict_doi_match
