seqid	taxid	species	category	accession	length	n_count	ambiguous_count	ambiguous_bases	header_format_ok	marker_consistent	notes
MPDB000404	10821	Mastrevirus storeyi	viruses	AF007881.1	2701	0	0		True	True	
MPDB000405	10821	Mastrevirus storeyi	viruses	AF329889.1	2690	0	0		True	True	
MPDB000406	10821	Mastrevirus storeyi	viruses	OQ102044.1	2689	0	0		True	True	
MPDB000407	10821	Mastrevirus storeyi	viruses	OQ211418.1	2685	0	0		True	True	
MPDB000408	10821	Mastrevirus storeyi	viruses	OQ211419.1	2673	0	0		True	True	
MPDB000409	10821	Mastrevirus storeyi	viruses	OQ211420.1	2684	0	0		True	True	
MPDB000410	10821	Mastrevirus storeyi	viruses	OQ211421.1	2685	0	0		True	True	
MPDB000411	10821	Mastrevirus storeyi	viruses	OQ211422.1	2685	0	0		True	True	
MPDB000412	10821	Mastrevirus storeyi	viruses	OQ211423.1	2683	0	0		True	True	
MPDB000413	10821	Mastrevirus storeyi	viruses	OQ211428.1	2684	0	0		True	True	
MPDB000414	10821	Mastrevirus storeyi	viruses	OQ211429.1	2685	0	0		True	True	
MPDB000415	10821	Mastrevirus storeyi	viruses	OQ211430.1	2684	0	0		True	True	
MPDB000416	10821	Mastrevirus storeyi	viruses	OQ211431.1	2685	0	0		True	True	
MPDB000417	10821	Mastrevirus storeyi	viruses	OQ211432.1	2684	0	0		True	True	
MPDB000418	10821	Mastrevirus storeyi	viruses	OQ211433.1	2684	0	0		True	True	
MPDB000419	10821	Mastrevirus storeyi	viruses	OQ211434.1	2684	0	1	Y	True	True	
MPDB000420	10821	Mastrevirus storeyi	viruses	OQ211435.1	2684	0	0		True	True	
MPDB000421	10821	Mastrevirus storeyi	viruses	OQ211436.1	2685	0	0		True	True	
MPDB000422	10821	Mastrevirus storeyi	viruses	OQ211437.1	2685	0	0		True	True	
MPDB000423	10821	Mastrevirus storeyi	viruses	OQ211438.1	2685	0	0		True	True	
MPDB000424	10821	Mastrevirus storeyi	viruses	OQ211439.1	2686	0	0		True	True	
MPDB000425	10821	Mastrevirus storeyi	viruses	OQ211440.1	2684	0	0		True	True	
MPDB000426	10821	Mastrevirus storeyi	viruses	OQ211441.1	2684	0	0		True	True	
MPDB000427	10821	Mastrevirus storeyi	viruses	OQ211442.1	2685	0	0		True	True	
MPDB000428	10821	Mastrevirus storeyi	viruses	OQ211444.1	2685	0	0		True	True	
MPDB000429	10821	Mastrevirus storeyi	viruses	OQ211445.1	2684	0	0		True	True	
MPDB000430	10821	Mastrevirus storeyi	viruses	OQ211446.1	2684	0	0		True	True	
MPDB000431	10821	Mastrevirus storeyi	viruses	OQ211447.1	2685	0	0		True	True	
MPDB000432	10821	Mastrevirus storeyi	viruses	OQ211448.1	2686	0	0		True	True	
MPDB000433	10821	Mastrevirus storeyi	viruses	OQ211449.1	2682	0	0		True	True	
MPDB000434	10821	Mastrevirus storeyi	viruses	OQ211450.1	2684	0	0		True	True	
MPDB000435	10821	Mastrevirus storeyi	viruses	OQ211451.1	2684	0	0		True	True	
MPDB000436	10821	Mastrevirus storeyi	viruses	OQ211452.1	2685	0	0		True	True	
MPDB000437	10821	Mastrevirus storeyi	viruses	OQ211454.1	2684	0	0		True	True	
MPDB000438	10821	Mastrevirus storeyi	viruses	OR258386.1	2687	0	0		True	True	
MPDB000439	10821	Mastrevirus storeyi	viruses	OR258387.1	2687	0	0		True	True	
MPDB000440	10821	Mastrevirus storeyi	viruses	OR258388.1	2686	0	0		True	True	
MPDB000441	10821	Mastrevirus storeyi	viruses	OR258392.1	2687	0	0		True	True	
MPDB000442	10821	Mastrevirus storeyi	viruses	OR258395.1	2687	0	0		True	True	
MPDB000443	10821	Mastrevirus storeyi	viruses	OR258396.1	2687	0	0		True	True	
MPDB000444	10821	Mastrevirus storeyi	viruses	OR258397.1	2687	0	0		True	True	
MPDB000445	10821	Mastrevirus storeyi	viruses	OR258398.1	2688	0	0		True	True	
MPDB000446	10821	Mastrevirus storeyi	viruses	OR258402.1	2688	0	0		True	True	
MPDB000447	10989	Fijivirus zeae	viruses	MN103286.1	1936	0	0		True	True	
MPDB000448	10989	Fijivirus zeae	viruses	MN103287.1	1900	0	0		True	True	
MPDB000449	10989	Fijivirus zeae	viruses	MN103288.1	1802	0	0		True	True	
MPDB000450	10990	Fijivirus alporyzae	viruses	LC590237.1	1929	0	0		True	True	
MPDB000451	10990	Fijivirus alporyzae	viruses	LC590238.1	1920	0	0		True	True	
MPDB000452	10990	Fijivirus alporyzae	viruses	LC590239.1	1801	0	0		True	True	
MPDB000453	1182518	Mastrevirus bourbonense	viruses	JQ624880.1	2882	0	0		True	True	
MPDB000454	1182518	Mastrevirus bourbonense	viruses	KJ437669.1	2879	0	0		True	True	
MPDB000455	1182518	Mastrevirus bourbonense	viruses	KJ437670.1	2879	0	0		True	True	
MPDB000456	1182518	Mastrevirus bourbonense	viruses	KM230031.1	2882	0	0		True	True	
MPDB000457	1182518	Mastrevirus bourbonense	viruses	KT717933.1	2880	0	0		True	True	
MPDB000458	1182518	Mastrevirus bourbonense	viruses	MK329304.1	2879	0	0		True	True	
MPDB000459	1182518	Mastrevirus bourbonense	viruses	MK329305.1	2879	0	0		True	True	
MPDB000460	1182518	Mastrevirus bourbonense	viruses	MK546378.1	2880	0	1	Y	True	True	
MPDB000461	1182518	Mastrevirus bourbonense	viruses	NC_017917.1	2882	0	0		True	True	
MPDB000462	1182518	Mastrevirus bourbonense	viruses	PQ424983.1	2879	0	0		True	True	DUPLICATE_SEQUENCE_WITHIN_TAXID (n=2); identical sequences from independent GenBank records, retained
MPDB000463	1182518	Mastrevirus bourbonense	viruses	PQ424983.1	2879	0	0		True	True	DUPLICATE_SEQUENCE_WITHIN_TAXID (n=2); identical sequences from independent GenBank records, retained
MPDB000464	1182518	Mastrevirus bourbonense	viruses	PQ424984.1	2879	0	0		True	True	
MPDB000465	12138	Machlomovirus zeae	viruses	MK787304.1	4436	0	0		True	True	
MPDB000466	12138	Machlomovirus zeae	viruses	MN706213.1	4436	0	0		True	True	
MPDB000467	12138	Machlomovirus zeae	viruses	MN706214.1	4436	0	0		True	True	
MPDB000468	12138	Machlomovirus zeae	viruses	MN706215.1	4437	0	0		True	True	
MPDB000469	12138	Machlomovirus zeae	viruses	MN706216.1	4436	0	0		True	True	
MPDB000470	12138	Machlomovirus zeae	viruses	MN706217.1	4388	0	0		True	True	
MPDB000471	12138	Machlomovirus zeae	viruses	MN706218.1	4436	0	0		True	True	
MPDB000472	12138	Machlomovirus zeae	viruses	MN706219.1	4437	0	0		True	True	
MPDB000473	12138	Machlomovirus zeae	viruses	MN706220.1	4425	0	0		True	True	
MPDB000474	12138	Machlomovirus zeae	viruses	MN706221.1	4436	0	0		True	True	
MPDB000475	12138	Machlomovirus zeae	viruses	MN706222.1	4436	0	0		True	True	
MPDB000476	12138	Machlomovirus zeae	viruses	MN706223.1	4436	0	0		True	True	
MPDB000477	12138	Machlomovirus zeae	viruses	MN706224.1	4435	0	0		True	True	
MPDB000478	12138	Machlomovirus zeae	viruses	MN706225.1	4436	0	0		True	True	
MPDB000479	12138	Machlomovirus zeae	viruses	MN706226.1	4436	0	0		True	True	
MPDB000480	12138	Machlomovirus zeae	viruses	MN706227.1	4436	0	0		True	True	
MPDB000481	12138	Machlomovirus zeae	viruses	MN706228.1	4426	0	0		True	True	
MPDB000482	12138	Machlomovirus zeae	viruses	MN706229.1	4404	0	0		True	True	
MPDB000483	12138	Machlomovirus zeae	viruses	MN706230.1	4436	0	0		True	True	
MPDB000484	12138	Machlomovirus zeae	viruses	MN706231.1	4436	0	0		True	True	
MPDB000485	12138	Machlomovirus zeae	viruses	MN706235.1	4436	0	0		True	True	
MPDB000486	12138	Machlomovirus zeae	viruses	MN706236.1	4436	0	0		True	True	
MPDB000487	12138	Machlomovirus zeae	viruses	MN706237.1	4435	0	0		True	True	
MPDB000488	12138	Machlomovirus zeae	viruses	MN706238.1	4436	0	0		True	True	
MPDB000489	12138	Machlomovirus zeae	viruses	MN706239.1	4428	0	0		True	True	
MPDB000490	12138	Machlomovirus zeae	viruses	MN706240.1	4436	0	0		True	True	
MPDB000491	12138	Machlomovirus zeae	viruses	MN706241.1	4426	0	0		True	True	
MPDB000492	12138	Machlomovirus zeae	viruses	MN706242.1	4401	0	0		True	True	
MPDB000493	12138	Machlomovirus zeae	viruses	MN756483.1	4430	0	0		True	True	
MPDB000494	12138	Machlomovirus zeae	viruses	MN822301.1	4450	0	0		True	True	
MPDB000495	12138	Machlomovirus zeae	viruses	MN822302.1	4427	0	0		True	True	
MPDB000496	12138	Machlomovirus zeae	viruses	MN822303.1	4423	0	0		True	True	
MPDB000497	12138	Machlomovirus zeae	viruses	OK181780.1	4436	0	0		True	True	
MPDB000498	12138	Machlomovirus zeae	viruses	PV974307.1	4397	0	2	KR	True	True	
MPDB000499	12138	Machlomovirus zeae	viruses	PV974308.1	4394	0	7	KMRWY	True	True	
MPDB000500	12138	Machlomovirus zeae	viruses	PV974309.1	4395	0	1	R	True	True	
MPDB000501	12138	Machlomovirus zeae	viruses	PV974310.1	4377	0	0		True	True	
MPDB000502	12138	Machlomovirus zeae	viruses	PV974311.1	4390	0	4	SWY	True	True	
MPDB000503	12138	Machlomovirus zeae	viruses	PV974312.1	4391	0	16	KMRSWY	True	True	
MPDB000504	12138	Machlomovirus zeae	viruses	PV974313.1	4393	0	2	RY	True	True	
MPDB000505	12138	Machlomovirus zeae	viruses	PV974318.1	4393	0	13	MRSY	True	True	
MPDB000506	12138	Machlomovirus zeae	viruses	PV974319.1	4393	0	14	KMRWY	True	True	
MPDB000507	12138	Machlomovirus zeae	viruses	PZ270488.1	4436	0	0		True	True	
MPDB000508	12203	Potyvirus zeananus	viruses	JQ280313.1	9499	0	0		True	True	
MPDB000509	12203	Potyvirus zeananus	viruses	JQ403608.1	9458	0	0		True	True	
MPDB000510	12203	Potyvirus zeananus	viruses	JQ403609.2	9402	0	136	KMRWY	True	True	
MPDB000511	12203	Potyvirus zeananus	viruses	JX185302.2	9526	0	83	KMRSWY	True	True	
MPDB000512	12203	Potyvirus zeananus	viruses	MK282423.1	9563	0	0		True	True	
MPDB000513	12203	Potyvirus zeananus	viruses	MN615724.1	9538	0	0		True	True	
MPDB000514	12203	Potyvirus zeananus	viruses	MW026050.1	9225	0	0		True	True	
MPDB000515	12203	Potyvirus zeananus	viruses	MW026051.1	9497	0	0		True	True	
MPDB000516	12203	Potyvirus zeananus	viruses	MW026052.1	9450	0	0		True	True	
MPDB000517	12203	Potyvirus zeananus	viruses	MW026053.1	9491	0	0		True	True	
MPDB000518	12203	Potyvirus zeananus	viruses	MW026054.1	9394	0	0		True	True	
MPDB000519	12203	Potyvirus zeananus	viruses	MW026055.1	9415	0	0		True	True	
MPDB000520	12203	Potyvirus zeananus	viruses	MW026056.1	9413	0	0		True	True	
MPDB000521	12203	Potyvirus zeananus	viruses	MW026057.1	9204	0	0		True	True	
MPDB000522	12203	Potyvirus zeananus	viruses	MW026058.1	9444	0	0		True	True	
MPDB000523	12203	Potyvirus zeananus	viruses	MW026059.1	9430	0	0		True	True	
MPDB000524	12203	Potyvirus zeananus	viruses	MW026060.1	9461	0	0		True	True	
MPDB000525	12203	Potyvirus zeananus	viruses	MW026061.1	9454	0	0		True	True	
MPDB000526	12203	Potyvirus zeananus	viruses	MW026062.1	9391	0	0		True	True	
MPDB000527	12203	Potyvirus zeananus	viruses	MW026063.1	9372	0	0		True	True	
MPDB000528	12203	Potyvirus zeananus	viruses	MW026064.1	9431	0	0		True	True	
MPDB000529	12203	Potyvirus zeananus	viruses	MW026065.1	9395	0	0		True	True	
MPDB000530	12203	Potyvirus zeananus	viruses	MW026066.1	9440	0	0		True	True	
MPDB000531	12203	Potyvirus zeananus	viruses	NC_003377.1	9515	0	0		True	True	
MPDB000532	12203	Potyvirus zeananus	viruses	ON604838.1	9499	0	0		True	True	
MPDB000533	12203	Potyvirus zeananus	viruses	OQ060498.1	9610	0	0		True	True	
MPDB000534	12203	Potyvirus zeananus	viruses	OQ236070.1	9514	0	0		True	True	
MPDB000535	12224	Potyvirus sacchari	viruses	KU171814.1	9575	0	0		True	True	
MPDB000536	12224	Potyvirus sacchari	viruses	KU171815.1	9576	0	0		True	True	
MPDB000537	12224	Potyvirus sacchari	viruses	KU171816.1	9576	0	0		True	True	
MPDB000538	12224	Potyvirus sacchari	viruses	KU171817.1	9598	0	0		True	True	
MPDB000539	12224	Potyvirus sacchari	viruses	MF467393.1	9520	0	0		True	True	
MPDB000540	12224	Potyvirus sacchari	viruses	MF467394.1	9522	0	0		True	True	
MPDB000541	12224	Potyvirus sacchari	viruses	MF467395.1	9511	0	0		True	True	
MPDB000542	12224	Potyvirus sacchari	viruses	MF467396.1	9487	0	0		True	True	
MPDB000543	12224	Potyvirus sacchari	viruses	MF467397.1	9520	0	0		True	True	
MPDB000544	12224	Potyvirus sacchari	viruses	MF467398.1	9482	0	0		True	True	
MPDB000545	12224	Potyvirus sacchari	viruses	MF467399.1	9491	0	0		True	True	
MPDB000546	12224	Potyvirus sacchari	viruses	MF467400.1	9575	0	0		True	True	
MPDB000547	12224	Potyvirus sacchari	viruses	MF467401.1	9492	0	0		True	True	
MPDB000548	12224	Potyvirus sacchari	viruses	MF467402.1	9484	0	0		True	True	
MPDB000549	12224	Potyvirus sacchari	viruses	MF467403.1	9527	0	0		True	True	
MPDB000550	12224	Potyvirus sacchari	viruses	MF467404.1	9494	0	0		True	True	
MPDB000551	12224	Potyvirus sacchari	viruses	MH580837.1	9539	0	0		True	True	
MPDB000552	12224	Potyvirus sacchari	viruses	MN097767.1	9509	0	0		True	True	
MPDB000553	12224	Potyvirus sacchari	viruses	MN097768.1	9545	0	0		True	True	
MPDB000554	12224	Potyvirus sacchari	viruses	MN097769.1	9536	0	0		True	True	
MPDB000555	12224	Potyvirus sacchari	viruses	MN203189.1	9530	0	0		True	True	
MPDB000556	12224	Potyvirus sacchari	viruses	MN714644.1	9535	0	0		True	True	
MPDB000557	12224	Potyvirus sacchari	viruses	MN756484.1	9575	0	0		True	True	
MPDB000558	12224	Potyvirus sacchari	viruses	MN759251.1	9509	0	0		True	True	
MPDB000559	12224	Potyvirus sacchari	viruses	MN788498.1	9587	0	0		True	True	
MPDB000560	12224	Potyvirus sacchari	viruses	MN795295.1	9580	0	0		True	True	
MPDB000561	12224	Potyvirus sacchari	viruses	MN813966.1	9584	0	0		True	True	
MPDB000562	12224	Potyvirus sacchari	viruses	MN813967.1	9590	0	0		True	True	
MPDB000563	12224	Potyvirus sacchari	viruses	MW248339.1	9588	0	0		True	True	
MPDB000564	12224	Potyvirus sacchari	viruses	OP150408.1	9596	0	0		True	True	
MPDB000565	12224	Potyvirus sacchari	viruses	OP150410.1	9596	0	0		True	True	
MPDB000566	12224	Potyvirus sacchari	viruses	OQ060499.1	9591	0	0		True	True	
MPDB000567	12224	Potyvirus sacchari	viruses	OQ446805.1	9620	0	0		True	True	
MPDB000568	12224	Potyvirus sacchari	viruses	OQ948124.1	9574	0	0		True	True	
MPDB000569	12224	Potyvirus sacchari	viruses	PP130177.1	9616	0	1	Y	True	True	
MPDB000570	12224	Potyvirus sacchari	viruses	PP130178.1	9609	2	3	RY	True	True	
MPDB000571	12224	Potyvirus sacchari	viruses	PV021393.1	9557	0	0		True	True	
MPDB000572	12224	Potyvirus sacchari	viruses	PV974322.1	9558	0	12	MRWY	True	True	
MPDB000573	12224	Potyvirus sacchari	viruses	PV974323.1	9561	0	7	KRWY	True	True	
MPDB000574	12224	Potyvirus sacchari	viruses	PV974327.1	9570	0	5	MRY	True	True	
MPDB000575	12224	Potyvirus sacchari	viruses	PV974337.1	9604	0	2	WY	True	True	
MPDB000576	12224	Potyvirus sacchari	viruses	PV974339.1	9563	0	2	R	True	True	
MPDB000577	12224	Potyvirus sacchari	viruses	PV974340.1	9577	1	10	MRSW	True	True	
MPDB000578	12302	Bromovirus BMV	viruses	PV173122.1	2867	0	0		True	True	
MPDB000579	12302	Bromovirus BMV	viruses	PV173123.1	3234	0	0		True	True	
MPDB000580	12302	Bromovirus BMV	viruses	PV173124.1	2109	0	0		True	True	
MPDB000581	12305	Cucumovirus CMV	viruses	HG917909.1	3389	0	0		True	True	
MPDB000582	12305	Cucumovirus CMV	viruses	HG917910.1	2204	0	0		True	True	
MPDB000583	12305	Cucumovirus CMV	viruses	HG917911.1	3038	0	0		True	True	
MPDB000584	12305	Cucumovirus CMV	viruses	PZ447433.1	3354	0	0		True	True	
MPDB000585	12305	Cucumovirus CMV	viruses	PZ447434.1	3045	0	0		True	True	
MPDB000586	12305	Cucumovirus CMV	viruses	PZ447435.1	2202	0	0		True	True	
MPDB000587	12327	Hordeivirus hordei	viruses	ON924210.1	3511	0	0		True	True	
MPDB000588	12327	Hordeivirus hordei	viruses	ON924211.1	2984	0	0		True	True	
MPDB000589	12327	Hordeivirus hordei	viruses	ON924212.1	2542	0	0		True	True	
MPDB000590	137556	Zeavirus zeae	viruses	NC_007729.1	4094	0	0		True	True	DUPLICATE_SEQUENCE_WITHIN_TAXID (n=2); identical sequences from independent GenBank records, retained
MPDB000591	137556	Zeavirus zeae	viruses	NC_007729.1	4094	0	0		True	True	DUPLICATE_SEQUENCE_WITHIN_TAXID (n=2); identical sequences from independent GenBank records, retained
MPDB000592	1756285	Totivirus jyukyu	viruses	MW063115.1	4988	0	0		True	True	
MPDB000593	1756285	Totivirus jyukyu	viruses	MW063116.1	5563	0	0		True	True	
MPDB000594	1756285	Totivirus jyukyu	viruses	OQ953827.1	4891	72	0		True	True	
MPDB000595	1856642	Polerovirus MAYMV	viruses	KU179221.1	5634	0	0		True	True	
MPDB000596	1856642	Polerovirus MAYMV	viruses	KU248490.1	5635	0	0		True	True	
MPDB000597	1856642	Polerovirus MAYMV	viruses	KU291099.1	5563	0	0		True	True	
MPDB000598	1856642	Polerovirus MAYMV	viruses	KU291100.1	5641	0	0		True	True	
MPDB000599	1856642	Polerovirus MAYMV	viruses	KU291101.1	5635	0	0		True	True	
MPDB000600	1856642	Polerovirus MAYMV	viruses	KU291102.1	5646	0	0		True	True	
MPDB000601	1856642	Polerovirus MAYMV	viruses	KU291103.1	5644	0	0		True	True	
MPDB000602	1856642	Polerovirus MAYMV	viruses	KU291104.1	5642	0	0		True	True	
MPDB000603	1856642	Polerovirus MAYMV	viruses	KU291105.1	5624	0	0		True	True	
MPDB000604	1856642	Polerovirus MAYMV	viruses	KU291106.1	5604	0	0		True	True	
MPDB000605	1856642	Polerovirus MAYMV	viruses	KU291107.1	5646	0	0		True	True	
MPDB000606	1856642	Polerovirus MAYMV	viruses	KU291108.1	5637	0	0		True	True	
MPDB000607	1856642	Polerovirus MAYMV	viruses	KY378940.1	5642	0	0		True	True	
MPDB000608	1856642	Polerovirus MAYMV	viruses	KY940544.1	5637	0	0		True	True	
MPDB000609	1856642	Polerovirus MAYMV	viruses	MF385583.1	5642	0	0		True	True	
MPDB000610	1856642	Polerovirus MAYMV	viruses	MF684369.1	5642	0	0		True	True	
MPDB000611	1856642	Polerovirus MAYMV	viruses	MG570476.1	5642	0	0		True	True	
MPDB000612	1856642	Polerovirus MAYMV	viruses	MK652148.1	5642	0	0		True	True	
MPDB000613	1856642	Polerovirus MAYMV	viruses	MK652149.1	5642	0	0		True	True	
MPDB000614	1856642	Polerovirus MAYMV	viruses	MK652150.1	5642	0	0		True	True	
MPDB000615	1856642	Polerovirus MAYMV	viruses	MN943641.1	5644	0	0		True	True	
MPDB000616	1856642	Polerovirus MAYMV	viruses	MT809617.1	5641	0	0		True	True	
MPDB000617	1856642	Polerovirus MAYMV	viruses	MW036244.1	5641	0	0		True	True	
MPDB000618	1856642	Polerovirus MAYMV	viruses	NC_029990.1	5625	0	0		True	True	
MPDB000619	1856642	Polerovirus MAYMV	viruses	NC_075108.1	5642	0	0		True	True	
MPDB000620	1856642	Polerovirus MAYMV	viruses	OK331995.1	5642	0	0		True	True	
MPDB000621	1856642	Polerovirus MAYMV	viruses	PP294862.1	5642	0	0		True	True	
MPDB000622	1856642	Polerovirus MAYMV	viruses	PQ231203.1	5642	0	0		True	True	
MPDB000623	1856642	Polerovirus MAYMV	viruses	PV974293.1	5599	0	29	KMRWY	True	True	
MPDB000624	1856642	Polerovirus MAYMV	viruses	PV974294.1	5596	0	22	KMRWY	True	True	
MPDB000625	1856642	Polerovirus MAYMV	viruses	PV974295.1	5593	0	32	KMRWY	True	True	
MPDB000626	1856642	Polerovirus MAYMV	viruses	PV974296.1	5593	0	5	RSY	True	True	
MPDB000627	1856642	Polerovirus MAYMV	viruses	PV974297.1	5601	3	78	KMRWY	True	True	
MPDB000628	1856642	Polerovirus MAYMV	viruses	PV974298.1	5596	0	1	M	True	True	
MPDB000629	1856642	Polerovirus MAYMV	viruses	PV974299.1	5606	6	48	KMRWY	True	True	
MPDB000630	1856642	Polerovirus MAYMV	viruses	PV974300.1	5599	0	42	KMRSWY	True	True	
MPDB000631	1856642	Polerovirus MAYMV	viruses	PV974301.1	5599	0	3	RW	True	True	
MPDB000632	1856642	Polerovirus MAYMV	viruses	PV974305.1	5613	1	45	KMRSWY	True	True	
MPDB000633	1856642	Polerovirus MAYMV	viruses	PV974306.1	5596	1	4	RWY	True	True	
MPDB000634	1856642	Polerovirus MAYMV	viruses	PX412243.1	5606	0	0		True	True	
MPDB000635	185954	Fijivirus cuartoense	viruses	NC_008734.1	1798	0	0		True	True	
MPDB000636	185954	Fijivirus cuartoense	viruses	NC_008735.1	3162	0	0		True	True	
MPDB000637	185954	Fijivirus cuartoense	viruses	NC_008736.1	2186	0	0		True	True	
MPDB000638	185954	Fijivirus cuartoense	viruses	NC_008737.1	1870	0	0		True	True	
MPDB000639	1980428	Emaravirus tritici	viruses	PZ410477.1	6990	0	0		True	True	
MPDB000640	1980428	Emaravirus tritici	viruses	PZ410478.1	6990	0	0		True	True	
MPDB000641	1980428	Emaravirus tritici	viruses	PZ410479.1	6990	0	0		True	True	
MPDB000642	209854	Gammanucleorhabdovirus maydis	viruses	NC_005974.1	13782	0	0		True	True	DUPLICATE_SEQUENCE_WITHIN_TAXID (n=2); identical sequences from independent GenBank records, retained
MPDB000643	209854	Gammanucleorhabdovirus maydis	viruses	NC_005974.1	13782	0	0		True	True	DUPLICATE_SEQUENCE_WITHIN_TAXID (n=2); identical sequences from independent GenBank records, retained
MPDB000644	2169984	Luteovirus mavhordei	viruses	NC_003680.1	5273	0	0		True	True	
MPDB000645	2169984	Luteovirus mavhordei	viruses	OQ686648.1	5694	0	43	KMRSWY	True	True	
MPDB000646	2169984	Luteovirus mavhordei	viruses	OQ686649.1	5694	8	18	KMRWY	True	True	
MPDB000647	2169984	Luteovirus mavhordei	viruses	OQ686650.1	5694	3	18	KRWY	True	True	
MPDB000648	2169984	Luteovirus mavhordei	viruses	OQ686651.1	5687	1	33	KMRSWY	True	True	
MPDB000649	2169984	Luteovirus mavhordei	viruses	OQ686652.1	5700	10	33	KMRSWY	True	True	
MPDB000650	2169984	Luteovirus mavhordei	viruses	OQ686653.1	5668	0	10	MRWY	True	True	
MPDB000651	2169984	Luteovirus mavhordei	viruses	OQ686654.1	5694	18	24	BKMRWY	True	True	
MPDB000652	2169984	Luteovirus mavhordei	viruses	OQ686655.1	5693	1	40	KMRSWY	True	True	
MPDB000653	2169984	Luteovirus mavhordei	viruses	OQ686656.1	5661	10	1	R	True	True	
MPDB000654	2169984	Luteovirus mavhordei	viruses	OQ686657.1	5702	12	40	KMRSWY	True	True	
MPDB000655	2169984	Luteovirus mavhordei	viruses	OQ686658.1	5693	0	28	KRSWY	True	True	
MPDB000656	2169984	Luteovirus mavhordei	viruses	OQ686659.1	5692	17	31	KMRSWY	True	True	
MPDB000657	2169984	Luteovirus mavhordei	viruses	OQ686660.1	5690	1	39	KMRSWY	True	True	
MPDB000658	2169984	Luteovirus mavhordei	viruses	OQ686661.1	5693	1	20	KMRSWY	True	True	
MPDB000659	2169984	Luteovirus mavhordei	viruses	OQ686662.1	5692	0	52	KMRSWY	True	True	
MPDB000660	2169984	Luteovirus mavhordei	viruses	OQ686663.1	5686	3	12	KRSWY	True	True	
MPDB000661	2169984	Luteovirus mavhordei	viruses	OQ686664.1	5696	0	57	KMRSWY	True	True	
MPDB000662	2169984	Luteovirus mavhordei	viruses	OQ686665.1	5657	0	8	RWY	True	True	
MPDB000663	2169984	Luteovirus mavhordei	viruses	OQ686666.1	5685	0	11	KRWY	True	True	
MPDB000664	2169984	Luteovirus mavhordei	viruses	OQ686667.1	5688	2	2	MW	True	True	
MPDB000665	2169984	Luteovirus mavhordei	viruses	OQ686668.1	5694	1	20	KMRWY	True	True	
MPDB000666	2169984	Luteovirus mavhordei	viruses	OQ686669.1	5702	16	41	KMRSWY	True	True	
MPDB000667	2169984	Luteovirus mavhordei	viruses	OQ686670.1	5686	0	30	KMRSWY	True	True	
MPDB000668	2169984	Luteovirus mavhordei	viruses	OQ686671.1	5694	6	72	KMRSWY	True	True	
MPDB000669	2169984	Luteovirus mavhordei	viruses	OQ686672.1	5688	0	21	MRSWY	True	True	
MPDB000670	2169984	Luteovirus mavhordei	viruses	OQ686673.1	5694	13	15	MRSWY	True	True	
MPDB000671	2169984	Luteovirus mavhordei	viruses	OQ686674.1	5685	0	29	MRSWY	True	True	
MPDB000672	2169984	Luteovirus mavhordei	viruses	OQ686675.1	5694	0	37	KMRSWY	True	True	
MPDB000673	2169984	Luteovirus mavhordei	viruses	OQ686676.1	5692	3	30	KMRWY	True	True	
MPDB000674	2169984	Luteovirus mavhordei	viruses	OQ686677.1	5694	0	35	KMRSWY	True	True	
MPDB000675	2169984	Luteovirus mavhordei	viruses	OQ686678.1	5689	0	18	KMRWY	True	True	
MPDB000676	2169984	Luteovirus mavhordei	viruses	OQ686679.1	5694	1	32	KMRSWY	True	True	
MPDB000677	2169984	Luteovirus mavhordei	viruses	OQ686680.1	5694	3	38	KMRSWY	True	True	
MPDB000678	2169984	Luteovirus mavhordei	viruses	OQ686681.1	5694	0	72	KMRSWY	True	True	
MPDB000679	2169984	Luteovirus mavhordei	viruses	OR771729.1	5688	72	16	RWY	True	True	
MPDB000680	2169984	Luteovirus mavhordei	viruses	PV978102.1	5574	0	3	RY	True	True	
MPDB000681	2169984	Luteovirus mavhordei	viruses	PV978103.1	5564	0	1	Y	True	True	
MPDB000682	2169984	Luteovirus mavhordei	viruses	PV978104.1	5846	0	0		True	True	
MPDB000683	2170101	Polerovirus MYDVRMV	viruses	MF974579.2	5641	0	0		True	True	
MPDB000684	2170101	Polerovirus MYDVRMV	viruses	MH205607.1	5641	0	0		True	True	
MPDB000685	2170101	Polerovirus MYDVRMV	viruses	NC_021484.1	5612	0	0		True	True	
MPDB000686	221262	Potyvirus pennisseti	viruses	DQ977725.1	9611	0	0		True	True	
MPDB000687	221262	Potyvirus pennisseti	viruses	JX070139.1	9613	0	0		True	True	
MPDB000688	221262	Potyvirus pennisseti	viruses	JX070140.1	9613	0	0		True	True	
MPDB000689	221262	Potyvirus pennisseti	viruses	JX070141.1	9613	0	0		True	True	
MPDB000690	221262	Potyvirus pennisseti	viruses	JX070142.1	9613	0	0		True	True	
MPDB000691	221262	Potyvirus pennisseti	viruses	JX070143.1	9613	0	0		True	True	
MPDB000692	221262	Potyvirus pennisseti	viruses	JX070144.1	9613	0	0		True	True	
MPDB000693	221262	Potyvirus pennisseti	viruses	JX070145.1	9613	0	0		True	True	
MPDB000694	221262	Potyvirus pennisseti	viruses	JX070146.1	9613	0	0		True	True	
MPDB000695	221262	Potyvirus pennisseti	viruses	JX070147.1	9613	0	0		True	True	
MPDB000696	221262	Potyvirus pennisseti	viruses	JX070148.1	9613	0	0		True	True	
MPDB000697	221262	Potyvirus pennisseti	viruses	JX070149.1	9613	0	0		True	True	
MPDB000698	221262	Potyvirus pennisseti	viruses	JX070150.1	9613	0	0		True	True	
MPDB000699	221262	Potyvirus pennisseti	viruses	JX070151.1	9613	0	0		True	True	
MPDB000700	221262	Potyvirus pennisseti	viruses	JX070152.1	9613	0	0		True	True	
MPDB000701	221262	Potyvirus pennisseti	viruses	JX070153.1	9613	0	0		True	True	
MPDB000702	221262	Potyvirus pennisseti	viruses	JX070154.1	9613	0	0		True	True	
MPDB000703	221262	Potyvirus pennisseti	viruses	JX070155.1	9613	0	0		True	True	
MPDB000704	221262	Potyvirus pennisseti	viruses	JX070156.1	9613	0	0		True	True	
MPDB000705	221262	Potyvirus pennisseti	viruses	JX070157.1	9613	0	0		True	True	
MPDB000706	221262	Potyvirus pennisseti	viruses	KX660769.1	9611	0	0		True	True	
MPDB000707	221262	Potyvirus pennisseti	viruses	NC_007147.1	9611	0	0		True	True	
MPDB000708	2545470	Betacytorhabdovirus hordei	viruses	MH717815.1	12651	0	0		True	True	
MPDB000709	2557970	Mastrevirus fulleri	viruses	MK329301.1	2846	0	0		True	True	
MPDB000710	2557970	Mastrevirus fulleri	viruses	MK329302.1	2846	0	0		True	True	
MPDB000711	2557970	Mastrevirus fulleri	viruses	MK329303.1	2846	0	0		True	True	
MPDB000712	2557970	Mastrevirus fulleri	viruses	NC_055519.1	2842	0	0		True	True	
MPDB000713	279896	Alphanucleorhabdovirus maydis	viruses	NC_005975.1	12133	0	3	MS	True	True	DUPLICATE_SEQUENCE_WITHIN_TAXID (n=2); identical sequences from independent GenBank records, retained
MPDB000714	279896	Alphanucleorhabdovirus maydis	viruses	MK828539.1	12170	0	0		True	True	
MPDB000715	279896	Alphanucleorhabdovirus maydis	viruses	NC_005975.1	12133	0	3	MS	True	True	DUPLICATE_SEQUENCE_WITHIN_TAXID (n=2); identical sequences from independent GenBank records, retained
MPDB000716	2964312	Gammanucleorhabdovirus cerealis	viruses	NC_117253.1	13800	0	1	M	True	True	DUPLICATE_SEQUENCE_WITHIN_TAXID (n=2); identical sequences from independent GenBank records, retained
MPDB000717	2964312	Gammanucleorhabdovirus cerealis	viruses	NC_117253.1	13800	0	1	M	True	True	DUPLICATE_SEQUENCE_WITHIN_TAXID (n=2); identical sequences from independent GenBank records, retained
MPDB000718	3052763	Tenuivirus oryzaclavatae	viruses	PZ126585.1	3516	0	0		True	True	
MPDB000719	3052763	Tenuivirus oryzaclavatae	viruses	PZ126586.1	2377	0	0		True	True	
MPDB000720	3052763	Tenuivirus oryzaclavatae	viruses	PZ126587.1	2183	0	0		True	True	
MPDB000721	3052767	Tenuivirus zeae	viruses	MW328594.2	3338	0	0		True	True	
MPDB000722	3052767	Tenuivirus zeae	viruses	MW328595.2	2357	0	0		True	True	
MPDB000723	3052767	Tenuivirus zeae	viruses	MW328596.2	2223	0	0		True	True	
MPDB000724	31741	Tritimovirus tritici	viruses	OK181891.1	9410	0	0		True	True	
MPDB000725	31741	Tritimovirus tritici	viruses	OK181892.1	9370	0	0		True	True	
MPDB000726	31741	Tritimovirus tritici	viruses	OK181893.1	9369	0	0		True	True	
MPDB000727	31741	Tritimovirus tritici	viruses	OK181894.1	9311	0	0		True	True	
MPDB000728	31741	Tritimovirus tritici	viruses	OR082783.1	9381	0	0		True	True	
MPDB000729	31741	Tritimovirus tritici	viruses	OR900886.1	9367	0	0		True	True	
MPDB000730	31741	Tritimovirus tritici	viruses	OR900887.1	9359	0	0		True	True	
MPDB000731	31741	Tritimovirus tritici	viruses	OR900888.1	9373	0	0		True	True	
MPDB000732	31741	Tritimovirus tritici	viruses	OR900889.1	9344	0	0		True	True	
MPDB000733	31741	Tritimovirus tritici	viruses	OR900890.1	9375	0	0		True	True	
MPDB000734	31741	Tritimovirus tritici	viruses	OR900891.1	9384	0	0		True	True	
MPDB000735	31741	Tritimovirus tritici	viruses	OR900892.1	9364	0	0		True	True	
MPDB000736	31741	Tritimovirus tritici	viruses	OR900893.1	9300	0	0		True	True	
MPDB000737	31741	Tritimovirus tritici	viruses	OR900894.1	9364	0	0		True	True	
MPDB000738	31741	Tritimovirus tritici	viruses	OR900895.1	9364	0	0		True	True	
MPDB000739	31741	Tritimovirus tritici	viruses	OR900896.1	9370	0	0		True	True	
MPDB000740	31741	Tritimovirus tritici	viruses	OR900897.1	9293	0	0		True	True	
MPDB000741	31741	Tritimovirus tritici	viruses	OR900898.1	9325	0	0		True	True	
MPDB000742	31741	Tritimovirus tritici	viruses	OR900899.1	9374	0	0		True	True	
MPDB000743	31741	Tritimovirus tritici	viruses	OR900900.1	9362	0	0		True	True	
MPDB000744	31741	Tritimovirus tritici	viruses	OR900901.1	9384	0	0		True	True	
MPDB000745	31741	Tritimovirus tritici	viruses	OR900902.1	9373	0	0		True	True	
MPDB000746	31741	Tritimovirus tritici	viruses	OR900903.1	9375	0	0		True	True	
MPDB000747	31741	Tritimovirus tritici	viruses	OR900904.1	9359	0	0		True	True	
MPDB000748	31741	Tritimovirus tritici	viruses	OR900905.1	9368	0	0		True	True	
MPDB000749	31741	Tritimovirus tritici	viruses	OR900906.1	9355	0	0		True	True	
MPDB000750	31741	Tritimovirus tritici	viruses	OR900907.1	9370	0	0		True	True	
MPDB000751	31741	Tritimovirus tritici	viruses	OR900908.1	9364	0	0		True	True	
MPDB000752	31741	Tritimovirus tritici	viruses	OR900909.1	9384	0	0		True	True	
MPDB000753	31741	Tritimovirus tritici	viruses	OR900910.1	9384	0	0		True	True	
MPDB000754	31741	Tritimovirus tritici	viruses	OR900911.1	9384	0	0		True	True	
MPDB000755	31741	Tritimovirus tritici	viruses	OR900912.1	9344	0	0		True	True	
MPDB000756	31741	Tritimovirus tritici	viruses	OR900913.1	9381	0	0		True	True	
MPDB000757	31741	Tritimovirus tritici	viruses	OR900914.1	9370	0	0		True	True	
MPDB000758	31741	Tritimovirus tritici	viruses	OR900915.1	9384	0	0		True	True	
MPDB000759	31741	Tritimovirus tritici	viruses	OR900916.1	9311	0	0		True	True	
MPDB000760	31741	Tritimovirus tritici	viruses	OR900917.1	9373	0	0		True	True	
MPDB000761	31741	Tritimovirus tritici	viruses	OR900918.1	9359	0	0		True	True	
MPDB000762	31741	Tritimovirus tritici	viruses	OR900919.1	9264	0	0		True	True	
MPDB000763	31741	Tritimovirus tritici	viruses	PP856226.1	9381	0	0		True	True	
MPDB000764	31741	Tritimovirus tritici	viruses	PV525500.1	9302	0	0		True	True	
MPDB000765	31741	Tritimovirus tritici	viruses	PV525501.1	9424	0	0		True	True	
MPDB000766	31741	Tritimovirus tritici	viruses	PX738486.1	9384	0	0		True	True	
MPDB000767	31742	Potyvirus halapensis	viruses	KT289893.1	9874	0	0		True	True	
MPDB000768	31742	Potyvirus halapensis	viruses	KT833782.1	9865	0	0		True	True	
MPDB000769	31742	Potyvirus halapensis	viruses	NC_003606.1	9779	0	0		True	True	
MPDB000770	31742	Potyvirus halapensis	viruses	OQ060497.1	9780	0	0		True	True	
MPDB000771	32619	Potyvirus sorghitessellati	viruses	FM997897.1	1867	0	0		True	True	
MPDB000772	32619	Potyvirus sorghitessellati	viruses	FM997898.1	1840	0	0		True	True	
MPDB000773	32619	Potyvirus sorghitessellati	viruses	FM997899.1	1868	0	0		True	True	
MPDB000774	32619	Potyvirus sorghitessellati	viruses	FM997900.1	1867	0	0		True	True	
MPDB000775	32619	Potyvirus sorghitessellati	viruses	FM997901.1	1845	0	0		True	True	
MPDB000776	32619	Potyvirus sorghitessellati	viruses	FM997902.1	1845	0	0		True	True	
MPDB000777	32619	Potyvirus sorghitessellati	viruses	FM997903.1	1845	0	0		True	True	
MPDB000778	32619	Potyvirus sorghitessellati	viruses	FM997904.1	1845	0	0		True	True	
MPDB000779	32619	Potyvirus sorghitessellati	viruses	FM997905.1	1846	0	0		True	True	
MPDB000780	32619	Potyvirus sorghitessellati	viruses	FM997906.1	1840	0	0		True	True	
MPDB000781	32619	Potyvirus sorghitessellati	viruses	FM997907.1	1868	0	0		True	True	
MPDB000782	32619	Potyvirus sorghitessellati	viruses	FM997908.1	1868	0	0		True	True	
MPDB000783	32619	Potyvirus sorghitessellati	viruses	FM997909.1	1868	0	0		True	True	
MPDB000784	32619	Potyvirus sorghitessellati	viruses	KJ541740.1	9626	0	0		True	True	
MPDB000785	32619	Potyvirus sorghitessellati	viruses	KM025038.1	9624	0	0		True	True	
MPDB000786	32619	Potyvirus sorghitessellati	viruses	KM025039.1	9624	0	0		True	True	
MPDB000787	32619	Potyvirus sorghitessellati	viruses	KM025040.1	9621	0	0		True	True	
MPDB000788	32619	Potyvirus sorghitessellati	viruses	KM025041.1	9624	0	0		True	True	
MPDB000789	32619	Potyvirus sorghitessellati	viruses	KM025042.1	9624	0	0		True	True	
MPDB000790	32619	Potyvirus sorghitessellati	viruses	KM025043.1	9624	0	0		True	True	
MPDB000791	32619	Potyvirus sorghitessellati	viruses	KM025044.1	9624	0	0		True	True	
MPDB000792	32619	Potyvirus sorghitessellati	viruses	KM025045.1	9624	0	0		True	True	
MPDB000793	32619	Potyvirus sorghitessellati	viruses	KM025046.1	9587	0	0		True	True	
MPDB000794	32619	Potyvirus sorghitessellati	viruses	KM025047.1	9629	0	0		True	True	
MPDB000795	32619	Potyvirus sorghitessellati	viruses	KM025048.1	9585	0	0		True	True	
MPDB000796	32619	Potyvirus sorghitessellati	viruses	KM025049.1	9624	0	0		True	True	
MPDB000797	32619	Potyvirus sorghitessellati	viruses	KM025050.1	9624	0	0		True	True	
MPDB000798	32619	Potyvirus sorghitessellati	viruses	KM025051.1	9627	0	0		True	True	
MPDB000799	32619	Potyvirus sorghitessellati	viruses	KM025052.1	9651	0	0		True	True	
MPDB000800	32619	Potyvirus sorghitessellati	viruses	KM025053.1	9641	0	0		True	True	
MPDB000801	32619	Potyvirus sorghitessellati	viruses	KM025054.1	9652	0	0		True	True	
MPDB000802	32619	Potyvirus sorghitessellati	viruses	NC_004035.1	9624	0	0		True	True	
MPDB000803	32619	Potyvirus sorghitessellati	viruses	U57358.2	9613	0	0		True	True	
MPDB000804	328622	Maize yellow stripe virus	viruses	AJ969415.1	880	0	0		True	True	
MPDB000805	328622	Maize yellow stripe virus	viruses	AJ969416.1	1562	0	0		True	True	
MPDB000806	328622	Maize yellow stripe virus	viruses	GQ289374.1	720	0	0		True	True	
MPDB000807	348823	Alphanucleorhabdovirus zeairanense	viruses	DQ186554.1	12381	0	0		True	True	
MPDB000808	348823	Alphanucleorhabdovirus zeairanense	viruses	NC_036390.1	12426	0	0		True	True	DUPLICATE_SEQUENCE_WITHIN_TAXID (n=2); identical sequences from independent GenBank records, retained
MPDB000809	348823	Alphanucleorhabdovirus zeairanense	viruses	NC_036390.1	12426	0	0		True	True	DUPLICATE_SEQUENCE_WITHIN_TAXID (n=2); identical sequences from independent GenBank records, retained
MPDB000810	445227	Aureusvirus zeae	viruses	NC_009533.1	4293	0	0		True	True	DUPLICATE_SEQUENCE_WITHIN_TAXID (n=2); identical sequences from independent GenBank records, retained
MPDB000811	445227	Aureusvirus zeae	viruses	NC_009533.1	4293	0	0		True	True	DUPLICATE_SEQUENCE_WITHIN_TAXID (n=2); identical sequences from independent GenBank records, retained
MPDB000812	51354	Waikavirus zeae	viruses	AY362551.1	11784	0	0		True	True	
MPDB000813	51354	Waikavirus zeae	viruses	AY829112.2	11898	0	0		True	True	
MPDB000814	51354	Waikavirus zeae	viruses	MH713426.1	11974	0	0		True	True	
MPDB000815	51354	Waikavirus zeae	viruses	MN203201.1	11935	0	4	KMY	True	True	
MPDB000816	51354	Waikavirus zeae	viruses	MW727468.1	11786	0	0		True	True	
MPDB000817	51354	Waikavirus zeae	viruses	NC_003626.1	11832	1	0		True	True	
MPDB000818	519497	Fijivirus boryzae	viruses	NC_014708.1	3167	0	0		True	True	
MPDB000819	519497	Fijivirus boryzae	viruses	NC_014709.1	2651	0	0		True	True	
MPDB000820	519497	Fijivirus boryzae	viruses	NC_014710.1	2176	0	0		True	True	
MPDB000821	519497	Fijivirus boryzae	viruses	NC_014711.1	1928	0	0		True	True	
MPDB000822	519497	Fijivirus boryzae	viruses	NC_014712.1	1900	0	0		True	True	
MPDB000823	519497	Fijivirus boryzae	viruses	NC_014713.1	1798	0	0		True	True	
MPDB000824	519497	Fijivirus boryzae	viruses	NC_014714.1	4500	0	0		True	True	
MPDB000825	519497	Fijivirus boryzae	viruses	NC_014715.1	3815	0	0		True	True	
MPDB000826	519497	Fijivirus boryzae	viruses	NC_014716.1	3618	0	0		True	True	
MPDB000827	519497	Fijivirus boryzae	viruses	NC_014717.1	3571	0	0		True	True	
MPDB000828	519497	Fijivirus boryzae	viruses	PP316494.1	1797	0	0		True	True	
MPDB000829	519497	Fijivirus boryzae	viruses	PP316495.1	1797	0	0		True	True	
MPDB000830	519497	Fijivirus boryzae	viruses	PP316496.1	1797	0	0		True	True	
MPDB000831	59749	Marafivirus maydis	viruses	NC_002786.2	6366	0	0		True	True	DUPLICATE_SEQUENCE_WITHIN_TAXID (n=2); identical sequences from independent GenBank records, retained
MPDB000832	59749	Marafivirus maydis	viruses	KM523134.1	6337	0	0		True	True	
MPDB000833	59749	Marafivirus maydis	viruses	NC_002786.2	6366	0	0		True	True	DUPLICATE_SEQUENCE_WITHIN_TAXID (n=2); identical sequences from independent GenBank records, retained
MPDB005343	1081076	Peronosclerospora miscanthi	oomycetes	KX721500.1	249	0	0		True	True	
MPDB005344	126844	Pythium helicoides / Phytopythium helicoides	oomycetes	AB108056.1	757	0	0		True	True	
MPDB005345	126844	Pythium helicoides / Phytopythium helicoides	oomycetes	AB108057.1	753	0	0		True	True	
MPDB005346	126844	Pythium helicoides / Phytopythium helicoides	oomycetes	AB108058.1	762	0	0		True	True	
MPDB005347	126844	Pythium helicoides / Phytopythium helicoides	oomycetes	AB108060.1	762	0	0		True	True	
MPDB005348	126844	Pythium helicoides / Phytopythium helicoides	oomycetes	AB108061.1	757	0	0		True	True	
MPDB005349	126844	Pythium helicoides / Phytopythium helicoides	oomycetes	AB217659.1	753	0	0		True	True	
MPDB005350	126844	Pythium helicoides / Phytopythium helicoides	oomycetes	AB217660.1	753	0	0		True	True	
MPDB005351	126844	Pythium helicoides / Phytopythium helicoides	oomycetes	AB217661.1	752	0	0		True	True	
MPDB005352	126844	Pythium helicoides / Phytopythium helicoides	oomycetes	AB690611.1	758	0	0		True	True	
MPDB005353	126844	Pythium helicoides / Phytopythium helicoides	oomycetes	AB690616.1	755	0	0		True	True	
MPDB005354	126844	Pythium helicoides / Phytopythium helicoides	oomycetes	AB725878.1	753	0	0		True	True	
MPDB005355	126844	Pythium helicoides / Phytopythium helicoides	oomycetes	AY598665.2	4044	0	0		True	True	
MPDB005356	126844	Pythium helicoides / Phytopythium helicoides	oomycetes	LC798349.1	760	0	0		True	True	
MPDB005357	126844	Pythium helicoides / Phytopythium helicoides	oomycetes	LC798350.1	753	0	0		True	True	
MPDB005358	126844	Pythium helicoides / Phytopythium helicoides	oomycetes	OR531151.1	823	0	0		True	True	
MPDB005359	126844	Pythium helicoides / Phytopythium helicoides	oomycetes	OR531152.1	792	0	0		True	True	
MPDB005360	126844	Pythium helicoides / Phytopythium helicoides	oomycetes	OR531153.1	776	6	0		True	True	
MPDB005361	126844	Pythium helicoides / Phytopythium helicoides	oomycetes	OR531154.1	822	1	0		True	True	
MPDB005362	126844	Pythium helicoides / Phytopythium helicoides	oomycetes	OR531155.1	824	0	0		True	True	
MPDB005363	126844	Pythium helicoides / Phytopythium helicoides	oomycetes	OR531156.1	822	3	0		True	True	
MPDB005364	126844	Pythium helicoides / Phytopythium helicoides	oomycetes	OR531196.1	805	1	0		True	True	
MPDB005365	126844	Pythium helicoides / Phytopythium helicoides	oomycetes	OR531254.1	846	0	0		True	True	
MPDB005366	126844	Pythium helicoides / Phytopythium helicoides	oomycetes	OR531258.1	802	0	0		True	True	
MPDB005367	126844	Pythium helicoides / Phytopythium helicoides	oomycetes	OR531261.1	818	1	0		True	True	
MPDB005368	126844	Pythium helicoides / Phytopythium helicoides	oomycetes	OR531262.1	701	0	0		True	True	
MPDB005369	126844	Pythium helicoides / Phytopythium helicoides	oomycetes	OR531270.1	821	0	0		True	True	
MPDB005370	126844	Pythium helicoides / Phytopythium helicoides	oomycetes	OR531271.1	823	0	0		True	True	
MPDB005371	126844	Pythium helicoides / Phytopythium helicoides	oomycetes	OR531272.1	792	0	0		True	True	
MPDB005372	126844	Pythium helicoides / Phytopythium helicoides	oomycetes	OR632928.1	786	0	0		True	True	
MPDB005373	126844	Pythium helicoides / Phytopythium helicoides	oomycetes	PP597241.1	1056	0	0		True	True	
MPDB005374	126844	Pythium helicoides / Phytopythium helicoides	oomycetes	PP597243.1	906	0	0		True	True	
MPDB005375	126844	Pythium helicoides / Phytopythium helicoides	oomycetes	PP741643.1	587	0	0		True	True	
MPDB005376	126844	Pythium helicoides / Phytopythium helicoides	oomycetes	PP741644.1	371	0	0		True	True	
MPDB005377	126844	Pythium helicoides / Phytopythium helicoides	oomycetes	PP976982.1	1337	0	0		True	True	
MPDB005378	126844	Pythium helicoides / Phytopythium helicoides	oomycetes	PQ149064.1	801	3	0		True	True	
MPDB005379	126844	Pythium helicoides / Phytopythium helicoides	oomycetes	PQ200672.1	336	0	0		True	True	
MPDB005380	126844	Pythium helicoides / Phytopythium helicoides	oomycetes	PV845136.1	534	0	0		True	True	
MPDB005381	126844	Pythium helicoides / Phytopythium helicoides	oomycetes	PV845155.1	706	0	0		True	True	
MPDB005382	126844	Pythium helicoides / Phytopythium helicoides	oomycetes	PV849200.1	778	0	0		True	True	
MPDB005383	126844	Pythium helicoides / Phytopythium helicoides	oomycetes	PV849201.1	722	0	0		True	True	
MPDB005384	126844	Pythium helicoides / Phytopythium helicoides	oomycetes	PV849252.1	819	0	0		True	True	
MPDB005385	126844	Pythium helicoides / Phytopythium helicoides	oomycetes	PV849253.1	813	0	0		True	True	
MPDB005386	126844	Pythium helicoides / Phytopythium helicoides	oomycetes	PV849254.1	823	0	0		True	True	
MPDB005387	1277646	Pythium schmitthenneri / Globisporangium schmitthenneri	oomycetes	JF836870.1	871	0	0		True	True	
MPDB005388	1277646	Pythium schmitthenneri / Globisporangium schmitthenneri	oomycetes	KJ716862.1	2019	0	0		True	True	
MPDB005389	1277646	Pythium schmitthenneri / Globisporangium schmitthenneri	oomycetes	MG799193.1	897	0	0		True	True	
MPDB005390	1277646	Pythium schmitthenneri / Globisporangium schmitthenneri	oomycetes	MG799194.1	923	0	0		True	True	
MPDB005391	1277646	Pythium schmitthenneri / Globisporangium schmitthenneri	oomycetes	PQ611592.1	616	0	0		True	True	
MPDB005392	1277646	Pythium schmitthenneri / Globisporangium schmitthenneri	oomycetes	PQ611756.1	570	0	0		True	True	
MPDB005393	1277646	Pythium schmitthenneri / Globisporangium schmitthenneri	oomycetes	PQ615100.1	652	0	0		True	True	
MPDB005394	140044	Pythium aristosporum	oomycetes	AY598627.2	4069	0	4	KWY	True	True	
MPDB005395	140044	Pythium aristosporum	oomycetes	MF446817.1	335	0	0		True	True	
MPDB005396	140044	Pythium aristosporum	oomycetes	MF446819.1	335	0	0		True	True	
MPDB005397	140044	Pythium aristosporum	oomycetes	MF446820.1	335	0	0		True	True	
MPDB005398	140044	Pythium aristosporum	oomycetes	MF446821.1	335	0	0		True	True	
MPDB005399	140044	Pythium aristosporum	oomycetes	MH890548.1	863	0	0		True	True	
MPDB005400	140044	Pythium aristosporum	oomycetes	MK326485.1	786	0	0		True	True	
MPDB005401	140044	Pythium aristosporum	oomycetes	MK326542.1	783	1	0		True	True	
MPDB005402	140044	Pythium aristosporum	oomycetes	MK326561.1	770	0	0		True	True	
MPDB005403	140044	Pythium aristosporum	oomycetes	MK420046.1	862	0	0		True	True	
MPDB005404	140044	Pythium aristosporum	oomycetes	MK794677.1	853	0	0		True	True	
MPDB005405	140044	Pythium aristosporum	oomycetes	MT337429.1	859	0	9	HKSY	True	True	
MPDB005406	140044	Pythium aristosporum	oomycetes	MT337436.1	900	0	0		True	True	
MPDB005407	140044	Pythium aristosporum	oomycetes	OL701302.1	762	0	4	MY	True	True	
MPDB005408	140044	Pythium aristosporum	oomycetes	OP050386.1	833	0	2	HK	True	True	
MPDB005409	140044	Pythium aristosporum	oomycetes	OP050387.1	892	0	0		True	True	
MPDB005410	140044	Pythium aristosporum	oomycetes	OP050388.1	880	0	0		True	True	
MPDB005411	140044	Pythium aristosporum	oomycetes	OP050389.1	840	0	0		True	True	
MPDB005412	140044	Pythium aristosporum	oomycetes	OP076892.1	850	0	9	HKSY	True	True	
MPDB005413	140044	Pythium aristosporum	oomycetes	OP076937.1	870	0	0		True	True	
MPDB005414	140044	Pythium aristosporum	oomycetes	OP076947.1	891	0	0		True	True	
MPDB005415	140044	Pythium aristosporum	oomycetes	OP077086.1	896	0	0		True	True	
MPDB005416	140044	Pythium aristosporum	oomycetes	OP933076.1	775	0	0		True	True	
MPDB005417	140044	Pythium aristosporum	oomycetes	OR120531.1	846	0	0		True	True	
MPDB005418	140044	Pythium aristosporum	oomycetes	OR194783.1	818	1	0		True	True	
MPDB005419	140044	Pythium aristosporum	oomycetes	OR890036.1	984	0	0		True	True	
MPDB005420	140044	Pythium aristosporum	oomycetes	OR890037.1	1000	0	0		True	True	
MPDB005421	140044	Pythium aristosporum	oomycetes	OR890038.1	993	0	0		True	True	
MPDB005422	140044	Pythium aristosporum	oomycetes	PZ810724.1	902	0	3	KMR	True	True	
MPDB005423	140044	Pythium aristosporum	oomycetes	PZ810725.1	900	0	4	MRW	True	True	
MPDB005424	140044	Pythium aristosporum	oomycetes	PZ810726.1	896	5	0		True	True	
MPDB005425	140044	Pythium aristosporum	oomycetes	PZ810727.1	894	5	0		True	True	
MPDB005426	140044	Pythium aristosporum	oomycetes	PZ810729.1	896	0	1	M	True	True	
MPDB005427	140044	Pythium aristosporum	oomycetes	PZ810730.1	898	0	5	RWY	True	True	
MPDB005428	140044	Pythium aristosporum	oomycetes	PZ810731.1	884	0	1	R	True	True	
MPDB005429	140044	Pythium aristosporum	oomycetes	PZ810732.1	903	0	6	MRW	True	True	
MPDB005430	140044	Pythium aristosporum	oomycetes	PZ810733.1	898	0	2	RW	True	True	
MPDB005431	140044	Pythium aristosporum	oomycetes	PZ810734.1	897	0	1	K	True	True	
MPDB005432	140044	Pythium aristosporum	oomycetes	PZ810736.1	898	0	2	KR	True	True	
MPDB005433	140044	Pythium aristosporum	oomycetes	PZ810742.1	850	0	0		True	True	
MPDB005434	140044	Pythium aristosporum	oomycetes	PZ810746.1	848	0	0		True	True	
MPDB005435	140044	Pythium aristosporum	oomycetes	PZ810748.1	852	0	0		True	True	
MPDB005436	140044	Pythium aristosporum	oomycetes	PZ810750.1	852	0	0		True	True	
MPDB005437	2052682	Pythium ultimum	oomycetes	LC901555.1	825	0	0		True	True	
MPDB005438	2052682	Pythium ultimum	oomycetes	LC906641.1	844	0	0		True	True	
MPDB005439	2052682	Pythium ultimum	oomycetes	OL342591.1	835	0	0		True	True	
MPDB005440	2052682	Pythium ultimum	oomycetes	OL342593.1	843	0	0		True	True	
MPDB005441	2052682	Pythium ultimum	oomycetes	OL342607.1	836	0	0		True	True	
MPDB005442	2052682	Pythium ultimum	oomycetes	OL342609.1	821	0	0		True	True	
MPDB005443	2052682	Pythium ultimum	oomycetes	OL342611.1	826	0	0		True	True	
MPDB005444	2052682	Pythium ultimum	oomycetes	OL342612.1	832	0	0		True	True	
MPDB005445	2052682	Pythium ultimum	oomycetes	OL342613.1	833	0	0		True	True	
MPDB005446	2052682	Pythium ultimum	oomycetes	PP835989.1	869	0	0		True	True	
MPDB005447	2052682	Pythium ultimum	oomycetes	PQ897936.1	309	0	0		True	True	
MPDB005448	2052682	Pythium ultimum	oomycetes	PV424126.1	694	0	0		True	True	
MPDB005449	2052682	Pythium ultimum	oomycetes	PV594455.1	738	0	0		True	True	
MPDB005450	2052682	Pythium ultimum	oomycetes	PV776020.1	880	0	0		True	True	
MPDB005451	2052682	Pythium ultimum	oomycetes	PV776021.1	872	0	0		True	True	
MPDB005452	2052682	Pythium ultimum	oomycetes	PV807958.1	824	0	0		True	True	
MPDB005453	2052682	Pythium ultimum	oomycetes	PV815413.1	821	0	0		True	True	
MPDB005454	2052682	Pythium ultimum	oomycetes	PV815414.1	817	0	0		True	True	
MPDB005455	2052682	Pythium ultimum	oomycetes	PV845119.1	902	0	0		True	True	
MPDB005456	2052682	Pythium ultimum	oomycetes	PV845126.1	877	0	0		True	True	
MPDB005457	2052682	Pythium ultimum	oomycetes	PV845129.1	833	0	0		True	True	
MPDB005458	2052682	Pythium ultimum	oomycetes	PV845130.1	532	0	0		True	True	
MPDB005459	2052682	Pythium ultimum	oomycetes	PV845131.1	586	0	0		True	True	
MPDB005460	2052682	Pythium ultimum	oomycetes	PV845137.1	669	0	0		True	True	
MPDB005461	2052682	Pythium ultimum	oomycetes	PV845150.1	894	0	0		True	True	
MPDB005462	2052682	Pythium ultimum	oomycetes	PV849267.1	898	0	0		True	True	
MPDB005463	2052682	Pythium ultimum	oomycetes	PV849273.1	883	0	0		True	True	
MPDB005464	2052682	Pythium ultimum	oomycetes	PV849275.1	881	0	0		True	True	
MPDB005465	2052682	Pythium ultimum	oomycetes	PV849276.1	893	0	0		True	True	
MPDB005466	2052682	Pythium ultimum	oomycetes	PV849277.1	889	0	0		True	True	
MPDB005467	2052682	Pythium ultimum	oomycetes	PV849278.1	885	0	0		True	True	
MPDB005468	2052682	Pythium ultimum	oomycetes	PV849279.1	884	0	0		True	True	
MPDB005469	2052682	Pythium ultimum	oomycetes	PV849280.1	749	0	0		True	True	
MPDB005470	2052682	Pythium ultimum	oomycetes	PV849283.1	891	0	0		True	True	
MPDB005471	2052682	Pythium ultimum	oomycetes	PV849286.1	825	0	0		True	True	
MPDB005472	2052682	Pythium ultimum	oomycetes	PX139271.1	174	0	0		True	True	
MPDB005473	2052682	Pythium ultimum	oomycetes	PX218305.1	774	0	0		True	True	
MPDB005474	2052682	Pythium ultimum	oomycetes	PX674610.1	865	0	0		True	True	
MPDB005475	2052682	Pythium ultimum	oomycetes	PX699629.1	898	0	0		True	True	
MPDB005476	2052682	Pythium ultimum	oomycetes	PX890959.1	1987	0	0		True	True	
MPDB005477	2052682	Pythium ultimum	oomycetes	PX972519.1	583	0	0		True	True	
MPDB005478	2052682	Pythium ultimum	oomycetes	PX972521.1	585	0	0		True	True	
MPDB005479	2052682	Pythium ultimum	oomycetes	PZ630447.1	889	0	0		True	True	
MPDB005480	2125995	Pythium paroecandrum/ Globisporangium paroecandrum	oomycetes	AY598644.2	4220	0	1	W	True	True	
MPDB005481	2125995	Pythium paroecandrum/ Globisporangium paroecandrum	oomycetes	KU208275.1	928	0	0		True	True	
MPDB005482	2125995	Pythium paroecandrum/ Globisporangium paroecandrum	oomycetes	KU208339.1	698	0	0		True	True	
MPDB005483	2125995	Pythium paroecandrum/ Globisporangium paroecandrum	oomycetes	KU208340.1	743	1	0		True	True	
MPDB005484	2125995	Pythium paroecandrum/ Globisporangium paroecandrum	oomycetes	KU208341.1	823	0	0		True	True	
MPDB005485	2125995	Pythium paroecandrum/ Globisporangium paroecandrum	oomycetes	KU208357.1	929	0	0		True	True	
MPDB005486	2125995	Pythium paroecandrum/ Globisporangium paroecandrum	oomycetes	KU208372.1	912	0	0		True	True	
MPDB005487	2125995	Pythium paroecandrum/ Globisporangium paroecandrum	oomycetes	KU208376.1	919	0	0		True	True	
MPDB005488	2125995	Pythium paroecandrum/ Globisporangium paroecandrum	oomycetes	KU208377.1	917	0	0		True	True	
MPDB005489	2125995	Pythium paroecandrum/ Globisporangium paroecandrum	oomycetes	KU208379.1	922	0	0		True	True	
MPDB005490	2125995	Pythium paroecandrum/ Globisporangium paroecandrum	oomycetes	KU208380.1	921	0	2	DS	True	True	
MPDB005491	2125995	Pythium paroecandrum/ Globisporangium paroecandrum	oomycetes	KU208381.1	923	0	0		True	True	
MPDB005492	2125995	Pythium paroecandrum/ Globisporangium paroecandrum	oomycetes	KU208383.1	923	0	0		True	True	
MPDB005493	2125995	Pythium paroecandrum/ Globisporangium paroecandrum	oomycetes	KU208384.1	924	0	0		True	True	
MPDB005494	2125995	Pythium paroecandrum/ Globisporangium paroecandrum	oomycetes	KU208386.1	928	0	2	RW	True	True	
MPDB005495	2125995	Pythium paroecandrum/ Globisporangium paroecandrum	oomycetes	KU208388.1	925	0	0		True	True	
MPDB005496	2125995	Pythium paroecandrum/ Globisporangium paroecandrum	oomycetes	KU208389.1	936	0	0		True	True	
MPDB005497	2125995	Pythium paroecandrum/ Globisporangium paroecandrum	oomycetes	KU208404.1	918	0	0		True	True	
MPDB005498	2125995	Pythium paroecandrum/ Globisporangium paroecandrum	oomycetes	KU208405.1	922	0	0		True	True	
MPDB005499	2125995	Pythium paroecandrum/ Globisporangium paroecandrum	oomycetes	KU208406.1	929	0	0		True	True	
MPDB005500	2125995	Pythium paroecandrum/ Globisporangium paroecandrum	oomycetes	KU209341.1	920	0	0		True	True	
MPDB005501	2125995	Pythium paroecandrum/ Globisporangium paroecandrum	oomycetes	KU209349.1	926	0	0		True	True	
MPDB005502	2125995	Pythium paroecandrum/ Globisporangium paroecandrum	oomycetes	KU209350.1	927	0	0		True	True	
MPDB005503	2125995	Pythium paroecandrum/ Globisporangium paroecandrum	oomycetes	KU209351.1	928	0	0		True	True	
MPDB005504	2125995	Pythium paroecandrum/ Globisporangium paroecandrum	oomycetes	KU210456.1	1025	0	0		True	True	
MPDB005505	2125995	Pythium paroecandrum/ Globisporangium paroecandrum	oomycetes	KU210457.1	1014	0	0		True	True	
MPDB005506	2125995	Pythium paroecandrum/ Globisporangium paroecandrum	oomycetes	KU210463.1	752	0	1	Y	True	True	
MPDB005507	2125995	Pythium paroecandrum/ Globisporangium paroecandrum	oomycetes	KU210471.1	922	0	1	Y	True	True	
MPDB005508	2125995	Pythium paroecandrum/ Globisporangium paroecandrum	oomycetes	KU210472.1	937	0	0		True	True	
MPDB005509	2125995	Pythium paroecandrum/ Globisporangium paroecandrum	oomycetes	KU210513.1	917	0	0		True	True	
MPDB005510	2125995	Pythium paroecandrum/ Globisporangium paroecandrum	oomycetes	KU210515.1	927	0	0		True	True	
MPDB005511	2125995	Pythium paroecandrum/ Globisporangium paroecandrum	oomycetes	KU210519.1	943	0	0		True	True	
MPDB005512	2125995	Pythium paroecandrum/ Globisporangium paroecandrum	oomycetes	KU210520.1	945	0	0		True	True	
MPDB005513	2125995	Pythium paroecandrum/ Globisporangium paroecandrum	oomycetes	KX788834.1	962	0	0		True	True	
MPDB005514	2125995	Pythium paroecandrum/ Globisporangium paroecandrum	oomycetes	KY433891.1	798	0	0		True	True	
MPDB005515	2125995	Pythium paroecandrum/ Globisporangium paroecandrum	oomycetes	MF963042.1	550	0	0		True	True	
MPDB005516	2125995	Pythium paroecandrum/ Globisporangium paroecandrum	oomycetes	MF963043.1	550	0	0		True	True	
MPDB005517	2125995	Pythium paroecandrum/ Globisporangium paroecandrum	oomycetes	MG799189.1	905	18	0		True	True	
MPDB005518	2125995	Pythium paroecandrum/ Globisporangium paroecandrum	oomycetes	MK886856.1	913	0	0		True	True	
MPDB005519	2125995	Pythium paroecandrum/ Globisporangium paroecandrum	oomycetes	MK910127.1	925	0	0		True	True	
MPDB005520	2125995	Pythium paroecandrum/ Globisporangium paroecandrum	oomycetes	MZ207918.1	902	0	0		True	True	
MPDB005521	2125995	Pythium paroecandrum/ Globisporangium paroecandrum	oomycetes	OR484040.1	775	0	0		True	True	
MPDB005522	2125995	Pythium paroecandrum/ Globisporangium paroecandrum	oomycetes	PZ239895.1	512	0	0		True	True	
MPDB005523	2125998	Pythium spinosum /Globisporangium spinosum	oomycetes	AB108006.1	916	3	0		True	True	
MPDB005524	2125998	Pythium spinosum /Globisporangium spinosum	oomycetes	AB108007.1	916	4	0		True	True	
MPDB005525	2125998	Pythium spinosum /Globisporangium spinosum	oomycetes	AB217665.1	916	0	0		True	True	
MPDB005526	2125998	Pythium spinosum /Globisporangium spinosum	oomycetes	AY598701.2	4068	0	1	R	True	True	
MPDB005527	2125998	Pythium spinosum /Globisporangium spinosum	oomycetes	MG799197.1	901	0	0		True	True	
MPDB005528	2125998	Pythium spinosum /Globisporangium spinosum	oomycetes	OL307779.1	739	0	0		True	True	
MPDB005529	2125998	Pythium spinosum /Globisporangium spinosum	oomycetes	OL307783.1	838	0	0		True	True	
MPDB005530	2125998	Pythium spinosum /Globisporangium spinosum	oomycetes	ON102786.1	886	0	0		True	True	
MPDB005531	2125998	Pythium spinosum /Globisporangium spinosum	oomycetes	ON102787.1	954	0	14	KMRSWY	True	True	
MPDB005532	2125998	Pythium spinosum /Globisporangium spinosum	oomycetes	ON113873.1	623	0	0		True	True	
MPDB005533	2125998	Pythium spinosum /Globisporangium spinosum	oomycetes	ON202808.2	969	0	0		True	True	
MPDB005534	2125998	Pythium spinosum /Globisporangium spinosum	oomycetes	OP592246.1	955	0	0		True	True	
MPDB005535	2125998	Pythium spinosum /Globisporangium spinosum	oomycetes	OQ612485.1	979	0	0		True	True	
MPDB005536	2125998	Pythium spinosum /Globisporangium spinosum	oomycetes	OQ875759.1	720	0	0		True	True	
MPDB005537	2125998	Pythium spinosum /Globisporangium spinosum	oomycetes	OQ975665.1	909	0	0		True	True	
MPDB005538	2125998	Pythium spinosum /Globisporangium spinosum	oomycetes	OR120463.1	948	0	0		True	True	
MPDB005539	2125998	Pythium spinosum /Globisporangium spinosum	oomycetes	OR120465.1	963	0	0		True	True	
MPDB005540	2125998	Pythium spinosum /Globisporangium spinosum	oomycetes	OR120468.1	961	0	0		True	True	
MPDB005541	2125998	Pythium spinosum /Globisporangium spinosum	oomycetes	OR120530.1	956	0	0		True	True	
MPDB005542	2125998	Pythium spinosum /Globisporangium spinosum	oomycetes	OR120534.1	963	0	0		True	True	
MPDB005543	2125998	Pythium spinosum /Globisporangium spinosum	oomycetes	OR120550.1	952	0	0		True	True	
MPDB005544	2125998	Pythium spinosum /Globisporangium spinosum	oomycetes	OR120554.1	956	0	0		True	True	
MPDB005545	2125998	Pythium spinosum /Globisporangium spinosum	oomycetes	OR120564.1	958	0	0		True	True	
MPDB005546	2125998	Pythium spinosum /Globisporangium spinosum	oomycetes	OR120566.1	938	0	0		True	True	
MPDB005547	2125998	Pythium spinosum /Globisporangium spinosum	oomycetes	OR120571.1	962	0	0		True	True	
MPDB005548	2125998	Pythium spinosum /Globisporangium spinosum	oomycetes	OR120651.1	960	0	0		True	True	
MPDB005549	2125998	Pythium spinosum /Globisporangium spinosum	oomycetes	OR194626.1	945	1	0		True	True	
MPDB005550	2125998	Pythium spinosum /Globisporangium spinosum	oomycetes	OR194628.1	951	2	0		True	True	
MPDB005551	2125998	Pythium spinosum /Globisporangium spinosum	oomycetes	OR194629.1	960	2	0		True	True	
MPDB005552	2125998	Pythium spinosum /Globisporangium spinosum	oomycetes	OR194631.1	783	0	0		True	True	
MPDB005553	2125998	Pythium spinosum /Globisporangium spinosum	oomycetes	OR194757.1	626	0	0		True	True	
MPDB005554	2125998	Pythium spinosum /Globisporangium spinosum	oomycetes	OR194764.1	799	0	0		True	True	
MPDB005555	2125998	Pythium spinosum /Globisporangium spinosum	oomycetes	OR194824.1	865	0	0		True	True	
MPDB005556	2125998	Pythium spinosum /Globisporangium spinosum	oomycetes	OR194834.1	935	2	0		True	True	
MPDB005557	2125998	Pythium spinosum /Globisporangium spinosum	oomycetes	OR194845.1	939	1	0		True	True	
MPDB005558	2125998	Pythium spinosum /Globisporangium spinosum	oomycetes	OR511522.1	878	0	0		True	True	
MPDB005559	2125998	Pythium spinosum /Globisporangium spinosum	oomycetes	OR604290.1	896	0	0		True	True	
MPDB005560	2125998	Pythium spinosum /Globisporangium spinosum	oomycetes	PP033679.1	931	0	2	KY	True	True	
MPDB005561	2125998	Pythium spinosum /Globisporangium spinosum	oomycetes	PP817607.1	945	0	0		True	True	
MPDB005562	2125998	Pythium spinosum /Globisporangium spinosum	oomycetes	PV390628.1	919	0	0		True	True	
MPDB005563	2125998	Pythium spinosum /Globisporangium spinosum	oomycetes	PZ321508.1	934	0	0		True	True	
MPDB005564	2125998	Pythium spinosum /Globisporangium spinosum	oomycetes	PZ439652.1	679	0	0		True	True	
MPDB005565	2125998	Pythium spinosum /Globisporangium spinosum	oomycetes	PZ810737.1	964	0	0		True	True	
MPDB005566	230839	Peronosclerospora sorghi	oomycetes	HM236843.1	195	0	0		True	True	DUPLICATE_SEQUENCE_WITHIN_TAXID (n=2); identical sequences from independent GenBank records, retained
MPDB005567	230839	Peronosclerospora sorghi	oomycetes	HM236843.1	195	0	0		True	True	DUPLICATE_SEQUENCE_WITHIN_TAXID (n=2); identical sequences from independent GenBank records, retained
MPDB005568	231958	Pythium debaryanum /Globisporangium debaryanum	oomycetes	AY243060.1	822	0	0		True	True	
MPDB005569	231958	Pythium debaryanum /Globisporangium debaryanum	oomycetes	AY243061.1	826	0	3	MWY	True	True	
MPDB005570	231958	Pythium debaryanum /Globisporangium debaryanum	oomycetes	AY243062.1	819	0	2	SY	True	True	
MPDB005571	231958	Pythium debaryanum /Globisporangium debaryanum	oomycetes	AY243063.1	823	0	0		True	True	
MPDB005572	231958	Pythium debaryanum /Globisporangium debaryanum	oomycetes	AY243064.1	791	0	1	W	True	True	
MPDB005573	231958	Pythium debaryanum /Globisporangium debaryanum	oomycetes	AY243065.1	794	0	1	S	True	True	
MPDB005574	231958	Pythium debaryanum /Globisporangium debaryanum	oomycetes	AY598704.2	4189	0	4	RWY	True	True	
MPDB005575	231958	Pythium debaryanum /Globisporangium debaryanum	oomycetes	HQ643519.1	944	0	1	R	True	True	
MPDB005576	231958	Pythium debaryanum /Globisporangium debaryanum	oomycetes	KT429655.1	961	0	0		True	True	
MPDB005577	231958	Pythium debaryanum /Globisporangium debaryanum	oomycetes	KU833269.1	885	0	0		True	True	
MPDB005578	231958	Pythium debaryanum /Globisporangium debaryanum	oomycetes	KX228092.1	900	0	0		True	True	
MPDB005579	231958	Pythium debaryanum /Globisporangium debaryanum	oomycetes	KX396598.1	791	0	1	W	True	True	
MPDB005580	231958	Pythium debaryanum /Globisporangium debaryanum	oomycetes	MF115153.1	930	0	0		True	True	
MPDB005581	231958	Pythium debaryanum /Globisporangium debaryanum	oomycetes	MW489834.1	900	0	0		True	True	
MPDB005582	231958	Pythium debaryanum /Globisporangium debaryanum	oomycetes	OQ318505.1	755	0	0		True	True	
MPDB005583	231958	Pythium debaryanum /Globisporangium debaryanum	oomycetes	OR910652.1	752	0	1	W	True	True	
MPDB005584	231958	Pythium debaryanum /Globisporangium debaryanum	oomycetes	PV849209.1	868	0	0		True	True	
MPDB005585	231958	Pythium debaryanum /Globisporangium debaryanum	oomycetes	PV849210.1	946	0	0		True	True	
MPDB005586	231958	Pythium debaryanum /Globisporangium debaryanum	oomycetes	PV849212.1	710	0	0		True	True	
MPDB005587	2711123	Globisporangium rostratum (Pythium rostratum )	oomycetes	AB468775.1	966	0	0		True	True	
MPDB005588	2711123	Globisporangium rostratum (Pythium rostratum )	oomycetes	AF310335.1	161	0	0		True	True	
MPDB005589	2711123	Globisporangium rostratum (Pythium rostratum )	oomycetes	AJ233456.1	982	0	0		True	True	
MPDB005590	2711123	Globisporangium rostratum (Pythium rostratum )	oomycetes	AY598696.2	4116	0	1	M	True	True	
MPDB005591	2711123	Globisporangium rostratum (Pythium rostratum )	oomycetes	AY753573.1	366	4	0		True	True	
MPDB005592	2711123	Globisporangium rostratum (Pythium rostratum )	oomycetes	DQ648134.1	964	0	1	S	True	True	
MPDB005593	2711123	Globisporangium rostratum (Pythium rostratum )	oomycetes	GU258606.1	981	0	0		True	True	
MPDB005594	2711123	Globisporangium rostratum (Pythium rostratum )	oomycetes	HQ643767.1	996	0	2	MY	True	True	
MPDB005595	2711123	Globisporangium rostratum (Pythium rostratum )	oomycetes	MF446697.1	393	0	0		True	True	
MPDB005596	2711123	Globisporangium rostratum (Pythium rostratum )	oomycetes	MK330686.1	919	0	0		True	True	
MPDB005597	2711123	Globisporangium rostratum (Pythium rostratum )	oomycetes	MT084526.1	606	0	0		True	True	
MPDB005598	2711123	Globisporangium rostratum (Pythium rostratum )	oomycetes	MT084527.1	893	0	0		True	True	
MPDB005599	289596	Pythium adhaerens	oomycetes	AY598619.2	3926	0	4	KRW	True	True	
MPDB005600	289596	Pythium adhaerens	oomycetes	HQ111456.1	805	0	0		True	True	
MPDB005601	289596	Pythium adhaerens	oomycetes	HQ111467.1	789	0	0		True	True	
MPDB005602	289596	Pythium adhaerens	oomycetes	HQ111468.1	785	0	0		True	True	
MPDB005603	289596	Pythium adhaerens	oomycetes	HQ643415.1	814	0	8	KRWY	True	True	
MPDB005604	289596	Pythium adhaerens	oomycetes	JQ898454.1	892	0	0		True	True	
MPDB005605	289596	Pythium adhaerens	oomycetes	KJ865241.1	794	0	0		True	True	
MPDB005606	289596	Pythium adhaerens	oomycetes	KP063120.1	845	0	0		True	True	
MPDB005607	289596	Pythium adhaerens	oomycetes	KP843580.1	689	0	0		True	True	
MPDB005608	289596	Pythium adhaerens	oomycetes	KP862937.1	816	0	0		True	True	
MPDB005609	289596	Pythium adhaerens	oomycetes	KU210085.1	777	0	0		True	True	
MPDB005610	289596	Pythium adhaerens	oomycetes	MF115424.1	837	2	0		True	True	
MPDB005611	289596	Pythium adhaerens	oomycetes	OP933314.1	672	3	2	RW	True	True	
MPDB005612	289596	Pythium adhaerens	oomycetes	OP933315.1	629	1	0		True	True	
MPDB005613	289596	Pythium adhaerens	oomycetes	OR784346.1	831	0	0		True	True	
MPDB005614	289598	Pythium angustatum	oomycetes	AY598623.1	2254	1	0		True	True	
MPDB005615	289598	Pythium angustatum	oomycetes	HQ643437.1	820	0	0		True	True	
MPDB005616	289598	Pythium angustatum	oomycetes	JX271794.1	800	0	0		True	True	
MPDB005617	289598	Pythium angustatum	oomycetes	JX271799.1	786	0	0		True	True	
MPDB005618	289598	Pythium angustatum	oomycetes	KM280065.1	743	0	0		True	True	
MPDB005619	289598	Pythium angustatum	oomycetes	KP843596.1	813	1	0		True	True	
MPDB005620	289598	Pythium angustatum	oomycetes	KU210460.1	724	0	0		True	True	
MPDB005621	289598	Pythium angustatum	oomycetes	MT473788.1	720	0	1	R	True	True	
MPDB005622	289598	Pythium angustatum	oomycetes	PQ107654.1	837	0	0		True	True	
MPDB005623	289618	Pythium lutarium	oomycetes	AY598688.1	777	0	0		True	True	
MPDB005624	289618	Pythium lutarium	oomycetes	KU210117.1	785	0	0		True	True	
MPDB005625	289618	Pythium lutarium	oomycetes	KU210120.1	785	0	0		True	True	
MPDB005626	289618	Pythium lutarium	oomycetes	KU210121.1	786	0	0		True	True	
MPDB005627	289618	Pythium lutarium	oomycetes	KU210128.1	787	0	0		True	True	
MPDB005628	289618	Pythium lutarium	oomycetes	KU210158.1	810	0	0		True	True	
MPDB005629	289618	Pythium lutarium	oomycetes	KU210253.1	785	0	0		True	True	
MPDB005630	289618	Pythium lutarium	oomycetes	KU210254.1	786	0	1	W	True	True	
MPDB005631	289618	Pythium lutarium	oomycetes	KU210331.1	808	0	0		True	True	
MPDB005632	289618	Pythium lutarium	oomycetes	KU210467.1	782	0	0		True	True	
MPDB005633	289618	Pythium lutarium	oomycetes	KU210494.1	775	0	0		True	True	
MPDB005634	289618	Pythium lutarium	oomycetes	KU210496.1	780	0	0		True	True	
MPDB005635	289618	Pythium lutarium	oomycetes	KU210498.1	780	0	0		True	True	
MPDB005636	289618	Pythium lutarium	oomycetes	KU210502.1	785	0	0		True	True	
MPDB005637	289618	Pythium lutarium	oomycetes	KU210504.1	781	0	0		True	True	
MPDB005638	289618	Pythium lutarium	oomycetes	KU210505.1	787	0	0		True	True	
MPDB005639	289618	Pythium lutarium	oomycetes	KU210506.1	791	0	1	R	True	True	
MPDB005640	289618	Pythium lutarium	oomycetes	KU210574.1	777	0	0		True	True	
MPDB005641	289618	Pythium lutarium	oomycetes	KU210575.1	778	0	0		True	True	
MPDB005642	289618	Pythium lutarium	oomycetes	KU210578.1	778	0	0		True	True	
MPDB005643	289618	Pythium lutarium	oomycetes	KU210579.1	779	0	0		True	True	
MPDB005644	289618	Pythium lutarium	oomycetes	KU210580.1	778	0	0		True	True	
MPDB005645	289618	Pythium lutarium	oomycetes	KU210583.1	784	0	0		True	True	
MPDB005646	289618	Pythium lutarium	oomycetes	KU210587.1	782	0	0		True	True	
MPDB005647	289618	Pythium lutarium	oomycetes	KU210588.1	787	0	0		True	True	
MPDB005648	289618	Pythium lutarium	oomycetes	KU210603.1	805	0	0		True	True	
MPDB005649	289618	Pythium lutarium	oomycetes	KU210702.1	785	0	0		True	True	
MPDB005650	289618	Pythium lutarium	oomycetes	KU211059.1	777	0	0		True	True	
MPDB005651	289618	Pythium lutarium	oomycetes	KU211277.1	777	0	0		True	True	
MPDB005652	289618	Pythium lutarium	oomycetes	KU211278.1	779	0	0		True	True	
MPDB005653	289618	Pythium lutarium	oomycetes	KX346232.1	812	4	0		True	True	
MPDB005654	289618	Pythium lutarium	oomycetes	KY708961.1	662	0	0		True	True	
MPDB005655	289618	Pythium lutarium	oomycetes	MF115257.1	826	2	0		True	True	
MPDB005656	289618	Pythium lutarium	oomycetes	MK326435.1	776	0	0		True	True	
MPDB005657	289618	Pythium lutarium	oomycetes	MK326443.1	796	0	0		True	True	
MPDB005658	289618	Pythium lutarium	oomycetes	MK326444.1	809	0	0		True	True	
MPDB005659	289618	Pythium lutarium	oomycetes	MK326449.1	813	0	0		True	True	
MPDB005660	289618	Pythium lutarium	oomycetes	MK326458.1	790	0	0		True	True	
MPDB005661	289618	Pythium lutarium	oomycetes	MK326475.1	774	0	0		True	True	
MPDB005662	289618	Pythium lutarium	oomycetes	MK326527.1	783	0	0		True	True	
MPDB005663	289618	Pythium lutarium	oomycetes	MN522172.1	249	0	0		True	True	
MPDB005664	289618	Pythium lutarium	oomycetes	OR784332.1	828	0	0		True	True	
MPDB005665	289618	Pythium lutarium	oomycetes	PV082505.1	605	0	0		True	True	
MPDB005666	36331	Globisporangium irregulare (Pythium irregulare)	oomycetes	AB107995.1	938	0	0		True	True	
MPDB005667	36331	Globisporangium irregulare (Pythium irregulare)	oomycetes	AB107996.1	948	0	0		True	True	
MPDB005668	36331	Globisporangium irregulare (Pythium irregulare)	oomycetes	AB107997.1	937	0	0		True	True	
MPDB005669	36331	Globisporangium irregulare (Pythium irregulare)	oomycetes	AB107998.1	916	0	0		True	True	
MPDB005670	36331	Globisporangium irregulare (Pythium irregulare)	oomycetes	AB107999.1	937	0	0		True	True	
MPDB005671	36331	Globisporangium irregulare (Pythium irregulare)	oomycetes	AB108000.1	945	0	0		True	True	
MPDB005672	36331	Globisporangium irregulare (Pythium irregulare)	oomycetes	AB108001.1	916	3	0		True	True	
MPDB005673	36331	Globisporangium irregulare (Pythium irregulare)	oomycetes	AB108003.1	916	0	0		True	True	
MPDB005674	36331	Globisporangium irregulare (Pythium irregulare)	oomycetes	AB108004.1	927	0	0		True	True	
MPDB005675	36331	Globisporangium irregulare (Pythium irregulare)	oomycetes	AB108005.1	937	0	0		True	True	
MPDB005676	36331	Globisporangium irregulare (Pythium irregulare)	oomycetes	AY598702.2	4212	0	0		True	True	
MPDB005677	36331	Globisporangium irregulare (Pythium irregulare)	oomycetes	LC858064.1	914	0	0		True	True	
MPDB005678	36331	Globisporangium irregulare (Pythium irregulare)	oomycetes	OL342596.1	938	0	0		True	True	
MPDB005679	36331	Globisporangium irregulare (Pythium irregulare)	oomycetes	OL952624.1	884	0	0		True	True	
MPDB005680	36331	Globisporangium irregulare (Pythium irregulare)	oomycetes	OR194729.1	873	0	0		True	True	
MPDB005681	36331	Globisporangium irregulare (Pythium irregulare)	oomycetes	OR194752.1	938	4	0		True	True	
MPDB005682	36331	Globisporangium irregulare (Pythium irregulare)	oomycetes	OR194753.1	742	21	0		True	True	
MPDB005683	36331	Globisporangium irregulare (Pythium irregulare)	oomycetes	OR259033.1	618	0	0		True	True	
MPDB005684	36331	Globisporangium irregulare (Pythium irregulare)	oomycetes	PP789600.1	948	0	0		True	True	
MPDB005685	36331	Globisporangium irregulare (Pythium irregulare)	oomycetes	PP817565.1	968	0	1	Y	True	True	
MPDB005686	36331	Globisporangium irregulare (Pythium irregulare)	oomycetes	PP835986.1	960	0	0		True	True	
MPDB005687	36331	Globisporangium irregulare (Pythium irregulare)	oomycetes	PP844717.1	829	0	0		True	True	
MPDB005688	36331	Globisporangium irregulare (Pythium irregulare)	oomycetes	PP844848.1	831	0	0		True	True	
MPDB005689	36331	Globisporangium irregulare (Pythium irregulare)	oomycetes	PP844890.1	800	0	0		True	True	
MPDB005690	36331	Globisporangium irregulare (Pythium irregulare)	oomycetes	PP965682.1	525	0	0		True	True	
MPDB005691	36331	Globisporangium irregulare (Pythium irregulare)	oomycetes	PP965683.1	556	0	0		True	True	
MPDB005692	36331	Globisporangium irregulare (Pythium irregulare)	oomycetes	PP965684.1	550	0	0		True	True	
MPDB005693	36331	Globisporangium irregulare (Pythium irregulare)	oomycetes	PQ216304.1	705	0	0		True	True	
MPDB005694	36331	Globisporangium irregulare (Pythium irregulare)	oomycetes	PQ331059.1	944	0	0		True	True	
MPDB005695	36331	Globisporangium irregulare (Pythium irregulare)	oomycetes	PQ331060.1	491	0	0		True	True	
MPDB005696	36331	Globisporangium irregulare (Pythium irregulare)	oomycetes	PQ331061.1	533	0	0		True	True	
MPDB005697	36331	Globisporangium irregulare (Pythium irregulare)	oomycetes	PQ895788.1	825	0	0		True	True	
MPDB005698	36331	Globisporangium irregulare (Pythium irregulare)	oomycetes	PV776018.1	984	1	0		True	True	
MPDB005699	36331	Globisporangium irregulare (Pythium irregulare)	oomycetes	PV776019.1	981	0	0		True	True	
MPDB005700	36331	Globisporangium irregulare (Pythium irregulare)	oomycetes	PV777972.1	983	0	0		True	True	
MPDB005701	36331	Globisporangium irregulare (Pythium irregulare)	oomycetes	PV777973.1	986	0	0		True	True	
MPDB005702	36331	Globisporangium irregulare (Pythium irregulare)	oomycetes	PX394239.1	711	0	0		True	True	
MPDB005703	36331	Globisporangium irregulare (Pythium irregulare)	oomycetes	PX394240.1	712	0	0		True	True	
MPDB005704	36331	Globisporangium irregulare (Pythium irregulare)	oomycetes	PX972522.1	635	0	0		True	True	
MPDB005705	36331	Globisporangium irregulare (Pythium irregulare)	oomycetes	PZ445155.1	922	0	1	Y	True	True	
MPDB005706	36331	Globisporangium irregulare (Pythium irregulare)	oomycetes	PZ445157.1	922	0	0		True	True	
MPDB005707	36331	Globisporangium irregulare (Pythium irregulare)	oomycetes	PZ445161.1	922	0	5	KRY	True	True	
MPDB005708	36331	Globisporangium irregulare (Pythium irregulare)	oomycetes	PZ782685.1	907	0	0		True	True	
MPDB005709	467161	Peronosclerospora sacchari	oomycetes	HM236836.1	195	0	0		True	True	
MPDB005710	467161	Peronosclerospora sacchari	oomycetes	HM236847.1	188	0	0		True	True	
MPDB005711	467161	Peronosclerospora sacchari	oomycetes	JF754979.1	1574	0	0		True	True	
MPDB005712	4799	Pythium torulosum	oomycetes	AB095046.1	775	1	0		True	True	
MPDB005713	4799	Pythium torulosum	oomycetes	AB160846.1	775	0	0		True	True	
MPDB005714	4799	Pythium torulosum	oomycetes	AY598624.2	4041	0	0		True	True	
MPDB005715	4799	Pythium torulosum	oomycetes	MK795031.1	862	0	0		True	True	
MPDB005716	4799	Pythium torulosum	oomycetes	MK795037.1	878	0	0		True	True	
MPDB005717	4799	Pythium torulosum	oomycetes	MK795045.1	858	0	0		True	True	
MPDB005718	4799	Pythium torulosum	oomycetes	MK795047.1	850	0	0		True	True	
MPDB005719	4799	Pythium torulosum	oomycetes	MK795048.1	859	0	0		True	True	
MPDB005720	4799	Pythium torulosum	oomycetes	MK795050.1	853	0	0		True	True	
MPDB005721	4799	Pythium torulosum	oomycetes	MK795053.1	856	0	0		True	True	
MPDB005722	4799	Pythium torulosum	oomycetes	MK795058.1	875	0	0		True	True	
MPDB005723	4799	Pythium torulosum	oomycetes	MT414939.1	754	0	0		True	True	
MPDB005724	4799	Pythium torulosum	oomycetes	MZ540564.1	822	0	0		True	True	
MPDB005725	4799	Pythium torulosum	oomycetes	MZ540565.1	783	0	0		True	True	
MPDB005726	4799	Pythium torulosum	oomycetes	MZ540567.1	775	0	0		True	True	
MPDB005727	4799	Pythium torulosum	oomycetes	MZ540570.1	825	2	0		True	True	
MPDB005728	4799	Pythium torulosum	oomycetes	MZ540572.1	817	0	0		True	True	
MPDB005729	4799	Pythium torulosum	oomycetes	OK257561.1	801	0	0		True	True	
MPDB005730	4799	Pythium torulosum	oomycetes	OK257562.1	800	0	0		True	True	
MPDB005731	4799	Pythium torulosum	oomycetes	OP933359.1	748	2	0		True	True	
MPDB005732	4799	Pythium torulosum	oomycetes	OP933360.1	811	2	0		True	True	
MPDB005733	4799	Pythium torulosum	oomycetes	OP933361.1	753	0	1	R	True	True	
MPDB005734	4799	Pythium torulosum	oomycetes	OQ678451.1	811	0	0		True	True	
MPDB005735	4799	Pythium torulosum	oomycetes	OR120524.1	825	0	0		True	True	
MPDB005736	4799	Pythium torulosum	oomycetes	OR120559.1	826	0	0		True	True	
MPDB005737	4799	Pythium torulosum	oomycetes	OR120572.1	825	0	0		True	True	
MPDB005738	4799	Pythium torulosum	oomycetes	OR120573.1	824	0	0		True	True	
MPDB005739	4799	Pythium torulosum	oomycetes	OR120580.1	825	0	0		True	True	
MPDB005740	4799	Pythium torulosum	oomycetes	OR120635.1	839	0	0		True	True	
MPDB005741	4799	Pythium torulosum	oomycetes	OR194618.1	772	0	0		True	True	
MPDB005742	4799	Pythium torulosum	oomycetes	OR194634.1	779	21	0		True	True	
MPDB005743	4799	Pythium torulosum	oomycetes	OR194637.1	779	0	0		True	True	
MPDB005744	4799	Pythium torulosum	oomycetes	OR194640.1	727	0	0		True	True	
MPDB005745	4799	Pythium torulosum	oomycetes	OR194642.1	814	1	0		True	True	
MPDB005746	4799	Pythium torulosum	oomycetes	OR194658.1	823	0	0		True	True	
MPDB005747	4799	Pythium torulosum	oomycetes	OR194669.1	827	1	0		True	True	
MPDB005748	4799	Pythium torulosum	oomycetes	OR194723.1	804	1	0		True	True	
MPDB005749	4799	Pythium torulosum	oomycetes	OR194724.1	798	0	0		True	True	
MPDB005750	4799	Pythium torulosum	oomycetes	OR194726.1	806	2	0		True	True	
MPDB005751	4799	Pythium torulosum	oomycetes	OR194773.1	799	1	0		True	True	
MPDB005752	4799	Pythium torulosum	oomycetes	OR784401.1	775	0	0		True	True	
MPDB005753	4799	Pythium torulosum	oomycetes	PP835995.1	825	0	0		True	True	
MPDB005754	4799	Pythium torulosum	oomycetes	PZ810747.1	825	0	0		True	True	
MPDB005755	65069	Pythium acanthicum	oomycetes	AY598617.2	4048	0	0		True	True	
MPDB005756	65069	Pythium acanthicum	oomycetes	KX423753.1	822	0	0		True	True	
MPDB005757	65069	Pythium acanthicum	oomycetes	MG799207.1	753	0	0		True	True	
MPDB005758	65069	Pythium acanthicum	oomycetes	MK794821.1	849	0	0		True	True	
MPDB005759	65069	Pythium acanthicum	oomycetes	MK794855.1	854	0	0		True	True	
MPDB005760	65069	Pythium acanthicum	oomycetes	MK794863.1	844	0	0		True	True	
MPDB005761	65069	Pythium acanthicum	oomycetes	MK794871.1	850	0	0		True	True	
MPDB005762	65069	Pythium acanthicum	oomycetes	MK794887.1	850	0	0		True	True	
MPDB005763	65069	Pythium acanthicum	oomycetes	MK794917.1	844	0	0		True	True	
MPDB005764	65069	Pythium acanthicum	oomycetes	MK794969.1	849	0	0		True	True	
MPDB005765	65069	Pythium acanthicum	oomycetes	MK795060.1	851	0	0		True	True	
MPDB005766	65069	Pythium acanthicum	oomycetes	MT758167.1	772	0	0		True	True	
MPDB005767	65069	Pythium acanthicum	oomycetes	MT758168.1	863	0	0		True	True	
MPDB005768	65069	Pythium acanthicum	oomycetes	MT758169.1	871	0	0		True	True	
MPDB005769	65069	Pythium acanthicum	oomycetes	MT758170.1	858	0	0		True	True	
MPDB005770	65069	Pythium acanthicum	oomycetes	MT758181.1	822	0	0		True	True	
MPDB005771	65069	Pythium acanthicum	oomycetes	MT758182.1	770	0	0		True	True	
MPDB005772	65069	Pythium acanthicum	oomycetes	MW426378.1	859	0	0		True	True	
MPDB005773	65069	Pythium acanthicum	oomycetes	MW489839.1	859	0	0		True	True	
MPDB005774	65069	Pythium acanthicum	oomycetes	OL468023.1	781	0	0		True	True	
MPDB005775	65069	Pythium acanthicum	oomycetes	OL468024.1	727	0	0		True	True	
MPDB005776	65069	Pythium acanthicum	oomycetes	OL468036.1	650	0	0		True	True	
MPDB005777	65069	Pythium acanthicum	oomycetes	OL661627.1	753	0	0		True	True	
MPDB005778	65069	Pythium acanthicum	oomycetes	ON306886.1	813	1	0		True	True	
MPDB005779	65069	Pythium acanthicum	oomycetes	ON306887.1	783	1	0		True	True	
MPDB005780	65069	Pythium acanthicum	oomycetes	ON306888.1	795	0	0		True	True	
MPDB005781	65069	Pythium acanthicum	oomycetes	ON306902.1	780	3	0		True	True	
MPDB005782	65069	Pythium acanthicum	oomycetes	ON306903.1	808	0	0		True	True	
MPDB005783	65069	Pythium acanthicum	oomycetes	ON860611.1	764	0	0		True	True	
MPDB005784	65069	Pythium acanthicum	oomycetes	OR120575.1	808	0	0		True	True	
MPDB005785	65069	Pythium acanthicum	oomycetes	OR120577.1	752	0	0		True	True	
MPDB005786	65069	Pythium acanthicum	oomycetes	OR120632.1	825	0	0		True	True	
MPDB005787	65069	Pythium acanthicum	oomycetes	OR120633.1	820	0	0		True	True	
MPDB005788	65069	Pythium acanthicum	oomycetes	OR120679.1	819	0	0		True	True	
MPDB005789	65069	Pythium acanthicum	oomycetes	OR120793.1	635	0	0		True	True	
MPDB005790	65069	Pythium acanthicum	oomycetes	OR643500.1	735	0	0		True	True	
MPDB005791	65069	Pythium acanthicum	oomycetes	OR643519.1	732	0	0		True	True	DUPLICATE_SEQUENCE_WITHIN_TAXID (n=2); identical sequences from independent GenBank records, retained
MPDB005792	65069	Pythium acanthicum	oomycetes	OR643519.1	732	0	0		True	True	DUPLICATE_SEQUENCE_WITHIN_TAXID (n=2); identical sequences from independent GenBank records, retained
MPDB005793	65069	Pythium acanthicum	oomycetes	OR643520.1	737	0	0		True	True	
MPDB005794	65069	Pythium acanthicum	oomycetes	PP817326.1	807	0	0		True	True	
MPDB005795	65070	Pythium aphanidermatum	oomycetes	LC906640.1	762	0	0		True	True	
MPDB005796	65070	Pythium aphanidermatum	oomycetes	PP835994.1	794	0	0		True	True	
MPDB005797	65070	Pythium aphanidermatum	oomycetes	PV849269.1	836	0	0		True	True	
MPDB005798	65070	Pythium aphanidermatum	oomycetes	PV849270.1	837	0	0		True	True	
MPDB005799	65070	Pythium aphanidermatum	oomycetes	PV849271.1	846	0	0		True	True	
MPDB005800	65070	Pythium aphanidermatum	oomycetes	PV849272.1	845	0	0		True	True	
MPDB005801	65070	Pythium aphanidermatum	oomycetes	PV855754.1	794	0	0		True	True	
MPDB005802	65070	Pythium aphanidermatum	oomycetes	PV928889.1	875	0	0		True	True	
MPDB005803	65070	Pythium aphanidermatum	oomycetes	PV932848.1	466	0	0		True	True	
MPDB005804	65070	Pythium aphanidermatum	oomycetes	PX090916.1	827	0	0		True	True	
MPDB005805	65070	Pythium aphanidermatum	oomycetes	PX138772.1	207	0	0		True	True	
MPDB005806	65070	Pythium aphanidermatum	oomycetes	PX138797.1	812	0	0		True	True	
MPDB005807	65070	Pythium aphanidermatum	oomycetes	PX205201.1	831	0	0		True	True	
MPDB005808	65070	Pythium aphanidermatum	oomycetes	PX614642.1	792	0	0		True	True	
MPDB005809	65070	Pythium aphanidermatum	oomycetes	PX614643.1	795	0	0		True	True	
MPDB005810	65070	Pythium aphanidermatum	oomycetes	PX671483.1	555	0	0		True	True	
MPDB005811	65070	Pythium aphanidermatum	oomycetes	PX671484.1	664	0	0		True	True	
MPDB005812	65070	Pythium aphanidermatum	oomycetes	PX671485.1	739	0	0		True	True	
MPDB005813	65070	Pythium aphanidermatum	oomycetes	PX885054.1	799	0	0		True	True	
MPDB005814	65070	Pythium aphanidermatum	oomycetes	PX972520.1	587	0	0		True	True	
MPDB005815	65070	Pythium aphanidermatum	oomycetes	PX972523.1	591	0	0		True	True	
MPDB005816	65070	Pythium aphanidermatum	oomycetes	PZ027666.1	882	0	0		True	True	
MPDB005817	65070	Pythium aphanidermatum	oomycetes	PZ028374.1	851	0	0		True	True	
MPDB005818	65070	Pythium aphanidermatum	oomycetes	PZ028375.1	850	0	0		True	True	
MPDB005819	65070	Pythium aphanidermatum	oomycetes	PZ188756.1	805	0	0		True	True	
MPDB005820	65070	Pythium aphanidermatum	oomycetes	PZ193173.1	764	0	0		True	True	
MPDB005821	65070	Pythium aphanidermatum	oomycetes	PZ255448.1	838	0	0		True	True	
MPDB005822	65070	Pythium aphanidermatum	oomycetes	PZ255449.1	840	0	0		True	True	
MPDB005823	65070	Pythium aphanidermatum	oomycetes	PZ255450.1	839	0	0		True	True	
MPDB005824	65070	Pythium aphanidermatum	oomycetes	PZ255451.1	825	0	0		True	True	
MPDB005825	65070	Pythium aphanidermatum	oomycetes	PZ380008.1	210	0	0		True	True	
MPDB005826	65070	Pythium aphanidermatum	oomycetes	PZ493317.1	702	0	0		True	True	
MPDB005827	65070	Pythium aphanidermatum	oomycetes	PZ493318.1	701	0	0		True	True	
MPDB005828	65070	Pythium aphanidermatum	oomycetes	PZ501937.1	641	0	0		True	True	
MPDB005829	65070	Pythium aphanidermatum	oomycetes	PZ501938.1	685	0	0		True	True	
MPDB005830	65070	Pythium aphanidermatum	oomycetes	PZ501939.1	765	0	0		True	True	
MPDB005831	65070	Pythium aphanidermatum	oomycetes	PZ501940.1	641	0	0		True	True	
MPDB005832	65070	Pythium aphanidermatum	oomycetes	PZ501941.1	759	0	0		True	True	
MPDB005833	65070	Pythium aphanidermatum	oomycetes	PZ501942.1	808	0	2	SY	True	True	
MPDB005834	65070	Pythium aphanidermatum	oomycetes	PZ501943.1	840	0	0		True	True	
MPDB005835	65070	Pythium aphanidermatum	oomycetes	PZ501944.1	688	0	0		True	True	
MPDB005836	65070	Pythium aphanidermatum	oomycetes	PZ501945.1	762	0	1	R	True	True	
MPDB005837	65070	Pythium aphanidermatum	oomycetes	PZ746424.1	720	0	0		True	True	
MPDB005838	82926	Pythium splendens/Globisporangium splendens	oomycetes	AB468778.1	806	0	0		True	True	
MPDB005839	82926	Pythium splendens/Globisporangium splendens	oomycetes	AY598655.2	4076	0	6	MRY	True	True	
MPDB005840	82926	Pythium splendens/Globisporangium splendens	oomycetes	LC684532.1	930	0	0		True	True	
MPDB005841	82926	Pythium splendens/Globisporangium splendens	oomycetes	LC684549.1	926	0	0		True	True	
MPDB005842	82926	Pythium splendens/Globisporangium splendens	oomycetes	LC684555.1	925	0	0		True	True	
MPDB005843	82926	Pythium splendens/Globisporangium splendens	oomycetes	LC684560.1	931	0	0		True	True	
MPDB005844	82926	Pythium splendens/Globisporangium splendens	oomycetes	LC684563.1	925	2	0		True	True	
MPDB005845	82926	Pythium splendens/Globisporangium splendens	oomycetes	MH023387.1	675	0	14	KMRY	True	True	
MPDB005846	82926	Pythium splendens/Globisporangium splendens	oomycetes	MT140122.1	539	0	0		True	True	
MPDB005847	82926	Pythium splendens/Globisporangium splendens	oomycetes	MT645509.1	805	0	0		True	True	
MPDB005848	82926	Pythium splendens/Globisporangium splendens	oomycetes	MT754449.1	787	0	0		True	True	
MPDB005849	82926	Pythium splendens/Globisporangium splendens	oomycetes	MT754456.1	801	0	0		True	True	
MPDB005850	82926	Pythium splendens/Globisporangium splendens	oomycetes	MT754461.1	783	0	0		True	True	
MPDB005851	82926	Pythium splendens/Globisporangium splendens	oomycetes	MT754483.1	781	0	0		True	True	
MPDB005852	82926	Pythium splendens/Globisporangium splendens	oomycetes	MT754509.1	786	0	0		True	True	
MPDB005853	82926	Pythium splendens/Globisporangium splendens	oomycetes	MT758164.1	853	0	0		True	True	
MPDB005854	82926	Pythium splendens/Globisporangium splendens	oomycetes	MT758166.1	793	0	0		True	True	
MPDB005855	82926	Pythium splendens/Globisporangium splendens	oomycetes	MW412819.1	806	0	0		True	True	
MPDB005856	82926	Pythium splendens/Globisporangium splendens	oomycetes	MW412820.1	803	0	0		True	True	
MPDB005857	82926	Pythium splendens/Globisporangium splendens	oomycetes	MW412821.1	791	0	0		True	True	
MPDB005858	82926	Pythium splendens/Globisporangium splendens	oomycetes	MW412822.1	834	0	0		True	True	
MPDB005859	82926	Pythium splendens/Globisporangium splendens	oomycetes	MW412823.1	822	0	0		True	True	
MPDB005860	82926	Pythium splendens/Globisporangium splendens	oomycetes	MW426375.1	809	0	0		True	True	
MPDB005861	82926	Pythium splendens/Globisporangium splendens	oomycetes	MW426379.1	824	0	0		True	True	
MPDB005862	82926	Pythium splendens/Globisporangium splendens	oomycetes	MW426380.1	800	0	0		True	True	
MPDB005863	82926	Pythium splendens/Globisporangium splendens	oomycetes	MW426383.1	818	0	0		True	True	
MPDB005864	82926	Pythium splendens/Globisporangium splendens	oomycetes	ON102783.1	920	0	0		True	True	
MPDB005865	82926	Pythium splendens/Globisporangium splendens	oomycetes	ON102785.1	920	0	0		True	True	
MPDB005866	82926	Pythium splendens/Globisporangium splendens	oomycetes	ON860614.1	803	0	1	Y	True	True	
MPDB005867	82926	Pythium splendens/Globisporangium splendens	oomycetes	OQ338353.1	647	0	0		True	True	
MPDB005868	82926	Pythium splendens/Globisporangium splendens	oomycetes	OQ472517.1	469	0	0		True	True	
MPDB005869	82926	Pythium splendens/Globisporangium splendens	oomycetes	OQ612560.1	543	0	0		True	True	
MPDB005870	82926	Pythium splendens/Globisporangium splendens	oomycetes	OR659761.1	684	0	0		True	True	
MPDB005871	82926	Pythium splendens/Globisporangium splendens	oomycetes	OR659762.1	701	0	0		True	True	
MPDB005872	82926	Pythium splendens/Globisporangium splendens	oomycetes	OR659763.1	697	0	0		True	True	
MPDB005873	82926	Pythium splendens/Globisporangium splendens	oomycetes	OR659764.1	697	1	0		True	True	
MPDB005874	82926	Pythium splendens/Globisporangium splendens	oomycetes	OR659765.1	701	0	0		True	True	
MPDB005875	82926	Pythium splendens/Globisporangium splendens	oomycetes	OR659766.1	696	0	0		True	True	
MPDB005876	82926	Pythium splendens/Globisporangium splendens	oomycetes	OR659767.1	733	0	0		True	True	
MPDB005877	82926	Pythium splendens/Globisporangium splendens	oomycetes	OR659768.1	618	0	0		True	True	
MPDB005878	82926	Pythium splendens/Globisporangium splendens	oomycetes	OR659769.1	641	0	0		True	True	
MPDB005879	82926	Pythium splendens/Globisporangium splendens	oomycetes	PP267712.1	779	0	0		True	True	
MPDB005880	82926	Pythium splendens/Globisporangium splendens	oomycetes	PP267713.1	779	0	0		True	True	
MPDB005881	82932	Pythium arrhenomanes	oomycetes	AB095040.1	794	0	0		True	True	
MPDB005882	82932	Pythium arrhenomanes	oomycetes	AB095041.1	789	0	0		True	True	
MPDB005883	82932	Pythium arrhenomanes	oomycetes	AB160838.1	796	0	0		True	True	
MPDB005884	82932	Pythium arrhenomanes	oomycetes	AB160839.1	796	0	0		True	True	
MPDB005885	82932	Pythium arrhenomanes	oomycetes	AB160841.1	796	0	0		True	True	
MPDB005886	82932	Pythium arrhenomanes	oomycetes	AB160842.1	796	0	0		True	True	
MPDB005887	82932	Pythium arrhenomanes	oomycetes	AB160844.1	798	0	0		True	True	
MPDB005888	82932	Pythium arrhenomanes	oomycetes	AY598628.1	2271	0	1	Y	True	True	
MPDB005889	82932	Pythium arrhenomanes	oomycetes	KP843584.1	673	0	0		True	True	
MPDB005890	82932	Pythium arrhenomanes	oomycetes	KT716813.1	798	0	0		True	True	
MPDB005891	82932	Pythium arrhenomanes	oomycetes	KU209724.1	817	0	1	W	True	True	
MPDB005892	82932	Pythium arrhenomanes	oomycetes	KU210141.1	794	0	0		True	True	
MPDB005893	82932	Pythium arrhenomanes	oomycetes	KU210507.1	804	0	1	Y	True	True	
MPDB005894	82932	Pythium arrhenomanes	oomycetes	KU210589.1	788	0	0		True	True	
MPDB005895	82932	Pythium arrhenomanes	oomycetes	KU210595.1	788	0	1	W	True	True	
MPDB005896	82932	Pythium arrhenomanes	oomycetes	KU210870.1	781	0	2	RS	True	True	
MPDB005897	82932	Pythium arrhenomanes	oomycetes	KU210874.1	789	0	0		True	True	
MPDB005898	82932	Pythium arrhenomanes	oomycetes	KY570311.1	876	0	0		True	True	
MPDB005899	82932	Pythium arrhenomanes	oomycetes	LC053669.1	789	0	0		True	True	
MPDB005900	82932	Pythium arrhenomanes	oomycetes	LC053670.1	815	0	0		True	True	
MPDB005901	82932	Pythium arrhenomanes	oomycetes	LC053671.1	808	0	0		True	True	
MPDB005902	82932	Pythium arrhenomanes	oomycetes	LC053672.1	807	0	0		True	True	
MPDB005903	82932	Pythium arrhenomanes	oomycetes	LC053673.1	809	0	0		True	True	
MPDB005904	82932	Pythium arrhenomanes	oomycetes	LC053674.1	808	0	0		True	True	
MPDB005905	82932	Pythium arrhenomanes	oomycetes	LC150551.1	849	0	0		True	True	
MPDB005906	82932	Pythium arrhenomanes	oomycetes	LC160347.1	869	0	0		True	True	
MPDB005907	82932	Pythium arrhenomanes	oomycetes	MF446807.1	336	0	0		True	True	
MPDB005908	82932	Pythium arrhenomanes	oomycetes	MF446813.1	361	0	0		True	True	
MPDB005909	82932	Pythium arrhenomanes	oomycetes	MF446814.1	335	0	0		True	True	
MPDB005910	82932	Pythium arrhenomanes	oomycetes	MH155268.1	797	0	0		True	True	
MPDB005911	82932	Pythium arrhenomanes	oomycetes	MK326469.1	796	0	0		True	True	
MPDB005912	82932	Pythium arrhenomanes	oomycetes	MK326486.1	839	0	0		True	True	
MPDB005913	82932	Pythium arrhenomanes	oomycetes	MK326487.1	838	0	1	W	True	True	
MPDB005914	82932	Pythium arrhenomanes	oomycetes	MW489840.1	797	0	0		True	True	
MPDB005915	82932	Pythium arrhenomanes	oomycetes	MZ540469.1	798	0	0		True	True	
MPDB005916	82932	Pythium arrhenomanes	oomycetes	MZ540659.1	741	0	0		True	True	
MPDB005917	82932	Pythium arrhenomanes	oomycetes	OR194784.1	801	0	0		True	True	
MPDB005918	82932	Pythium arrhenomanes	oomycetes	OR194785.1	805	5	0		True	True	
MPDB005919	82932	Pythium arrhenomanes	oomycetes	OR194787.1	812	1	0		True	True	
MPDB005920	82932	Pythium arrhenomanes	oomycetes	OR194799.1	811	9	0		True	True	
MPDB005921	82932	Pythium arrhenomanes	oomycetes	OR784340.1	845	0	0		True	True	
MPDB005922	82932	Pythium arrhenomanes	oomycetes	PX447580.1	837	0	0		True	True	
MPDB005923	82932	Pythium arrhenomanes	oomycetes	PX447581.1	833	0	0		True	True	
MPDB005924	82937	Pythium graminicola	oomycetes	AY598625.2	4042	0	0		True	True	
MPDB005925	82937	Pythium graminicola	oomycetes	OR194798.1	731	0	0		True	True	
MPDB005926	82937	Pythium graminicola	oomycetes	OR194803.1	742	8	0		True	True	
MPDB005927	82937	Pythium graminicola	oomycetes	OR194804.1	769	0	0		True	True	
MPDB005928	82937	Pythium graminicola	oomycetes	OR194808.1	795	2	0		True	True	
MPDB005929	82937	Pythium graminicola	oomycetes	OR194809.1	793	0	0		True	True	
MPDB005930	82937	Pythium graminicola	oomycetes	OR194810.1	797	0	0		True	True	
MPDB005931	82937	Pythium graminicola	oomycetes	OR194811.1	729	0	0		True	True	
MPDB005932	82937	Pythium graminicola	oomycetes	OR194812.1	771	0	0		True	True	
MPDB005933	82937	Pythium graminicola	oomycetes	OR194813.1	768	0	0		True	True	
MPDB005934	82937	Pythium graminicola	oomycetes	OR194814.1	769	1	0		True	True	
MPDB005935	82937	Pythium graminicola	oomycetes	OR194815.1	785	2	0		True	True	
MPDB005936	82937	Pythium graminicola	oomycetes	OR194816.1	789	2	0		True	True	
MPDB005937	82937	Pythium graminicola	oomycetes	OR194817.1	795	1	0		True	True	
MPDB005938	82937	Pythium graminicola	oomycetes	OR194818.1	704	10	0		True	True	
MPDB005939	82937	Pythium graminicola	oomycetes	OR194819.1	774	0	0		True	True	
MPDB005940	82937	Pythium graminicola	oomycetes	OR194820.1	771	0	0		True	True	
MPDB005941	82937	Pythium graminicola	oomycetes	OR194821.1	745	0	0		True	True	
MPDB005942	82937	Pythium graminicola	oomycetes	OR194822.1	770	0	0		True	True	
MPDB005943	82937	Pythium graminicola	oomycetes	OR194823.1	786	7	0		True	True	
MPDB005944	82937	Pythium graminicola	oomycetes	OR194825.1	794	0	0		True	True	
MPDB005945	82937	Pythium graminicola	oomycetes	OR194826.1	728	0	0		True	True	
MPDB005946	82937	Pythium graminicola	oomycetes	OR194827.1	791	2	0		True	True	
MPDB005947	82937	Pythium graminicola	oomycetes	OR194828.1	789	4	0		True	True	
MPDB005948	82937	Pythium graminicola	oomycetes	OR194829.1	798	0	0		True	True	
MPDB005949	82937	Pythium graminicola	oomycetes	OR194830.1	778	0	0		True	True	
MPDB005950	82937	Pythium graminicola	oomycetes	OR194831.1	788	18	0		True	True	
MPDB005951	82937	Pythium graminicola	oomycetes	OR194832.1	755	4	0		True	True	
MPDB005952	82937	Pythium graminicola	oomycetes	OR194833.1	774	7	0		True	True	
MPDB005953	82937	Pythium graminicola	oomycetes	OR194835.1	787	0	0		True	True	
MPDB005954	82937	Pythium graminicola	oomycetes	OR194836.1	787	2	0		True	True	
MPDB005955	82937	Pythium graminicola	oomycetes	OR194837.1	775	0	0		True	True	
MPDB005956	82937	Pythium graminicola	oomycetes	OR194838.1	790	2	0		True	True	
MPDB005957	82937	Pythium graminicola	oomycetes	OR194839.1	792	0	0		True	True	
MPDB005958	82937	Pythium graminicola	oomycetes	OR194840.1	792	5	0		True	True	
MPDB005959	82937	Pythium graminicola	oomycetes	OR194841.1	788	1	0		True	True	
MPDB005960	82937	Pythium graminicola	oomycetes	OR194842.1	775	0	0		True	True	
MPDB005961	82937	Pythium graminicola	oomycetes	OR194843.1	797	4	0		True	True	
MPDB005962	82937	Pythium graminicola	oomycetes	OR194846.1	783	1	0		True	True	
MPDB005963	82937	Pythium graminicola	oomycetes	OR194847.1	782	1	0		True	True	
MPDB005964	82937	Pythium graminicola	oomycetes	OR194849.1	787	5	0		True	True	
MPDB005965	82937	Pythium graminicola	oomycetes	OR194850.1	778	2	0		True	True	
MPDB005966	82937	Pythium graminicola	oomycetes	PQ814186.1	770	0	0		True	True	
MPDB005967	82938	Pythium inflatum	oomycetes	AY598626.2	4033	0	0		True	True	
MPDB005968	82938	Pythium inflatum	oomycetes	KX228090.1	772	0	0		True	True	
MPDB005969	82938	Pythium inflatum	oomycetes	LC556057.1	833	0	0		True	True	
MPDB005970	82938	Pythium inflatum	oomycetes	LC684548.1	895	0	0		True	True	
MPDB005971	82938	Pythium inflatum	oomycetes	MH023380.1	768	0	0		True	True	
MPDB005972	82938	Pythium inflatum	oomycetes	MK794697.1	852	0	0		True	True	
MPDB005973	82938	Pythium inflatum	oomycetes	MK794699.1	851	0	0		True	True	
MPDB005974	82938	Pythium inflatum	oomycetes	MK794703.1	753	0	0		True	True	
MPDB005975	82938	Pythium inflatum	oomycetes	MK794707.1	866	0	0		True	True	
MPDB005976	82938	Pythium inflatum	oomycetes	MK794710.1	867	0	0		True	True	
MPDB005977	82938	Pythium inflatum	oomycetes	MK794711.1	878	0	0		True	True	
MPDB005978	82938	Pythium inflatum	oomycetes	MK794712.1	844	0	0		True	True	
MPDB005979	82938	Pythium inflatum	oomycetes	MK794723.1	847	0	0		True	True	
MPDB005980	82938	Pythium inflatum	oomycetes	MK794738.1	841	0	0		True	True	
MPDB005981	82938	Pythium inflatum	oomycetes	MK794745.1	863	0	0		True	True	
MPDB005982	82938	Pythium inflatum	oomycetes	MK794748.1	874	0	0		True	True	
MPDB005983	82938	Pythium inflatum	oomycetes	MK794750.1	811	0	0		True	True	
MPDB005984	82938	Pythium inflatum	oomycetes	MK794751.1	850	0	0		True	True	
MPDB005985	82938	Pythium inflatum	oomycetes	MK794757.1	819	0	0		True	True	
MPDB005986	82938	Pythium inflatum	oomycetes	MK794994.1	847	0	0		True	True	
MPDB005987	82938	Pythium inflatum	oomycetes	MK795006.1	866	0	0		True	True	
MPDB005988	82938	Pythium inflatum	oomycetes	MK795056.1	857	0	0		True	True	
MPDB005989	82938	Pythium inflatum	oomycetes	MN905936.1	1053	0	0		True	True	
MPDB005990	82938	Pythium inflatum	oomycetes	MN905937.1	1038	0	0		True	True	
MPDB005991	82938	Pythium inflatum	oomycetes	MT414940.1	773	0	1	R	True	True	
MPDB005992	82938	Pythium inflatum	oomycetes	MT754458.1	766	0	0		True	True	
MPDB005993	82938	Pythium inflatum	oomycetes	MT819396.1	855	0	0		True	True	
MPDB005994	82938	Pythium inflatum	oomycetes	MT968528.1	764	0	0		True	True	
MPDB005995	82938	Pythium inflatum	oomycetes	MW025217.1	796	0	0		True	True	
MPDB005996	82938	Pythium inflatum	oomycetes	MW025229.1	789	0	0		True	True	
MPDB005997	82938	Pythium inflatum	oomycetes	MZ540477.1	765	1	0		True	True	
MPDB005998	82938	Pythium inflatum	oomycetes	OP933291.1	748	0	0		True	True	
MPDB005999	82938	Pythium inflatum	oomycetes	OP933292.1	761	0	0		True	True	
MPDB006000	82938	Pythium inflatum	oomycetes	OP933293.1	805	3	0		True	True	
MPDB006001	82938	Pythium inflatum	oomycetes	OP933294.1	755	1	0		True	True	
MPDB006002	82938	Pythium inflatum	oomycetes	OR120587.1	821	0	0		True	True	
MPDB006003	82938	Pythium inflatum	oomycetes	OR120622.1	821	0	0		True	True	
MPDB006004	82938	Pythium inflatum	oomycetes	OR120628.1	822	0	0		True	True	
MPDB006005	82938	Pythium inflatum	oomycetes	OR194725.1	675	0	0		True	True	
MPDB006006	82938	Pythium inflatum	oomycetes	OR194727.1	815	0	0		True	True	
MPDB006007	82938	Pythium inflatum	oomycetes	OR194795.1	796	0	0		True	True	
MPDB006008	82938	Pythium inflatum	oomycetes	OR194796.1	796	0	0		True	True	
MPDB006009	82938	Pythium inflatum	oomycetes	OR194797.1	755	1	0		True	True	
MPDB006010	82950	Pythium sylvaticum / Globisporangium sylvaticum	oomycetes	AB108008.1	907	0	0		True	True	
MPDB006011	82950	Pythium sylvaticum / Globisporangium sylvaticum	oomycetes	AY598645.2	4188	0	0		True	True	
MPDB006012	82950	Pythium sylvaticum / Globisporangium sylvaticum	oomycetes	LC901554.1	906	0	0		True	True	
MPDB006013	82950	Pythium sylvaticum / Globisporangium sylvaticum	oomycetes	LC908960.1	898	0	0		True	True	
MPDB006014	82950	Pythium sylvaticum / Globisporangium sylvaticum	oomycetes	OK271185.1	955	0	0		True	True	
MPDB006015	82950	Pythium sylvaticum / Globisporangium sylvaticum	oomycetes	OK271190.1	960	1	0		True	True	
MPDB006016	82950	Pythium sylvaticum / Globisporangium sylvaticum	oomycetes	OL342579.1	919	0	0		True	True	
MPDB006017	82950	Pythium sylvaticum / Globisporangium sylvaticum	oomycetes	OL342580.1	896	0	0		True	True	
MPDB006018	82950	Pythium sylvaticum / Globisporangium sylvaticum	oomycetes	OL342597.1	932	0	0		True	True	
MPDB006019	82950	Pythium sylvaticum / Globisporangium sylvaticum	oomycetes	ON678083.1	889	0	1	Y	True	True	
MPDB006020	82950	Pythium sylvaticum / Globisporangium sylvaticum	oomycetes	ON678084.1	791	0	0		True	True	
MPDB006021	82950	Pythium sylvaticum / Globisporangium sylvaticum	oomycetes	ON678085.1	852	0	0		True	True	
MPDB006022	82950	Pythium sylvaticum / Globisporangium sylvaticum	oomycetes	ON678086.1	782	0	0		True	True	
MPDB006023	82950	Pythium sylvaticum / Globisporangium sylvaticum	oomycetes	OQ724651.1	998	0	0		True	True	
MPDB006024	82950	Pythium sylvaticum / Globisporangium sylvaticum	oomycetes	OR120756.1	945	0	0		True	True	
MPDB006025	82950	Pythium sylvaticum / Globisporangium sylvaticum	oomycetes	OR120759.1	950	0	0		True	True	
MPDB006026	82950	Pythium sylvaticum / Globisporangium sylvaticum	oomycetes	OR120761.1	951	0	0		True	True	
MPDB006027	82950	Pythium sylvaticum / Globisporangium sylvaticum	oomycetes	OR120765.1	950	0	0		True	True	
MPDB006028	82950	Pythium sylvaticum / Globisporangium sylvaticum	oomycetes	OR194633.1	567	3	0		True	True	
MPDB006029	82950	Pythium sylvaticum / Globisporangium sylvaticum	oomycetes	OR194728.1	673	0	0		True	True	
MPDB006030	82950	Pythium sylvaticum / Globisporangium sylvaticum	oomycetes	OR194730.1	721	0	0		True	True	
MPDB006031	82950	Pythium sylvaticum / Globisporangium sylvaticum	oomycetes	OR194731.1	872	1	0		True	True	
MPDB006032	82950	Pythium sylvaticum / Globisporangium sylvaticum	oomycetes	OR194744.1	931	1	0		True	True	
MPDB006033	82950	Pythium sylvaticum / Globisporangium sylvaticum	oomycetes	OR194766.1	842	0	0		True	True	
MPDB006034	82950	Pythium sylvaticum / Globisporangium sylvaticum	oomycetes	OR194768.1	856	3	0		True	True	
MPDB006035	82950	Pythium sylvaticum / Globisporangium sylvaticum	oomycetes	OR194769.1	876	3	0		True	True	
MPDB006036	82950	Pythium sylvaticum / Globisporangium sylvaticum	oomycetes	OR194844.1	860	0	0		True	True	
MPDB006037	82950	Pythium sylvaticum / Globisporangium sylvaticum	oomycetes	OR511524.1	849	0	0		True	True	
MPDB006038	82950	Pythium sylvaticum / Globisporangium sylvaticum	oomycetes	OR511536.1	433	0	0		True	True	
MPDB006039	82950	Pythium sylvaticum / Globisporangium sylvaticum	oomycetes	OR633311.1	990	3	1	K	True	True	
MPDB006040	82950	Pythium sylvaticum / Globisporangium sylvaticum	oomycetes	PP817299.1	938	0	0		True	True	
MPDB006041	82950	Pythium sylvaticum / Globisporangium sylvaticum	oomycetes	PP835985.1	888	0	0		True	True	
MPDB006042	82950	Pythium sylvaticum / Globisporangium sylvaticum	oomycetes	PQ331070.1	745	0	0		True	True	
MPDB006043	82950	Pythium sylvaticum / Globisporangium sylvaticum	oomycetes	PQ331071.1	864	0	0		True	True	
MPDB006044	82950	Pythium sylvaticum / Globisporangium sylvaticum	oomycetes	PQ331072.1	769	0	0		True	True	
MPDB006045	82950	Pythium sylvaticum / Globisporangium sylvaticum	oomycetes	PQ331073.1	770	0	0		True	True	
MPDB006046	82950	Pythium sylvaticum / Globisporangium sylvaticum	oomycetes	PV197171.1	968	0	0		True	True	
MPDB006047	82950	Pythium sylvaticum / Globisporangium sylvaticum	oomycetes	PV248832.1	580	0	0		True	True	
MPDB006048	82950	Pythium sylvaticum / Globisporangium sylvaticum	oomycetes	PV248833.1	940	0	0		True	True	
MPDB006049	82950	Pythium sylvaticum / Globisporangium sylvaticum	oomycetes	PV594456.1	747	0	0		True	True	
MPDB006050	82950	Pythium sylvaticum / Globisporangium sylvaticum	oomycetes	PX351718.1	584	0	0		True	True	
MPDB006051	82950	Pythium sylvaticum / Globisporangium sylvaticum	oomycetes	PX351719.1	584	0	0		True	True	
MPDB006052	82950	Pythium sylvaticum / Globisporangium sylvaticum	oomycetes	PZ484507.1	908	0	0		True	True	
MPDB006053	886948	Peronosclerospora philippinensis	oomycetes	HM236833.1	195	0	0		True	True	
MPDB006054	886948	Peronosclerospora philippinensis	oomycetes	HM236844.1	196	0	0		True	True	
MPDB006055	886948	Peronosclerospora philippinensis	oomycetes	HM236845.1	193	0	0		True	True	
MPDB006056	886948	Peronosclerospora philippinensis	oomycetes	HM236846.1	188	0	0		True	True	
MPDB006057	886948	Peronosclerospora philippinensis	oomycetes	JF754978.1	1572	0	0		True	True	
MPDB006058	886948	Peronosclerospora philippinensis	oomycetes	KR047735.1	103	0	0		True	True	
MPDB006059	886948	Peronosclerospora philippinensis	oomycetes	KR047736.1	101	0	1	S	True	True	
MPDB006060	886948	Peronosclerospora philippinensis	oomycetes	KR047737.1	103	0	0		True	True	
MPDB006061	886948	Peronosclerospora philippinensis	oomycetes	KR047738.1	103	0	0		True	True	
MPDB006062	886948	Peronosclerospora philippinensis	oomycetes	KX252750.1	156	0	0		True	True	
MPDB006063	886948	Peronosclerospora philippinensis	oomycetes	KX252751.1	157	0	0		True	True	
MPDB006064	886948	Peronosclerospora philippinensis	oomycetes	KX252752.1	156	0	0		True	True	
MPDB006065	886948	Peronosclerospora philippinensis	oomycetes	KX252753.1	155	0	0		True	True	
MPDB006066	886948	Peronosclerospora philippinensis	oomycetes	KX252754.1	158	0	0		True	True	
MPDB006067	886948	Peronosclerospora philippinensis	oomycetes	KX252755.1	155	0	0		True	True	
MPDB006068	886948	Peronosclerospora philippinensis	oomycetes	KX252756.1	157	0	0		True	True	
MPDB006069	886948	Peronosclerospora philippinensis	oomycetes	KX252757.1	157	0	0		True	True	
MPDB006070	886948	Peronosclerospora philippinensis	oomycetes	KX252758.1	156	0	0		True	True	
MPDB006071	886948	Peronosclerospora philippinensis	oomycetes	KX252759.1	156	0	0		True	True	
MPDB006072	886948	Peronosclerospora philippinensis	oomycetes	KX252760.1	156	0	0		True	True	
MPDB006073	886948	Peronosclerospora philippinensis	oomycetes	KX252761.1	155	0	0		True	True	
MPDB006074	886948	Peronosclerospora philippinensis	oomycetes	KX252762.1	157	0	0		True	True	
MPDB006075	886948	Peronosclerospora philippinensis	oomycetes	KX252763.1	154	0	0		True	True	
MPDB006076	886949	Peronosclerospora maydis	oomycetes	HM236840.1	195	0	0		True	True	
MPDB006077	886949	Peronosclerospora maydis	oomycetes	HM236841.1	197	0	0		True	True	
MPDB006078	886949	Peronosclerospora maydis	oomycetes	LC128602.1	226	0	0		True	True	
MPDB006079	886949	Peronosclerospora maydis	oomycetes	LC128608.1	225	0	0		True	True	
MPDB006080	886949	Peronosclerospora maydis	oomycetes	LC128612.1	221	0	0		True	True	
MPDB006081	886949	Peronosclerospora maydis	oomycetes	LC128619.1	222	0	0		True	True	
MPDB006082	886949	Peronosclerospora maydis	oomycetes	LC128620.1	223	0	0		True	True	
MPDB006083	886949	Peronosclerospora maydis	oomycetes	LC322282.1	231	0	0		True	True	
MPDB006084	886949	Peronosclerospora maydis	oomycetes	LC537855.1	220	0	0		True	True	
MPDB006085	886949	Peronosclerospora maydis	oomycetes	LC537862.1	219	0	0		True	True	
MPDB006086	886949	Peronosclerospora maydis	oomycetes	LC537863.1	219	0	0		True	True	
MPDB006087	886949	Peronosclerospora maydis	oomycetes	LC537870.1	220	0	0		True	True	
MPDB006088	886949	Peronosclerospora maydis	oomycetes	LC537872.1	220	0	0		True	True	
MPDB006089	886949	Peronosclerospora maydis	oomycetes	PZ301870.1	249	0	0		True	True	
MPDB006090	886949	Peronosclerospora maydis	oomycetes	PZ301871.1	249	0	0		True	True	
MPDB006091	886949	Peronosclerospora maydis	oomycetes	PZ301872.1	249	0	0		True	True	
MPDB006092	907947	Pythium vexans/Phytopythium vexans	oomycetes	PP835991.1	792	0	4	KRY	True	True	
MPDB006093	907947	Pythium vexans/Phytopythium vexans	oomycetes	PP835997.1	841	0	4	KRY	True	True	
MPDB006094	907947	Pythium vexans/Phytopythium vexans	oomycetes	PQ453721.1	468	0	0		True	True	
MPDB006095	907947	Pythium vexans/Phytopythium vexans	oomycetes	PQ453722.1	466	0	0		True	True	
MPDB006096	907947	Pythium vexans/Phytopythium vexans	oomycetes	PQ453723.1	470	0	0		True	True	
MPDB006097	907947	Pythium vexans/Phytopythium vexans	oomycetes	PQ453724.1	464	0	0		True	True	
MPDB006098	907947	Pythium vexans/Phytopythium vexans	oomycetes	PQ453725.1	471	0	0		True	True	
MPDB006099	907947	Pythium vexans/Phytopythium vexans	oomycetes	PQ453726.1	464	0	0		True	True	
MPDB006100	907947	Pythium vexans/Phytopythium vexans	oomycetes	PQ453727.1	457	0	0		True	True	
MPDB006101	907947	Pythium vexans/Phytopythium vexans	oomycetes	PQ453728.1	469	0	0		True	True	
MPDB006102	907947	Pythium vexans/Phytopythium vexans	oomycetes	PQ453729.1	469	0	0		True	True	
MPDB006103	907947	Pythium vexans/Phytopythium vexans	oomycetes	PV849285.1	816	0	0		True	True	
MPDB006104	907947	Pythium vexans/Phytopythium vexans	oomycetes	PV897056.1	836	0	0		True	True	
MPDB006105	907947	Pythium vexans/Phytopythium vexans	oomycetes	PV897098.1	839	0	0		True	True	
MPDB006106	907947	Pythium vexans/Phytopythium vexans	oomycetes	PV897112.1	839	0	0		True	True	
MPDB006107	907947	Pythium vexans/Phytopythium vexans	oomycetes	PV897113.1	838	0	0		True	True	
MPDB006108	907947	Pythium vexans/Phytopythium vexans	oomycetes	PV897114.1	840	0	0		True	True	
MPDB006109	907947	Pythium vexans/Phytopythium vexans	oomycetes	PV897115.1	842	0	0		True	True	
MPDB006110	907947	Pythium vexans/Phytopythium vexans	oomycetes	PV897116.1	842	0	0		True	True	
MPDB006111	907947	Pythium vexans/Phytopythium vexans	oomycetes	PV897119.1	838	0	0		True	True	
MPDB006112	907947	Pythium vexans/Phytopythium vexans	oomycetes	PV897126.1	838	0	0		True	True	
MPDB006113	907947	Pythium vexans/Phytopythium vexans	oomycetes	PV897173.1	841	0	1	Y	True	True	
MPDB006114	907947	Pythium vexans/Phytopythium vexans	oomycetes	PV897174.1	834	0	1	Y	True	True	
MPDB006115	907947	Pythium vexans/Phytopythium vexans	oomycetes	PV897225.1	840	0	0		True	True	
MPDB006116	907947	Pythium vexans/Phytopythium vexans	oomycetes	PV897226.1	841	0	0		True	True	
MPDB006117	907947	Pythium vexans/Phytopythium vexans	oomycetes	PV897227.1	840	0	0		True	True	
MPDB006118	907947	Pythium vexans/Phytopythium vexans	oomycetes	PX464106.1	873	0	0		True	True	
MPDB006119	907947	Pythium vexans/Phytopythium vexans	oomycetes	PX473042.1	927	0	0		True	True	
MPDB006120	907947	Pythium vexans/Phytopythium vexans	oomycetes	PX498492.1	827	0	0		True	True	
MPDB006121	907947	Pythium vexans/Phytopythium vexans	oomycetes	PX498494.1	835	0	0		True	True	
MPDB006122	907947	Pythium vexans/Phytopythium vexans	oomycetes	PX498495.1	850	0	0		True	True	
MPDB006123	907947	Pythium vexans/Phytopythium vexans	oomycetes	PX498496.1	848	0	0		True	True	
MPDB006124	907947	Pythium vexans/Phytopythium vexans	oomycetes	PX498497.1	846	0	0		True	True	
MPDB006125	907947	Pythium vexans/Phytopythium vexans	oomycetes	PX498498.1	869	0	0		True	True	
MPDB006126	907947	Pythium vexans/Phytopythium vexans	oomycetes	PX498500.1	854	0	0		True	True	
MPDB006127	907947	Pythium vexans/Phytopythium vexans	oomycetes	PX593153.1	835	0	1	R	True	True	
MPDB006128	907947	Pythium vexans/Phytopythium vexans	oomycetes	PZ022717.1	789	0	0		True	True	
MPDB006129	907947	Pythium vexans/Phytopythium vexans	oomycetes	PZ022718.1	789	0	0		True	True	
MPDB006130	907947	Pythium vexans/Phytopythium vexans	oomycetes	PZ782634.1	635	0	0		True	True	
MPDB006131	907947	Pythium vexans/Phytopythium vexans	oomycetes	PZ782635.1	635	0	0		True	True	
MPDB006132	907947	Pythium vexans/Phytopythium vexans	oomycetes	PZ782639.1	634	0	0		True	True	DUPLICATE_SEQUENCE_WITHIN_TAXID (n=2); identical sequences from independent GenBank records, retained
MPDB006133	907947	Pythium vexans/Phytopythium vexans	oomycetes	PZ782639.1	634	0	0		True	True	DUPLICATE_SEQUENCE_WITHIN_TAXID (n=2); identical sequences from independent GenBank records, retained
MPDB006134	907947	Pythium vexans/Phytopythium vexans	oomycetes	PZ782640.1	634	0	0		True	True	
MPDB000001	1408	Bacillus pumilus	bacteria	HG008801.1	1009	0	2	KW	True	True	
MPDB000002	1408	Bacillus pumilus	bacteria	LC063672.1	901	0	0		True	True	
MPDB000003	1408	Bacillus pumilus	bacteria	LC599402.1	1147	0	0		True	True	
MPDB000004	1408	Bacillus pumilus	bacteria	LC667793.1	1366	0	0		True	True	
MPDB000005	1408	Bacillus pumilus	bacteria	LC667805.1	1330	0	0		True	True	
MPDB000006	1408	Bacillus pumilus	bacteria	LC768708.1	1438	0	0		True	True	
MPDB000007	1408	Bacillus pumilus	bacteria	LM643738.1	1221	0	0		True	True	
MPDB000008	1408	Bacillus pumilus	bacteria	LM643745.1	1097	0	0		True	True	
MPDB000009	1408	Bacillus pumilus	bacteria	LN827670.1	1008	0	0		True	True	
MPDB000010	1408	Bacillus pumilus	bacteria	LN866616.1	1088	0	0		True	True	
MPDB000011	1408	Bacillus pumilus	bacteria	LN867304.1	1317	0	0		True	True	
MPDB000012	1408	Bacillus pumilus	bacteria	LN879493.2	1392	0	0		True	True	
MPDB000013	1408	Bacillus pumilus	bacteria	LN879494.2	1385	0	0		True	True	
MPDB000014	1408	Bacillus pumilus	bacteria	LN880277.1	262	1	0		True	True	
MPDB000015	1408	Bacillus pumilus	bacteria	LN890660.1	902	0	0		True	True	
MPDB000016	1408	Bacillus pumilus	bacteria	LN995758.1	1012	0	0		True	True	
MPDB000017	1408	Bacillus pumilus	bacteria	LN997932.1	1365	0	0		True	True	
MPDB000018	1408	Bacillus pumilus	bacteria	LR215095.1	1313	0	0		True	True	
MPDB000019	1408	Bacillus pumilus	bacteria	LR535757.1	1388	0	0		True	True	
MPDB000020	1408	Bacillus pumilus	bacteria	LR535759.1	1402	0	0		True	True	
MPDB000021	1408	Bacillus pumilus	bacteria	LR535772.1	1402	0	0		True	True	
MPDB000022	1408	Bacillus pumilus	bacteria	LR535793.1	1420	0	0		True	True	
MPDB000023	1408	Bacillus pumilus	bacteria	LS991397.1	807	0	0		True	True	
MPDB000024	1408	Bacillus pumilus	bacteria	LT221146.1	1061	0	0		True	True	
MPDB000025	1408	Bacillus pumilus	bacteria	LT221259.1	1008	0	0		True	True	
MPDB000026	1408	Bacillus pumilus	bacteria	LT617072.1	1311	0	0		True	True	
MPDB000027	1408	Bacillus pumilus	bacteria	LT617079.1	1290	0	0		True	True	
MPDB000028	1408	Bacillus pumilus	bacteria	LT617087.1	1292	0	0		True	True	
MPDB000029	1408	Bacillus pumilus	bacteria	LT635531.1	479	0	0		True	True	
MPDB000030	1408	Bacillus pumilus	bacteria	LT635532.1	330	0	0		True	True	
MPDB000031	1408	Bacillus pumilus	bacteria	LT635536.1	976	0	0		True	True	
MPDB000032	1408	Bacillus pumilus	bacteria	LT797521.1	1346	0	0		True	True	
MPDB000033	1408	Bacillus pumilus	bacteria	LT797528.1	1441	0	0		True	True	
MPDB000034	1408	Bacillus pumilus	bacteria	LT844637.1	1097	0	0		True	True	
MPDB000035	1408	Bacillus pumilus	bacteria	LT969592.1	976	0	0		True	True	
MPDB000036	1408	Bacillus pumilus	bacteria	LT969725.1	867	0	0		True	True	
MPDB000037	1408	Bacillus pumilus	bacteria	LT978407.1	1084	0	0		True	True	
MPDB000038	1408	Bacillus pumilus	bacteria	LT984707.1	405	2	0		True	True	
MPDB000039	1408	Bacillus pumilus	bacteria	LT986210.1	1392	0	0		True	True	
MPDB000040	1408	Bacillus pumilus	bacteria	LT986212.1	1410	0	0		True	True	
MPDB000041	1408	Bacillus pumilus	bacteria	LT986213.1	1392	0	0		True	True	
MPDB000042	1408	Bacillus pumilus	bacteria	LT986222.1	1393	0	0		True	True	
MPDB000043	1408	Bacillus pumilus	bacteria	LT986225.1	1393	0	0		True	True	
MPDB000044	169669	Pseudomonas extremorientalis	bacteria	LC654276.1	1382	0	0		True	True	
MPDB000045	169669	Pseudomonas extremorientalis	bacteria	LK985437.1	523	0	0		True	True	
MPDB000046	169669	Pseudomonas extremorientalis	bacteria	LN997963.1	722	0	0		True	True	
MPDB000047	204038	Dickeya dadantii	bacteria	AB713534.1	1370	0	0		True	True	
MPDB000048	204038	Dickeya dadantii	bacteria	AB713543.1	1370	0	0		True	True	
MPDB000049	204038	Dickeya dadantii	bacteria	AB713545.1	1371	0	0		True	True	
MPDB000050	204038	Dickeya dadantii	bacteria	AB713563.1	1370	0	0		True	True	
MPDB000051	204038	Dickeya dadantii	bacteria	AB713572.1	1370	0	0		True	True	
MPDB000052	204038	Dickeya dadantii	bacteria	AB744145.1	1363	0	0		True	True	
MPDB000053	204038	Dickeya dadantii	bacteria	AB744146.1	1362	0	0		True	True	
MPDB000054	204038	Dickeya dadantii	bacteria	AB744147.1	1363	0	0		True	True	
MPDB000055	204038	Dickeya dadantii	bacteria	AB744148.1	1363	0	0		True	True	
MPDB000056	204038	Dickeya dadantii	bacteria	LC490701.1	463	0	0		True	True	
MPDB000057	204038	Dickeya dadantii	bacteria	LC490705.1	462	0	0		True	True	
MPDB000058	204038	Dickeya dadantii	bacteria	LC490710.1	462	0	0		True	True	
MPDB000059	204038	Dickeya dadantii	bacteria	LC490711.1	462	0	0		True	True	
MPDB000060	204042	Dickeya zeae	bacteria	AB713536.1	1371	0	0		True	True	
MPDB000061	204042	Dickeya zeae	bacteria	AB713546.1	1370	0	0		True	True	
MPDB000062	204042	Dickeya zeae	bacteria	AB713548.1	1372	0	0		True	True	
MPDB000063	204042	Dickeya zeae	bacteria	AB713553.1	1371	0	0		True	True	
MPDB000064	204042	Dickeya zeae	bacteria	AB713560.1	1370	0	0		True	True	
MPDB000065	204042	Dickeya zeae	bacteria	AB713565.1	1372	0	0		True	True	
MPDB000066	204042	Dickeya zeae	bacteria	AB744152.1	1363	0	0		True	True	
MPDB000067	28092	Robbsia andropogonis	bacteria	AB021422.1	1449	2	0		True	True	
MPDB000068	28092	Robbsia andropogonis	bacteria	AB744701.1	1458	0	3	Y	True	True	
MPDB000069	28092	Robbsia andropogonis	bacteria	AM392339.1	413	0	0		True	True	
MPDB000070	28092	Robbsia andropogonis	bacteria	AM392350.1	414	0	0		True	True	
MPDB000071	28092	Robbsia andropogonis	bacteria	AM502984.1	1340	0	0		True	True	
MPDB000072	28092	Robbsia andropogonis	bacteria	LC507981.1	1453	0	0		True	True	
MPDB000073	28095	Burkholderia gladioli	bacteria	AB012916.1	1484	0	0		True	True	
MPDB000074	28095	Burkholderia gladioli	bacteria	AB013111.1	1499	7	0		True	True	
MPDB000075	28095	Burkholderia gladioli	bacteria	AB021384.1	1509	11	0		True	True	
MPDB000076	28095	Burkholderia gladioli	bacteria	AB021389.1	1498	7	0		True	True	
MPDB000077	28095	Burkholderia gladioli	bacteria	AB024491.1	1522	3	0		True	True	
MPDB000078	28095	Burkholderia gladioli	bacteria	AB680484.1	1458	1	0		True	True	
MPDB000079	28095	Burkholderia gladioli	bacteria	AH004175.2	1443	100	0		True	True	
MPDB000080	28095	Burkholderia gladioli	bacteria	D13060.1	157	0	0		True	True	
MPDB000081	28095	Burkholderia gladioli	bacteria	L28156.1	770	0	3	RS	True	True	
MPDB000082	28095	Burkholderia gladioli	bacteria	L28157.1	737	0	3	RS	True	True	
MPDB000083	28095	Burkholderia gladioli	bacteria	LC792307.1	1400	0	0		True	True	
MPDB000084	28095	Burkholderia gladioli	bacteria	LC792308.1	1401	0	0		True	True	
MPDB000085	28095	Burkholderia gladioli	bacteria	LT547718.1	1372	0	0		True	True	
MPDB000087	287	Pseudomonas aeruginosa	bacteria	LC815917.1	808	0	0		True	True	
MPDB000088	287	Pseudomonas aeruginosa	bacteria	LC815921.1	809	0	0		True	True	
MPDB000089	287	Pseudomonas aeruginosa	bacteria	LC816373.1	1351	0	0		True	True	
MPDB000090	287	Pseudomonas aeruginosa	bacteria	LC816374.1	1344	0	0		True	True	
MPDB000091	287	Pseudomonas aeruginosa	bacteria	LC816375.1	1365	0	0		True	True	
MPDB000092	287	Pseudomonas aeruginosa	bacteria	LC816376.1	1364	0	0		True	True	
MPDB000093	287	Pseudomonas aeruginosa	bacteria	LC816377.1	1366	0	0		True	True	
MPDB000094	287	Pseudomonas aeruginosa	bacteria	LC816378.1	1330	0	0		True	True	
MPDB000095	287	Pseudomonas aeruginosa	bacteria	LC816379.1	1355	0	0		True	True	
MPDB000096	287	Pseudomonas aeruginosa	bacteria	LC816380.1	1311	0	0		True	True	
MPDB000097	287	Pseudomonas aeruginosa	bacteria	LC816381.1	1350	0	0		True	True	
MPDB000098	287	Pseudomonas aeruginosa	bacteria	LC816382.1	1324	0	0		True	True	
MPDB000099	287	Pseudomonas aeruginosa	bacteria	LC834139.1	290	0	0		True	True	
MPDB000100	287	Pseudomonas aeruginosa	bacteria	LC836059.1	1227	0	0		True	True	
MPDB000101	287	Pseudomonas aeruginosa	bacteria	LC843372.1	660	0	3	RS	True	True	
MPDB000102	287	Pseudomonas aeruginosa	bacteria	LC875561.1	1479	0	0		True	True	
MPDB000103	287	Pseudomonas aeruginosa	bacteria	LC921246.1	1007	0	0		True	True	
MPDB000104	287	Pseudomonas aeruginosa	bacteria	OX503253.1	949	3	0		True	True	
MPDB000105	287	Pseudomonas aeruginosa	bacteria	OX503254.1	951	3	0		True	True	
MPDB000106	287	Pseudomonas aeruginosa	bacteria	OX503255.1	964	4	0		True	True	
MPDB000107	287	Pseudomonas aeruginosa	bacteria	OX503256.1	780	0	0		True	True	
MPDB000108	287	Pseudomonas aeruginosa	bacteria	OX503257.1	958	5	0		True	True	
MPDB000109	287	Pseudomonas aeruginosa	bacteria	OX503258.1	703	2	0		True	True	
MPDB000110	287	Pseudomonas aeruginosa	bacteria	OX503259.1	974	5	0		True	True	
MPDB000111	287	Pseudomonas aeruginosa	bacteria	OX503260.1	974	6	0		True	True	
MPDB000112	287	Pseudomonas aeruginosa	bacteria	OX503261.1	939	2	0		True	True	
MPDB000113	287	Pseudomonas aeruginosa	bacteria	OX503262.1	849	4	0		True	True	
MPDB000114	287	Pseudomonas aeruginosa	bacteria	OX503263.1	976	11	0		True	True	
MPDB000115	287	Pseudomonas aeruginosa	bacteria	OX503264.1	962	8	0		True	True	
MPDB000116	287	Pseudomonas aeruginosa	bacteria	OX503265.1	671	6	0		True	True	
MPDB000117	287	Pseudomonas aeruginosa	bacteria	OX503266.1	957	7	0		True	True	
MPDB000118	287	Pseudomonas aeruginosa	bacteria	OX503267.1	952	3	0		True	True	
MPDB000119	287	Pseudomonas aeruginosa	bacteria	OX503268.1	949	5	0		True	True	
MPDB000120	287	Pseudomonas aeruginosa	bacteria	OX503269.1	935	3	0		True	True	
MPDB000121	287	Pseudomonas aeruginosa	bacteria	OX503270.1	363	3	0		True	True	
MPDB000122	287	Pseudomonas aeruginosa	bacteria	OX503271.1	881	5	0		True	True	
MPDB000123	287	Pseudomonas aeruginosa	bacteria	OX503272.1	930	0	0		True	True	
MPDB000124	287	Pseudomonas aeruginosa	bacteria	OX503273.1	933	1	0		True	True	
MPDB000125	287	Pseudomonas aeruginosa	bacteria	PP809806.1	910	0	0		True	True	
MPDB000126	287	Pseudomonas aeruginosa	bacteria	PP809858.1	1050	0	0		True	True	
MPDB000127	287	Pseudomonas aeruginosa	bacteria	PP809878.1	1120	0	0		True	True	
MPDB000128	287	Pseudomonas aeruginosa	bacteria	PZ413526.1	1258	7	0		True	True	
MPDB000129	31963	Clavibacter michiganensis subsp. nebraskensis	bacteria	U09763.1	1478	1	0		True	True	DUPLICATE_SEQUENCE_WITHIN_TAXID (n=2); identical sequences from independent GenBank records, retained
MPDB000130	31963	Clavibacter michiganensis subsp. nebraskensis	bacteria	FR728274.1	451	0	0		True	True	
MPDB000131	31963	Clavibacter michiganensis subsp. nebraskensis	bacteria	FR728275.1	448	0	0		True	True	
MPDB000132	31963	Clavibacter michiganensis subsp. nebraskensis	bacteria	FR728278.1	454	0	0		True	True	
MPDB000133	31963	Clavibacter michiganensis subsp. nebraskensis	bacteria	FR728287.1	451	0	0		True	True	
MPDB000134	31963	Clavibacter michiganensis subsp. nebraskensis	bacteria	FR728302.1	438	0	0		True	True	
MPDB000135	31963	Clavibacter michiganensis subsp. nebraskensis	bacteria	FR728312.1	450	0	0		True	True	
MPDB000136	31963	Clavibacter michiganensis subsp. nebraskensis	bacteria	FR728313.1	273	0	0		True	True	
MPDB000137	31963	Clavibacter michiganensis subsp. nebraskensis	bacteria	FR728317.1	452	0	0		True	True	
MPDB000138	31963	Clavibacter michiganensis subsp. nebraskensis	bacteria	U09763.1	1478	1	0		True	True	DUPLICATE_SEQUENCE_WITHIN_TAXID (n=2); identical sequences from independent GenBank records, retained
MPDB000139	321	Pseudomonas syringae pv. syringae	bacteria	AM399036.1	1479	3	0		True	True	
MPDB000140	321	Pseudomonas syringae pv. syringae	bacteria	LN849855.1	917	0	0		True	True	
MPDB000141	321	Pseudomonas syringae pv. syringae	bacteria	LN876273.1	584	0	0		True	True	
MPDB000142	321	Pseudomonas syringae pv. syringae	bacteria	LN876274.1	584	0	0		True	True	
MPDB000143	321	Pseudomonas syringae pv. syringae	bacteria	LN876276.1	584	0	0		True	True	
MPDB000144	321	Pseudomonas syringae pv. syringae	bacteria	LN876277.1	584	0	0		True	True	
MPDB000145	321	Pseudomonas syringae pv. syringae	bacteria	LN876278.1	584	0	0		True	True	
MPDB000146	321	Pseudomonas syringae pv. syringae	bacteria	LN876279.1	584	0	0		True	True	
MPDB000147	321	Pseudomonas syringae pv. syringae	bacteria	LS991860.1	1383	0	0		True	True	
MPDB000148	321	Pseudomonas syringae pv. syringae	bacteria	LT630486.1	960	0	0		True	True	
MPDB000149	40324	Stenotrophomonas maltophilia	bacteria	LC583236.1	837	0	0		True	True	
MPDB000150	40324	Stenotrophomonas maltophilia	bacteria	LC595315.1	1467	0	1	Y	True	True	
MPDB000151	40324	Stenotrophomonas maltophilia	bacteria	LC595316.1	1467	0	0		True	True	
MPDB000152	40324	Stenotrophomonas maltophilia	bacteria	LC616394.1	1105	0	0		True	True	
MPDB000153	40324	Stenotrophomonas maltophilia	bacteria	LC699795.1	1385	0	0		True	True	
MPDB000154	40324	Stenotrophomonas maltophilia	bacteria	LC716956.1	709	0	0		True	True	
MPDB000155	40324	Stenotrophomonas maltophilia	bacteria	LC716963.1	709	0	0		True	True	
MPDB000156	40324	Stenotrophomonas maltophilia	bacteria	LC716966.1	421	0	0		True	True	
MPDB000157	40324	Stenotrophomonas maltophilia	bacteria	LC717005.1	709	0	0		True	True	
MPDB000158	40324	Stenotrophomonas maltophilia	bacteria	LC717006.1	699	0	0		True	True	
MPDB000159	40324	Stenotrophomonas maltophilia	bacteria	LC717014.1	700	0	0		True	True	
MPDB000160	40324	Stenotrophomonas maltophilia	bacteria	LC717015.1	709	0	0		True	True	
MPDB000161	40324	Stenotrophomonas maltophilia	bacteria	LC717019.1	699	0	0		True	True	
MPDB000162	40324	Stenotrophomonas maltophilia	bacteria	LC717023.1	699	0	0		True	True	
MPDB000163	40324	Stenotrophomonas maltophilia	bacteria	LC717024.1	689	0	0		True	True	
MPDB000164	40324	Stenotrophomonas maltophilia	bacteria	LC717095.1	709	0	0		True	True	
MPDB000165	40324	Stenotrophomonas maltophilia	bacteria	LC717100.1	709	0	0		True	True	
MPDB000166	40324	Stenotrophomonas maltophilia	bacteria	LC717102.1	689	0	0		True	True	
MPDB000167	40324	Stenotrophomonas maltophilia	bacteria	LC717103.1	699	0	0		True	True	
MPDB000168	40324	Stenotrophomonas maltophilia	bacteria	LC717144.1	216	0	0		True	True	
MPDB000169	40324	Stenotrophomonas maltophilia	bacteria	LC717149.1	558	0	0		True	True	
MPDB000170	40324	Stenotrophomonas maltophilia	bacteria	LC735262.1	1410	0	0		True	True	
MPDB000171	40324	Stenotrophomonas maltophilia	bacteria	LC737962.1	1285	0	0		True	True	
MPDB000172	40324	Stenotrophomonas maltophilia	bacteria	LC764400.1	973	0	0		True	True	
MPDB000173	40324	Stenotrophomonas maltophilia	bacteria	LC773897.1	853	0	0		True	True	
MPDB000174	40324	Stenotrophomonas maltophilia	bacteria	LC773931.1	823	0	0		True	True	
MPDB000175	40324	Stenotrophomonas maltophilia	bacteria	LC775012.1	822	0	0		True	True	
MPDB000176	40324	Stenotrophomonas maltophilia	bacteria	LC779707.1	1485	0	0		True	True	
MPDB000177	40324	Stenotrophomonas maltophilia	bacteria	LC779708.1	1482	0	0		True	True	
MPDB000178	40324	Stenotrophomonas maltophilia	bacteria	LC790010.1	1025	0	0		True	True	
MPDB000179	40324	Stenotrophomonas maltophilia	bacteria	LC836061.1	560	0	0		True	True	
MPDB000180	40324	Stenotrophomonas maltophilia	bacteria	LC836062.1	650	0	0		True	True	
MPDB000181	40324	Stenotrophomonas maltophilia	bacteria	LC875547.1	898	0	0		True	True	
MPDB000182	40324	Stenotrophomonas maltophilia	bacteria	LC875551.1	1482	0	0		True	True	
MPDB000183	40324	Stenotrophomonas maltophilia	bacteria	LC875552.1	1494	0	0		True	True	
MPDB000184	40324	Stenotrophomonas maltophilia	bacteria	LC875554.1	1494	0	0		True	True	
MPDB000185	40324	Stenotrophomonas maltophilia	bacteria	LC875555.1	1488	0	0		True	True	
MPDB000186	40324	Stenotrophomonas maltophilia	bacteria	LC875559.1	1494	0	0		True	True	
MPDB000187	40324	Stenotrophomonas maltophilia	bacteria	LC925143.1	1404	0	0		True	True	
MPDB000188	40324	Stenotrophomonas maltophilia	bacteria	LR862426.1	499	0	20	KMRSWY	True	True	
MPDB000189	40324	Stenotrophomonas maltophilia	bacteria	LR862431.1	315	0	12	KMRSWY	True	True	
MPDB000190	40324	Stenotrophomonas maltophilia	bacteria	OZ371428.1	1413	0	0		True	True	
MPDB000191	40324	Stenotrophomonas maltophilia	bacteria	OZ371454.1	1406	0	0		True	True	
MPDB000192	53407	Pseudomonas asplenii	bacteria	AB021381.1	1503	1	0		True	True	
MPDB000193	53407	Pseudomonas asplenii	bacteria	AB021397.1	1503	2	0		True	True	
MPDB000194	53407	Pseudomonas asplenii	bacteria	AJ288296.1	175	0	0		True	True	
MPDB000195	53407	Pseudomonas asplenii	bacteria	HE586387.1	1498	0	0		True	True	
MPDB000196	53407	Pseudomonas asplenii	bacteria	HF936978.1	780	0	0		True	True	
MPDB000197	53407	Pseudomonas asplenii	bacteria	Z76655.1	1491	0	2	RS	True	True	
MPDB000198	549	Pantoea agglomerans	bacteria	HE588003.1	889	4	0		True	True	
MPDB000199	549	Pantoea agglomerans	bacteria	HE613764.1	846	0	0		True	True	
MPDB000200	549	Pantoea agglomerans	bacteria	HE613771.1	877	0	0		True	True	
MPDB000201	549	Pantoea agglomerans	bacteria	HE613777.1	959	0	0		True	True	
MPDB000202	549	Pantoea agglomerans	bacteria	HE613778.1	920	0	1	M	True	True	
MPDB000203	549	Pantoea agglomerans	bacteria	HE647624.1	953	0	0		True	True	
MPDB000204	549	Pantoea agglomerans	bacteria	HE648132.1	887	0	0		True	True	
MPDB000205	549	Pantoea agglomerans	bacteria	HE648133.1	239	0	0		True	True	
MPDB000206	549	Pantoea agglomerans	bacteria	HE648134.1	900	0	0		True	True	
MPDB000207	549	Pantoea agglomerans	bacteria	HE653017.1	698	0	0		True	True	
MPDB000208	549	Pantoea agglomerans	bacteria	HE653018.1	743	0	2	DW	True	True	
MPDB000209	549	Pantoea agglomerans	bacteria	HE653021.1	620	0	2	K	True	True	
MPDB000210	549	Pantoea agglomerans	bacteria	HE653022.1	655	0	1	Y	True	True	
MPDB000211	549	Pantoea agglomerans	bacteria	HE661627.2	1008	0	0		True	True	
MPDB000212	549	Pantoea agglomerans	bacteria	HE716932.1	1420	0	0		True	True	
MPDB000213	549	Pantoea agglomerans	bacteria	HF566261.1	954	7	0		True	True	
MPDB000214	549	Pantoea agglomerans	bacteria	HF566262.1	901	5	0		True	True	
MPDB000215	549	Pantoea agglomerans	bacteria	HF566263.1	946	4	0		True	True	
MPDB000216	549	Pantoea agglomerans	bacteria	HF566264.1	949	4	0		True	True	
MPDB000217	549	Pantoea agglomerans	bacteria	HF584957.1	1033	0	0		True	True	
MPDB000218	549	Pantoea agglomerans	bacteria	HF584963.1	971	0	0		True	True	
MPDB000219	549	Pantoea agglomerans	bacteria	HF584964.1	996	0	0		True	True	
MPDB000220	549	Pantoea agglomerans	bacteria	HF584965.1	988	0	0		True	True	
MPDB000221	549	Pantoea agglomerans	bacteria	HF584969.1	967	0	0		True	True	
MPDB000222	549	Pantoea agglomerans	bacteria	HF584972.1	1035	0	0		True	True	
MPDB000223	549	Pantoea agglomerans	bacteria	HF584996.1	972	0	0		True	True	
MPDB000224	549	Pantoea agglomerans	bacteria	HF584997.1	1034	0	0		True	True	
MPDB000225	549	Pantoea agglomerans	bacteria	HF584999.1	972	0	0		True	True	
MPDB000226	549	Pantoea agglomerans	bacteria	HF585001.1	972	0	0		True	True	
MPDB000227	549	Pantoea agglomerans	bacteria	HF585002.1	1042	0	0		True	True	
MPDB000228	549	Pantoea agglomerans	bacteria	HG799974.1	1694	0	0		True	True	
MPDB000229	549	Pantoea agglomerans	bacteria	LC595314.1	1402	0	3	SY	True	True	
MPDB000230	549	Pantoea agglomerans	bacteria	LC602956.1	773	0	0		True	True	
MPDB000231	549	Pantoea agglomerans	bacteria	LC645192.1	1043	0	0		True	True	
MPDB000232	549	Pantoea agglomerans	bacteria	LC709256.1	1376	0	0		True	True	
MPDB000233	549	Pantoea agglomerans	bacteria	LC848125.1	1531	0	1	Y	True	True	
MPDB000234	549	Pantoea agglomerans	bacteria	LN879339.1	775	0	0		True	True	
MPDB000235	549	Pantoea agglomerans	bacteria	LN879348.1	1092	0	0		True	True	
MPDB000236	549	Pantoea agglomerans	bacteria	LN997968.1	725	0	0		True	True	
MPDB000237	549	Pantoea agglomerans	bacteria	LT592133.1	1559	0	0		True	True	
MPDB000238	549	Pantoea agglomerans	bacteria	LT934417.1	549	0	0		True	True	
MPDB000239	549	Pantoea agglomerans	bacteria	LT969585.1	923	0	0		True	True	
MPDB000240	549	Pantoea agglomerans	bacteria	S69174.1	120	0	0		True	True	
MPDB000241	553	Pantoea ananatis	bacteria	AB304809.1	1533	0	0		True	True	
MPDB000242	553	Pantoea ananatis	bacteria	AJ629190.1	1472	0	0		True	True	
MPDB000243	553	Pantoea ananatis	bacteria	FN178362.1	1423	0	0		True	True	
MPDB000244	553	Pantoea ananatis	bacteria	FN691983.1	469	0	0		True	True	
MPDB000245	553	Pantoea ananatis	bacteria	FN691984.1	469	0	2	MR	True	True	
MPDB000246	553	Pantoea ananatis	bacteria	FN691985.1	469	0	1	M	True	True	
MPDB000247	553	Pantoea ananatis	bacteria	FR865900.1	734	3	0		True	True	
MPDB000248	553	Pantoea ananatis	bacteria	FR872704.1	732	0	0		True	True	
MPDB000249	553	Pantoea ananatis	bacteria	HE672167.1	1418	0	0		True	True	
MPDB000250	553	Pantoea ananatis	bacteria	HE716901.1	716	0	0		True	True	
MPDB000251	553	Pantoea ananatis	bacteria	HE716948.1	1472	0	0		True	True	
MPDB000252	553	Pantoea ananatis	bacteria	HE716949.1	732	0	0		True	True	
MPDB000253	553	Pantoea ananatis	bacteria	LC595300.1	1464	0	10	RSY	True	True	
MPDB000254	553	Pantoea ananatis	bacteria	LC792303.1	1408	0	0		True	True	
MPDB000255	553	Pantoea ananatis	bacteria	LN880270.1	751	0	0		True	True	
MPDB000256	553	Pantoea ananatis	bacteria	LN880271.1	970	0	0		True	True	
MPDB000257	553	Pantoea ananatis	bacteria	LN880272.1	970	0	0		True	True	
MPDB000258	553	Pantoea ananatis	bacteria	LN890661.1	904	0	0		True	True	
MPDB000259	553	Pantoea ananatis	bacteria	OZ408658.1	1433	0	0		True	True	
MPDB000260	554	Pectobacterium carotovorum	bacteria	AB680074.1	1467	1	0		True	True	
MPDB000261	554	Pectobacterium carotovorum	bacteria	AB680143.1	1467	6	0		True	True	
MPDB000262	554	Pectobacterium carotovorum	bacteria	AB680280.1	1467	0	0		True	True	
MPDB000263	554	Pectobacterium carotovorum	bacteria	AB680554.1	1467	1	0		True	True	
MPDB000264	554	Pectobacterium carotovorum	bacteria	AB681950.1	1467	14	0		True	True	
MPDB000265	554	Pectobacterium carotovorum	bacteria	AB744142.1	1363	0	0		True	True	
MPDB000266	554	Pectobacterium carotovorum	bacteria	AJ233411.1	1497	0	0		True	True	
MPDB000267	554	Pectobacterium carotovorum	bacteria	AM491055.1	535	0	0		True	True	
MPDB000268	554	Pectobacterium carotovorum	bacteria	AM491056.1	536	0	0		True	True	
MPDB000269	554	Pectobacterium carotovorum	bacteria	HF674984.1	1025	0	0		True	True	
MPDB000270	554	Pectobacterium carotovorum	bacteria	HF674985.1	1025	0	0		True	True	
MPDB000271	554	Pectobacterium carotovorum	bacteria	HF674986.1	1025	0	0		True	True	
MPDB000272	554	Pectobacterium carotovorum	bacteria	HF674987.1	1025	0	0		True	True	
MPDB000273	554	Pectobacterium carotovorum	bacteria	HF674988.1	964	0	0		True	True	
MPDB000274	554	Pectobacterium carotovorum	bacteria	HF674989.1	1025	0	0		True	True	
MPDB000275	554	Pectobacterium carotovorum	bacteria	HF674990.1	1025	0	0		True	True	
MPDB000276	554	Pectobacterium carotovorum	bacteria	HF674991.1	1025	0	0		True	True	
MPDB000277	554	Pectobacterium carotovorum	bacteria	HF674992.1	1025	0	0		True	True	
MPDB000278	554	Pectobacterium carotovorum	bacteria	HF678371.1	1075	0	2	MR	True	True	
MPDB000279	554	Pectobacterium carotovorum	bacteria	LN811442.1	780	1	0		True	True	
MPDB000280	554	Pectobacterium carotovorum	bacteria	LN851547.1	1034	0	0		True	True	
MPDB000281	554	Pectobacterium carotovorum	bacteria	LN851553.1	1499	0	0		True	True	
MPDB000282	554	Pectobacterium carotovorum	bacteria	LN851554.1	1263	0	0		True	True	
MPDB000283	554	Pectobacterium carotovorum	bacteria	LN851555.1	1428	0	0		True	True	
MPDB000284	554	Pectobacterium carotovorum	bacteria	LN851556.1	1200	0	0		True	True	
MPDB000285	554	Pectobacterium carotovorum	bacteria	LT592250.1	589	4	0		True	True	
MPDB000286	554	Pectobacterium carotovorum	bacteria	LT592251.1	929	51	0		True	True	
MPDB000287	554	Pectobacterium carotovorum	bacteria	LT592252.1	882	4	0		True	True	
MPDB000288	554	Pectobacterium carotovorum	bacteria	LT592253.1	885	3	0		True	True	
MPDB000289	554	Pectobacterium carotovorum	bacteria	LT592254.1	1169	0	0		True	True	
MPDB000290	554	Pectobacterium carotovorum	bacteria	LT592255.1	1107	0	0		True	True	
MPDB000291	554	Pectobacterium carotovorum	bacteria	LT592257.1	1289	0	0		True	True	
MPDB000292	554	Pectobacterium carotovorum	bacteria	LT592261.1	1029	3	0		True	True	
MPDB000293	554	Pectobacterium carotovorum	bacteria	LT899993.1	1519	0	0		True	True	
MPDB000294	573	Klebsiella pneumoniae	bacteria	LC512010.1	749	0	0		True	True	
MPDB000295	573	Klebsiella pneumoniae	bacteria	LC557135.3	1370	0	0		True	True	
MPDB000296	573	Klebsiella pneumoniae	bacteria	LC617176.1	1402	0	6	MSWY	True	True	
MPDB000297	573	Klebsiella pneumoniae	bacteria	LC618828.1	1388	0	0		True	True	
MPDB000298	573	Klebsiella pneumoniae	bacteria	LC645191.1	1433	0	0		True	True	
MPDB000299	573	Klebsiella pneumoniae	bacteria	LC649235.1	976	0	0		True	True	
MPDB000300	573	Klebsiella pneumoniae	bacteria	LC654889.1	1462	0	4	KRY	True	True	
MPDB000301	573	Klebsiella pneumoniae	bacteria	LC711131.1	1125	0	0		True	True	
MPDB000302	573	Klebsiella pneumoniae	bacteria	LC711132.1	1127	0	0		True	True	
MPDB000303	573	Klebsiella pneumoniae	bacteria	LC711133.1	1125	0	0		True	True	
MPDB000304	573	Klebsiella pneumoniae	bacteria	LC711134.1	1127	0	0		True	True	
MPDB000305	573	Klebsiella pneumoniae	bacteria	LC711135.1	1119	0	0		True	True	
MPDB000306	573	Klebsiella pneumoniae	bacteria	LC711136.1	1121	0	0		True	True	
MPDB000307	573	Klebsiella pneumoniae	bacteria	LC711137.1	1125	0	0		True	True	
MPDB000308	573	Klebsiella pneumoniae	bacteria	LC711138.1	1124	0	0		True	True	
MPDB000309	573	Klebsiella pneumoniae	bacteria	LC711139.1	1123	0	0		True	True	
MPDB000310	573	Klebsiella pneumoniae	bacteria	LC711140.1	1124	0	0		True	True	
MPDB000311	573	Klebsiella pneumoniae	bacteria	LC711141.1	1124	0	0		True	True	
MPDB000312	573	Klebsiella pneumoniae	bacteria	LC717013.1	699	0	0		True	True	
MPDB000313	573	Klebsiella pneumoniae	bacteria	LC717152.1	699	0	0		True	True	
MPDB000314	573	Klebsiella pneumoniae	bacteria	LC732202.1	678	0	0		True	True	
MPDB000315	573	Klebsiella pneumoniae	bacteria	LC732203.1	677	0	0		True	True	
MPDB000316	573	Klebsiella pneumoniae	bacteria	LC747146.1	1196	0	0		True	True	
MPDB000317	573	Klebsiella pneumoniae	bacteria	LC764401.1	949	0	0		True	True	
MPDB000318	573	Klebsiella pneumoniae	bacteria	LC800022.1	1224	0	0		True	True	
MPDB000319	573	Klebsiella pneumoniae	bacteria	LC800023.1	779	0	0		True	True	
MPDB000320	573	Klebsiella pneumoniae	bacteria	LC802112.1	1269	0	0		True	True	
MPDB000321	573	Klebsiella pneumoniae	bacteria	LC802113.1	1269	0	0		True	True	
MPDB000322	573	Klebsiella pneumoniae	bacteria	LC802115.1	1269	0	0		True	True	
MPDB000323	573	Klebsiella pneumoniae	bacteria	LC834133.1	680	0	0		True	True	
MPDB000324	573	Klebsiella pneumoniae	bacteria	LC848124.1	1531	0	7	MRY	True	True	
MPDB000325	573	Klebsiella pneumoniae	bacteria	LC868253.1	1430	0	0		True	True	
MPDB000326	573	Klebsiella pneumoniae	bacteria	LC924319.1	1217	0	0		True	True	
MPDB000327	573	Klebsiella pneumoniae	bacteria	LC924333.1	1211	0	0		True	True	
MPDB000328	573	Klebsiella pneumoniae	bacteria	MZ092733.1	762	0	0		True	True	
MPDB000329	573	Klebsiella pneumoniae	bacteria	NG_047476.1	974	0	0		True	True	
MPDB000330	573	Klebsiella pneumoniae	bacteria	NG_048062.1	980	0	0		True	True	
MPDB000331	573	Klebsiella pneumoniae	bacteria	OK482771.1	262	0	0		True	True	
MPDB000332	573	Klebsiella pneumoniae	bacteria	OK504483.1	265	0	0		True	True	
MPDB000333	573	Klebsiella pneumoniae	bacteria	ON286761.1	3315	0	0		True	True	
MPDB000334	573	Klebsiella pneumoniae	bacteria	OU548745.1	1014	0	0		True	True	
MPDB000335	573	Klebsiella pneumoniae	bacteria	PV361230.1	1389	0	0		True	True	
MPDB000336	573	Klebsiella pneumoniae	bacteria	PV361232.1	1388	0	0		True	True	
MPDB000337	615	Serratia marcescens	bacteria	AB116388.1	4042	0	0		True	True	
MPDB000338	615	Serratia marcescens	bacteria	AB594756.1	1464	0	2	RY	True	True	
MPDB000339	615	Serratia marcescens	bacteria	AB681729.1	1467	0	0		True	True	
MPDB000340	615	Serratia marcescens	bacteria	FJ917355.1	7741	0	0		True	True	
MPDB000341	615	Serratia marcescens	bacteria	HE804807.2	1031	0	0		True	True	
MPDB000342	615	Serratia marcescens	bacteria	HE995790.2	765	0	0		True	True	
MPDB000343	615	Serratia marcescens	bacteria	HG800005.1	1000	0	0		True	True	
MPDB000344	615	Serratia marcescens	bacteria	HG941700.1	1020	0	0		True	True	
MPDB000345	615	Serratia marcescens	bacteria	KY623684.1	1080	0	0		True	True	
MPDB000346	615	Serratia marcescens	bacteria	LC529707.1	676	0	0		True	True	
MPDB000347	615	Serratia marcescens	bacteria	LC571916.1	1464	0	6	RSWY	True	True	
MPDB000348	615	Serratia marcescens	bacteria	LC571929.1	1464	0	0		True	True	
MPDB000349	615	Serratia marcescens	bacteria	LC571930.1	1464	0	1	Y	True	True	
MPDB000350	615	Serratia marcescens	bacteria	LC571935.1	1464	0	0		True	True	
MPDB000351	615	Serratia marcescens	bacteria	LC571939.1	1464	0	2	Y	True	True	
MPDB000352	615	Serratia marcescens	bacteria	LC571942.1	1464	0	2	RY	True	True	
MPDB000353	615	Serratia marcescens	bacteria	LC572258.1	1471	0	0		True	True	
MPDB000354	615	Serratia marcescens	bacteria	LC581798.1	1115	0	0		True	True	
MPDB000355	615	Serratia marcescens	bacteria	LC595302.1	1464	0	1	Y	True	True	
MPDB000356	615	Serratia marcescens	bacteria	LC595307.1	1464	0	1	R	True	True	
MPDB000357	615	Serratia marcescens	bacteria	LC625784.1	1387	0	0		True	True	
MPDB000358	615	Serratia marcescens	bacteria	LC627326.1	1411	0	0		True	True	
MPDB000359	615	Serratia marcescens	bacteria	LC645190.1	437	0	0		True	True	
MPDB000360	615	Serratia marcescens	bacteria	LC790163.1	1269	0	0		True	True	
MPDB000361	615	Serratia marcescens	bacteria	LC790164.1	1269	0	0		True	True	
MPDB000362	615	Serratia marcescens	bacteria	LC815918.1	1068	0	0		True	True	
MPDB000363	615	Serratia marcescens	bacteria	LM655405.1	166	0	0		True	True	
MPDB000364	615	Serratia marcescens	bacteria	LN884126.1	565	0	0		True	True	
MPDB000365	615	Serratia marcescens	bacteria	LN995790.1	988	0	0		True	True	
MPDB000366	615	Serratia marcescens	bacteria	LN997966.1	731	0	1	Y	True	True	
MPDB000367	615	Serratia marcescens	bacteria	LT608121.1	1368	0	0		True	True	
MPDB000368	615	Serratia marcescens	bacteria	LT628254.1	1165	0	0		True	True	
MPDB000369	615	Serratia marcescens	bacteria	LT628255.1	1156	0	0		True	True	
MPDB000370	615	Serratia marcescens	bacteria	LT628256.1	1209	0	0		True	True	
MPDB000371	615	Serratia marcescens	bacteria	LT631776.1	1229	0	2	R	True	True	
MPDB000372	615	Serratia marcescens	bacteria	LT631777.1	1453	0	6	KRY	True	True	
MPDB000373	615	Serratia marcescens	bacteria	LT678778.1	759	0	0		True	True	
MPDB000374	615	Serratia marcescens	bacteria	LT682310.1	878	0	0		True	True	
MPDB000375	615	Serratia marcescens	bacteria	LT691102.1	759	0	0		True	True	
MPDB000376	615	Serratia marcescens	bacteria	LT694243.1	758	0	0		True	True	
MPDB000377	615	Serratia marcescens	bacteria	NG_048058.1	956	0	0		True	True	
MPDB000378	615	Serratia marcescens	bacteria	OU548751.1	1065	2	0		True	True	
MPDB000379	615	Serratia marcescens	bacteria	OX250429.1	425	0	0		True	True	
MPDB000380	66269	Pantoea stewartii subsp. stewartii	bacteria	AJ311838.1	2024	0	0		True	True	
MPDB000381	66269	Pantoea stewartii subsp. stewartii	bacteria	HF584960.1	1119	0	0		True	True	
MPDB000382	66269	Pantoea stewartii subsp. stewartii	bacteria	HF985352.1	683	0	0		True	True	
MPDB000383	66269	Pantoea stewartii subsp. stewartii	bacteria	HF985353.1	700	28	0		True	True	
MPDB000384	66269	Pantoea stewartii subsp. stewartii	bacteria	HG792421.1	1358	0	0		True	True	
MPDB000385	66269	Pantoea stewartii subsp. stewartii	bacteria	HG792422.1	1417	0	2	KY	True	True	
MPDB000386	66269	Pantoea stewartii subsp. stewartii	bacteria	HG792423.1	1423	2	5	KMSY	True	True	
MPDB000387	66269	Pantoea stewartii subsp. stewartii	bacteria	HG792424.1	1408	1	1	Y	True	True	
MPDB000388	66269	Pantoea stewartii subsp. stewartii	bacteria	HG792425.1	1356	1	0		True	True	
MPDB000389	66269	Pantoea stewartii subsp. stewartii	bacteria	LC928073.1	1391	0	0		True	True	
MPDB000390	66269	Pantoea stewartii subsp. stewartii	bacteria	LC928152.1	1404	0	0		True	True	
MPDB000391	66269	Pantoea stewartii subsp. stewartii	bacteria	LC928160.1	1383	0	0		True	True	
MPDB000392	66269	Pantoea stewartii subsp. stewartii	bacteria	LN879347.1	615	1	0		True	True	
MPDB000393	66269	Pantoea stewartii subsp. stewartii	bacteria	LN879354.1	868	1	0		True	True	
MPDB000394	66269	Pantoea stewartii subsp. stewartii	bacteria	LT908020.1	600	0	0		True	True	
MPDB000395	66269	Pantoea stewartii subsp. stewartii	bacteria	S69173.1	120	0	0		True	True	
MPDB000396	66269	Pantoea stewartii subsp. stewartii	bacteria	Y13251.1	1499	2	29	KMRSWY	True	True	
MPDB000397	69219	Enterobacter cloacae subsp. dissolvens	bacteria	AJ417485.1	420	0	0		True	True	
MPDB000398	69219	Enterobacter cloacae subsp. dissolvens	bacteria	LC667811.1	1330	0	0		True	True	
MPDB000399	69219	Enterobacter cloacae subsp. dissolvens	bacteria	LC667815.1	1332	0	0		True	True	
MPDB000400	80867	Acidovorax avenae subsp. avenae	bacteria	AB021421.1	1445	9	0		True	True	
MPDB000401	80867	Acidovorax avenae subsp. avenae	bacteria	AB571879.1	665	0	0		True	True	
MPDB000402	80867	Acidovorax avenae subsp. avenae	bacteria	AM943046.1	437	0	0		True	True	
MPDB000403	80867	Acidovorax avenae subsp. avenae	bacteria	LC702348.1	1394	0	0		True	True	
MPDB000834	101028	Fusarium pseudograminearum	fungi	MH865930.1	543	0	0		True	True	
MPDB000835	101028	Fusarium pseudograminearum	fungi	OK481074.1	587	0	0		True	True	
MPDB000836	101028	Fusarium pseudograminearum	fungi	OL440929.1	502	0	0		True	True	
MPDB000837	101028	Fusarium pseudograminearum	fungi	OL440930.1	528	0	0		True	True	
MPDB000838	101028	Fusarium pseudograminearum	fungi	OL440932.1	502	0	0		True	True	
MPDB000839	101028	Fusarium pseudograminearum	fungi	OL872319.1	492	0	0		True	True	
MPDB000840	101028	Fusarium pseudograminearum	fungi	OL872329.1	492	0	0		True	True	
MPDB000841	101028	Fusarium pseudograminearum	fungi	OL872339.1	491	0	0		True	True	
MPDB000842	101028	Fusarium pseudograminearum	fungi	OM108102.1	481	0	0		True	True	
MPDB000843	101028	Fusarium pseudograminearum	fungi	OM980231.1	417	0	0		True	True	
MPDB000844	101028	Fusarium pseudograminearum	fungi	ON306853.1	537	0	0		True	True	
MPDB000845	101028	Fusarium pseudograminearum	fungi	ON306854.1	491	0	0		True	True	
MPDB000846	101028	Fusarium pseudograminearum	fungi	ON306855.1	478	0	0		True	True	
MPDB000847	101028	Fusarium pseudograminearum	fungi	ON687723.1	347	0	0		True	True	
MPDB000848	101028	Fusarium pseudograminearum	fungi	OP136036.1	487	0	0		True	True	
MPDB000849	101028	Fusarium pseudograminearum	fungi	OP364006.1	553	0	0		True	True	
MPDB000850	101028	Fusarium pseudograminearum	fungi	OP364007.1	545	0	0		True	True	
MPDB000851	101028	Fusarium pseudograminearum	fungi	OR582866.1	509	0	0		True	True	
MPDB000852	101028	Fusarium pseudograminearum	fungi	PP087309.1	482	0	0		True	True	
MPDB000853	101028	Fusarium pseudograminearum	fungi	PP336542.1	1642	0	0		True	True	
MPDB000854	101028	Fusarium pseudograminearum	fungi	PP406537.1	493	0	0		True	True	
MPDB000855	101028	Fusarium pseudograminearum	fungi	PQ217121.1	497	0	0		True	True	
MPDB000856	101028	Fusarium pseudograminearum	fungi	PQ319699.1	514	0	0		True	True	
MPDB000857	101028	Fusarium pseudograminearum	fungi	PQ416029.1	526	0	0		True	True	
MPDB000858	101028	Fusarium pseudograminearum	fungi	PQ657542.1	401	0	0		True	True	
MPDB000859	101028	Fusarium pseudograminearum	fungi	PQ721291.1	518	0	0		True	True	
MPDB000860	101028	Fusarium pseudograminearum	fungi	PQ721293.1	532	0	0		True	True	
MPDB000861	101028	Fusarium pseudograminearum	fungi	PV367984.1	476	0	0		True	True	
MPDB000862	101028	Fusarium pseudograminearum	fungi	PV478111.1	786	0	0		True	True	
MPDB000863	101028	Fusarium pseudograminearum	fungi	PV596288.1	503	0	0		True	True	
MPDB000864	101028	Fusarium pseudograminearum	fungi	PV774561.1	547	0	0		True	True	
MPDB000865	101028	Fusarium pseudograminearum	fungi	PV810307.1	498	0	0		True	True	
MPDB000866	101028	Fusarium pseudograminearum	fungi	PX022589.1	479	0	0		True	True	
MPDB000867	101028	Fusarium pseudograminearum	fungi	PX022591.1	468	0	0		True	True	
MPDB000868	101028	Fusarium pseudograminearum	fungi	PX128503.1	516	0	0		True	True	
MPDB000869	101028	Fusarium pseudograminearum	fungi	PX370044.1	538	0	0		True	True	
MPDB000870	101028	Fusarium pseudograminearum	fungi	PX370045.1	531	0	0		True	True	
MPDB000871	101028	Fusarium pseudograminearum	fungi	PX457499.1	504	0	0		True	True	
MPDB000872	101028	Fusarium pseudograminearum	fungi	PX457500.1	502	0	0		True	True	
MPDB000873	101028	Fusarium pseudograminearum	fungi	PX457504.1	503	0	0		True	True	
MPDB000874	101028	Fusarium pseudograminearum	fungi	PX457506.1	506	0	0		True	True	
MPDB000875	101028	Fusarium pseudograminearum	fungi	PX472025.1	483	0	0		True	True	
MPDB000876	101028	Fusarium pseudograminearum	fungi	PZ293192.1	477	0	0		True	True	
MPDB000877	101201	Trichoderma asperellum	fungi	PX599544.1	598	0	0		True	True	
MPDB000878	101201	Trichoderma asperellum	fungi	PZ623881.1	638	0	0		True	True	
MPDB000879	101201	Trichoderma asperellum	fungi	PZ623918.1	651	0	0		True	True	
MPDB000880	101201	Trichoderma asperellum	fungi	PZ625986.1	594	0	0		True	True	
MPDB000881	101201	Trichoderma asperellum	fungi	PZ660808.1	539	0	0		True	True	
MPDB000882	101201	Trichoderma asperellum	fungi	PZ671385.1	560	0	0		True	True	
MPDB000883	101201	Trichoderma asperellum	fungi	PZ673735.1	473	0	0		True	True	
MPDB000884	101201	Trichoderma asperellum	fungi	PZ674016.1	495	0	0		True	True	
MPDB000885	101201	Trichoderma asperellum	fungi	PZ675096.1	497	0	0		True	True	
MPDB000886	101201	Trichoderma asperellum	fungi	PZ694441.1	572	0	0		True	True	
MPDB000887	101201	Trichoderma asperellum	fungi	PZ702501.1	497	0	0		True	True	
MPDB000888	101201	Trichoderma asperellum	fungi	PZ702504.1	487	0	0		True	True	
MPDB000889	101201	Trichoderma asperellum	fungi	PZ702509.1	581	0	0		True	True	
MPDB000890	101201	Trichoderma asperellum	fungi	PZ702510.1	580	0	0		True	True	
MPDB000891	101201	Trichoderma asperellum	fungi	PZ702511.1	581	0	0		True	True	
MPDB000892	101201	Trichoderma asperellum	fungi	PZ702512.1	582	0	0		True	True	
MPDB000893	101201	Trichoderma asperellum	fungi	PZ708500.1	511	0	0		True	True	
MPDB000894	101201	Trichoderma asperellum	fungi	PZ710498.1	330	0	0		True	True	
MPDB000895	101201	Trichoderma asperellum	fungi	PZ711025.1	599	0	0		True	True	
MPDB000896	101201	Trichoderma asperellum	fungi	PZ711027.1	480	0	0		True	True	
MPDB000897	101201	Trichoderma asperellum	fungi	PZ711390.1	535	0	0		True	True	
MPDB000898	101201	Trichoderma asperellum	fungi	PZ712057.1	500	0	0		True	True	
MPDB000899	101201	Trichoderma asperellum	fungi	PZ713279.1	544	0	0		True	True	
MPDB000900	101201	Trichoderma asperellum	fungi	PZ722104.1	585	0	0		True	True	
MPDB000901	101201	Trichoderma asperellum	fungi	PZ723407.1	602	0	0		True	True	
MPDB000902	101201	Trichoderma asperellum	fungi	PZ728837.1	498	0	0		True	True	
MPDB000903	101201	Trichoderma asperellum	fungi	PZ728846.1	523	0	0		True	True	
MPDB000904	101201	Trichoderma asperellum	fungi	PZ728849.1	450	0	0		True	True	
MPDB000905	101201	Trichoderma asperellum	fungi	PZ737013.1	552	0	0		True	True	
MPDB000906	101201	Trichoderma asperellum	fungi	PZ741003.1	510	0	1	R	True	True	
MPDB000907	101201	Trichoderma asperellum	fungi	PZ756708.1	642	0	0		True	True	
MPDB000908	101201	Trichoderma asperellum	fungi	PZ764224.1	544	0	0		True	True	
MPDB000909	101201	Trichoderma asperellum	fungi	PZ766098.1	583	0	0		True	True	
MPDB000910	101201	Trichoderma asperellum	fungi	PZ768890.1	584	0	0		True	True	
MPDB000911	101201	Trichoderma asperellum	fungi	PZ770416.1	493	0	0		True	True	
MPDB000912	101201	Trichoderma asperellum	fungi	PZ770420.1	580	0	0		True	True	
MPDB000913	101201	Trichoderma asperellum	fungi	PZ770676.1	553	0	0		True	True	
MPDB000914	101201	Trichoderma asperellum	fungi	PZ770678.1	579	0	0		True	True	
MPDB000915	101201	Trichoderma asperellum	fungi	PZ770854.1	568	0	0		True	True	
MPDB000916	101201	Trichoderma asperellum	fungi	PZ779474.1	601	0	0		True	True	
MPDB000917	101201	Trichoderma asperellum	fungi	PZ794737.1	531	0	0		True	True	
MPDB000918	101201	Trichoderma asperellum	fungi	PZ799364.1	573	0	0		True	True	
MPDB000919	101201	Trichoderma asperellum	fungi	PZ806572.1	479	0	0		True	True	
MPDB000920	1036732	Sarocladium zeae/Acremonium zeae	fungi	MH859433.1	503	0	0		True	True	
MPDB000921	1036732	Sarocladium zeae/Acremonium zeae	fungi	MH859633.1	579	0	0		True	True	
MPDB000922	1036732	Sarocladium zeae/Acremonium zeae	fungi	MH859763.1	584	0	0		True	True	
MPDB000923	1036732	Sarocladium zeae/Acremonium zeae	fungi	MZ353527.1	233	0	0		True	True	
MPDB000924	1036732	Sarocladium zeae/Acremonium zeae	fungi	OQ429857.1	497	0	0		True	True	
MPDB000925	1036732	Sarocladium zeae/Acremonium zeae	fungi	OQ429858.1	509	0	0		True	True	
MPDB000926	1036732	Sarocladium zeae/Acremonium zeae	fungi	OR500031.1	862	0	0		True	True	
MPDB000927	1036732	Sarocladium zeae/Acremonium zeae	fungi	OR500035.1	851	0	0		True	True	
MPDB000928	1036732	Sarocladium zeae/Acremonium zeae	fungi	OR500039.1	862	0	0		True	True	
MPDB000929	1036732	Sarocladium zeae/Acremonium zeae	fungi	OR500040.1	864	0	0		True	True	
MPDB000930	1036732	Sarocladium zeae/Acremonium zeae	fungi	OR500045.1	856	0	0		True	True	
MPDB000931	1036732	Sarocladium zeae/Acremonium zeae	fungi	OR500051.1	858	0	0		True	True	
MPDB000932	1036732	Sarocladium zeae/Acremonium zeae	fungi	OR500054.1	857	0	0		True	True	
MPDB000933	1036732	Sarocladium zeae/Acremonium zeae	fungi	OR500055.1	855	0	0		True	True	
MPDB000934	1036732	Sarocladium zeae/Acremonium zeae	fungi	OR500061.1	865	0	0		True	True	
MPDB000935	1036732	Sarocladium zeae/Acremonium zeae	fungi	PP721194.1	866	0	0		True	True	
MPDB000936	1036732	Sarocladium zeae/Acremonium zeae	fungi	PP721195.1	748	0	0		True	True	
MPDB000937	1036732	Sarocladium zeae/Acremonium zeae	fungi	PP721196.1	1053	0	0		True	True	
MPDB000938	1036732	Sarocladium zeae/Acremonium zeae	fungi	PP721197.1	863	0	0		True	True	
MPDB000939	1036732	Sarocladium zeae/Acremonium zeae	fungi	PP721198.1	865	0	0		True	True	
MPDB000940	1036732	Sarocladium zeae/Acremonium zeae	fungi	PP721200.1	861	0	0		True	True	
MPDB000941	1036732	Sarocladium zeae/Acremonium zeae	fungi	PP721201.1	859	0	0		True	True	
MPDB000942	1036732	Sarocladium zeae/Acremonium zeae	fungi	PP721202.1	858	0	0		True	True	
MPDB000943	1036732	Sarocladium zeae/Acremonium zeae	fungi	PP721203.1	853	0	0		True	True	
MPDB000944	1036732	Sarocladium zeae/Acremonium zeae	fungi	PP721204.1	854	0	0		True	True	
MPDB000945	1036732	Sarocladium zeae/Acremonium zeae	fungi	PP721205.1	805	0	0		True	True	
MPDB000946	1036732	Sarocladium zeae/Acremonium zeae	fungi	PP721206.1	857	0	0		True	True	
MPDB000947	1036732	Sarocladium zeae/Acremonium zeae	fungi	PP721207.1	867	0	0		True	True	
MPDB000948	1036732	Sarocladium zeae/Acremonium zeae	fungi	PP721208.1	857	0	0		True	True	
MPDB000949	1036732	Sarocladium zeae/Acremonium zeae	fungi	PQ236698.1	550	0	0		True	True	
MPDB000950	1036732	Sarocladium zeae/Acremonium zeae	fungi	PQ304517.1	586	1	0		True	True	
MPDB000951	1036732	Sarocladium zeae/Acremonium zeae	fungi	PV368045.1	481	0	0		True	True	
MPDB000952	1036732	Sarocladium zeae/Acremonium zeae	fungi	PV368046.1	515	0	0		True	True	
MPDB000953	1036732	Sarocladium zeae/Acremonium zeae	fungi	PV407543.1	552	0	0		True	True	
MPDB000954	1036732	Sarocladium zeae/Acremonium zeae	fungi	PV407545.1	492	0	0		True	True	
MPDB000955	1036732	Sarocladium zeae/Acremonium zeae	fungi	PV492239.1	312	0	0		True	True	
MPDB000956	1036732	Sarocladium zeae/Acremonium zeae	fungi	PV862258.1	537	0	0		True	True	
MPDB000957	1036732	Sarocladium zeae/Acremonium zeae	fungi	PV862259.1	539	0	0		True	True	
MPDB000958	1036732	Sarocladium zeae/Acremonium zeae	fungi	PX858207.1	594	0	0		True	True	
MPDB000959	1036732	Sarocladium zeae/Acremonium zeae	fungi	PX965531.1	530	0	0		True	True	
MPDB000960	1036732	Sarocladium zeae/Acremonium zeae	fungi	PX965538.1	533	0	0		True	True	
MPDB000961	1036732	Sarocladium zeae/Acremonium zeae	fungi	PX965544.1	523	0	0		True	True	
MPDB000962	1036732	Sarocladium zeae/Acremonium zeae	fungi	PX965551.1	530	0	0		True	True	
MPDB000963	1056642	Curvularia tuberculata / Cochliobolus tuberculatus	fungi	HF934907.1	740	0	0		True	True	
MPDB000964	1056642	Curvularia tuberculata / Cochliobolus tuberculatus	fungi	JN192374.1	521	0	0		True	True	
MPDB000965	1056642	Curvularia tuberculata / Cochliobolus tuberculatus	fungi	JQ724383.1	606	0	0		True	True	
MPDB000966	1056642	Curvularia tuberculata / Cochliobolus tuberculatus	fungi	JQ724434.1	606	0	0		True	True	
MPDB000967	1056642	Curvularia tuberculata / Cochliobolus tuberculatus	fungi	JQ724489.1	600	0	0		True	True	
MPDB000968	1056642	Curvularia tuberculata / Cochliobolus tuberculatus	fungi	JQ724512.1	604	0	0		True	True	
MPDB000969	1056642	Curvularia tuberculata / Cochliobolus tuberculatus	fungi	JX256433.1	463	0	0		True	True	
MPDB000970	1056642	Curvularia tuberculata / Cochliobolus tuberculatus	fungi	KC315948.1	575	0	0		True	True	
MPDB000971	1056642	Curvularia tuberculata / Cochliobolus tuberculatus	fungi	KJ767096.1	609	0	0		True	True	
MPDB000972	1056642	Curvularia tuberculata / Cochliobolus tuberculatus	fungi	KP122965.1	482	0	0		True	True	
MPDB000973	1056642	Curvularia tuberculata / Cochliobolus tuberculatus	fungi	KR704891.1	576	0	0		True	True	
MPDB000974	1056642	Curvularia tuberculata / Cochliobolus tuberculatus	fungi	KT385714.1	518	0	0		True	True	
MPDB000975	1056642	Curvularia tuberculata / Cochliobolus tuberculatus	fungi	KY995629.1	562	0	0		True	True	
MPDB000976	1056642	Curvularia tuberculata / Cochliobolus tuberculatus	fungi	LC494371.1	593	0	0		True	True	
MPDB000977	1056642	Curvularia tuberculata / Cochliobolus tuberculatus	fungi	MF448225.1	567	0	1	R	True	True	
MPDB000978	1056642	Curvularia tuberculata / Cochliobolus tuberculatus	fungi	MH665453.1	566	0	0		True	True	
MPDB000979	1056642	Curvularia tuberculata / Cochliobolus tuberculatus	fungi	MH858243.1	529	0	0		True	True	
MPDB000980	1056642	Curvularia tuberculata / Cochliobolus tuberculatus	fungi	MH859834.1	569	0	0		True	True	
MPDB000981	1056642	Curvularia tuberculata / Cochliobolus tuberculatus	fungi	MN402766.1	459	0	0		True	True	
MPDB000982	1056642	Curvularia tuberculata / Cochliobolus tuberculatus	fungi	MN519517.1	485	0	0		True	True	
MPDB000983	1056642	Curvularia tuberculata / Cochliobolus tuberculatus	fungi	MN519519.1	508	0	0		True	True	
MPDB000984	1056642	Curvularia tuberculata / Cochliobolus tuberculatus	fungi	MN521832.1	485	0	0		True	True	
MPDB000985	1056642	Curvularia tuberculata / Cochliobolus tuberculatus	fungi	MN540245.1	579	0	0		True	True	
MPDB000986	1056642	Curvularia tuberculata / Cochliobolus tuberculatus	fungi	MN540247.1	561	0	0		True	True	
MPDB000987	1056642	Curvularia tuberculata / Cochliobolus tuberculatus	fungi	MT229266.1	502	0	0		True	True	
MPDB000988	1056642	Curvularia tuberculata / Cochliobolus tuberculatus	fungi	ON329689.1	603	0	0		True	True	
MPDB000989	1056642	Curvularia tuberculata / Cochliobolus tuberculatus	fungi	OR262502.1	557	0	0		True	True	
MPDB000990	1056642	Curvularia tuberculata / Cochliobolus tuberculatus	fungi	OR262504.1	505	0	0		True	True	
MPDB000991	1056642	Curvularia tuberculata / Cochliobolus tuberculatus	fungi	OR262505.1	563	0	0		True	True	
MPDB000992	1056642	Curvularia tuberculata / Cochliobolus tuberculatus	fungi	OR555998.1	497	0	0		True	True	
MPDB000993	1056642	Curvularia tuberculata / Cochliobolus tuberculatus	fungi	PV250306.1	539	0	0		True	True	
MPDB000994	1056642	Curvularia tuberculata / Cochliobolus tuberculatus	fungi	PV290864.1	536	0	0		True	True	
MPDB000995	1056642	Curvularia tuberculata / Cochliobolus tuberculatus	fungi	PX518059.1	571	0	0		True	True	
MPDB000996	105696	Epicoccum nigrum	fungi	MH854713.1	545	0	0		True	True	
MPDB000997	105696	Epicoccum nigrum	fungi	MH855167.1	577	1	0		True	True	
MPDB000998	105696	Epicoccum nigrum	fungi	MH855260.1	550	0	0		True	True	
MPDB000999	105696	Epicoccum nigrum	fungi	MH855396.1	542	0	0		True	True	
MPDB001000	105696	Epicoccum nigrum	fungi	MH855478.1	501	0	0		True	True	
MPDB001001	105696	Epicoccum nigrum	fungi	MH855943.1	469	0	0		True	True	
MPDB001002	105696	Epicoccum nigrum	fungi	MH857847.1	573	0	0		True	True	
MPDB001003	105696	Epicoccum nigrum	fungi	MH857848.1	545	0	0		True	True	
MPDB001004	105696	Epicoccum nigrum	fungi	MH857849.1	546	0	0		True	True	
MPDB001005	105696	Epicoccum nigrum	fungi	MH857850.1	543	0	0		True	True	
MPDB001006	105696	Epicoccum nigrum	fungi	MH857851.1	543	0	0		True	True	
MPDB001007	105696	Epicoccum nigrum	fungi	MH860625.1	542	0	1	R	True	True	
MPDB001008	105696	Epicoccum nigrum	fungi	MH860655.1	489	0	0		True	True	
MPDB001009	105696	Epicoccum nigrum	fungi	MH861752.1	515	0	0		True	True	
MPDB001010	105696	Epicoccum nigrum	fungi	PQ350493.1	487	0	0		True	True	
MPDB001011	105696	Epicoccum nigrum	fungi	PQ350496.1	487	0	0		True	True	
MPDB001012	105696	Epicoccum nigrum	fungi	PQ350591.1	502	0	0		True	True	
MPDB001013	105696	Epicoccum nigrum	fungi	PQ350642.1	481	0	0		True	True	
MPDB001014	105696	Epicoccum nigrum	fungi	PQ350643.1	479	0	0		True	True	
MPDB001015	105696	Epicoccum nigrum	fungi	PQ350657.1	476	0	0		True	True	
MPDB001016	105696	Epicoccum nigrum	fungi	PV498642.1	601	0	0		True	True	
MPDB001017	105696	Epicoccum nigrum	fungi	PV498646.1	601	0	0		True	True	
MPDB001018	105696	Epicoccum nigrum	fungi	PV498651.1	491	0	0		True	True	
MPDB001019	105696	Epicoccum nigrum	fungi	PV498652.1	471	0	0		True	True	
MPDB001020	105696	Epicoccum nigrum	fungi	PV498653.1	491	0	0		True	True	
MPDB001021	105696	Epicoccum nigrum	fungi	PV498654.1	481	0	0		True	True	
MPDB001022	105696	Epicoccum nigrum	fungi	PV498655.1	601	0	0		True	True	
MPDB001023	105696	Epicoccum nigrum	fungi	PV498688.1	471	0	0		True	True	
MPDB001024	105696	Epicoccum nigrum	fungi	PZ281865.1	586	0	0		True	True	
MPDB001025	105696	Epicoccum nigrum	fungi	PZ462612.1	476	0	0		True	True	
MPDB001026	105696	Epicoccum nigrum	fungi	PZ476674.1	410	0	0		True	True	
MPDB001027	105696	Epicoccum nigrum	fungi	PZ526881.1	503	0	0		True	True	
MPDB001028	105696	Epicoccum nigrum	fungi	PZ544358.1	492	0	0		True	True	
MPDB001029	105696	Epicoccum nigrum	fungi	PZ556471.1	549	0	0		True	True	
MPDB001030	105696	Epicoccum nigrum	fungi	PZ572952.1	428	0	6	RSW	True	True	
MPDB001031	105696	Epicoccum nigrum	fungi	PZ573887.1	189	0	0		True	True	
MPDB001032	105696	Epicoccum nigrum	fungi	PZ573951.1	219	0	0		True	True	
MPDB001033	105696	Epicoccum nigrum	fungi	PZ658190.1	487	0	0		True	True	
MPDB001034	105696	Epicoccum nigrum	fungi	PZ661246.1	546	0	0		True	True	
MPDB001035	105696	Epicoccum nigrum	fungi	PZ683424.1	529	0	0		True	True	
MPDB001036	105696	Epicoccum nigrum	fungi	PZ695141.1	474	0	0		True	True	
MPDB001037	105696	Epicoccum nigrum	fungi	PZ734650.1	582	0	0		True	True	
MPDB001038	105696	Epicoccum nigrum	fungi	PZ779821.1	521	0	0		True	True	
MPDB001039	1159556	Ustilaginoidea virens	fungi	OQ645537.1	634	0	0		True	True	
MPDB001040	1159556	Ustilaginoidea virens	fungi	OQ645538.1	631	0	0		True	True	
MPDB001041	1159556	Ustilaginoidea virens	fungi	OQ645540.1	609	0	0		True	True	
MPDB001042	1159556	Ustilaginoidea virens	fungi	OQ645541.1	637	0	1	Y	True	True	
MPDB001043	1159556	Ustilaginoidea virens	fungi	OQ645542.1	615	0	0		True	True	
MPDB001044	1159556	Ustilaginoidea virens	fungi	OQ645543.1	639	0	0		True	True	
MPDB001045	1159556	Ustilaginoidea virens	fungi	OQ645544.1	472	0	0		True	True	
MPDB001046	1159556	Ustilaginoidea virens	fungi	OQ645545.1	624	0	0		True	True	
MPDB001047	1159556	Ustilaginoidea virens	fungi	OQ645546.1	638	0	0		True	True	
MPDB001048	1159556	Ustilaginoidea virens	fungi	OQ645548.1	629	0	0		True	True	
MPDB001049	1159556	Ustilaginoidea virens	fungi	OQ645549.1	629	0	0		True	True	
MPDB001050	1159556	Ustilaginoidea virens	fungi	PP800271.1	559	0	0		True	True	
MPDB001051	1159556	Ustilaginoidea virens	fungi	PP972763.1	679	0	1	S	True	True	
MPDB001052	1159556	Ustilaginoidea virens	fungi	PP972764.1	634	0	3	SWY	True	True	
MPDB001053	1159556	Ustilaginoidea virens	fungi	PP972765.1	638	0	0		True	True	
MPDB001054	1159556	Ustilaginoidea virens	fungi	PP972766.1	616	0	0		True	True	
MPDB001055	1159556	Ustilaginoidea virens	fungi	PP972767.1	430	0	0		True	True	
MPDB001056	1159556	Ustilaginoidea virens	fungi	PP972768.1	618	0	0		True	True	
MPDB001057	1159556	Ustilaginoidea virens	fungi	PP972769.1	679	0	0		True	True	
MPDB001058	1159556	Ustilaginoidea virens	fungi	PP972770.1	639	0	0		True	True	
MPDB001059	1159556	Ustilaginoidea virens	fungi	PP972771.1	674	0	0		True	True	
MPDB001060	1159556	Ustilaginoidea virens	fungi	PQ656350.1	520	0	0		True	True	
MPDB001061	1159556	Ustilaginoidea virens	fungi	PQ780755.1	632	0	0		True	True	
MPDB001062	1159556	Ustilaginoidea virens	fungi	PQ780756.1	642	0	1	R	True	True	
MPDB001063	1159556	Ustilaginoidea virens	fungi	PQ780757.1	637	0	1	M	True	True	
MPDB001064	1159556	Ustilaginoidea virens	fungi	PQ780758.1	632	0	0		True	True	
MPDB001065	1159556	Ustilaginoidea virens	fungi	PQ780759.1	638	0	0		True	True	
MPDB001066	1159556	Ustilaginoidea virens	fungi	PV464054.1	631	0	0		True	True	
MPDB001067	1159556	Ustilaginoidea virens	fungi	PV581597.1	290	0	0		True	True	
MPDB001068	1159556	Ustilaginoidea virens	fungi	PX056884.1	658	0	0		True	True	
MPDB001069	1159556	Ustilaginoidea virens	fungi	PX775585.1	640	0	0		True	True	
MPDB001070	1159556	Ustilaginoidea virens	fungi	PX775586.1	640	2	0		True	True	
MPDB001071	1159556	Ustilaginoidea virens	fungi	PZ441335.1	215	0	0		True	True	
MPDB001072	1159556	Ustilaginoidea virens	fungi	PZ441354.1	317	0	0		True	True	
MPDB001073	1159556	Ustilaginoidea virens	fungi	PZ447652.1	320	0	0		True	True	
MPDB001074	1159556	Ustilaginoidea virens	fungi	PZ447655.1	298	0	0		True	True	
MPDB001075	1159556	Ustilaginoidea virens	fungi	PZ447656.1	318	0	0		True	True	
MPDB001076	1159556	Ustilaginoidea virens	fungi	PZ448556.1	327	0	0		True	True	
MPDB001077	1159556	Ustilaginoidea virens	fungi	PZ448627.1	202	0	0		True	True	
MPDB001078	1159556	Ustilaginoidea virens	fungi	PZ448630.1	306	0	0		True	True	
MPDB001079	1159556	Ustilaginoidea virens	fungi	PZ585080.1	613	0	0		True	True	
MPDB001080	1159556	Ustilaginoidea virens	fungi	PZ711415.1	613	0	0		True	True	
MPDB001081	1159556	Ustilaginoidea virens	fungi	PZ770853.1	520	0	0		True	True	
MPDB001082	117187	Fusarium verticillioides (Gibberella moniliformis)	fungi	PV862255.1	505	0	0		True	True	
MPDB001083	117187	Fusarium verticillioides (Gibberella moniliformis)	fungi	PZ734327.1	539	0	0		True	True	
MPDB001084	117187	Fusarium verticillioides (Gibberella moniliformis)	fungi	PZ734332.1	541	0	0		True	True	
MPDB001085	117187	Fusarium verticillioides (Gibberella moniliformis)	fungi	PZ734338.1	552	0	0		True	True	
MPDB001086	117187	Fusarium verticillioides (Gibberella moniliformis)	fungi	PZ734339.1	555	0	0		True	True	
MPDB001087	117187	Fusarium verticillioides (Gibberella moniliformis)	fungi	PZ734340.1	542	0	0		True	True	
MPDB001088	117187	Fusarium verticillioides (Gibberella moniliformis)	fungi	PZ734345.1	543	0	0		True	True	
MPDB001089	117187	Fusarium verticillioides (Gibberella moniliformis)	fungi	PZ734347.1	553	0	0		True	True	
MPDB001090	117187	Fusarium verticillioides (Gibberella moniliformis)	fungi	PZ734350.1	538	0	0		True	True	
MPDB001091	117187	Fusarium verticillioides (Gibberella moniliformis)	fungi	PZ734351.1	552	0	0		True	True	
MPDB001092	117187	Fusarium verticillioides (Gibberella moniliformis)	fungi	PZ734352.1	558	0	0		True	True	
MPDB001093	117187	Fusarium verticillioides (Gibberella moniliformis)	fungi	PZ734360.1	551	0	0		True	True	
MPDB001094	117187	Fusarium verticillioides (Gibberella moniliformis)	fungi	PZ734362.1	557	0	0		True	True	
MPDB001095	117187	Fusarium verticillioides (Gibberella moniliformis)	fungi	PZ734363.1	538	0	0		True	True	
MPDB001096	117187	Fusarium verticillioides (Gibberella moniliformis)	fungi	PZ734366.1	537	0	0		True	True	
MPDB001097	117187	Fusarium verticillioides (Gibberella moniliformis)	fungi	PZ734367.1	554	0	0		True	True	
MPDB001098	117187	Fusarium verticillioides (Gibberella moniliformis)	fungi	PZ734370.1	536	0	0		True	True	
MPDB001099	117187	Fusarium verticillioides (Gibberella moniliformis)	fungi	PZ734372.1	547	1	0		True	True	
MPDB001100	117187	Fusarium verticillioides (Gibberella moniliformis)	fungi	PZ734373.1	539	0	0		True	True	
MPDB001101	117187	Fusarium verticillioides (Gibberella moniliformis)	fungi	PZ734375.1	555	0	0		True	True	
MPDB001102	117187	Fusarium verticillioides (Gibberella moniliformis)	fungi	PZ734376.1	559	0	0		True	True	
MPDB001103	117187	Fusarium verticillioides (Gibberella moniliformis)	fungi	PZ734378.1	551	0	0		True	True	
MPDB001104	117187	Fusarium verticillioides (Gibberella moniliformis)	fungi	PZ734382.1	552	0	0		True	True	
MPDB001105	117187	Fusarium verticillioides (Gibberella moniliformis)	fungi	PZ734386.1	550	0	0		True	True	
MPDB001106	117187	Fusarium verticillioides (Gibberella moniliformis)	fungi	PZ734388.1	556	0	0		True	True	
MPDB001107	117187	Fusarium verticillioides (Gibberella moniliformis)	fungi	PZ734389.1	556	0	0		True	True	
MPDB001108	117187	Fusarium verticillioides (Gibberella moniliformis)	fungi	PZ734394.1	558	0	0		True	True	
MPDB001109	117187	Fusarium verticillioides (Gibberella moniliformis)	fungi	PZ734396.1	553	0	0		True	True	
MPDB001110	117187	Fusarium verticillioides (Gibberella moniliformis)	fungi	PZ734397.1	551	0	0		True	True	
MPDB001111	117187	Fusarium verticillioides (Gibberella moniliformis)	fungi	PZ734399.1	552	0	0		True	True	
MPDB001112	117187	Fusarium verticillioides (Gibberella moniliformis)	fungi	PZ734401.1	540	0	0		True	True	
MPDB001113	117187	Fusarium verticillioides (Gibberella moniliformis)	fungi	PZ734403.1	549	0	0		True	True	
MPDB001114	117187	Fusarium verticillioides (Gibberella moniliformis)	fungi	PZ734405.1	541	0	0		True	True	
MPDB001115	117187	Fusarium verticillioides (Gibberella moniliformis)	fungi	PZ734407.1	538	0	0		True	True	
MPDB001116	117187	Fusarium verticillioides (Gibberella moniliformis)	fungi	PZ734408.1	551	0	0		True	True	
MPDB001117	117187	Fusarium verticillioides (Gibberella moniliformis)	fungi	PZ734414.1	540	0	0		True	True	
MPDB001118	117187	Fusarium verticillioides (Gibberella moniliformis)	fungi	PZ734415.1	538	0	0		True	True	
MPDB001119	117187	Fusarium verticillioides (Gibberella moniliformis)	fungi	PZ779813.1	538	0	0		True	True	
MPDB001120	117187	Fusarium verticillioides (Gibberella moniliformis)	fungi	PZ780481.1	505	0	0		True	True	
MPDB001121	117187	Fusarium verticillioides (Gibberella moniliformis)	fungi	PZ780482.1	471	0	0		True	True	
MPDB001122	117187	Fusarium verticillioides (Gibberella moniliformis)	fungi	PZ780483.1	489	0	0		True	True	
MPDB001123	117187	Fusarium verticillioides (Gibberella moniliformis)	fungi	PZ794754.1	500	7	0		True	True	
MPDB001124	117187	Fusarium verticillioides (Gibberella moniliformis)	fungi	PZ805112.1	524	0	0		True	True	
MPDB001125	1187904	Alternaria burnsii	fungi	MH863039.1	571	0	0		True	True	
MPDB001126	1187904	Alternaria burnsii	fungi	MH863040.1	569	0	0		True	True	
MPDB001127	1187904	Alternaria burnsii	fungi	MH865506.1	575	0	0		True	True	
MPDB001128	1187904	Alternaria burnsii	fungi	PP818958.1	573	0	0		True	True	
MPDB001129	1187904	Alternaria burnsii	fungi	PP915572.1	456	0	0		True	True	
MPDB001130	1187904	Alternaria burnsii	fungi	PQ060524.1	552	0	0		True	True	
MPDB001131	1187904	Alternaria burnsii	fungi	PQ119820.1	437	0	0		True	True	
MPDB001132	1187904	Alternaria burnsii	fungi	PQ285273.1	1337	0	0		True	True	
MPDB001133	1187904	Alternaria burnsii	fungi	PQ285359.1	1280	0	0		True	True	
MPDB001134	1187904	Alternaria burnsii	fungi	PQ584514.1	576	0	0		True	True	
MPDB001135	1187904	Alternaria burnsii	fungi	PQ584542.1	577	0	0		True	True	
MPDB001136	1187904	Alternaria burnsii	fungi	PQ605800.1	560	0	0		True	True	
MPDB001137	1187904	Alternaria burnsii	fungi	PQ651414.1	575	0	0		True	True	
MPDB001138	1187904	Alternaria burnsii	fungi	PQ651417.1	549	0	0		True	True	
MPDB001139	1187904	Alternaria burnsii	fungi	PQ651441.1	721	0	0		True	True	
MPDB001140	1187904	Alternaria burnsii	fungi	PV021216.1	502	0	0		True	True	
MPDB001141	1187904	Alternaria burnsii	fungi	PV124578.1	572	0	0		True	True	
MPDB001142	1187904	Alternaria burnsii	fungi	PV230488.1	541	0	0		True	True	
MPDB001143	1187904	Alternaria burnsii	fungi	PV234051.1	547	0	0		True	True	
MPDB001144	1187904	Alternaria burnsii	fungi	PV370362.1	531	0	0		True	True	
MPDB001145	1187904	Alternaria burnsii	fungi	PV455609.1	559	0	0		True	True	
MPDB001146	1187904	Alternaria burnsii	fungi	PV533641.1	533	0	0		True	True	
MPDB001147	1187904	Alternaria burnsii	fungi	PV533644.1	527	0	0		True	True	
MPDB001148	1187904	Alternaria burnsii	fungi	PV602354.1	540	0	0		True	True	
MPDB001149	1187904	Alternaria burnsii	fungi	PV704998.1	457	0	0		True	True	
MPDB001150	1187904	Alternaria burnsii	fungi	PV915450.1	561	0	0		True	True	
MPDB001151	1187904	Alternaria burnsii	fungi	PV961372.1	505	0	0		True	True	
MPDB001152	1187904	Alternaria burnsii	fungi	PX048803.1	514	0	0		True	True	
MPDB001153	1187904	Alternaria burnsii	fungi	PX116852.1	509	0	0		True	True	
MPDB001154	1187904	Alternaria burnsii	fungi	PX285291.1	532	0	0		True	True	
MPDB001155	1187904	Alternaria burnsii	fungi	PX435312.1	535	0	0		True	True	
MPDB001156	1187904	Alternaria burnsii	fungi	PX448602.1	489	0	0		True	True	
MPDB001157	1187904	Alternaria burnsii	fungi	PX457138.1	528	0	0		True	True	
MPDB001158	1187904	Alternaria burnsii	fungi	PX735823.1	547	0	0		True	True	
MPDB001159	1187904	Alternaria burnsii	fungi	PX752285.1	514	0	0		True	True	
MPDB001160	1187904	Alternaria burnsii	fungi	PX842235.1	550	0	0		True	True	
MPDB001161	1187904	Alternaria burnsii	fungi	PX945825.1	477	0	0		True	True	
MPDB001162	1187904	Alternaria burnsii	fungi	PZ017494.1	573	0	0		True	True	
MPDB001163	1187904	Alternaria burnsii	fungi	PZ098972.1	586	0	0		True	True	
MPDB001164	1187904	Alternaria burnsii	fungi	PZ267196.1	552	0	0		True	True	
MPDB001165	1187904	Alternaria burnsii	fungi	PZ385187.1	545	0	0		True	True	
MPDB001166	1187904	Alternaria burnsii	fungi	PZ492660.1	839	0	0		True	True	
MPDB001167	1187904	Alternaria burnsii	fungi	PZ783952.1	558	0	0		True	True	
MPDB001168	119927	Alternaria tenuissima	fungi	LC939292.1	518	0	0		True	True	
MPDB001169	119927	Alternaria tenuissima	fungi	MH856117.1	541	0	0		True	True	
MPDB001170	119927	Alternaria tenuissima	fungi	MH864067.1	569	0	0		True	True	
MPDB001171	119927	Alternaria tenuissima	fungi	PX765461.1	530	0	0		True	True	
MPDB001172	119927	Alternaria tenuissima	fungi	PZ154704.1	533	0	0		True	True	
MPDB001173	119927	Alternaria tenuissima	fungi	PZ154705.1	537	0	0		True	True	
MPDB001174	119927	Alternaria tenuissima	fungi	PZ326482.1	571	0	0		True	True	
MPDB001175	119927	Alternaria tenuissima	fungi	PZ359470.1	524	0	0		True	True	
MPDB001176	119927	Alternaria tenuissima	fungi	PZ360081.1	539	0	0		True	True	
MPDB001177	119927	Alternaria tenuissima	fungi	PZ368548.1	426	0	0		True	True	
MPDB001178	119927	Alternaria tenuissima	fungi	PZ390053.1	457	0	0		True	True	
MPDB001179	119927	Alternaria tenuissima	fungi	PZ395211.1	530	0	0		True	True	
MPDB001180	119927	Alternaria tenuissima	fungi	PZ401100.1	528	0	0		True	True	
MPDB001181	119927	Alternaria tenuissima	fungi	PZ401105.1	528	0	0		True	True	
MPDB001182	119927	Alternaria tenuissima	fungi	PZ401109.1	536	0	0		True	True	
MPDB001183	119927	Alternaria tenuissima	fungi	PZ401111.1	530	0	0		True	True	
MPDB001184	119927	Alternaria tenuissima	fungi	PZ424331.1	456	0	0		True	True	
MPDB001185	119927	Alternaria tenuissima	fungi	PZ531991.1	429	0	0		True	True	
MPDB001186	119927	Alternaria tenuissima	fungi	PZ537238.1	499	0	0		True	True	
MPDB001187	119927	Alternaria tenuissima	fungi	PZ538189.1	532	0	0		True	True	
MPDB001188	119927	Alternaria tenuissima	fungi	PZ540352.1	532	0	0		True	True	
MPDB001189	119927	Alternaria tenuissima	fungi	PZ556451.1	604	0	0		True	True	
MPDB001190	119927	Alternaria tenuissima	fungi	PZ575847.1	579	0	0		True	True	
MPDB001191	119927	Alternaria tenuissima	fungi	PZ584630.1	570	0	0		True	True	
MPDB001192	119927	Alternaria tenuissima	fungi	PZ584631.1	572	0	0		True	True	
MPDB001193	119927	Alternaria tenuissima	fungi	PZ584632.1	544	0	0		True	True	
MPDB001194	119927	Alternaria tenuissima	fungi	PZ585958.1	532	0	0		True	True	
MPDB001195	119927	Alternaria tenuissima	fungi	PZ620330.1	484	0	0		True	True	
MPDB001196	119927	Alternaria tenuissima	fungi	PZ621006.1	470	0	0		True	True	
MPDB001197	119927	Alternaria tenuissima	fungi	PZ624027.1	528	0	0		True	True	
MPDB001198	119927	Alternaria tenuissima	fungi	PZ625950.1	524	0	0		True	True	
MPDB001199	119927	Alternaria tenuissima	fungi	PZ626849.1	540	0	0		True	True	
MPDB001200	119927	Alternaria tenuissima	fungi	PZ645955.1	519	0	0		True	True	
MPDB001201	119927	Alternaria tenuissima	fungi	PZ653134.1	594	0	0		True	True	
MPDB001202	119927	Alternaria tenuissima	fungi	PZ658215.1	517	0	0		True	True	
MPDB001203	119927	Alternaria tenuissima	fungi	PZ658224.1	513	0	0		True	True	
MPDB001204	119927	Alternaria tenuissima	fungi	PZ675721.1	428	3	0		True	True	
MPDB001205	119927	Alternaria tenuissima	fungi	PZ679418.1	431	0	0		True	True	
MPDB001206	119927	Alternaria tenuissima	fungi	PZ695127.1	497	0	0		True	True	
MPDB001207	119927	Alternaria tenuissima	fungi	PZ716778.1	549	0	5	RW	True	True	
MPDB001208	119927	Alternaria tenuissima	fungi	PZ789846.1	564	0	0		True	True	
MPDB001209	119927	Alternaria tenuissima	fungi	PZ789847.1	367	0	0		True	True	
MPDB001210	119927	Alternaria tenuissima	fungi	PZ830033.1	488	0	0		True	True	
MPDB001211	119929	Helminthosporium pedicellatum/Exserohilum pedicellatum	fungi	AF229478.1	541	0	0		True	True	
MPDB001212	119929	Helminthosporium pedicellatum/Exserohilum pedicellatum	fungi	LT631330.1	713	0	0		True	True	
MPDB001213	119929	Helminthosporium pedicellatum/Exserohilum pedicellatum	fungi	LT837452.1	772	0	0		True	True	
MPDB001214	119929	Helminthosporium pedicellatum/Exserohilum pedicellatum	fungi	MH818807.1	658	0	0		True	True	
MPDB001215	119929	Helminthosporium pedicellatum/Exserohilum pedicellatum	fungi	MN957742.1	312	0	0		True	True	
MPDB001216	119929	Helminthosporium pedicellatum/Exserohilum pedicellatum	fungi	MW376920.1	492	0	0		True	True	
MPDB001217	119929	Helminthosporium pedicellatum/Exserohilum pedicellatum	fungi	MW548088.1	521	0	0		True	True	
MPDB001218	119929	Helminthosporium pedicellatum/Exserohilum pedicellatum	fungi	MW628170.1	483	0	0		True	True	
MPDB001219	119929	Helminthosporium pedicellatum/Exserohilum pedicellatum	fungi	MW775862.1	410	0	0		True	True	
MPDB001220	119929	Helminthosporium pedicellatum/Exserohilum pedicellatum	fungi	MW775863.1	380	0	0		True	True	
MPDB001221	119929	Helminthosporium pedicellatum/Exserohilum pedicellatum	fungi	MW775943.1	300	0	0		True	True	
MPDB001222	119929	Helminthosporium pedicellatum/Exserohilum pedicellatum	fungi	MW776092.1	546	0	0		True	True	
MPDB001223	119929	Helminthosporium pedicellatum/Exserohilum pedicellatum	fungi	MW776278.1	546	0	0		True	True	
MPDB001224	119929	Helminthosporium pedicellatum/Exserohilum pedicellatum	fungi	OP218544.1	542	0	0		True	True	
MPDB001225	119929	Helminthosporium pedicellatum/Exserohilum pedicellatum	fungi	OR600305.1	562	0	0		True	True	
MPDB001226	119929	Helminthosporium pedicellatum/Exserohilum pedicellatum	fungi	PP564799.1	580	0	0		True	True	
MPDB001227	119929	Helminthosporium pedicellatum/Exserohilum pedicellatum	fungi	PV520550.1	572	0	0		True	True	
MPDB001228	119929	Helminthosporium pedicellatum/Exserohilum pedicellatum	fungi	PX251466.1	540	0	0		True	True	
MPDB001229	119929	Helminthosporium pedicellatum/Exserohilum pedicellatum	fungi	PX251467.1	538	0	0		True	True	
MPDB001230	119929	Helminthosporium pedicellatum/Exserohilum pedicellatum	fungi	PX251468.1	541	0	0		True	True	
MPDB001231	1203437	Curvularia aeria / Curvularia lunata var. aeria	fungi	LC494368.1	517	0	0		True	True	
MPDB001232	1203437	Curvularia aeria / Curvularia lunata var. aeria	fungi	MH424595.1	442	0	0		True	True	
MPDB001233	1203437	Curvularia aeria / Curvularia lunata var. aeria	fungi	MH858056.1	498	0	0		True	True	
MPDB001234	1203437	Curvularia aeria / Curvularia lunata var. aeria	fungi	MH859836.1	570	0	0		True	True	
MPDB001235	1203437	Curvularia aeria / Curvularia lunata var. aeria	fungi	MK736814.1	377	0	0		True	True	
MPDB001236	1203437	Curvularia aeria / Curvularia lunata var. aeria	fungi	MK736815.1	448	0	0		True	True	
MPDB001237	1203437	Curvularia aeria / Curvularia lunata var. aeria	fungi	MN006621.1	508	0	0		True	True	
MPDB001238	1203437	Curvularia aeria / Curvularia lunata var. aeria	fungi	MN170718.1	551	0	0		True	True	
MPDB001239	1203437	Curvularia aeria / Curvularia lunata var. aeria	fungi	MN881067.1	517	0	0		True	True	
MPDB001240	1203437	Curvularia aeria / Curvularia lunata var. aeria	fungi	MN999546.1	532	0	0		True	True	
MPDB001241	1203437	Curvularia aeria / Curvularia lunata var. aeria	fungi	MT043775.1	574	0	0		True	True	
MPDB001242	1203437	Curvularia aeria / Curvularia lunata var. aeria	fungi	MT158678.1	536	0	0		True	True	
MPDB001243	1203437	Curvularia aeria / Curvularia lunata var. aeria	fungi	MT470608.1	521	0	0		True	True	
MPDB001244	1203437	Curvularia aeria / Curvularia lunata var. aeria	fungi	OM265294.1	577	0	0		True	True	
MPDB001245	1203437	Curvularia aeria / Curvularia lunata var. aeria	fungi	OP380878.1	481	0	0		True	True	
MPDB001246	1203437	Curvularia aeria / Curvularia lunata var. aeria	fungi	OP819300.1	495	0	0		True	True	
MPDB001247	1203437	Curvularia aeria / Curvularia lunata var. aeria	fungi	OQ085111.2	525	0	0		True	True	
MPDB001248	1203437	Curvularia aeria / Curvularia lunata var. aeria	fungi	OQ435847.1	527	0	0		True	True	
MPDB001249	1203437	Curvularia aeria / Curvularia lunata var. aeria	fungi	OQ435856.1	525	0	0		True	True	
MPDB001250	1203437	Curvularia aeria / Curvularia lunata var. aeria	fungi	OQ435873.1	522	0	0		True	True	
MPDB001251	1203437	Curvularia aeria / Curvularia lunata var. aeria	fungi	OQ657944.1	1003	0	0		True	True	
MPDB001252	1203437	Curvularia aeria / Curvularia lunata var. aeria	fungi	OQ657945.1	1115	0	0		True	True	
MPDB001253	1203437	Curvularia aeria / Curvularia lunata var. aeria	fungi	OQ692607.1	511	0	0		True	True	
MPDB001254	1203437	Curvularia aeria / Curvularia lunata var. aeria	fungi	OR101252.1	555	0	0		True	True	
MPDB001255	1203437	Curvularia aeria / Curvularia lunata var. aeria	fungi	OR256268.1	541	0	0		True	True	
MPDB001256	1203437	Curvularia aeria / Curvularia lunata var. aeria	fungi	OR425097.1	552	0	0		True	True	
MPDB001257	1203437	Curvularia aeria / Curvularia lunata var. aeria	fungi	OR425098.1	556	0	0		True	True	
MPDB001258	1203437	Curvularia aeria / Curvularia lunata var. aeria	fungi	OR501386.1	518	0	0		True	True	
MPDB001259	1203437	Curvularia aeria / Curvularia lunata var. aeria	fungi	OR858888.1	489	0	0		True	True	
MPDB001260	1203437	Curvularia aeria / Curvularia lunata var. aeria	fungi	OW985728.1	576	0	0		True	True	
MPDB001261	1203437	Curvularia aeria / Curvularia lunata var. aeria	fungi	OW986267.1	575	0	0		True	True	
MPDB001262	1203437	Curvularia aeria / Curvularia lunata var. aeria	fungi	PP291902.1	529	0	0		True	True	
MPDB001263	1203437	Curvularia aeria / Curvularia lunata var. aeria	fungi	PV978689.1	468	0	0		True	True	
MPDB001264	1203437	Curvularia aeria / Curvularia lunata var. aeria	fungi	PV979372.1	445	0	0		True	True	
MPDB001265	1203437	Curvularia aeria / Curvularia lunata var. aeria	fungi	PV979376.1	443	0	0		True	True	
MPDB001266	1203437	Curvularia aeria / Curvularia lunata var. aeria	fungi	PV979412.1	450	0	0		True	True	
MPDB001267	1203437	Curvularia aeria / Curvularia lunata var. aeria	fungi	PX061842.1	533	0	0		True	True	
MPDB001268	1203437	Curvularia aeria / Curvularia lunata var. aeria	fungi	PX588339.1	519	0	0		True	True	
MPDB001269	1203437	Curvularia aeria / Curvularia lunata var. aeria	fungi	PX627198.1	421	0	0		True	True	
MPDB001270	1203437	Curvularia aeria / Curvularia lunata var. aeria	fungi	PX654071.1	546	0	0		True	True	
MPDB001271	1203437	Curvularia aeria / Curvularia lunata var. aeria	fungi	PX908926.1	580	0	0		True	True	
MPDB001272	1203437	Curvularia aeria / Curvularia lunata var. aeria	fungi	PZ185322.1	502	0	0		True	True	
MPDB001273	1203437	Curvularia aeria / Curvularia lunata var. aeria	fungi	PZ482264.1	542	0	0		True	True	
MPDB001274	1230527	Helminthosporium hawaiiensis / Curvularia hawaiiensis	fungi	LC802637.1	553	0	0		True	True	
MPDB001275	1230527	Helminthosporium hawaiiensis / Curvularia hawaiiensis	fungi	MH857687.1	585	0	0		True	True	
MPDB001276	1230527	Helminthosporium hawaiiensis / Curvularia hawaiiensis	fungi	MH860526.1	568	0	1	W	True	True	
MPDB001277	1230527	Helminthosporium hawaiiensis / Curvularia hawaiiensis	fungi	MH863647.1	703	0	0		True	True	
MPDB001278	1230527	Helminthosporium hawaiiensis / Curvularia hawaiiensis	fungi	MH864411.1	705	0	0		True	True	
MPDB001279	1230527	Helminthosporium hawaiiensis / Curvularia hawaiiensis	fungi	MH864412.1	707	0	0		True	True	
MPDB001280	1230527	Helminthosporium hawaiiensis / Curvularia hawaiiensis	fungi	MH864413.1	708	0	0		True	True	
MPDB001281	1230527	Helminthosporium hawaiiensis / Curvularia hawaiiensis	fungi	OP710128.1	536	0	2	KY	True	True	
MPDB001282	1230527	Helminthosporium hawaiiensis / Curvularia hawaiiensis	fungi	OQ076443.1	563	0	0		True	True	
MPDB001283	1230527	Helminthosporium hawaiiensis / Curvularia hawaiiensis	fungi	OQ928768.1	541	0	0		True	True	
MPDB001284	1230527	Helminthosporium hawaiiensis / Curvularia hawaiiensis	fungi	OR095766.1	511	0	0		True	True	
MPDB001285	1230527	Helminthosporium hawaiiensis / Curvularia hawaiiensis	fungi	OR095781.1	339	0	0		True	True	
MPDB001286	1230527	Helminthosporium hawaiiensis / Curvularia hawaiiensis	fungi	OR095819.1	439	0	0		True	True	
MPDB001287	1230527	Helminthosporium hawaiiensis / Curvularia hawaiiensis	fungi	OR269172.1	521	0	0		True	True	
MPDB001288	1230527	Helminthosporium hawaiiensis / Curvularia hawaiiensis	fungi	OR272046.1	533	0	0		True	True	
MPDB001289	1230527	Helminthosporium hawaiiensis / Curvularia hawaiiensis	fungi	OR485004.1	542	0	0		True	True	
MPDB001290	1230527	Helminthosporium hawaiiensis / Curvularia hawaiiensis	fungi	OR543164.1	459	0	0		True	True	
MPDB001291	1230527	Helminthosporium hawaiiensis / Curvularia hawaiiensis	fungi	OR543165.1	434	0	0		True	True	
MPDB001292	1230527	Helminthosporium hawaiiensis / Curvularia hawaiiensis	fungi	OR782121.1	499	0	0		True	True	
MPDB001293	1230527	Helminthosporium hawaiiensis / Curvularia hawaiiensis	fungi	OR835252.1	527	0	0		True	True	
MPDB001294	1230527	Helminthosporium hawaiiensis / Curvularia hawaiiensis	fungi	OR835253.1	540	0	0		True	True	
MPDB001295	1230527	Helminthosporium hawaiiensis / Curvularia hawaiiensis	fungi	OW983650.1	575	0	0		True	True	
MPDB001296	1230527	Helminthosporium hawaiiensis / Curvularia hawaiiensis	fungi	OW987550.1	569	0	0		True	True	
MPDB001297	1230527	Helminthosporium hawaiiensis / Curvularia hawaiiensis	fungi	OW987948.1	571	0	0		True	True	
MPDB001298	1230527	Helminthosporium hawaiiensis / Curvularia hawaiiensis	fungi	PP266807.1	442	0	0		True	True	
MPDB001299	1230527	Helminthosporium hawaiiensis / Curvularia hawaiiensis	fungi	PP374625.1	557	0	0		True	True	
MPDB001300	1230527	Helminthosporium hawaiiensis / Curvularia hawaiiensis	fungi	PP374626.1	516	0	0		True	True	
MPDB001301	1230527	Helminthosporium hawaiiensis / Curvularia hawaiiensis	fungi	PP463968.1	571	0	0		True	True	
MPDB001302	1230527	Helminthosporium hawaiiensis / Curvularia hawaiiensis	fungi	PP506328.1	358	0	0		True	True	
MPDB001303	1230527	Helminthosporium hawaiiensis / Curvularia hawaiiensis	fungi	PP861219.1	539	0	0		True	True	
MPDB001304	1230527	Helminthosporium hawaiiensis / Curvularia hawaiiensis	fungi	PP861220.1	540	0	0		True	True	
MPDB001305	1230527	Helminthosporium hawaiiensis / Curvularia hawaiiensis	fungi	PP861222.1	539	0	0		True	True	
MPDB001306	1230527	Helminthosporium hawaiiensis / Curvularia hawaiiensis	fungi	PP861223.1	538	0	0		True	True	
MPDB001307	1230527	Helminthosporium hawaiiensis / Curvularia hawaiiensis	fungi	PQ219414.1	552	0	0		True	True	
MPDB001308	1230527	Helminthosporium hawaiiensis / Curvularia hawaiiensis	fungi	PQ312634.1	557	0	0		True	True	
MPDB001309	1230527	Helminthosporium hawaiiensis / Curvularia hawaiiensis	fungi	PQ476034.1	568	0	0		True	True	
MPDB001310	1230527	Helminthosporium hawaiiensis / Curvularia hawaiiensis	fungi	PQ522053.1	350	0	0		True	True	
MPDB001311	1230527	Helminthosporium hawaiiensis / Curvularia hawaiiensis	fungi	PQ857674.1	546	0	0		True	True	
MPDB001312	1230527	Helminthosporium hawaiiensis / Curvularia hawaiiensis	fungi	PV035705.1	605	0	0		True	True	
MPDB001313	1230527	Helminthosporium hawaiiensis / Curvularia hawaiiensis	fungi	PV864881.1	528	0	0		True	True	
MPDB001314	1230527	Helminthosporium hawaiiensis / Curvularia hawaiiensis	fungi	PV990331.1	402	0	0		True	True	
MPDB001315	1230527	Helminthosporium hawaiiensis / Curvularia hawaiiensis	fungi	PX210759.1	503	0	0		True	True	
MPDB001316	1230527	Helminthosporium hawaiiensis / Curvularia hawaiiensis	fungi	PX271055.1	553	0	0		True	True	
MPDB001317	125373	Paraphaeosphaeria michotii / Sphaeria michotii	fungi	AB809639.1	538	0	0		True	True	
MPDB001318	125373	Paraphaeosphaeria michotii / Sphaeria michotii	fungi	JF340243.1	540	0	0		True	True	
MPDB001319	125373	Paraphaeosphaeria michotii / Sphaeria michotii	fungi	JX496103.1	515	0	0		True	True	
MPDB001320	125373	Paraphaeosphaeria michotii / Sphaeria michotii	fungi	JX629111.1	513	0	0		True	True	
MPDB001321	125373	Paraphaeosphaeria michotii / Sphaeria michotii	fungi	KJ406848.1	437	0	0		True	True	
MPDB001322	125373	Paraphaeosphaeria michotii / Sphaeria michotii	fungi	KJ406851.1	437	0	0		True	True	
MPDB001323	125373	Paraphaeosphaeria michotii / Sphaeria michotii	fungi	KJ939279.1	560	0	0		True	True	
MPDB001324	125373	Paraphaeosphaeria michotii / Sphaeria michotii	fungi	KR093907.1	565	0	0		True	True	
MPDB001325	125373	Paraphaeosphaeria michotii / Sphaeria michotii	fungi	KT827260.1	547	0	0		True	True	
MPDB001326	125373	Paraphaeosphaeria michotii / Sphaeria michotii	fungi	KU751878.1	556	0	0		True	True	
MPDB001327	125373	Paraphaeosphaeria michotii / Sphaeria michotii	fungi	KY228674.1	308	0	0		True	True	
MPDB001328	125373	Paraphaeosphaeria michotii / Sphaeria michotii	fungi	LN714580.1	509	0	0		True	True	
MPDB001329	125373	Paraphaeosphaeria michotii / Sphaeria michotii	fungi	LR876473.1	250	0	0		True	True	
MPDB001330	125373	Paraphaeosphaeria michotii / Sphaeria michotii	fungi	MG572395.1	512	0	0		True	True	
MPDB001331	125373	Paraphaeosphaeria michotii / Sphaeria michotii	fungi	MG828933.1	475	0	0		True	True	
MPDB001332	125373	Paraphaeosphaeria michotii / Sphaeria michotii	fungi	MG828934.1	456	0	0		True	True	
MPDB001333	125373	Paraphaeosphaeria michotii / Sphaeria michotii	fungi	MH178728.1	497	0	0		True	True	
MPDB001334	125373	Paraphaeosphaeria michotii / Sphaeria michotii	fungi	MH860778.1	517	0	0		True	True	
MPDB001335	125373	Paraphaeosphaeria michotii / Sphaeria michotii	fungi	MH861961.1	586	0	0		True	True	
MPDB001336	125373	Paraphaeosphaeria michotii / Sphaeria michotii	fungi	MH862008.1	527	0	0		True	True	
MPDB001337	125373	Paraphaeosphaeria michotii / Sphaeria michotii	fungi	MK911665.1	587	0	0		True	True	
MPDB001338	125373	Paraphaeosphaeria michotii / Sphaeria michotii	fungi	MN173033.1	523	0	0		True	True	
MPDB001339	125373	Paraphaeosphaeria michotii / Sphaeria michotii	fungi	MT000378.1	545	0	0		True	True	
MPDB001340	125373	Paraphaeosphaeria michotii / Sphaeria michotii	fungi	MT000428.1	547	0	0		True	True	
MPDB001341	125373	Paraphaeosphaeria michotii / Sphaeria michotii	fungi	MT852531.1	254	0	0		True	True	
MPDB001342	125373	Paraphaeosphaeria michotii / Sphaeria michotii	fungi	MW157750.1	278	0	0		True	True	
MPDB001343	125373	Paraphaeosphaeria michotii / Sphaeria michotii	fungi	MW483799.1	524	0	0		True	True	
MPDB001344	125373	Paraphaeosphaeria michotii / Sphaeria michotii	fungi	MZ098686.1	620	0	0		True	True	
MPDB001345	125373	Paraphaeosphaeria michotii / Sphaeria michotii	fungi	MZ492971.1	606	0	0		True	True	
MPDB001346	125373	Paraphaeosphaeria michotii / Sphaeria michotii	fungi	MZ567858.1	218	0	0		True	True	
MPDB001347	125373	Paraphaeosphaeria michotii / Sphaeria michotii	fungi	ON130594.1	526	0	0		True	True	
MPDB001348	125373	Paraphaeosphaeria michotii / Sphaeria michotii	fungi	OP076879.1	566	0	0		True	True	
MPDB001349	125373	Paraphaeosphaeria michotii / Sphaeria michotii	fungi	OQ842752.1	479	0	0		True	True	
MPDB001350	125373	Paraphaeosphaeria michotii / Sphaeria michotii	fungi	OQ924429.1	552	0	0		True	True	
MPDB001351	125373	Paraphaeosphaeria michotii / Sphaeria michotii	fungi	OR134752.1	584	0	0		True	True	
MPDB001352	125373	Paraphaeosphaeria michotii / Sphaeria michotii	fungi	OR237610.1	570	0	0		True	True	
MPDB001353	125373	Paraphaeosphaeria michotii / Sphaeria michotii	fungi	OR600348.1	547	0	0		True	True	
MPDB001354	125373	Paraphaeosphaeria michotii / Sphaeria michotii	fungi	PQ741231.1	253	0	0		True	True	
MPDB001355	125373	Paraphaeosphaeria michotii / Sphaeria michotii	fungi	PV608536.1	535	0	0		True	True	
MPDB001356	125373	Paraphaeosphaeria michotii / Sphaeria michotii	fungi	PV608537.1	528	0	0		True	True	
MPDB001357	125373	Paraphaeosphaeria michotii / Sphaeria michotii	fungi	PV608538.1	575	0	0		True	True	
MPDB001358	125373	Paraphaeosphaeria michotii / Sphaeria michotii	fungi	PV833215.1	568	0	0		True	True	
MPDB001359	125373	Paraphaeosphaeria michotii / Sphaeria michotii	fungi	PX387417.1	218	0	0		True	True	
MPDB001360	13001	Ceratocystis paradoxa/Thielaviopsis paradoxa	fungi	MH855239.1	543	0	0		True	True	
MPDB001361	13001	Ceratocystis paradoxa/Thielaviopsis paradoxa	fungi	MH859867.1	544	0	0		True	True	
MPDB001362	13001	Ceratocystis paradoxa/Thielaviopsis paradoxa	fungi	OQ422147.1	518	0	0		True	True	
MPDB001363	13001	Ceratocystis paradoxa/Thielaviopsis paradoxa	fungi	OQ422148.1	517	0	0		True	True	
MPDB001364	13001	Ceratocystis paradoxa/Thielaviopsis paradoxa	fungi	OQ422149.1	518	0	0		True	True	
MPDB001365	13001	Ceratocystis paradoxa/Thielaviopsis paradoxa	fungi	OQ422150.1	518	0	0		True	True	
MPDB001366	13001	Ceratocystis paradoxa/Thielaviopsis paradoxa	fungi	OQ422151.1	519	0	0		True	True	
MPDB001367	13001	Ceratocystis paradoxa/Thielaviopsis paradoxa	fungi	OQ422152.1	517	0	0		True	True	
MPDB001368	13001	Ceratocystis paradoxa/Thielaviopsis paradoxa	fungi	OQ422153.1	521	0	0		True	True	
MPDB001369	13001	Ceratocystis paradoxa/Thielaviopsis paradoxa	fungi	OQ422154.1	519	0	0		True	True	
MPDB001370	13001	Ceratocystis paradoxa/Thielaviopsis paradoxa	fungi	OQ422155.1	521	0	0		True	True	
MPDB001371	13001	Ceratocystis paradoxa/Thielaviopsis paradoxa	fungi	OQ422156.1	517	0	0		True	True	
MPDB001372	13001	Ceratocystis paradoxa/Thielaviopsis paradoxa	fungi	OQ422157.1	519	0	0		True	True	
MPDB001373	13001	Ceratocystis paradoxa/Thielaviopsis paradoxa	fungi	OQ422158.1	518	0	0		True	True	
MPDB001374	13001	Ceratocystis paradoxa/Thielaviopsis paradoxa	fungi	OQ422159.1	516	0	0		True	True	
MPDB001375	13001	Ceratocystis paradoxa/Thielaviopsis paradoxa	fungi	OQ422160.1	516	0	0		True	True	
MPDB001376	13001	Ceratocystis paradoxa/Thielaviopsis paradoxa	fungi	OQ448884.1	505	0	0		True	True	
MPDB001377	13001	Ceratocystis paradoxa/Thielaviopsis paradoxa	fungi	OQ791411.1	491	0	0		True	True	
MPDB001378	13001	Ceratocystis paradoxa/Thielaviopsis paradoxa	fungi	OR345245.1	514	0	9	KMRSY	True	True	
MPDB001379	13001	Ceratocystis paradoxa/Thielaviopsis paradoxa	fungi	OR564191.1	508	0	0		True	True	
MPDB001380	13001	Ceratocystis paradoxa/Thielaviopsis paradoxa	fungi	PP502916.1	506	0	0		True	True	
MPDB001381	13001	Ceratocystis paradoxa/Thielaviopsis paradoxa	fungi	PP587644.1	442	0	0		True	True	
MPDB001382	13001	Ceratocystis paradoxa/Thielaviopsis paradoxa	fungi	PP838332.1	1172	0	0		True	True	
MPDB001383	13001	Ceratocystis paradoxa/Thielaviopsis paradoxa	fungi	PQ001935.1	428	0	0		True	True	
MPDB001384	13001	Ceratocystis paradoxa/Thielaviopsis paradoxa	fungi	PQ390716.1	516	0	0		True	True	
MPDB001385	13001	Ceratocystis paradoxa/Thielaviopsis paradoxa	fungi	PQ390717.1	514	0	0		True	True	
MPDB001386	13001	Ceratocystis paradoxa/Thielaviopsis paradoxa	fungi	PQ489344.1	417	0	0		True	True	
MPDB001387	13001	Ceratocystis paradoxa/Thielaviopsis paradoxa	fungi	PQ489346.1	418	0	0		True	True	
MPDB001388	13001	Ceratocystis paradoxa/Thielaviopsis paradoxa	fungi	PQ489348.1	517	0	0		True	True	
MPDB001389	13001	Ceratocystis paradoxa/Thielaviopsis paradoxa	fungi	PQ643222.1	505	0	0		True	True	
MPDB001390	13001	Ceratocystis paradoxa/Thielaviopsis paradoxa	fungi	PQ643223.1	504	0	0		True	True	
MPDB001391	13001	Ceratocystis paradoxa/Thielaviopsis paradoxa	fungi	PQ846880.1	541	0	0		True	True	
MPDB001392	13001	Ceratocystis paradoxa/Thielaviopsis paradoxa	fungi	PV290762.1	542	0	0		True	True	
MPDB001393	13001	Ceratocystis paradoxa/Thielaviopsis paradoxa	fungi	PV534988.1	513	0	0		True	True	
MPDB001394	13001	Ceratocystis paradoxa/Thielaviopsis paradoxa	fungi	PV562478.1	508	0	0		True	True	
MPDB001395	13001	Ceratocystis paradoxa/Thielaviopsis paradoxa	fungi	PV998055.1	520	0	0		True	True	
MPDB001396	13001	Ceratocystis paradoxa/Thielaviopsis paradoxa	fungi	PV998057.1	493	0	0		True	True	
MPDB001397	13001	Ceratocystis paradoxa/Thielaviopsis paradoxa	fungi	PV998079.1	477	0	0		True	True	
MPDB001398	13001	Ceratocystis paradoxa/Thielaviopsis paradoxa	fungi	PV998083.1	482	0	0		True	True	
MPDB001399	13001	Ceratocystis paradoxa/Thielaviopsis paradoxa	fungi	PV998085.1	497	0	0		True	True	
MPDB001400	13001	Ceratocystis paradoxa/Thielaviopsis paradoxa	fungi	PX858216.1	560	0	0		True	True	
MPDB001401	13001	Ceratocystis paradoxa/Thielaviopsis paradoxa	fungi	PX858217.1	550	0	0		True	True	
MPDB001402	13001	Ceratocystis paradoxa/Thielaviopsis paradoxa	fungi	PZ392141.1	553	0	0		True	True	
MPDB001403	135779	Cercospora zeae-maydis	fungi	OQ732341.1	427	0	0		True	True	
MPDB001404	135779	Cercospora zeae-maydis	fungi	OQ732350.1	427	0	0		True	True	
MPDB001405	135779	Cercospora zeae-maydis	fungi	OQ732363.1	427	0	0		True	True	
MPDB001406	135779	Cercospora zeae-maydis	fungi	OR945717.1	504	0	0		True	True	
MPDB001407	135779	Cercospora zeae-maydis	fungi	PQ571649.1	509	0	0		True	True	
MPDB001408	135779	Cercospora zeae-maydis	fungi	PQ571652.1	506	0	0		True	True	
MPDB001409	135779	Cercospora zeae-maydis	fungi	PQ571656.1	515	0	0		True	True	
MPDB001410	135779	Cercospora zeae-maydis	fungi	PQ650760.1	511	0	0		True	True	
MPDB001411	135779	Cercospora zeae-maydis	fungi	PQ650762.1	507	0	0		True	True	
MPDB001412	145392	Helminthosporium tetramera / Curvularia spicifera/Bipolaris spicifera	fungi	MH855184.1	579	0	0		True	True	
MPDB001413	145392	Helminthosporium tetramera / Curvularia spicifera/Bipolaris spicifera	fungi	MH855185.1	567	0	0		True	True	
MPDB001414	145392	Helminthosporium tetramera / Curvularia spicifera/Bipolaris spicifera	fungi	MH857033.1	572	0	1	W	True	True	
MPDB001415	145392	Helminthosporium tetramera / Curvularia spicifera/Bipolaris spicifera	fungi	MH858441.1	568	0	0		True	True	
MPDB001416	145392	Helminthosporium tetramera / Curvularia spicifera/Bipolaris spicifera	fungi	MH858442.1	568	0	0		True	True	
MPDB001417	145392	Helminthosporium tetramera / Curvularia spicifera/Bipolaris spicifera	fungi	MH859712.1	570	0	0		True	True	
MPDB001418	145392	Helminthosporium tetramera / Curvularia spicifera/Bipolaris spicifera	fungi	MH863648.1	707	0	0		True	True	
MPDB001419	145392	Helminthosporium tetramera / Curvularia spicifera/Bipolaris spicifera	fungi	MH864011.1	571	0	0		True	True	
MPDB001420	145392	Helminthosporium tetramera / Curvularia spicifera/Bipolaris spicifera	fungi	PQ533629.1	710	0	0		True	True	
MPDB001421	145392	Helminthosporium tetramera / Curvularia spicifera/Bipolaris spicifera	fungi	PQ764003.1	560	0	0		True	True	
MPDB001422	145392	Helminthosporium tetramera / Curvularia spicifera/Bipolaris spicifera	fungi	PV363273.1	569	0	0		True	True	
MPDB001423	145392	Helminthosporium tetramera / Curvularia spicifera/Bipolaris spicifera	fungi	PV639796.1	574	0	0		True	True	
MPDB001424	145392	Helminthosporium tetramera / Curvularia spicifera/Bipolaris spicifera	fungi	PV639797.1	576	0	0		True	True	
MPDB001425	145392	Helminthosporium tetramera / Curvularia spicifera/Bipolaris spicifera	fungi	PV659839.1	509	0	0		True	True	
MPDB001426	145392	Helminthosporium tetramera / Curvularia spicifera/Bipolaris spicifera	fungi	PV665501.1	539	0	0		True	True	
MPDB001427	145392	Helminthosporium tetramera / Curvularia spicifera/Bipolaris spicifera	fungi	PV932920.1	545	0	0		True	True	
MPDB001428	145392	Helminthosporium tetramera / Curvularia spicifera/Bipolaris spicifera	fungi	PV948935.1	439	0	0		True	True	
MPDB001429	145392	Helminthosporium tetramera / Curvularia spicifera/Bipolaris spicifera	fungi	PX061694.1	560	0	0		True	True	
MPDB001430	145392	Helminthosporium tetramera / Curvularia spicifera/Bipolaris spicifera	fungi	PX238650.1	545	0	0		True	True	
MPDB001431	145392	Helminthosporium tetramera / Curvularia spicifera/Bipolaris spicifera	fungi	PX248712.1	516	0	0		True	True	
MPDB001432	145392	Helminthosporium tetramera / Curvularia spicifera/Bipolaris spicifera	fungi	PX317617.1	516	0	0		True	True	
MPDB001433	145392	Helminthosporium tetramera / Curvularia spicifera/Bipolaris spicifera	fungi	PX410967.1	537	0	0		True	True	
MPDB001434	145392	Helminthosporium tetramera / Curvularia spicifera/Bipolaris spicifera	fungi	PX411416.1	447	0	0		True	True	
MPDB001435	145392	Helminthosporium tetramera / Curvularia spicifera/Bipolaris spicifera	fungi	PX480654.1	753	0	0		True	True	
MPDB001436	145392	Helminthosporium tetramera / Curvularia spicifera/Bipolaris spicifera	fungi	PX672545.1	500	0	0		True	True	
MPDB001437	145392	Helminthosporium tetramera / Curvularia spicifera/Bipolaris spicifera	fungi	PX921693.1	508	0	0		True	True	
MPDB001438	145392	Helminthosporium tetramera / Curvularia spicifera/Bipolaris spicifera	fungi	PX944736.1	605	0	0		True	True	
MPDB001439	145392	Helminthosporium tetramera / Curvularia spicifera/Bipolaris spicifera	fungi	PX963647.1	564	0	0		True	True	
MPDB001440	145392	Helminthosporium tetramera / Curvularia spicifera/Bipolaris spicifera	fungi	PX963692.1	543	0	1	S	True	True	
MPDB001441	145392	Helminthosporium tetramera / Curvularia spicifera/Bipolaris spicifera	fungi	PX969718.1	609	0	0		True	True	
MPDB001442	145392	Helminthosporium tetramera / Curvularia spicifera/Bipolaris spicifera	fungi	PX969729.1	448	0	0		True	True	
MPDB001443	145392	Helminthosporium tetramera / Curvularia spicifera/Bipolaris spicifera	fungi	PX970191.1	608	0	1	R	True	True	
MPDB001444	145392	Helminthosporium tetramera / Curvularia spicifera/Bipolaris spicifera	fungi	PX974595.1	457	0	1	S	True	True	
MPDB001445	145392	Helminthosporium tetramera / Curvularia spicifera/Bipolaris spicifera	fungi	PZ027921.1	471	0	13	KMRSWY	True	True	
MPDB001446	145392	Helminthosporium tetramera / Curvularia spicifera/Bipolaris spicifera	fungi	PZ127308.1	709	0	0		True	True	
MPDB001447	145392	Helminthosporium tetramera / Curvularia spicifera/Bipolaris spicifera	fungi	PZ179769.1	527	0	0		True	True	
MPDB001448	145392	Helminthosporium tetramera / Curvularia spicifera/Bipolaris spicifera	fungi	PZ179770.1	520	0	0		True	True	
MPDB001449	145392	Helminthosporium tetramera / Curvularia spicifera/Bipolaris spicifera	fungi	PZ179771.1	534	0	0		True	True	
MPDB001450	145392	Helminthosporium tetramera / Curvularia spicifera/Bipolaris spicifera	fungi	PZ231615.1	510	0	0		True	True	
MPDB001451	145392	Helminthosporium tetramera / Curvularia spicifera/Bipolaris spicifera	fungi	PZ270548.1	549	0	0		True	True	
MPDB001452	145392	Helminthosporium tetramera / Curvularia spicifera/Bipolaris spicifera	fungi	PZ281963.1	450	0	0		True	True	
MPDB001453	145392	Helminthosporium tetramera / Curvularia spicifera/Bipolaris spicifera	fungi	PZ380020.1	689	0	0		True	True	
MPDB001454	145392	Helminthosporium tetramera / Curvularia spicifera/Bipolaris spicifera	fungi	PZ645953.1	523	0	0		True	True	
MPDB001455	1567482	Trichoderma afroharzianum	fungi	MN944475.1	586	0	0		True	True	
MPDB001456	1567482	Trichoderma afroharzianum	fungi	MN944477.1	586	0	0		True	True	
MPDB001457	1567482	Trichoderma afroharzianum	fungi	MN944478.1	588	0	0		True	True	
MPDB001458	1567482	Trichoderma afroharzianum	fungi	MN944483.1	588	0	0		True	True	
MPDB001459	1567482	Trichoderma afroharzianum	fungi	OR028877.1	580	0	0		True	True	
MPDB001460	1567482	Trichoderma afroharzianum	fungi	OR028878.1	583	0	0		True	True	
MPDB001461	1567482	Trichoderma afroharzianum	fungi	PQ771090.1	536	0	0		True	True	
MPDB001462	1567482	Trichoderma afroharzianum	fungi	PQ792632.1	513	0	0		True	True	
MPDB001463	1567482	Trichoderma afroharzianum	fungi	PV147294.1	577	0	0		True	True	
MPDB001464	1567482	Trichoderma afroharzianum	fungi	PV803490.1	613	0	0		True	True	
MPDB001465	1567482	Trichoderma afroharzianum	fungi	PV833935.1	595	0	0		True	True	
MPDB001466	1567482	Trichoderma afroharzianum	fungi	PV875369.1	575	0	0		True	True	
MPDB001467	1567482	Trichoderma afroharzianum	fungi	PV888853.1	562	0	0		True	True	
MPDB001468	1567482	Trichoderma afroharzianum	fungi	PV888871.1	570	0	0		True	True	
MPDB001469	1567482	Trichoderma afroharzianum	fungi	PV888872.1	560	0	0		True	True	
MPDB001470	1567482	Trichoderma afroharzianum	fungi	PV927072.1	568	0	0		True	True	
MPDB001471	1567482	Trichoderma afroharzianum	fungi	PV927113.1	622	0	0		True	True	
MPDB001472	1567482	Trichoderma afroharzianum	fungi	PV998964.1	595	0	0		True	True	
MPDB001473	1567482	Trichoderma afroharzianum	fungi	PX125564.1	589	0	0		True	True	
MPDB001474	1567482	Trichoderma afroharzianum	fungi	PX317609.1	564	0	0		True	True	
MPDB001475	1567482	Trichoderma afroharzianum	fungi	PX440380.1	522	0	0		True	True	
MPDB001476	1567482	Trichoderma afroharzianum	fungi	PX451861.1	604	0	0		True	True	
MPDB001477	1567482	Trichoderma afroharzianum	fungi	PX466672.1	643	0	0		True	True	
MPDB001478	1567482	Trichoderma afroharzianum	fungi	PX592360.1	595	0	0		True	True	
MPDB001479	1567482	Trichoderma afroharzianum	fungi	PX596745.1	558	0	0		True	True	
MPDB001480	1567482	Trichoderma afroharzianum	fungi	PX641334.1	602	0	0		True	True	
MPDB001481	1567482	Trichoderma afroharzianum	fungi	PX682135.1	593	0	0		True	True	
MPDB001482	1567482	Trichoderma afroharzianum	fungi	PX781899.1	583	0	0		True	True	
MPDB001483	1567482	Trichoderma afroharzianum	fungi	PX781900.1	592	0	0		True	True	
MPDB001484	1567482	Trichoderma afroharzianum	fungi	PX944777.1	593	0	0		True	True	
MPDB001485	1567482	Trichoderma afroharzianum	fungi	PX990073.1	484	0	0		True	True	
MPDB001486	1567482	Trichoderma afroharzianum	fungi	PX990074.1	621	0	0		True	True	
MPDB001487	1567482	Trichoderma afroharzianum	fungi	PZ069395.1	613	0	0		True	True	
MPDB001488	1567482	Trichoderma afroharzianum	fungi	PZ122442.1	582	0	0		True	True	
MPDB001489	1567482	Trichoderma afroharzianum	fungi	PZ163670.1	577	0	0		True	True	
MPDB001490	1567482	Trichoderma afroharzianum	fungi	PZ169959.1	554	0	0		True	True	
MPDB001491	1567482	Trichoderma afroharzianum	fungi	PZ227505.1	883	0	0		True	True	
MPDB001492	1567482	Trichoderma afroharzianum	fungi	PZ251622.1	663	0	0		True	True	
MPDB001493	1567482	Trichoderma afroharzianum	fungi	PZ270822.1	548	0	0		True	True	
MPDB001494	1567482	Trichoderma afroharzianum	fungi	PZ357797.1	512	0	0		True	True	
MPDB001495	1567482	Trichoderma afroharzianum	fungi	PZ359186.1	245	1	0		True	True	
MPDB001496	1567482	Trichoderma afroharzianum	fungi	PZ721831.1	598	0	0		True	True	
MPDB001497	1567482	Trichoderma afroharzianum	fungi	PZ768225.1	585	0	0		True	True	
MPDB001498	1577605	Phialophora radicicola / Gaeumannomyces radicicola	fungi	AB190407.1	545	0	0		True	True	
MPDB001499	1577605	Phialophora radicicola / Gaeumannomyces radicicola	fungi	AB190409.1	545	0	0		True	True	
MPDB001500	1577605	Phialophora radicicola / Gaeumannomyces radicicola	fungi	AJ010035.1	521	0	0		True	True	
MPDB001501	1577605	Phialophora radicicola / Gaeumannomyces radicicola	fungi	AJ010043.1	500	0	0		True	True	
MPDB001502	1577605	Phialophora radicicola / Gaeumannomyces radicicola	fungi	AJ010044.1	484	0	0		True	True	
MPDB001503	1577605	Phialophora radicicola / Gaeumannomyces radicicola	fungi	AY120939.1	582	2	0		True	True	
MPDB001504	1577605	Phialophora radicicola / Gaeumannomyces radicicola	fungi	KJ159572.1	492	0	0		True	True	
MPDB001505	1577605	Phialophora radicicola / Gaeumannomyces radicicola	fungi	KM009168.1	517	0	0		True	True	
MPDB001506	1577605	Phialophora radicicola / Gaeumannomyces radicicola	fungi	KM009169.1	515	0	0		True	True	
MPDB001507	1577605	Phialophora radicicola / Gaeumannomyces radicicola	fungi	KM009170.1	512	0	0		True	True	
MPDB001508	1577605	Phialophora radicicola / Gaeumannomyces radicicola	fungi	KM484844.1	488	0	0		True	True	
MPDB001509	1577605	Phialophora radicicola / Gaeumannomyces radicicola	fungi	KM484846.1	499	0	0		True	True	
MPDB001510	1577605	Phialophora radicicola / Gaeumannomyces radicicola	fungi	KM484848.1	450	0	0		True	True	
MPDB001511	1577605	Phialophora radicicola / Gaeumannomyces radicicola	fungi	KM484849.1	499	0	0		True	True	
MPDB001512	1577605	Phialophora radicicola / Gaeumannomyces radicicola	fungi	KM484850.1	499	0	0		True	True	
MPDB001513	1577605	Phialophora radicicola / Gaeumannomyces radicicola	fungi	MH857211.1	479	0	0		True	True	
MPDB001514	1577605	Phialophora radicicola / Gaeumannomyces radicicola	fungi	MH861867.1	541	0	0		True	True	
MPDB001515	1577605	Phialophora radicicola / Gaeumannomyces radicicola	fungi	MT276057.1	521	0	0		True	True	
MPDB001516	1592451	Kabatiella zeae (Aureobasidium zeae)	fungi	MH855318.1	552	0	0		True	True	
MPDB001517	1592451	Kabatiella zeae (Aureobasidium zeae)	fungi	MH860344.1	500	0	0		True	True	
MPDB001518	1592451	Kabatiella zeae (Aureobasidium zeae)	fungi	MT568644.1	555	0	0		True	True	
MPDB001519	1592451	Kabatiella zeae (Aureobasidium zeae)	fungi	MT889710.1	535	0	0		True	True	
MPDB001520	1592451	Kabatiella zeae (Aureobasidium zeae)	fungi	MT889711.1	542	0	0		True	True	
MPDB001521	1592451	Kabatiella zeae (Aureobasidium zeae)	fungi	MT889719.1	543	0	0		True	True	
MPDB001522	1592451	Kabatiella zeae (Aureobasidium zeae)	fungi	MT889720.1	537	0	0		True	True	
MPDB001523	1592451	Kabatiella zeae (Aureobasidium zeae)	fungi	MT889723.1	536	0	0		True	True	
MPDB001524	1592451	Kabatiella zeae (Aureobasidium zeae)	fungi	MT889724.1	533	0	0		True	True	
MPDB001525	1592451	Kabatiella zeae (Aureobasidium zeae)	fungi	MT889734.1	534	0	0		True	True	
MPDB001526	1592451	Kabatiella zeae (Aureobasidium zeae)	fungi	MT889735.1	538	0	0		True	True	
MPDB001527	1592451	Kabatiella zeae (Aureobasidium zeae)	fungi	MT889738.1	536	0	0		True	True	
MPDB001528	1592451	Kabatiella zeae (Aureobasidium zeae)	fungi	MT889757.1	530	0	0		True	True	
MPDB001529	1592451	Kabatiella zeae (Aureobasidium zeae)	fungi	MT889759.1	532	0	0		True	True	
MPDB001530	1592451	Kabatiella zeae (Aureobasidium zeae)	fungi	MT889760.1	534	0	0		True	True	
MPDB001531	1592451	Kabatiella zeae (Aureobasidium zeae)	fungi	MT889763.1	538	0	0		True	True	
MPDB001532	1592451	Kabatiella zeae (Aureobasidium zeae)	fungi	MT889817.1	532	0	0		True	True	
MPDB001533	1592451	Kabatiella zeae (Aureobasidium zeae)	fungi	MT889908.1	538	0	0		True	True	
MPDB001534	1592451	Kabatiella zeae (Aureobasidium zeae)	fungi	MT889909.1	538	0	0		True	True	
MPDB001535	1592451	Kabatiella zeae (Aureobasidium zeae)	fungi	MT889911.1	537	0	0		True	True	
MPDB001536	1592451	Kabatiella zeae (Aureobasidium zeae)	fungi	MT889912.1	539	0	0		True	True	
MPDB001537	1592451	Kabatiella zeae (Aureobasidium zeae)	fungi	MT889914.1	531	0	0		True	True	
MPDB001538	1592451	Kabatiella zeae (Aureobasidium zeae)	fungi	MT889915.1	536	0	0		True	True	
MPDB001539	1592451	Kabatiella zeae (Aureobasidium zeae)	fungi	MT889916.1	532	0	0		True	True	
MPDB001540	1592451	Kabatiella zeae (Aureobasidium zeae)	fungi	MT889921.1	532	0	0		True	True	
MPDB001541	1592451	Kabatiella zeae (Aureobasidium zeae)	fungi	MT889923.1	538	0	0		True	True	
MPDB001542	1592451	Kabatiella zeae (Aureobasidium zeae)	fungi	MT889925.1	536	0	0		True	True	
MPDB001543	1592451	Kabatiella zeae (Aureobasidium zeae)	fungi	MT889927.1	533	0	0		True	True	
MPDB001544	1592451	Kabatiella zeae (Aureobasidium zeae)	fungi	MT889928.1	541	0	0		True	True	
MPDB001545	1592451	Kabatiella zeae (Aureobasidium zeae)	fungi	MT889931.1	534	0	0		True	True	
MPDB001546	1592451	Kabatiella zeae (Aureobasidium zeae)	fungi	MT889932.1	531	0	0		True	True	
MPDB001547	1592451	Kabatiella zeae (Aureobasidium zeae)	fungi	MT889933.1	543	0	0		True	True	
MPDB001548	1592451	Kabatiella zeae (Aureobasidium zeae)	fungi	MT889969.1	539	0	0		True	True	
MPDB001549	1592451	Kabatiella zeae (Aureobasidium zeae)	fungi	MT889970.1	539	0	0		True	True	
MPDB001550	1592451	Kabatiella zeae (Aureobasidium zeae)	fungi	MT892866.1	531	0	0		True	True	
MPDB001551	1592451	Kabatiella zeae (Aureobasidium zeae)	fungi	MT892867.1	534	0	0		True	True	
MPDB001552	1592451	Kabatiella zeae (Aureobasidium zeae)	fungi	MT892870.1	533	0	0		True	True	
MPDB001553	1592451	Kabatiella zeae (Aureobasidium zeae)	fungi	MT892871.1	534	0	0		True	True	
MPDB001554	1592451	Kabatiella zeae (Aureobasidium zeae)	fungi	MT892872.1	535	0	0		True	True	
MPDB001555	1592451	Kabatiella zeae (Aureobasidium zeae)	fungi	MT892873.1	537	0	0		True	True	
MPDB001556	1592451	Kabatiella zeae (Aureobasidium zeae)	fungi	MT892874.1	537	0	0		True	True	
MPDB001557	1592451	Kabatiella zeae (Aureobasidium zeae)	fungi	MT892878.1	533	0	0		True	True	
MPDB001558	1592451	Kabatiella zeae (Aureobasidium zeae)	fungi	PV875371.1	564	0	0		True	True	
MPDB001559	1608309	Eutiarosporella dactylidis	fungi	KM978944.1	566	0	0		True	True	
MPDB001560	1608309	Eutiarosporella dactylidis	fungi	KM978945.1	518	0	0		True	True	
MPDB001561	1608309	Eutiarosporella dactylidis	fungi	KU246378.1	495	0	0		True	True	
MPDB001562	1608309	Eutiarosporella dactylidis	fungi	MF289782.1	534	0	0		True	True	
MPDB001563	1608309	Eutiarosporella dactylidis	fungi	MF398898.1	482	0	0		True	True	
MPDB001564	1608309	Eutiarosporella dactylidis	fungi	MZ470435.1	535	0	0		True	True	
MPDB001565	1608309	Eutiarosporella dactylidis	fungi	MZ470436.1	538	0	0		True	True	
MPDB001566	1608309	Eutiarosporella dactylidis	fungi	MZ470437.1	533	0	0		True	True	
MPDB001567	1608309	Eutiarosporella dactylidis	fungi	MZ470438.1	535	0	0		True	True	
MPDB001568	1608309	Eutiarosporella dactylidis	fungi	MZ470439.1	534	0	0		True	True	
MPDB001569	1608309	Eutiarosporella dactylidis	fungi	MZ470440.1	537	0	0		True	True	
MPDB001570	1608309	Eutiarosporella dactylidis	fungi	MZ470441.1	534	0	0		True	True	
MPDB001571	1608309	Eutiarosporella dactylidis	fungi	MZ470442.1	535	0	0		True	True	
MPDB001572	1608309	Eutiarosporella dactylidis	fungi	MZ470443.1	535	0	0		True	True	
MPDB001573	1608309	Eutiarosporella dactylidis	fungi	MZ470444.1	533	0	0		True	True	
MPDB001574	1608309	Eutiarosporella dactylidis	fungi	OM617946.1	535	0	0		True	True	
MPDB001575	1608309	Eutiarosporella dactylidis	fungi	OM617947.1	534	0	0		True	True	
MPDB001576	1608309	Eutiarosporella dactylidis	fungi	PP422904.1	535	0	0		True	True	
MPDB001577	1608309	Eutiarosporella dactylidis	fungi	PP422905.1	535	0	0		True	True	
MPDB001578	1608309	Eutiarosporella dactylidis	fungi	PP422906.1	537	0	0		True	True	
MPDB001579	1608309	Eutiarosporella dactylidis	fungi	PP422907.1	547	0	0		True	True	
MPDB001580	1608309	Eutiarosporella dactylidis	fungi	PP422908.1	534	0	0		True	True	
MPDB001581	1608309	Eutiarosporella dactylidis	fungi	PP422909.1	529	0	0		True	True	
MPDB001582	1608309	Eutiarosporella dactylidis	fungi	PP422910.1	543	0	0		True	True	
MPDB001583	1608309	Eutiarosporella dactylidis	fungi	PP422911.1	530	0	0		True	True	
MPDB001584	1608309	Eutiarosporella dactylidis	fungi	PP422912.1	543	0	0		True	True	
MPDB001585	1608309	Eutiarosporella dactylidis	fungi	PP422913.1	535	0	0		True	True	
MPDB001586	1608309	Eutiarosporella dactylidis	fungi	PP422914.1	536	0	0		True	True	
MPDB001587	1608309	Eutiarosporella dactylidis	fungi	PP422915.1	531	0	0		True	True	
MPDB001588	1608309	Eutiarosporella dactylidis	fungi	PP422916.1	539	0	0		True	True	
MPDB001589	1608309	Eutiarosporella dactylidis	fungi	PP422917.1	546	0	0		True	True	
MPDB001590	1608309	Eutiarosporella dactylidis	fungi	PP422918.1	532	0	0		True	True	
MPDB001591	1608309	Eutiarosporella dactylidis	fungi	PP422919.1	537	0	0		True	True	
MPDB001592	1608309	Eutiarosporella dactylidis	fungi	PP422920.1	531	0	0		True	True	
MPDB001593	1608309	Eutiarosporella dactylidis	fungi	PP422921.1	533	0	0		True	True	
MPDB001594	1608309	Eutiarosporella dactylidis	fungi	PP422925.1	555	0	0		True	True	
MPDB001595	1608309	Eutiarosporella dactylidis	fungi	PP422926.1	548	0	0		True	True	
MPDB001596	1608309	Eutiarosporella dactylidis	fungi	PP422927.1	543	0	0		True	True	
MPDB001597	160937	Marasmius graminum var. brevispora / Marasmius graminum	fungi	JF908341.1	264	0	0		True	True	
MPDB001598	160937	Marasmius graminum var. brevispora / Marasmius graminum	fungi	JN943595.1	648	0	0		True	True	
MPDB001599	160937	Marasmius graminum var. brevispora / Marasmius graminum	fungi	MH857692.1	666	0	0		True	True	
MPDB001600	160937	Marasmius graminum var. brevispora / Marasmius graminum	fungi	MT524457.1	635	0	0		True	True	
MPDB001601	161743	Cercospora sorghi var. maydis	fungi	AF297232.1	559	0	0		True	True	
MPDB001602	161743	Cercospora sorghi var. maydis	fungi	AF297233.1	560	0	0		True	True	
MPDB001603	1659837	Exserohilum rostratum (Setosphaeria rostrata)	fungi	MH855990.1	602	0	0		True	True	
MPDB001604	1659837	Exserohilum rostratum (Setosphaeria rostrata)	fungi	MH857032.1	600	0	1	Y	True	True	
MPDB001605	1659837	Exserohilum rostratum (Setosphaeria rostrata)	fungi	MH859108.1	597	0	0		True	True	
MPDB001606	1659837	Exserohilum rostratum (Setosphaeria rostrata)	fungi	MH860942.1	621	0	0		True	True	
MPDB001607	1659837	Exserohilum rostratum (Setosphaeria rostrata)	fungi	MH865917.1	601	0	0		True	True	
MPDB001608	1659837	Exserohilum rostratum (Setosphaeria rostrata)	fungi	PV111194.1	481	0	0		True	True	
MPDB001609	1659837	Exserohilum rostratum (Setosphaeria rostrata)	fungi	PV664735.1	556	0	0		True	True	
MPDB001610	1659837	Exserohilum rostratum (Setosphaeria rostrata)	fungi	PV875662.1	576	0	0		True	True	
MPDB001611	1659837	Exserohilum rostratum (Setosphaeria rostrata)	fungi	PX421027.2	605	0	0		True	True	
MPDB001612	1659837	Exserohilum rostratum (Setosphaeria rostrata)	fungi	PX494404.1	601	0	0		True	True	
MPDB001613	1659837	Exserohilum rostratum (Setosphaeria rostrata)	fungi	PX659725.1	633	0	0		True	True	
MPDB001614	1659837	Exserohilum rostratum (Setosphaeria rostrata)	fungi	PX659732.1	587	0	0		True	True	
MPDB001615	1659837	Exserohilum rostratum (Setosphaeria rostrata)	fungi	PX659734.1	583	0	0		True	True	
MPDB001616	1659837	Exserohilum rostratum (Setosphaeria rostrata)	fungi	PX659739.1	585	0	0		True	True	
MPDB001617	1659837	Exserohilum rostratum (Setosphaeria rostrata)	fungi	PX659740.1	588	0	0		True	True	
MPDB001618	1659837	Exserohilum rostratum (Setosphaeria rostrata)	fungi	PX659741.1	587	0	0		True	True	
MPDB001619	1659837	Exserohilum rostratum (Setosphaeria rostrata)	fungi	PX659742.1	594	0	0		True	True	
MPDB001620	1659837	Exserohilum rostratum (Setosphaeria rostrata)	fungi	PX837032.1	386	0	0		True	True	
MPDB001621	1659837	Exserohilum rostratum (Setosphaeria rostrata)	fungi	PX895805.1	150	0	0		True	True	
MPDB001622	1659837	Exserohilum rostratum (Setosphaeria rostrata)	fungi	PX970222.1	372	0	0		True	True	
MPDB001623	1659837	Exserohilum rostratum (Setosphaeria rostrata)	fungi	PX998467.1	603	0	0		True	True	
MPDB001624	1659837	Exserohilum rostratum (Setosphaeria rostrata)	fungi	PZ120405.1	610	0	0		True	True	
MPDB001625	1659837	Exserohilum rostratum (Setosphaeria rostrata)	fungi	PZ120406.1	613	0	0		True	True	
MPDB001626	1659837	Exserohilum rostratum (Setosphaeria rostrata)	fungi	PZ153433.1	596	0	5	RWY	True	True	
MPDB001627	1659837	Exserohilum rostratum (Setosphaeria rostrata)	fungi	PZ185320.1	548	0	0		True	True	
MPDB001628	1659837	Exserohilum rostratum (Setosphaeria rostrata)	fungi	PZ231153.1	466	0	0		True	True	
MPDB001629	1659837	Exserohilum rostratum (Setosphaeria rostrata)	fungi	PZ266804.1	548	0	0		True	True	
MPDB001630	1659837	Exserohilum rostratum (Setosphaeria rostrata)	fungi	PZ287891.1	588	0	0		True	True	
MPDB001631	1659837	Exserohilum rostratum (Setosphaeria rostrata)	fungi	PZ342843.1	546	0	0		True	True	
MPDB001632	1659837	Exserohilum rostratum (Setosphaeria rostrata)	fungi	PZ359477.1	527	0	0		True	True	
MPDB001633	1659837	Exserohilum rostratum (Setosphaeria rostrata)	fungi	PZ359657.1	201	0	0		True	True	
MPDB001634	1659837	Exserohilum rostratum (Setosphaeria rostrata)	fungi	PZ456912.1	606	0	1	K	True	True	
MPDB001635	1659837	Exserohilum rostratum (Setosphaeria rostrata)	fungi	PZ456913.1	540	0	0		True	True	
MPDB001636	1659837	Exserohilum rostratum (Setosphaeria rostrata)	fungi	PZ477991.1	588	0	0		True	True	
MPDB001637	1659837	Exserohilum rostratum (Setosphaeria rostrata)	fungi	PZ478025.1	743	0	0		True	True	
MPDB001638	1659837	Exserohilum rostratum (Setosphaeria rostrata)	fungi	PZ489342.1	536	0	0		True	True	
MPDB001639	1659837	Exserohilum rostratum (Setosphaeria rostrata)	fungi	PZ489347.1	526	0	0		True	True	
MPDB001640	1659837	Exserohilum rostratum (Setosphaeria rostrata)	fungi	PZ531697.1	635	0	0		True	True	
MPDB001641	1659837	Exserohilum rostratum (Setosphaeria rostrata)	fungi	PZ531698.1	629	0	0		True	True	
MPDB001642	1659837	Exserohilum rostratum (Setosphaeria rostrata)	fungi	PZ531699.1	624	0	0		True	True	
MPDB001643	1659837	Exserohilum rostratum (Setosphaeria rostrata)	fungi	PZ768233.1	591	0	0		True	True	
MPDB001644	1659837	Exserohilum rostratum (Setosphaeria rostrata)	fungi	PZ783594.1	577	0	0		True	True	
MPDB001645	1659837	Exserohilum rostratum (Setosphaeria rostrata)	fungi	PZ790917.1	598	0	0		True	True	
MPDB001646	1682390	Microdochium seminicola	fungi	KP859007.1	556	0	0		True	True	
MPDB001647	1682390	Microdochium seminicola	fungi	KP859011.1	549	0	0		True	True	
MPDB001648	1682390	Microdochium seminicola	fungi	KP859017.1	542	0	0		True	True	
MPDB001649	1682390	Microdochium seminicola	fungi	KP859019.1	554	0	0		True	True	
MPDB001650	1682390	Microdochium seminicola	fungi	KP859020.1	535	0	0		True	True	
MPDB001651	1682390	Microdochium seminicola	fungi	KP859021.1	534	0	0		True	True	
MPDB001652	1682390	Microdochium seminicola	fungi	KP859023.1	536	0	0		True	True	
MPDB001653	1682390	Microdochium seminicola	fungi	KP859029.1	526	0	0		True	True	
MPDB001654	1682390	Microdochium seminicola	fungi	KP859030.1	530	0	0		True	True	
MPDB001655	1682390	Microdochium seminicola	fungi	KP859031.1	555	0	0		True	True	
MPDB001656	1682390	Microdochium seminicola	fungi	KP859032.1	562	0	0		True	True	
MPDB001657	1682390	Microdochium seminicola	fungi	KP859033.1	559	0	0		True	True	
MPDB001658	1682390	Microdochium seminicola	fungi	KP859034.1	562	0	0		True	True	
MPDB001659	1682390	Microdochium seminicola	fungi	KP859036.1	535	0	0		True	True	
MPDB001660	1682390	Microdochium seminicola	fungi	KP859037.1	528	0	0		True	True	
MPDB001661	1682390	Microdochium seminicola	fungi	KP859038.1	533	0	0		True	True	
MPDB001662	1682390	Microdochium seminicola	fungi	KX426950.1	510	0	0		True	True	
MPDB001663	1682390	Microdochium seminicola	fungi	KX426969.1	518	1	0		True	True	
MPDB001664	1682390	Microdochium seminicola	fungi	MK990150.1	549	0	0		True	True	
MPDB001665	1682390	Microdochium seminicola	fungi	MN759671.1	477	0	0		True	True	
MPDB001666	1682390	Microdochium seminicola	fungi	MN759684.1	476	0	0		True	True	DUPLICATE_SEQUENCE_WITHIN_TAXID (n=2); identical sequences from independent GenBank records, retained
MPDB001667	1682390	Microdochium seminicola	fungi	MN759684.1	476	0	0		True	True	DUPLICATE_SEQUENCE_WITHIN_TAXID (n=2); identical sequences from independent GenBank records, retained
MPDB001668	1682390	Microdochium seminicola	fungi	OQ415349.1	497	0	0		True	True	
MPDB001669	1682391	Gloeocercospora sorghi / Microdochium sorghi	fungi	OR157960.1	528	0	2	RY	True	True	
MPDB001670	1682391	Gloeocercospora sorghi / Microdochium sorghi	fungi	OR157963.1	536	0	11	KMRSWY	True	True	
MPDB001671	1682391	Gloeocercospora sorghi / Microdochium sorghi	fungi	OR157965.1	528	0	2	KR	True	True	
MPDB001672	1682391	Gloeocercospora sorghi / Microdochium sorghi	fungi	OR157966.1	533	0	20	KMRSWY	True	True	
MPDB001673	1682391	Gloeocercospora sorghi / Microdochium sorghi	fungi	OR157975.1	529	0	3	RY	True	True	
MPDB001674	1682391	Gloeocercospora sorghi / Microdochium sorghi	fungi	OR157976.1	530	0	2	RY	True	True	
MPDB001675	1682391	Gloeocercospora sorghi / Microdochium sorghi	fungi	OR157978.1	530	0	5	KMR	True	True	
MPDB001676	1682391	Gloeocercospora sorghi / Microdochium sorghi	fungi	OR157983.1	531	0	4	KRY	True	True	
MPDB001677	1682391	Gloeocercospora sorghi / Microdochium sorghi	fungi	OR161409.1	441	0	1	Y	True	True	
MPDB001678	1682391	Gloeocercospora sorghi / Microdochium sorghi	fungi	OR161829.1	529	0	4	KMRS	True	True	
MPDB001679	1682391	Gloeocercospora sorghi / Microdochium sorghi	fungi	OR161880.1	527	0	50	KMRSWY	True	True	
MPDB001680	1682391	Gloeocercospora sorghi / Microdochium sorghi	fungi	OR161881.1	526	0	0		True	True	
MPDB001681	1682391	Gloeocercospora sorghi / Microdochium sorghi	fungi	OR161882.1	526	0	1	M	True	True	
MPDB001682	1682391	Gloeocercospora sorghi / Microdochium sorghi	fungi	OR164427.1	390	0	0		True	True	
MPDB001683	1682391	Gloeocercospora sorghi / Microdochium sorghi	fungi	OR164429.1	332	0	0		True	True	
MPDB001684	1682391	Gloeocercospora sorghi / Microdochium sorghi	fungi	OR164431.1	554	0	21	KMRSWY	True	True	
MPDB001685	1682391	Gloeocercospora sorghi / Microdochium sorghi	fungi	OR164439.1	530	0	6	R	True	True	
MPDB001686	1682391	Gloeocercospora sorghi / Microdochium sorghi	fungi	OR164443.1	495	0	0		True	True	
MPDB001687	1682391	Gloeocercospora sorghi / Microdochium sorghi	fungi	OR164444.1	528	0	2	RY	True	True	
MPDB001688	1682391	Gloeocercospora sorghi / Microdochium sorghi	fungi	OR164447.1	528	0	2	RW	True	True	
MPDB001689	1682391	Gloeocercospora sorghi / Microdochium sorghi	fungi	OR164448.1	451	0	0		True	True	
MPDB001690	1682391	Gloeocercospora sorghi / Microdochium sorghi	fungi	OR164449.1	519	0	0		True	True	
MPDB001691	1682391	Gloeocercospora sorghi / Microdochium sorghi	fungi	OR164455.1	531	0	4	MRY	True	True	
MPDB001692	1682391	Gloeocercospora sorghi / Microdochium sorghi	fungi	OR164456.1	527	0	0		True	True	
MPDB001693	1682391	Gloeocercospora sorghi / Microdochium sorghi	fungi	OR165792.1	387	0	10	KMRSY	True	True	
MPDB001694	1682391	Gloeocercospora sorghi / Microdochium sorghi	fungi	OR165793.1	530	0	33	KMRSW	True	True	
MPDB001695	1682391	Gloeocercospora sorghi / Microdochium sorghi	fungi	OR165804.1	530	0	8	KMRY	True	True	
MPDB001696	1682391	Gloeocercospora sorghi / Microdochium sorghi	fungi	OR178930.1	489	0	16	KMRSWY	True	True	
MPDB001697	1682391	Gloeocercospora sorghi / Microdochium sorghi	fungi	OR178990.1	553	0	16	KMRSWY	True	True	
MPDB001698	1682391	Gloeocercospora sorghi / Microdochium sorghi	fungi	OR179013.1	526	0	0		True	True	
MPDB001699	1682391	Gloeocercospora sorghi / Microdochium sorghi	fungi	OR179642.1	478	0	9	KRSW	True	True	
MPDB001700	1682391	Gloeocercospora sorghi / Microdochium sorghi	fungi	OR179649.1	491	0	12	KMRSWY	True	True	
MPDB001701	1682391	Gloeocercospora sorghi / Microdochium sorghi	fungi	OR179893.1	449	0	0		True	True	
MPDB001702	1682391	Gloeocercospora sorghi / Microdochium sorghi	fungi	OR179894.1	483	0	0		True	True	
MPDB001703	1682391	Gloeocercospora sorghi / Microdochium sorghi	fungi	OR179925.1	536	0	25	KMRSWY	True	True	
MPDB001704	1682391	Gloeocercospora sorghi / Microdochium sorghi	fungi	OR180024.1	357	0	24	KMRSWY	True	True	
MPDB001705	1682391	Gloeocercospora sorghi / Microdochium sorghi	fungi	OR180025.1	453	0	17	KMRSWY	True	True	
MPDB001706	1682391	Gloeocercospora sorghi / Microdochium sorghi	fungi	OR180114.1	424	0	30	KMRSWY	True	True	
MPDB001707	1682391	Gloeocercospora sorghi / Microdochium sorghi	fungi	OR185563.1	482	0	14	KMRSWY	True	True	
MPDB001708	1682391	Gloeocercospora sorghi / Microdochium sorghi	fungi	OR187003.1	426	0	1	K	True	True	
MPDB001709	1682391	Gloeocercospora sorghi / Microdochium sorghi	fungi	OR527957.1	537	0	0		True	True	DUPLICATE_SEQUENCE_WITHIN_TAXID (n=2); identical sequences from independent GenBank records, retained
MPDB001710	1682391	Gloeocercospora sorghi / Microdochium sorghi	fungi	OR527957.1	537	0	0		True	True	DUPLICATE_SEQUENCE_WITHIN_TAXID (n=2); identical sequences from independent GenBank records, retained
MPDB001711	1682391	Gloeocercospora sorghi / Microdochium sorghi	fungi	PZ714586.1	536	0	0		True	True	
MPDB001712	169388	Fusarium solani (Neocosmospora solani)	fungi	LC903137.1	435	0	0		True	True	
MPDB001713	169388	Fusarium solani (Neocosmospora solani)	fungi	PV960692.1	354	0	0		True	True	
MPDB001714	169388	Fusarium solani (Neocosmospora solani)	fungi	PZ373007.1	571	0	0		True	True	
MPDB001715	169388	Fusarium solani (Neocosmospora solani)	fungi	PZ433258.2	527	0	0		True	True	
MPDB001716	169388	Fusarium solani (Neocosmospora solani)	fungi	PZ725497.1	632	0	0		True	True	
MPDB001717	169388	Fusarium solani (Neocosmospora solani)	fungi	PZ727094.1	410	0	0		True	True	
MPDB001718	169388	Fusarium solani (Neocosmospora solani)	fungi	PZ734314.1	577	0	0		True	True	
MPDB001719	169388	Fusarium solani (Neocosmospora solani)	fungi	PZ734328.1	573	0	0		True	True	
MPDB001720	169388	Fusarium solani (Neocosmospora solani)	fungi	PZ734329.1	558	0	0		True	True	
MPDB001721	169388	Fusarium solani (Neocosmospora solani)	fungi	PZ734334.1	570	0	0		True	True	
MPDB001722	169388	Fusarium solani (Neocosmospora solani)	fungi	PZ734343.1	558	0	0		True	True	
MPDB001723	169388	Fusarium solani (Neocosmospora solani)	fungi	PZ734356.1	563	0	0		True	True	
MPDB001724	169388	Fusarium solani (Neocosmospora solani)	fungi	PZ734357.1	572	0	0		True	True	
MPDB001725	169388	Fusarium solani (Neocosmospora solani)	fungi	PZ734371.1	576	0	0		True	True	
MPDB001726	169388	Fusarium solani (Neocosmospora solani)	fungi	PZ734379.1	571	0	0		True	True	
MPDB001727	169388	Fusarium solani (Neocosmospora solani)	fungi	PZ734380.1	572	0	0		True	True	
MPDB001728	169388	Fusarium solani (Neocosmospora solani)	fungi	PZ734390.1	537	0	0		True	True	
MPDB001729	169388	Fusarium solani (Neocosmospora solani)	fungi	PZ734400.1	569	0	0		True	True	
MPDB001730	169388	Fusarium solani (Neocosmospora solani)	fungi	PZ734412.1	578	0	0		True	True	
MPDB001731	169388	Fusarium solani (Neocosmospora solani)	fungi	PZ734418.1	584	0	0		True	True	
MPDB001732	169388	Fusarium solani (Neocosmospora solani)	fungi	PZ738473.1	534	0	0		True	True	
MPDB001733	169388	Fusarium solani (Neocosmospora solani)	fungi	PZ741299.1	277	0	0		True	True	
MPDB001734	169388	Fusarium solani (Neocosmospora solani)	fungi	PZ745970.1	480	0	0		True	True	
MPDB001735	169388	Fusarium solani (Neocosmospora solani)	fungi	PZ745971.1	294	0	0		True	True	
MPDB001736	169388	Fusarium solani (Neocosmospora solani)	fungi	PZ745972.1	325	0	0		True	True	
MPDB001737	169388	Fusarium solani (Neocosmospora solani)	fungi	PZ748725.1	523	0	0		True	True	
MPDB001738	169388	Fusarium solani (Neocosmospora solani)	fungi	PZ748726.1	540	0	0		True	True	
MPDB001739	169388	Fusarium solani (Neocosmospora solani)	fungi	PZ748727.1	559	0	0		True	True	
MPDB001740	169388	Fusarium solani (Neocosmospora solani)	fungi	PZ748730.1	539	0	0		True	True	
MPDB001741	169388	Fusarium solani (Neocosmospora solani)	fungi	PZ748731.1	508	0	0		True	True	
MPDB001742	169388	Fusarium solani (Neocosmospora solani)	fungi	PZ748732.1	520	0	0		True	True	
MPDB001743	169388	Fusarium solani (Neocosmospora solani)	fungi	PZ748733.1	524	0	0		True	True	
MPDB001744	169388	Fusarium solani (Neocosmospora solani)	fungi	PZ748734.1	503	0	0		True	True	
MPDB001745	169388	Fusarium solani (Neocosmospora solani)	fungi	PZ748735.1	340	0	0		True	True	
MPDB001746	169388	Fusarium solani (Neocosmospora solani)	fungi	PZ766233.1	420	0	0		True	True	
MPDB001747	169388	Fusarium solani (Neocosmospora solani)	fungi	PZ766601.1	520	0	0		True	True	
MPDB001748	169388	Fusarium solani (Neocosmospora solani)	fungi	PZ785585.1	398	0	0		True	True	
MPDB001749	169388	Fusarium solani (Neocosmospora solani)	fungi	PZ796555.1	521	0	0		True	True	
MPDB001750	169388	Fusarium solani (Neocosmospora solani)	fungi	PZ796556.1	521	0	0		True	True	
MPDB001751	169388	Fusarium solani (Neocosmospora solani)	fungi	PZ796557.1	521	0	0		True	True	
MPDB001752	169388	Fusarium solani (Neocosmospora solani)	fungi	PZ796558.1	520	0	0		True	True	
MPDB001753	169388	Fusarium solani (Neocosmospora solani)	fungi	PZ804687.1	541	0	0		True	True	
MPDB001754	169388	Fusarium solani (Neocosmospora solani)	fungi	PZ827122.1	684	0	0		True	True	
MPDB001755	1825666	Phyllachora maydis	fungi	OL342916.1	506	0	0		True	True	
MPDB001756	1825666	Phyllachora maydis	fungi	OL342922.1	585	0	0		True	True	
MPDB001757	1825666	Phyllachora maydis	fungi	ON241789.1	418	0	0		True	True	
MPDB001758	1825666	Phyllachora maydis	fungi	ON400514.1	369	0	0		True	True	
MPDB001759	1825666	Phyllachora maydis	fungi	OP831220.1	355	0	0		True	True	
MPDB001760	1825666	Phyllachora maydis	fungi	OP831221.1	517	0	0		True	True	
MPDB001761	1825666	Phyllachora maydis	fungi	OP831222.1	476	0	0		True	True	
MPDB001762	1825666	Phyllachora maydis	fungi	OP831223.1	352	0	0		True	True	
MPDB001763	1825666	Phyllachora maydis	fungi	OP831224.1	353	0	0		True	True	
MPDB001764	1825666	Phyllachora maydis	fungi	OP831225.1	398	0	0		True	True	
MPDB001765	1825666	Phyllachora maydis	fungi	OP984077.1	426	0	0		True	True	
MPDB001766	1825666	Phyllachora maydis	fungi	OP984079.1	453	1	0		True	True	
MPDB001767	1825666	Phyllachora maydis	fungi	OQ034699.1	437	0	0		True	True	
MPDB001768	1825666	Phyllachora maydis	fungi	OQ200487.1	443	0	0		True	True	
MPDB001769	1825666	Phyllachora maydis	fungi	OQ200489.1	439	0	0		True	True	
MPDB001770	1825666	Phyllachora maydis	fungi	PP725321.1	424	0	0		True	True	
MPDB001771	1825666	Phyllachora maydis	fungi	PP725378.1	422	0	0		True	True	
MPDB001772	1825666	Phyllachora maydis	fungi	PX852345.1	435	0	8	KMRWY	True	True	
MPDB001773	1825666	Phyllachora maydis	fungi	PX854774.1	440	0	3	KRW	True	True	
MPDB001774	196109	Microdochium bolleyi	fungi	LC897489.1	582	0	0		True	True	
MPDB001775	196109	Microdochium bolleyi	fungi	MH858255.1	591	0	0		True	True	
MPDB001776	196109	Microdochium bolleyi	fungi	MH858394.1	584	0	0		True	True	
MPDB001777	196109	Microdochium bolleyi	fungi	MH860598.1	543	0	0		True	True	
MPDB001778	196109	Microdochium bolleyi	fungi	MN957201.1	316	0	0		True	True	
MPDB001779	196109	Microdochium bolleyi	fungi	MN957605.1	316	0	0		True	True	
MPDB001780	196109	Microdochium bolleyi	fungi	MZ950665.1	469	0	0		True	True	
MPDB001781	196109	Microdochium bolleyi	fungi	MZ950666.1	472	0	0		True	True	
MPDB001782	196109	Microdochium bolleyi	fungi	MZ950667.1	489	0	0		True	True	
MPDB001783	196109	Microdochium bolleyi	fungi	MZ950668.1	471	0	0		True	True	
MPDB001784	196109	Microdochium bolleyi	fungi	MZ950669.1	482	0	0		True	True	
MPDB001785	196109	Microdochium bolleyi	fungi	MZ950670.1	474	0	0		True	True	
MPDB001786	196109	Microdochium bolleyi	fungi	OP710188.1	513	0	0		True	True	
MPDB001787	196109	Microdochium bolleyi	fungi	OR077980.1	515	0	0		True	True	
MPDB001788	196109	Microdochium bolleyi	fungi	PP156737.1	564	0	0		True	True	
MPDB001789	196109	Microdochium bolleyi	fungi	PP175541.1	624	0	0		True	True	
MPDB001790	196109	Microdochium bolleyi	fungi	PP175542.1	587	0	0		True	True	
MPDB001791	196109	Microdochium bolleyi	fungi	PP175543.1	600	0	0		True	True	
MPDB001792	196109	Microdochium bolleyi	fungi	PP175544.1	645	0	0		True	True	
MPDB001793	196109	Microdochium bolleyi	fungi	PP175545.1	624	0	0		True	True	
MPDB001794	196109	Microdochium bolleyi	fungi	PP175546.1	649	0	0		True	True	
MPDB001795	196109	Microdochium bolleyi	fungi	PP175547.1	641	0	0		True	True	
MPDB001796	196109	Microdochium bolleyi	fungi	PP175548.1	641	0	0		True	True	
MPDB001797	196109	Microdochium bolleyi	fungi	PP956625.1	833	0	0		True	True	
MPDB001798	196109	Microdochium bolleyi	fungi	PP956626.1	840	0	0		True	True	
MPDB001799	196109	Microdochium bolleyi	fungi	PQ804179.1	653	0	0		True	True	
MPDB001800	196109	Microdochium bolleyi	fungi	PQ879999.1	536	0	0		True	True	
MPDB001801	196109	Microdochium bolleyi	fungi	PQ880021.1	262	0	0		True	True	
MPDB001802	196109	Microdochium bolleyi	fungi	PV226166.1	537	0	0		True	True	
MPDB001803	196109	Microdochium bolleyi	fungi	PV368024.1	489	0	0		True	True	
MPDB001804	196109	Microdochium bolleyi	fungi	PV432480.1	555	0	0		True	True	
MPDB001805	196109	Microdochium bolleyi	fungi	PV444748.1	480	0	0		True	True	
MPDB001806	196109	Microdochium bolleyi	fungi	PV590691.1	1104	3	2	WY	True	True	
MPDB001807	196109	Microdochium bolleyi	fungi	PV592488.1	548	0	0		True	True	
MPDB001808	196109	Microdochium bolleyi	fungi	PV688660.1	521	0	0		True	True	
MPDB001809	196109	Microdochium bolleyi	fungi	PX118463.1	531	0	1	W	True	True	
MPDB001810	196109	Microdochium bolleyi	fungi	PX587459.1	1150	0	1	K	True	True	
MPDB001811	196109	Microdochium bolleyi	fungi	PX682838.1	590	0	0		True	True	
MPDB001812	196109	Microdochium bolleyi	fungi	PX684562.1	565	0	0		True	True	
MPDB001813	196109	Microdochium bolleyi	fungi	PX979157.1	531	0	0		True	True	
MPDB001814	196109	Microdochium bolleyi	fungi	PX979159.1	525	0	0		True	True	
MPDB001815	196109	Microdochium bolleyi	fungi	PX979160.1	527	0	0		True	True	
MPDB001816	196109	Microdochium bolleyi	fungi	PX979393.1	523	0	0		True	True	
MPDB001817	215132	Curvularia senegalensis / Brachysporium senegalense	fungi	AB444664.1	445	0	0		True	True	
MPDB001818	215132	Curvularia senegalensis / Brachysporium senegalense	fungi	HG779001.1	728	0	0		True	True	
MPDB001819	215132	Curvularia senegalensis / Brachysporium senegalense	fungi	JN006788.1	501	0	0		True	True	
MPDB001820	215132	Curvularia senegalensis / Brachysporium senegalense	fungi	MH087107.1	691	0	0		True	True	
MPDB001821	215132	Curvularia senegalensis / Brachysporium senegalense	fungi	MH087110.1	689	0	0		True	True	
MPDB001822	215132	Curvularia senegalensis / Brachysporium senegalense	fungi	MH368101.1	594	0	0		True	True	
MPDB001823	215132	Curvularia senegalensis / Brachysporium senegalense	fungi	MK359853.1	435	0	0		True	True	
MPDB001824	215132	Curvularia senegalensis / Brachysporium senegalense	fungi	MK804485.1	684	0	1	S	True	True	
MPDB001825	215132	Curvularia senegalensis / Brachysporium senegalense	fungi	MT410577.1	560	0	0		True	True	
MPDB001826	215132	Curvularia senegalensis / Brachysporium senegalense	fungi	MT476857.1	1185	0	0		True	True	
MPDB001827	215132	Curvularia senegalensis / Brachysporium senegalense	fungi	MT476858.1	1089	0	0		True	True	
MPDB001828	215132	Curvularia senegalensis / Brachysporium senegalense	fungi	MT476859.1	1067	0	0		True	True	
MPDB001829	215132	Curvularia senegalensis / Brachysporium senegalense	fungi	MW353711.1	558	0	0		True	True	
MPDB001830	215132	Curvularia senegalensis / Brachysporium senegalense	fungi	MZ595769.1	524	0	0		True	True	
MPDB001831	215132	Curvularia senegalensis / Brachysporium senegalense	fungi	MZ733747.1	560	0	0		True	True	
MPDB001832	215132	Curvularia senegalensis / Brachysporium senegalense	fungi	OQ657946.1	1083	0	1	S	True	True	
MPDB001833	215132	Curvularia senegalensis / Brachysporium senegalense	fungi	OQ657947.1	1121	0	0		True	True	
MPDB001834	215132	Curvularia senegalensis / Brachysporium senegalense	fungi	OR544404.1	515	0	0		True	True	
MPDB001835	215132	Curvularia senegalensis / Brachysporium senegalense	fungi	OR761601.1	574	0	0		True	True	
MPDB001836	215132	Curvularia senegalensis / Brachysporium senegalense	fungi	OW985594.1	596	0	0		True	True	
MPDB001837	215132	Curvularia senegalensis / Brachysporium senegalense	fungi	PP053177.1	558	0	0		True	True	
MPDB001838	215132	Curvularia senegalensis / Brachysporium senegalense	fungi	PP275247.1	516	0	0		True	True	
MPDB001839	215132	Curvularia senegalensis / Brachysporium senegalense	fungi	PP564498.1	929	2	0		True	True	
MPDB001840	215132	Curvularia senegalensis / Brachysporium senegalense	fungi	PP564499.1	933	1	0		True	True	
MPDB001841	215132	Curvularia senegalensis / Brachysporium senegalense	fungi	PP621721.1	585	0	0		True	True	
MPDB001842	215132	Curvularia senegalensis / Brachysporium senegalense	fungi	PQ881650.1	700	0	0		True	True	
MPDB001843	215132	Curvularia senegalensis / Brachysporium senegalense	fungi	PV157292.1	593	0	0		True	True	
MPDB001844	215132	Curvularia senegalensis / Brachysporium senegalense	fungi	PV157293.1	594	0	0		True	True	
MPDB001845	215132	Curvularia senegalensis / Brachysporium senegalense	fungi	PV848768.1	564	0	0		True	True	DUPLICATE_SEQUENCE_WITHIN_TAXID (n=2); identical sequences from independent GenBank records, retained
MPDB001846	215132	Curvularia senegalensis / Brachysporium senegalense	fungi	PV848768.1	564	0	0		True	True	DUPLICATE_SEQUENCE_WITHIN_TAXID (n=2); identical sequences from independent GenBank records, retained
MPDB001847	215132	Curvularia senegalensis / Brachysporium senegalense	fungi	PZ185326.1	553	0	0		True	True	
MPDB001848	226117	Xepiculopsis graminea/Myrothecium gramineum	fungi	AY254151.1	565	0	0		True	True	
MPDB001849	226117	Xepiculopsis graminea/Myrothecium gramineum	fungi	FJ235084.1	2404	0	0		True	True	
MPDB001850	226117	Xepiculopsis graminea/Myrothecium gramineum	fungi	FJ825374.1	593	0	0		True	True	
MPDB001851	226117	Xepiculopsis graminea/Myrothecium gramineum	fungi	GQ373154.1	611	0	0		True	True	
MPDB001852	226117	Xepiculopsis graminea/Myrothecium gramineum	fungi	HQ608010.1	609	0	0		True	True	
MPDB001853	226117	Xepiculopsis graminea/Myrothecium gramineum	fungi	JQ936265.1	569	0	0		True	True	
MPDB001854	226117	Xepiculopsis graminea/Myrothecium gramineum	fungi	JQ936266.1	573	0	0		True	True	
MPDB001855	226117	Xepiculopsis graminea/Myrothecium gramineum	fungi	JX077058.1	431	0	0		True	True	
MPDB001856	226117	Xepiculopsis graminea/Myrothecium gramineum	fungi	JX077063.1	481	0	0		True	True	
MPDB001857	226117	Xepiculopsis graminea/Myrothecium gramineum	fungi	JX406554.1	562	0	0		True	True	
MPDB001858	226117	Xepiculopsis graminea/Myrothecium gramineum	fungi	JX868793.1	469	0	0		True	True	
MPDB001859	226117	Xepiculopsis graminea/Myrothecium gramineum	fungi	KF414681.1	597	2	0		True	True	
MPDB001860	226117	Xepiculopsis graminea/Myrothecium gramineum	fungi	KJ780796.1	581	0	0		True	True	
MPDB001861	226117	Xepiculopsis graminea/Myrothecium gramineum	fungi	KY591776.1	213	0	0		True	True	
MPDB001862	226117	Xepiculopsis graminea/Myrothecium gramineum	fungi	LS483744.1	168	0	0		True	True	
MPDB001863	226117	Xepiculopsis graminea/Myrothecium gramineum	fungi	LS483783.1	184	0	0		True	True	
MPDB001864	226117	Xepiculopsis graminea/Myrothecium gramineum	fungi	LS483784.1	184	0	0		True	True	
MPDB001865	226117	Xepiculopsis graminea/Myrothecium gramineum	fungi	LS483788.1	183	0	0		True	True	
MPDB001866	226117	Xepiculopsis graminea/Myrothecium gramineum	fungi	LS483935.1	170	0	0		True	True	
MPDB001867	226117	Xepiculopsis graminea/Myrothecium gramineum	fungi	LS483949.1	172	0	0		True	True	
MPDB001868	226117	Xepiculopsis graminea/Myrothecium gramineum	fungi	LS484211.1	170	0	0		True	True	
MPDB001869	226117	Xepiculopsis graminea/Myrothecium gramineum	fungi	LS484218.1	181	0	0		True	True	
MPDB001870	226117	Xepiculopsis graminea/Myrothecium gramineum	fungi	MF327243.1	590	0	0		True	True	
MPDB001871	226117	Xepiculopsis graminea/Myrothecium gramineum	fungi	MF449215.1	213	0	0		True	True	
MPDB001872	226117	Xepiculopsis graminea/Myrothecium gramineum	fungi	MG988390.1	537	0	0		True	True	
MPDB001873	226117	Xepiculopsis graminea/Myrothecium gramineum	fungi	MH173809.1	547	0	0		True	True	
MPDB001874	226117	Xepiculopsis graminea/Myrothecium gramineum	fungi	MH173819.1	545	0	0		True	True	
MPDB001875	226117	Xepiculopsis graminea/Myrothecium gramineum	fungi	MH809373.1	512	0	0		True	True	
MPDB001876	226117	Xepiculopsis graminea/Myrothecium gramineum	fungi	MK304398.1	548	0	0		True	True	
MPDB001877	226117	Xepiculopsis graminea/Myrothecium gramineum	fungi	MK720190.1	420	0	0		True	True	
MPDB001878	226117	Xepiculopsis graminea/Myrothecium gramineum	fungi	MN202731.1	574	0	0		True	True	
MPDB001879	226117	Xepiculopsis graminea/Myrothecium gramineum	fungi	MN614058.1	219	0	0		True	True	
MPDB001880	226117	Xepiculopsis graminea/Myrothecium gramineum	fungi	MZ919500.1	175	0	0		True	True	
MPDB001881	226117	Xepiculopsis graminea/Myrothecium gramineum	fungi	OL347751.1	509	1	0		True	True	
MPDB001882	226117	Xepiculopsis graminea/Myrothecium gramineum	fungi	OL454703.1	540	0	0		True	True	
MPDB001883	226117	Xepiculopsis graminea/Myrothecium gramineum	fungi	OM057628.1	548	0	0		True	True	
MPDB001884	226117	Xepiculopsis graminea/Myrothecium gramineum	fungi	OM670094.1	554	0	0		True	True	
MPDB001885	226117	Xepiculopsis graminea/Myrothecium gramineum	fungi	OP303281.1	331	0	0		True	True	
MPDB001886	226117	Xepiculopsis graminea/Myrothecium gramineum	fungi	PQ381801.1	555	0	0		True	True	
MPDB001887	228353	Talaromyces radicus	fungi	JN899324.1	750	0	0		True	True	
MPDB001888	228353	Talaromyces radicus	fungi	JX091490.1	538	0	0		True	True	
MPDB001889	228353	Talaromyces radicus	fungi	JX091491.1	537	0	0		True	True	
MPDB001890	228353	Talaromyces radicus	fungi	JX091492.1	536	0	0		True	True	
MPDB001891	228353	Talaromyces radicus	fungi	KF984879.1	584	0	0		True	True	
MPDB001892	228353	Talaromyces radicus	fungi	KF984881.1	583	0	0		True	True	
MPDB001893	228353	Talaromyces radicus	fungi	LC743858.1	574	0	0		True	True	
MPDB001894	228353	Talaromyces radicus	fungi	MH862702.1	612	0	0		True	True	
MPDB001895	228353	Talaromyces radicus	fungi	MK045813.1	590	0	0		True	True	
MPDB001896	228353	Talaromyces radicus	fungi	MK646059.1	596	0	0		True	True	
MPDB001897	228353	Talaromyces radicus	fungi	MK805489.1	502	0	0		True	True	
MPDB001898	228353	Talaromyces radicus	fungi	MW543021.1	585	0	0		True	True	
MPDB001899	228353	Talaromyces radicus	fungi	MW578828.1	548	0	0		True	True	
MPDB001900	228353	Talaromyces radicus	fungi	MW897747.1	583	0	0		True	True	
MPDB001901	228353	Talaromyces radicus	fungi	MZ031136.1	412	0	0		True	True	
MPDB001902	228353	Talaromyces radicus	fungi	MZ835641.1	553	0	0		True	True	
MPDB001903	228353	Talaromyces radicus	fungi	OK011815.1	572	0	0		True	True	
MPDB001904	228353	Talaromyces radicus	fungi	OK035203.1	528	0	0		True	True	
MPDB001905	228353	Talaromyces radicus	fungi	OM237068.1	575	0	0		True	True	
MPDB001906	228353	Talaromyces radicus	fungi	OM237078.1	570	0	0		True	True	
MPDB001907	228353	Talaromyces radicus	fungi	OM487041.1	524	0	0		True	True	
MPDB001908	228353	Talaromyces radicus	fungi	ON208514.1	552	0	0		True	True	
MPDB001909	228353	Talaromyces radicus	fungi	ON208515.1	536	0	0		True	True	
MPDB001910	228353	Talaromyces radicus	fungi	ON208737.1	420	0	0		True	True	
MPDB001911	228353	Talaromyces radicus	fungi	ON394880.1	569	0	0		True	True	
MPDB001912	228353	Talaromyces radicus	fungi	ON394881.1	575	0	0		True	True	
MPDB001913	228353	Talaromyces radicus	fungi	ON428466.1	579	0	0		True	True	
MPDB001914	228353	Talaromyces radicus	fungi	ON492846.1	1071	0	0		True	True	
MPDB001915	228353	Talaromyces radicus	fungi	OQ981228.1	410	0	0		True	True	
MPDB001916	228353	Talaromyces radicus	fungi	OQ981229.1	406	0	0		True	True	
MPDB001917	228353	Talaromyces radicus	fungi	OQ981230.1	407	0	0		True	True	
MPDB001918	228353	Talaromyces radicus	fungi	OR673580.1	581	0	0		True	True	
MPDB001919	228353	Talaromyces radicus	fungi	OR835532.1	578	0	0		True	True	
MPDB001920	228353	Talaromyces radicus	fungi	OR835533.1	561	0	0		True	True	
MPDB001921	228353	Talaromyces radicus	fungi	OR922574.1	554	0	0		True	True	
MPDB001922	228353	Talaromyces radicus	fungi	OW982510.1	616	0	0		True	True	
MPDB001923	228353	Talaromyces radicus	fungi	OW988101.1	600	0	0		True	True	
MPDB001924	228353	Talaromyces radicus	fungi	PP844393.1	572	0	0		True	True	
MPDB001925	228353	Talaromyces radicus	fungi	PP844405.1	528	0	0		True	True	
MPDB001926	228353	Talaromyces radicus	fungi	PV369555.1	560	0	0		True	True	
MPDB001927	228353	Talaromyces radicus	fungi	PV369691.1	551	0	0		True	True	
MPDB001928	228353	Talaromyces radicus	fungi	PX071999.1	590	0	0		True	True	
MPDB001929	228353	Talaromyces radicus	fungi	PX072000.1	587	1	0		True	True	
MPDB001930	238245	Stenocarpella maydis (Diplodia maydis)	fungi	FR748050.1	680	0	0		True	True	
MPDB001931	238245	Stenocarpella maydis (Diplodia maydis)	fungi	FR748052.1	678	0	0		True	True	
MPDB001932	238245	Stenocarpella maydis (Diplodia maydis)	fungi	FR748053.1	663	0	0		True	True	
MPDB001933	238245	Stenocarpella maydis (Diplodia maydis)	fungi	FR748054.1	669	0	0		True	True	
MPDB001934	238245	Stenocarpella maydis (Diplodia maydis)	fungi	FR748055.1	670	0	0		True	True	
MPDB001935	238245	Stenocarpella maydis (Diplodia maydis)	fungi	FR748056.1	651	0	0		True	True	
MPDB001936	238245	Stenocarpella maydis (Diplodia maydis)	fungi	FR748059.1	668	0	0		True	True	
MPDB001937	238245	Stenocarpella maydis (Diplodia maydis)	fungi	FR748060.1	658	0	0		True	True	
MPDB001938	238245	Stenocarpella maydis (Diplodia maydis)	fungi	FR748061.1	667	0	0		True	True	
MPDB001939	238245	Stenocarpella maydis (Diplodia maydis)	fungi	FR748062.1	661	0	0		True	True	
MPDB001940	238245	Stenocarpella maydis (Diplodia maydis)	fungi	FR748063.1	665	0	0		True	True	
MPDB001941	238245	Stenocarpella maydis (Diplodia maydis)	fungi	FR748064.1	675	0	0		True	True	
MPDB001942	238245	Stenocarpella maydis (Diplodia maydis)	fungi	FR748065.1	676	0	0		True	True	
MPDB001943	238245	Stenocarpella maydis (Diplodia maydis)	fungi	GQ167220.1	1071	0	0		True	True	
MPDB001944	238245	Stenocarpella maydis (Diplodia maydis)	fungi	GQ167221.1	1062	0	0		True	True	
MPDB001945	238245	Stenocarpella maydis (Diplodia maydis)	fungi	GQ167222.1	1074	0	0		True	True	
MPDB001946	238245	Stenocarpella maydis (Diplodia maydis)	fungi	GQ167223.1	1110	0	0		True	True	
MPDB001947	238245	Stenocarpella maydis (Diplodia maydis)	fungi	GQ259129.1	1072	0	0		True	True	
MPDB001948	238245	Stenocarpella maydis (Diplodia maydis)	fungi	GQ259130.1	1073	0	0		True	True	
MPDB001949	238245	Stenocarpella maydis (Diplodia maydis)	fungi	GQ428199.1	1057	0	0		True	True	
MPDB001950	238245	Stenocarpella maydis (Diplodia maydis)	fungi	KC311732.1	1058	0	0		True	True	
MPDB001951	238245	Stenocarpella maydis (Diplodia maydis)	fungi	KM030331.1	1034	0	0		True	True	
MPDB001952	238245	Stenocarpella maydis (Diplodia maydis)	fungi	KP164561.1	7800	0	0		True	True	
MPDB001953	238245	Stenocarpella maydis (Diplodia maydis)	fungi	KP691031.1	413	0	0		True	True	
MPDB001954	238245	Stenocarpella maydis (Diplodia maydis)	fungi	KU680414.1	565	0	0		True	True	
MPDB001955	238245	Stenocarpella maydis (Diplodia maydis)	fungi	KY940797.1	526	0	0		True	True	
MPDB001956	238245	Stenocarpella maydis (Diplodia maydis)	fungi	MF076624.1	967	0	0		True	True	
MPDB001957	238245	Stenocarpella maydis (Diplodia maydis)	fungi	MK249739.1	564	1	0		True	True	
MPDB001958	238245	Stenocarpella maydis (Diplodia maydis)	fungi	MT556638.1	538	0	0		True	True	
MPDB001959	238245	Stenocarpella maydis (Diplodia maydis)	fungi	MT571456.1	556	1	0		True	True	
MPDB001960	238245	Stenocarpella maydis (Diplodia maydis)	fungi	MT772176.1	459	0	0		True	True	
MPDB001961	238245	Stenocarpella maydis (Diplodia maydis)	fungi	MW995721.1	584	0	0		True	True	
MPDB001962	238245	Stenocarpella maydis (Diplodia maydis)	fungi	MZ895508.1	563	0	0		True	True	
MPDB001963	238245	Stenocarpella maydis (Diplodia maydis)	fungi	MZ948964.1	536	0	0		True	True	
MPDB001964	238245	Stenocarpella maydis (Diplodia maydis)	fungi	ON209722.1	815	0	0		True	True	
MPDB001965	238245	Stenocarpella maydis (Diplodia maydis)	fungi	ON310802.1	534	1	0		True	True	
MPDB001966	238245	Stenocarpella maydis (Diplodia maydis)	fungi	OQ683861.1	556	1	0		True	True	
MPDB001967	238245	Stenocarpella maydis (Diplodia maydis)	fungi	OR500033.1	851	0	0		True	True	
MPDB001968	238245	Stenocarpella maydis (Diplodia maydis)	fungi	PQ609689.1	544	0	0		True	True	
MPDB001969	238245	Stenocarpella maydis (Diplodia maydis)	fungi	PV124187.1	552	0	0		True	True	
MPDB001970	238245	Stenocarpella maydis (Diplodia maydis)	fungi	PX444915.1	497	0	0		True	True	
MPDB001971	259522	Didymella maydis (Phyllosticta maydis)	fungi	KF512826.1	1035	0	0		True	True	
MPDB001972	259522	Didymella maydis (Phyllosticta maydis)	fungi	MH859380.1	485	0	0		True	True	
MPDB001973	259522	Didymella maydis (Phyllosticta maydis)	fungi	MN972882.1	449	0	0		True	True	
MPDB001974	259522	Didymella maydis (Phyllosticta maydis)	fungi	MN973269.2	1407	3	0		True	True	
MPDB001975	259522	Didymella maydis (Phyllosticta maydis)	fungi	OM701808.1	670	0	0		True	True	
MPDB001976	259522	Didymella maydis (Phyllosticta maydis)	fungi	OM701809.1	639	0	0		True	True	
MPDB001977	259522	Didymella maydis (Phyllosticta maydis)	fungi	PZ745918.1	412	0	0		True	True	
MPDB001978	259522	Didymella maydis (Phyllosticta maydis)	fungi	PZ745919.1	463	0	0		True	True	
MPDB001979	259522	Didymella maydis (Phyllosticta maydis)	fungi	PZ745920.1	496	0	0		True	True	
MPDB001980	2713053	Gonatobotrys simplex	fungi	MT110303.1	926	0	0		True	True	
MPDB001981	2713053	Gonatobotrys simplex	fungi	MT110304.1	930	0	0		True	True	
MPDB001982	27349	Puccinia sorghi	fungi	AY114291.1	1350	0	0		True	True	
MPDB001983	27349	Puccinia sorghi	fungi	DQ345724.1	1384	0	1	R	True	True	
MPDB001984	27349	Puccinia sorghi	fungi	HQ154038.1	666	0	0		True	True	
MPDB001985	27349	Puccinia sorghi	fungi	KY354211.1	930	0	0		True	True	
MPDB001986	27349	Puccinia sorghi	fungi	KY764163.1	1328	0	0		True	True	
MPDB001987	27349	Puccinia sorghi	fungi	L08734.1	458	0	0		True	True	
MPDB001988	27349	Puccinia sorghi	fungi	MT955202.1	638	0	0		True	True	
MPDB001989	27349	Puccinia sorghi	fungi	MT955203.1	640	0	0		True	True	
MPDB001990	27349	Puccinia sorghi	fungi	MT965574.1	549	0	0		True	True	
MPDB001991	27349	Puccinia sorghi	fungi	MT965630.1	620	0	0		True	True	
MPDB001992	27349	Puccinia sorghi	fungi	MT965631.1	551	0	0		True	True	
MPDB001993	27349	Puccinia sorghi	fungi	MT965639.1	551	0	0		True	True	
MPDB001994	27349	Puccinia sorghi	fungi	ON000260.1	142	0	0		True	True	
MPDB001995	27349	Puccinia sorghi	fungi	PP469634.1	1341	0	0		True	True	
MPDB001996	27349	Puccinia sorghi	fungi	PP471887.1	455	0	0		True	True	
MPDB001997	27349	Puccinia sorghi	fungi	PV593786.1	363	0	0		True	True	
MPDB001998	27349	Puccinia sorghi	fungi	PV810235.1	174	0	0		True	True	
MPDB001999	27349	Puccinia sorghi	fungi	PX955827.1	780	0	0		True	True	
MPDB002000	27349	Puccinia sorghi	fungi	PX955856.1	780	0	0		True	True	DUPLICATE_SEQUENCE_WITHIN_TAXID (n=3); identical sequences from independent GenBank records, retained
MPDB002001	27349	Puccinia sorghi	fungi	PX955856.1	780	0	0		True	True	DUPLICATE_SEQUENCE_WITHIN_TAXID (n=3); identical sequences from independent GenBank records, retained
MPDB002002	27349	Puccinia sorghi	fungi	PX955856.1	780	0	0		True	True	DUPLICATE_SEQUENCE_WITHIN_TAXID (n=3); identical sequences from independent GenBank records, retained
MPDB002003	276838	Physoderma maydis	fungi	AY601708.1	1698	7	0		True	True	
MPDB002004	276838	Physoderma maydis	fungi	AY997072.1	692	0	0		True	True	
MPDB002005	282267	Fusarium asiaticum	fungi	MZ353563.1	218	0	0		True	True	
MPDB002006	282267	Fusarium asiaticum	fungi	ON492625.1	1179	0	0		True	True	
MPDB002007	282267	Fusarium asiaticum	fungi	OR143379.1	531	0	0		True	True	
MPDB002008	282267	Fusarium asiaticum	fungi	OR565903.1	509	0	0		True	True	
MPDB002009	282267	Fusarium asiaticum	fungi	OR733675.1	520	0	0		True	True	
MPDB002010	282267	Fusarium asiaticum	fungi	OR735579.1	516	0	0		True	True	
MPDB002011	282267	Fusarium asiaticum	fungi	OR735582.1	514	0	0		True	True	
MPDB002012	282267	Fusarium asiaticum	fungi	OR735583.1	539	0	0		True	True	
MPDB002013	282267	Fusarium asiaticum	fungi	OR735585.1	514	0	0		True	True	
MPDB002014	282267	Fusarium asiaticum	fungi	OR880595.1	551	0	0		True	True	
MPDB002015	282267	Fusarium asiaticum	fungi	OR888992.1	285	0	0		True	True	
MPDB002016	282267	Fusarium asiaticum	fungi	OR975670.1	506	0	0		True	True	
MPDB002017	282267	Fusarium asiaticum	fungi	PP033955.1	486	0	0		True	True	
MPDB002018	282267	Fusarium asiaticum	fungi	PP087929.1	506	0	0		True	True	
MPDB002019	282267	Fusarium asiaticum	fungi	PP087930.1	507	0	0		True	True	
MPDB002020	282267	Fusarium asiaticum	fungi	PP087931.1	502	0	0		True	True	
MPDB002021	282267	Fusarium asiaticum	fungi	PP087932.1	501	0	0		True	True	
MPDB002022	282267	Fusarium asiaticum	fungi	PP087933.1	518	0	0		True	True	
MPDB002023	282267	Fusarium asiaticum	fungi	PP087934.1	517	0	0		True	True	
MPDB002024	282267	Fusarium asiaticum	fungi	PP087935.1	509	0	0		True	True	
MPDB002025	282267	Fusarium asiaticum	fungi	PP087936.1	500	0	0		True	True	
MPDB002026	282267	Fusarium asiaticum	fungi	PP357976.1	554	0	0		True	True	
MPDB002027	282267	Fusarium asiaticum	fungi	PP422018.1	548	0	0		True	True	
MPDB002028	282267	Fusarium asiaticum	fungi	PP474103.1	487	0	0		True	True	
MPDB002029	282267	Fusarium asiaticum	fungi	PP710694.1	530	0	0		True	True	
MPDB002030	282267	Fusarium asiaticum	fungi	PP905109.1	570	0	1	M	True	True	
MPDB002031	282267	Fusarium asiaticum	fungi	PQ152259.1	544	0	0		True	True	
MPDB002032	282267	Fusarium asiaticum	fungi	PQ219475.1	531	0	0		True	True	
MPDB002033	282267	Fusarium asiaticum	fungi	PV367982.1	480	0	0		True	True	
MPDB002034	282267	Fusarium asiaticum	fungi	PV367983.1	504	0	0		True	True	
MPDB002035	282267	Fusarium asiaticum	fungi	PV459639.1	516	0	0		True	True	
MPDB002036	282267	Fusarium asiaticum	fungi	PV569524.1	511	0	0		True	True	
MPDB002037	282267	Fusarium asiaticum	fungi	PV581227.1	223	0	0		True	True	
MPDB002038	282267	Fusarium asiaticum	fungi	PX057298.1	537	0	0		True	True	
MPDB002039	282267	Fusarium asiaticum	fungi	PX057303.1	513	0	0		True	True	
MPDB002040	282267	Fusarium asiaticum	fungi	PX057310.1	529	0	0		True	True	
MPDB002041	282267	Fusarium asiaticum	fungi	PZ266785.1	476	0	0		True	True	
MPDB002042	282267	Fusarium asiaticum	fungi	PZ266813.1	489	0	0		True	True	
MPDB002043	282267	Fusarium asiaticum	fungi	PZ466060.1	476	0	0		True	True	
MPDB002044	282267	Fusarium asiaticum	fungi	PZ466061.1	470	0	0		True	True	
MPDB002045	282267	Fusarium asiaticum	fungi	PZ671480.1	547	0	0		True	True	
MPDB002046	282267	Fusarium asiaticum	fungi	PZ671481.1	547	0	0		True	True	
MPDB002047	282267	Fusarium asiaticum	fungi	PZ780547.1	471	0	0		True	True	
MPDB002048	282269	Fusarium meridionale	fungi	KY466816.1	492	0	0		True	True	
MPDB002049	282269	Fusarium meridionale	fungi	KY466821.1	492	0	0		True	True	
MPDB002050	282269	Fusarium meridionale	fungi	KY466822.1	498	0	0		True	True	
MPDB002051	282269	Fusarium meridionale	fungi	KY466823.1	493	0	0		True	True	
MPDB002052	282269	Fusarium meridionale	fungi	KY466835.1	492	0	0		True	True	
MPDB002053	282269	Fusarium meridionale	fungi	KY466836.1	491	0	0		True	True	
MPDB002054	282269	Fusarium meridionale	fungi	KY466837.1	492	0	0		True	True	
MPDB002055	282269	Fusarium meridionale	fungi	KY466839.1	496	0	0		True	True	
MPDB002056	282269	Fusarium meridionale	fungi	KY466876.1	504	0	0		True	True	
MPDB002057	282269	Fusarium meridionale	fungi	KY466877.1	499	0	0		True	True	
MPDB002058	282269	Fusarium meridionale	fungi	KY466878.1	503	0	0		True	True	
MPDB002059	282269	Fusarium meridionale	fungi	KY466883.1	502	0	0		True	True	
MPDB002060	282269	Fusarium meridionale	fungi	KY466887.1	494	0	0		True	True	
MPDB002061	282269	Fusarium meridionale	fungi	MK524722.1	493	0	0		True	True	
MPDB002062	282269	Fusarium meridionale	fungi	MW016620.1	514	0	0		True	True	
MPDB002063	282269	Fusarium meridionale	fungi	MW016621.1	480	0	0		True	True	
MPDB002064	282269	Fusarium meridionale	fungi	MW016622.1	481	0	0		True	True	
MPDB002065	282269	Fusarium meridionale	fungi	OR538625.1	511	0	0		True	True	
MPDB002066	282269	Fusarium meridionale	fungi	OR538638.1	511	0	0		True	True	
MPDB002067	282269	Fusarium meridionale	fungi	PQ295802.1	541	0	0		True	True	
MPDB002068	282269	Fusarium meridionale	fungi	PQ295805.1	543	0	0		True	True	
MPDB002069	282269	Fusarium meridionale	fungi	PX447086.1	541	0	0		True	True	
MPDB002070	282269	Fusarium meridionale	fungi	PX789767.1	447	0	0		True	True	
MPDB002071	282269	Fusarium meridionale	fungi	PX789770.1	447	0	0		True	True	
MPDB002072	282269	Fusarium meridionale	fungi	PX789772.1	447	0	0		True	True	
MPDB002073	282269	Fusarium meridionale	fungi	PX789782.1	447	0	0		True	True	
MPDB002074	282269	Fusarium meridionale	fungi	PX789783.1	446	0	0		True	True	
MPDB002075	282269	Fusarium meridionale	fungi	PX789784.1	447	0	0		True	True	
MPDB002076	282271	Fusarium boothii	fungi	MH860690.1	1131	0	0		True	True	
MPDB002077	282271	Fusarium boothii	fungi	ON207915.1	859	0	0		True	True	
MPDB002078	282271	Fusarium boothii	fungi	ON207918.1	824	0	0		True	True	
MPDB002079	282271	Fusarium boothii	fungi	ON207920.1	857	0	0		True	True	
MPDB002080	282271	Fusarium boothii	fungi	ON207921.1	860	0	0		True	True	
MPDB002081	282271	Fusarium boothii	fungi	ON207922.1	863	0	0		True	True	
MPDB002082	282271	Fusarium boothii	fungi	ON207927.1	860	0	0		True	True	
MPDB002083	282271	Fusarium boothii	fungi	ON209618.1	861	0	0		True	True	
MPDB002084	282271	Fusarium boothii	fungi	ON492702.1	1190	0	0		True	True	
MPDB002085	282271	Fusarium boothii	fungi	OP163634.1	550	0	0		True	True	
MPDB002086	282271	Fusarium boothii	fungi	OP163654.1	553	0	0		True	True	
MPDB002087	282271	Fusarium boothii	fungi	OP163698.1	552	0	0		True	True	
MPDB002088	282271	Fusarium boothii	fungi	OP782316.2	523	0	0		True	True	
MPDB002089	282271	Fusarium boothii	fungi	OQ421787.1	498	0	0		True	True	
MPDB002090	282271	Fusarium boothii	fungi	OQ421788.1	511	0	0		True	True	
MPDB002091	282271	Fusarium boothii	fungi	OQ421789.1	505	0	0		True	True	
MPDB002092	282271	Fusarium boothii	fungi	OQ421790.1	488	0	0		True	True	
MPDB002093	282271	Fusarium boothii	fungi	OQ421791.1	497	0	0		True	True	
MPDB002094	282271	Fusarium boothii	fungi	OQ421792.1	502	0	0		True	True	
MPDB002095	282271	Fusarium boothii	fungi	OQ421793.1	500	0	0		True	True	
MPDB002096	282271	Fusarium boothii	fungi	OQ421794.1	506	0	0		True	True	
MPDB002097	282271	Fusarium boothii	fungi	OQ421795.1	508	0	0		True	True	
MPDB002098	282271	Fusarium boothii	fungi	OQ422856.1	579	0	0		True	True	
MPDB002099	282271	Fusarium boothii	fungi	OQ422857.1	489	0	0		True	True	
MPDB002100	282271	Fusarium boothii	fungi	OQ422858.1	572	0	0		True	True	
MPDB002101	282271	Fusarium boothii	fungi	OQ422859.1	505	0	0		True	True	
MPDB002102	282271	Fusarium boothii	fungi	OR245537.1	547	0	0		True	True	
MPDB002103	282271	Fusarium boothii	fungi	OR400431.1	543	0	0		True	True	
MPDB002104	282271	Fusarium boothii	fungi	OR880018.1	454	0	0		True	True	
MPDB002105	282271	Fusarium boothii	fungi	OR880024.1	423	0	0		True	True	
MPDB002106	282271	Fusarium boothii	fungi	OR880036.1	466	0	0		True	True	
MPDB002107	282271	Fusarium boothii	fungi	PP125731.1	473	0	0		True	True	
MPDB002108	282271	Fusarium boothii	fungi	PP422017.1	539	0	0		True	True	
MPDB002109	282271	Fusarium boothii	fungi	PQ039684.1	503	0	0		True	True	
MPDB002110	282271	Fusarium boothii	fungi	PQ772045.1	561	0	0		True	True	
MPDB002111	282271	Fusarium boothii	fungi	PV562992.1	544	0	0		True	True	
MPDB002112	282271	Fusarium boothii	fungi	PV801542.1	452	0	0		True	True	
MPDB002113	282271	Fusarium boothii	fungi	PV801553.1	482	2	0		True	True	
MPDB002114	282271	Fusarium boothii	fungi	PV801562.1	417	0	0		True	True	
MPDB002115	282271	Fusarium boothii	fungi	PV927250.1	462	0	0		True	True	
MPDB002116	282271	Fusarium boothii	fungi	PX108382.1	528	0	0		True	True	
MPDB002117	282271	Fusarium boothii	fungi	PZ266803.1	476	0	0		True	True	
MPDB002118	282271	Fusarium boothii	fungi	PZ627247.1	832	0	0		True	True	
MPDB002119	28572	Penicillium funiculosum / Talaromyces funiculosus	fungi	LC901906.1	565	0	0		True	True	
MPDB002120	28572	Penicillium funiculosum / Talaromyces funiculosus	fungi	MH859993.1	1144	0	0		True	True	
MPDB002121	28572	Penicillium funiculosum / Talaromyces funiculosus	fungi	MH859994.1	1452	0	0		True	True	
MPDB002122	28572	Penicillium funiculosum / Talaromyces funiculosus	fungi	MH860395.1	504	0	0		True	True	
MPDB002123	28572	Penicillium funiculosum / Talaromyces funiculosus	fungi	MH860396.1	506	0	0		True	True	
MPDB002124	28572	Penicillium funiculosum / Talaromyces funiculosus	fungi	MH860684.1	581	0	0		True	True	
MPDB002125	28572	Penicillium funiculosum / Talaromyces funiculosus	fungi	MH861957.1	784	0	0		True	True	
MPDB002126	28572	Penicillium funiculosum / Talaromyces funiculosus	fungi	MH864243.1	587	0	0		True	True	
MPDB002127	28572	Penicillium funiculosum / Talaromyces funiculosus	fungi	MH864872.1	582	0	0		True	True	
MPDB002128	28572	Penicillium funiculosum / Talaromyces funiculosus	fungi	MH864919.1	539	0	0		True	True	
MPDB002129	28572	Penicillium funiculosum / Talaromyces funiculosus	fungi	MH864925.1	583	0	0		True	True	
MPDB002130	28572	Penicillium funiculosum / Talaromyces funiculosus	fungi	MH865292.1	575	0	0		True	True	
MPDB002131	28572	Penicillium funiculosum / Talaromyces funiculosus	fungi	MH865441.1	578	0	0		True	True	
MPDB002132	28572	Penicillium funiculosum / Talaromyces funiculosus	fungi	MH865549.1	582	0	0		True	True	
MPDB002133	28572	Penicillium funiculosum / Talaromyces funiculosus	fungi	MZ353523.1	245	0	0		True	True	
MPDB002134	28572	Penicillium funiculosum / Talaromyces funiculosus	fungi	MZ353530.1	247	0	0		True	True	
MPDB002135	28572	Penicillium funiculosum / Talaromyces funiculosus	fungi	MZ353546.1	247	0	0		True	True	
MPDB002136	28572	Penicillium funiculosum / Talaromyces funiculosus	fungi	MZ353561.1	245	0	0		True	True	
MPDB002137	28572	Penicillium funiculosum / Talaromyces funiculosus	fungi	PP844509.1	549	0	0		True	True	
MPDB002138	28572	Penicillium funiculosum / Talaromyces funiculosus	fungi	PQ555628.1	560	0	0		True	True	
MPDB002139	28572	Penicillium funiculosum / Talaromyces funiculosus	fungi	PQ721339.1	250	0	0		True	True	
MPDB002140	28572	Penicillium funiculosum / Talaromyces funiculosus	fungi	PV362176.1	522	0	0		True	True	
MPDB002141	28572	Penicillium funiculosum / Talaromyces funiculosus	fungi	PV363923.1	552	0	0		True	True	
MPDB002142	28572	Penicillium funiculosum / Talaromyces funiculosus	fungi	PV363924.1	557	0	0		True	True	
MPDB002143	28572	Penicillium funiculosum / Talaromyces funiculosus	fungi	PV363925.1	553	0	0		True	True	
MPDB002144	28572	Penicillium funiculosum / Talaromyces funiculosus	fungi	PV581222.1	252	0	0		True	True	
MPDB002145	28572	Penicillium funiculosum / Talaromyces funiculosus	fungi	PV652812.1	405	0	0		True	True	
MPDB002146	28572	Penicillium funiculosum / Talaromyces funiculosus	fungi	PV839589.1	542	0	0		True	True	
MPDB002147	28572	Penicillium funiculosum / Talaromyces funiculosus	fungi	PX287135.1	545	0	0		True	True	
MPDB002148	28572	Penicillium funiculosum / Talaromyces funiculosus	fungi	PX427499.1	587	0	0		True	True	
MPDB002149	28572	Penicillium funiculosum / Talaromyces funiculosus	fungi	PX471239.1	633	0	0		True	True	
MPDB002150	28572	Penicillium funiculosum / Talaromyces funiculosus	fungi	PX494403.1	569	0	0		True	True	
MPDB002151	28572	Penicillium funiculosum / Talaromyces funiculosus	fungi	PX503668.1	606	0	0		True	True	
MPDB002152	28572	Penicillium funiculosum / Talaromyces funiculosus	fungi	PX600458.1	526	0	0		True	True	
MPDB002153	28572	Penicillium funiculosum / Talaromyces funiculosus	fungi	PX830115.1	605	0	0		True	True	
MPDB002154	28572	Penicillium funiculosum / Talaromyces funiculosus	fungi	PX854934.1	490	0	0		True	True	
MPDB002155	28572	Penicillium funiculosum / Talaromyces funiculosus	fungi	PX916096.1	335	0	0		True	True	
MPDB002156	28572	Penicillium funiculosum / Talaromyces funiculosus	fungi	PX994870.1	625	0	0		True	True	
MPDB002157	28572	Penicillium funiculosum / Talaromyces funiculosus	fungi	PZ288163.1	512	0	0		True	True	
MPDB002158	28572	Penicillium funiculosum / Talaromyces funiculosus	fungi	PZ319438.1	499	0	0		True	True	
MPDB002159	28572	Penicillium funiculosum / Talaromyces funiculosus	fungi	PZ394571.1	572	0	0		True	True	
MPDB002160	28572	Penicillium funiculosum / Talaromyces funiculosus	fungi	PZ691477.1	253	0	0		True	True	
MPDB002161	28572	Penicillium funiculosum / Talaromyces funiculosus	fungi	PZ742578.1	591	0	0		True	True	
MPDB002162	298378	Fusarium incarnatum (F. semitectum)	fungi	MH854830.1	544	0	0		True	True	
MPDB002163	298378	Fusarium incarnatum (F. semitectum)	fungi	MH857950.1	543	0	0		True	True	
MPDB002164	298378	Fusarium incarnatum (F. semitectum)	fungi	MH857951.1	544	0	0		True	True	
MPDB002165	298378	Fusarium incarnatum (F. semitectum)	fungi	MH859944.1	470	0	0		True	True	
MPDB002166	298378	Fusarium incarnatum (F. semitectum)	fungi	MH865892.1	545	0	0		True	True	
MPDB002167	298378	Fusarium incarnatum (F. semitectum)	fungi	MH865893.1	515	0	0		True	True	
MPDB002168	298378	Fusarium incarnatum (F. semitectum)	fungi	MH865894.1	464	0	0		True	True	
MPDB002169	298378	Fusarium incarnatum (F. semitectum)	fungi	MH865895.1	491	0	0		True	True	
MPDB002170	298378	Fusarium incarnatum (F. semitectum)	fungi	MH865896.1	543	0	0		True	True	
MPDB002171	298378	Fusarium incarnatum (F. semitectum)	fungi	MH865897.1	543	0	0		True	True	
MPDB002172	298378	Fusarium incarnatum (F. semitectum)	fungi	MH866000.1	544	0	0		True	True	
MPDB002173	298378	Fusarium incarnatum (F. semitectum)	fungi	MH866002.1	544	0	0		True	True	
MPDB002174	298378	Fusarium incarnatum (F. semitectum)	fungi	PV076917.1	545	0	0		True	True	
MPDB002175	298378	Fusarium incarnatum (F. semitectum)	fungi	PX312709.1	529	0	0		True	True	
MPDB002176	298378	Fusarium incarnatum (F. semitectum)	fungi	PX312713.1	1133	0	0		True	True	
MPDB002177	298378	Fusarium incarnatum (F. semitectum)	fungi	PX312714.1	614	0	0		True	True	
MPDB002178	298378	Fusarium incarnatum (F. semitectum)	fungi	PZ025892.1	531	0	0		True	True	
MPDB002179	298378	Fusarium incarnatum (F. semitectum)	fungi	PZ025893.1	532	0	0		True	True	
MPDB002180	298378	Fusarium incarnatum (F. semitectum)	fungi	PZ306215.1	425	0	0		True	True	
MPDB002181	298378	Fusarium incarnatum (F. semitectum)	fungi	PZ366124.1	525	0	0		True	True	
MPDB002182	298378	Fusarium incarnatum (F. semitectum)	fungi	PZ368453.1	454	0	0		True	True	
MPDB002183	298378	Fusarium incarnatum (F. semitectum)	fungi	PZ384665.1	535	0	0		True	True	
MPDB002184	298378	Fusarium incarnatum (F. semitectum)	fungi	PZ403190.1	532	0	0		True	True	
MPDB002185	298378	Fusarium incarnatum (F. semitectum)	fungi	PZ413130.1	497	0	0		True	True	
MPDB002186	298378	Fusarium incarnatum (F. semitectum)	fungi	PZ413567.1	518	0	0		True	True	
MPDB002187	298378	Fusarium incarnatum (F. semitectum)	fungi	PZ432629.1	572	0	0		True	True	
MPDB002188	298378	Fusarium incarnatum (F. semitectum)	fungi	PZ432652.1	574	0	0		True	True	
MPDB002189	298378	Fusarium incarnatum (F. semitectum)	fungi	PZ433257.1	519	0	0		True	True	
MPDB002190	298378	Fusarium incarnatum (F. semitectum)	fungi	PZ509288.1	538	0	0		True	True	
MPDB002191	298378	Fusarium incarnatum (F. semitectum)	fungi	PZ540807.1	499	0	0		True	True	
MPDB002192	298378	Fusarium incarnatum (F. semitectum)	fungi	PZ556446.1	524	0	0		True	True	
MPDB002193	298378	Fusarium incarnatum (F. semitectum)	fungi	PZ586688.1	558	0	0		True	True	
MPDB002194	298378	Fusarium incarnatum (F. semitectum)	fungi	PZ586743.1	518	0	0		True	True	
MPDB002195	298378	Fusarium incarnatum (F. semitectum)	fungi	PZ611343.1	516	0	0		True	True	
MPDB002196	298378	Fusarium incarnatum (F. semitectum)	fungi	PZ626031.1	446	0	0		True	True	
MPDB002197	298378	Fusarium incarnatum (F. semitectum)	fungi	PZ673698.1	553	0	0		True	True	
MPDB002198	298378	Fusarium incarnatum (F. semitectum)	fungi	PZ675169.1	439	0	0		True	True	
MPDB002199	298378	Fusarium incarnatum (F. semitectum)	fungi	PZ695144.1	461	0	0		True	True	
MPDB002200	298378	Fusarium incarnatum (F. semitectum)	fungi	PZ710561.1	554	0	0		True	True	
MPDB002201	298378	Fusarium incarnatum (F. semitectum)	fungi	PZ779759.1	578	0	0		True	True	
MPDB002202	298378	Fusarium incarnatum (F. semitectum)	fungi	PZ779762.1	576	0	0		True	True	
MPDB002203	298378	Fusarium incarnatum (F. semitectum)	fungi	PZ779763.1	572	0	0		True	True	
MPDB002204	298378	Fusarium incarnatum (F. semitectum)	fungi	PZ780070.1	525	0	0		True	True	
MPDB002205	29850	Gaeumannomyces graminis	fungi	JF414847.1	534	1	0		True	True	
MPDB002206	29850	Gaeumannomyces graminis	fungi	JF414848.1	536	1	0		True	True	
MPDB002207	29850	Gaeumannomyces graminis	fungi	JF414849.1	537	2	0		True	True	
MPDB002208	29850	Gaeumannomyces graminis	fungi	JF710374.1	528	2	0		True	True	
MPDB002209	29850	Gaeumannomyces graminis	fungi	JQ658339.1	519	0	0		True	True	
MPDB002210	29850	Gaeumannomyces graminis	fungi	KC989064.1	569	0	0		True	True	
MPDB002211	29850	Gaeumannomyces graminis	fungi	KJ188682.1	518	0	0		True	True	
MPDB002212	29850	Gaeumannomyces graminis	fungi	KJ572178.1	553	0	0		True	True	
MPDB002213	29850	Gaeumannomyces graminis	fungi	KP288244.1	530	0	0		True	True	
MPDB002214	29850	Gaeumannomyces graminis	fungi	KP404099.1	516	0	0		True	True	
MPDB002215	29850	Gaeumannomyces graminis	fungi	KR534655.1	466	0	0		True	True	
MPDB002216	29850	Gaeumannomyces graminis	fungi	KR610476.1	430	0	0		True	True	
MPDB002217	29850	Gaeumannomyces graminis	fungi	KR610477.1	429	0	0		True	True	
MPDB002218	29850	Gaeumannomyces graminis	fungi	KR610479.1	429	0	0		True	True	
MPDB002219	29850	Gaeumannomyces graminis	fungi	KR610481.1	430	0	0		True	True	
MPDB002220	29850	Gaeumannomyces graminis	fungi	KR610482.1	430	0	0		True	True	
MPDB002221	29850	Gaeumannomyces graminis	fungi	KR610485.1	431	0	0		True	True	
MPDB002222	29850	Gaeumannomyces graminis	fungi	KR610486.1	431	0	0		True	True	
MPDB002223	29850	Gaeumannomyces graminis	fungi	KR610487.1	430	0	0		True	True	
MPDB002224	29850	Gaeumannomyces graminis	fungi	KR610489.1	429	0	0		True	True	
MPDB002225	29850	Gaeumannomyces graminis	fungi	KR610490.1	429	0	0		True	True	
MPDB002226	29850	Gaeumannomyces graminis	fungi	KT692582.1	548	0	0		True	True	
MPDB002227	29850	Gaeumannomyces graminis	fungi	KU204557.1	515	0	0		True	True	
MPDB002228	29850	Gaeumannomyces graminis	fungi	KU574696.1	540	0	0		True	True	
MPDB002229	29850	Gaeumannomyces graminis	fungi	KU680382.1	527	0	0		True	True	
MPDB002230	29850	Gaeumannomyces graminis	fungi	KX306498.1	687	0	0		True	True	
MPDB002231	29850	Gaeumannomyces graminis	fungi	KX306499.1	681	0	0		True	True	
MPDB002232	29850	Gaeumannomyces graminis	fungi	KX306500.1	688	0	0		True	True	
MPDB002233	29850	Gaeumannomyces graminis	fungi	KX306501.1	687	0	0		True	True	
MPDB002234	29850	Gaeumannomyces graminis	fungi	KX306502.1	691	0	0		True	True	
MPDB002235	29850	Gaeumannomyces graminis	fungi	KX306503.1	691	0	0		True	True	
MPDB002236	29850	Gaeumannomyces graminis	fungi	KX306504.1	688	0	0		True	True	
MPDB002237	29850	Gaeumannomyces graminis	fungi	KX306505.1	691	0	0		True	True	
MPDB002238	29850	Gaeumannomyces graminis	fungi	KY570518.1	538	0	0		True	True	
MPDB002239	29850	Gaeumannomyces graminis	fungi	KY570519.1	540	0	0		True	True	
MPDB002240	29850	Gaeumannomyces graminis	fungi	MK281686.1	223	0	0		True	True	
MPDB002241	29850	Gaeumannomyces graminis	fungi	MK934588.1	524	0	0		True	True	
MPDB002242	29850	Gaeumannomyces graminis	fungi	MN587994.1	490	0	0		True	True	
MPDB002243	29850	Gaeumannomyces graminis	fungi	MT446125.1	688	0	0		True	True	
MPDB002244	29850	Gaeumannomyces graminis	fungi	MW157765.1	260	0	0		True	True	
MPDB002245	29850	Gaeumannomyces graminis	fungi	MZ513052.1	477	0	0		True	True	
MPDB002246	29850	Gaeumannomyces graminis	fungi	OM262259.1	550	1	0		True	True	
MPDB002247	29850	Gaeumannomyces graminis	fungi	OM262261.1	531	0	0		True	True	
MPDB002248	29917	Cladosporium cladosporioides	fungi	MH857281.1	509	0	0		True	True	
MPDB002249	29917	Cladosporium cladosporioides	fungi	MH863917.1	549	0	0		True	True	
MPDB002250	29917	Cladosporium cladosporioides	fungi	MH863979.1	567	0	0		True	True	
MPDB002251	29917	Cladosporium cladosporioides	fungi	MH864012.1	561	0	0		True	True	
MPDB002252	29917	Cladosporium cladosporioides	fungi	MH864338.1	575	0	0		True	True	
MPDB002253	29917	Cladosporium cladosporioides	fungi	MH864397.1	550	0	0		True	True	
MPDB002254	29917	Cladosporium cladosporioides	fungi	MH864399.1	563	0	0		True	True	
MPDB002255	29917	Cladosporium cladosporioides	fungi	MH864505.1	685	0	0		True	True	
MPDB002256	29917	Cladosporium cladosporioides	fungi	MH864528.1	550	0	0		True	True	
MPDB002257	29917	Cladosporium cladosporioides	fungi	MH864765.1	553	0	0		True	True	
MPDB002258	29917	Cladosporium cladosporioides	fungi	MH864834.1	551	0	0		True	True	
MPDB002259	29917	Cladosporium cladosporioides	fungi	MH865207.1	552	0	0		True	True	
MPDB002260	29917	Cladosporium cladosporioides	fungi	PP844230.1	478	0	0		True	True	
MPDB002261	29917	Cladosporium cladosporioides	fungi	PP844306.1	478	0	0		True	True	
MPDB002262	29917	Cladosporium cladosporioides	fungi	PP922467.1	524	0	0		True	True	
MPDB002263	29917	Cladosporium cladosporioides	fungi	PQ350598.1	482	0	0		True	True	
MPDB002264	29917	Cladosporium cladosporioides	fungi	PQ350611.1	482	0	0		True	True	
MPDB002265	29917	Cladosporium cladosporioides	fungi	PQ350620.1	487	0	0		True	True	
MPDB002266	29917	Cladosporium cladosporioides	fungi	PQ350628.1	484	0	0		True	True	
MPDB002267	29917	Cladosporium cladosporioides	fungi	PQ350633.1	489	0	0		True	True	
MPDB002268	29917	Cladosporium cladosporioides	fungi	PQ350635.1	488	0	0		True	True	
MPDB002269	29917	Cladosporium cladosporioides	fungi	PV620203.1	558	0	0		True	True	
MPDB002270	29917	Cladosporium cladosporioides	fungi	PX071371.1	512	0	0		True	True	
MPDB002271	29917	Cladosporium cladosporioides	fungi	PX071389.1	511	0	0		True	True	
MPDB002272	29917	Cladosporium cladosporioides	fungi	PX132778.1	552	0	0		True	True	
MPDB002273	29917	Cladosporium cladosporioides	fungi	PX587824.1	1430	0	0		True	True	
MPDB002274	29917	Cladosporium cladosporioides	fungi	PZ575793.1	522	0	0		True	True	
MPDB002275	29917	Cladosporium cladosporioides	fungi	PZ575807.1	523	0	0		True	True	
MPDB002276	29917	Cladosporium cladosporioides	fungi	PZ575811.1	519	0	0		True	True	
MPDB002277	29917	Cladosporium cladosporioides	fungi	PZ575815.1	520	0	0		True	True	
MPDB002278	29917	Cladosporium cladosporioides	fungi	PZ579211.1	530	0	0		True	True	
MPDB002279	29917	Cladosporium cladosporioides	fungi	PZ579228.1	526	0	0		True	True	
MPDB002280	29917	Cladosporium cladosporioides	fungi	PZ658197.1	495	0	0		True	True	
MPDB002281	29917	Cladosporium cladosporioides	fungi	PZ661514.1	481	0	0		True	True	
MPDB002282	29917	Cladosporium cladosporioides	fungi	PZ691839.1	258	0	0		True	True	
MPDB002283	29917	Cladosporium cladosporioides	fungi	PZ706475.1	478	0	0		True	True	
MPDB002284	29917	Cladosporium cladosporioides	fungi	PZ719801.1	426	0	0		True	True	
MPDB002285	29917	Cladosporium cladosporioides	fungi	PZ728842.1	507	0	0		True	True	
MPDB002286	29917	Cladosporium cladosporioides	fungi	PZ770543.1	355	0	0		True	True	
MPDB002287	29917	Cladosporium cladosporioides	fungi	PZ794430.1	530	0	0		True	True	
MPDB002288	29917	Cladosporium cladosporioides	fungi	PZ816501.1	556	0	0		True	True	
MPDB002289	29917	Cladosporium cladosporioides	fungi	PZ818897.1	588	0	0		True	True	
MPDB002290	29917	Cladosporium cladosporioides	fungi	PZ830435.1	479	0	0		True	True	
MPDB002291	29918	Cladosporium herbarum	fungi	MH856530.1	479	0	0		True	True	
MPDB002292	29918	Cladosporium herbarum	fungi	MH856534.1	497	0	0		True	True	
MPDB002293	29918	Cladosporium herbarum	fungi	MH863793.1	572	0	0		True	True	
MPDB002294	29918	Cladosporium herbarum	fungi	MH863798.1	702	1	0		True	True	
MPDB002295	29918	Cladosporium herbarum	fungi	MH863980.1	575	0	0		True	True	
MPDB002296	29918	Cladosporium herbarum	fungi	MH863981.1	577	0	0		True	True	
MPDB002297	29918	Cladosporium herbarum	fungi	MH864758.1	514	0	0		True	True	
MPDB002298	29918	Cladosporium herbarum	fungi	MH864772.1	551	0	0		True	True	
MPDB002299	29918	Cladosporium herbarum	fungi	MH864860.1	565	0	0		True	True	
MPDB002300	29918	Cladosporium herbarum	fungi	MH864921.1	564	0	0		True	True	
MPDB002301	29918	Cladosporium herbarum	fungi	MH865142.1	521	0	0		True	True	
MPDB002302	29918	Cladosporium herbarum	fungi	MH865203.1	550	0	0		True	True	
MPDB002303	29918	Cladosporium herbarum	fungi	PQ206470.1	463	0	0		True	True	
MPDB002304	29918	Cladosporium herbarum	fungi	PQ671421.1	471	0	0		True	True	
MPDB002305	29918	Cladosporium herbarum	fungi	PQ770979.1	478	0	0		True	True	
MPDB002306	29918	Cladosporium herbarum	fungi	PV610483.1	502	0	0		True	True	
MPDB002307	29918	Cladosporium herbarum	fungi	PV620838.1	1429	0	0		True	True	
MPDB002308	29918	Cladosporium herbarum	fungi	PV627107.1	230	0	0		True	True	
MPDB002309	29918	Cladosporium herbarum	fungi	PV926999.1	499	0	0		True	True	
MPDB002310	29918	Cladosporium herbarum	fungi	PX251922.1	426	0	0		True	True	
MPDB002311	29918	Cladosporium herbarum	fungi	PX307988.1	400	0	0		True	True	
MPDB002312	29918	Cladosporium herbarum	fungi	PX387364.1	191	0	0		True	True	
MPDB002313	29918	Cladosporium herbarum	fungi	PX487951.1	582	0	0		True	True	
MPDB002314	29918	Cladosporium herbarum	fungi	PX642697.1	499	0	0		True	True	
MPDB002315	29918	Cladosporium herbarum	fungi	PX789605.1	480	0	0		True	True	
MPDB002316	29918	Cladosporium herbarum	fungi	PX875864.1	226	0	0		True	True	
MPDB002317	29918	Cladosporium herbarum	fungi	PX917478.1	488	0	0		True	True	
MPDB002318	29918	Cladosporium herbarum	fungi	PZ027909.1	480	0	0		True	True	
MPDB002319	29918	Cladosporium herbarum	fungi	PZ059824.1	500	0	0		True	True	
MPDB002320	29918	Cladosporium herbarum	fungi	PZ135076.1	472	0	0		True	True	
MPDB002321	29918	Cladosporium herbarum	fungi	PZ177861.1	390	0	0		True	True	
MPDB002322	29918	Cladosporium herbarum	fungi	PZ204099.1	460	0	0		True	True	
MPDB002323	29918	Cladosporium herbarum	fungi	PZ204109.1	460	0	0		True	True	
MPDB002324	29918	Cladosporium herbarum	fungi	PZ242070.1	487	0	0		True	True	
MPDB002325	29918	Cladosporium herbarum	fungi	PZ278099.1	533	0	0		True	True	
MPDB002326	29918	Cladosporium herbarum	fungi	PZ278104.1	540	0	0		True	True	
MPDB002327	29918	Cladosporium herbarum	fungi	PZ465749.1	505	0	0		True	True	
MPDB002328	29918	Cladosporium herbarum	fungi	PZ567589.1	526	0	0		True	True	
MPDB002329	29918	Cladosporium herbarum	fungi	PZ627261.1	615	0	0		True	True	
MPDB002330	29918	Cladosporium herbarum	fungi	PZ658223.1	506	0	0		True	True	
MPDB002331	29918	Cladosporium herbarum	fungi	PZ690027.1	336	0	0		True	True	
MPDB002332	29918	Cladosporium herbarum	fungi	PZ690029.1	336	0	0		True	True	
MPDB002333	29918	Cladosporium herbarum	fungi	PZ742013.1	514	0	0		True	True	
MPDB002334	3021703	Marasmiellus inoderma	fungi	OQ282825.1	692	0	0		True	True	
MPDB002335	31870	Colletotrichum graminicola /Glomerella graminicola	fungi	OM100560.1	588	0	0		True	True	
MPDB002336	31870	Colletotrichum graminicola /Glomerella graminicola	fungi	OM744895.1	274	0	0		True	True	
MPDB002337	31870	Colletotrichum graminicola /Glomerella graminicola	fungi	ON207619.1	957	0	0		True	True	
MPDB002338	31870	Colletotrichum graminicola /Glomerella graminicola	fungi	OQ708382.1	513	0	0		True	True	
MPDB002339	31870	Colletotrichum graminicola /Glomerella graminicola	fungi	OQ708383.1	529	0	0		True	True	
MPDB002340	31870	Colletotrichum graminicola /Glomerella graminicola	fungi	OR652903.1	215	0	0		True	True	
MPDB002341	31870	Colletotrichum graminicola /Glomerella graminicola	fungi	OR652904.1	215	0	0		True	True	
MPDB002342	31870	Colletotrichum graminicola /Glomerella graminicola	fungi	OR672067.1	591	15	0		True	True	
MPDB002343	31870	Colletotrichum graminicola /Glomerella graminicola	fungi	OR672083.1	600	0	0		True	True	
MPDB002344	31870	Colletotrichum graminicola /Glomerella graminicola	fungi	PP175020.1	600	0	0		True	True	
MPDB002345	31870	Colletotrichum graminicola /Glomerella graminicola	fungi	PP175021.1	652	0	0		True	True	
MPDB002346	31870	Colletotrichum graminicola /Glomerella graminicola	fungi	PP175022.1	626	0	0		True	True	
MPDB002347	31870	Colletotrichum graminicola /Glomerella graminicola	fungi	PP175023.1	620	0	0		True	True	
MPDB002348	31870	Colletotrichum graminicola /Glomerella graminicola	fungi	PP175024.1	666	0	0		True	True	
MPDB002349	31870	Colletotrichum graminicola /Glomerella graminicola	fungi	PP175025.1	566	0	0		True	True	
MPDB002350	31870	Colletotrichum graminicola /Glomerella graminicola	fungi	PP175026.1	514	0	0		True	True	
MPDB002351	31870	Colletotrichum graminicola /Glomerella graminicola	fungi	PP175029.1	600	0	0		True	True	
MPDB002352	31870	Colletotrichum graminicola /Glomerella graminicola	fungi	PP175030.1	636	0	0		True	True	
MPDB002353	31870	Colletotrichum graminicola /Glomerella graminicola	fungi	PP175031.1	651	0	0		True	True	
MPDB002354	31870	Colletotrichum graminicola /Glomerella graminicola	fungi	PP175032.1	603	0	0		True	True	
MPDB002355	31870	Colletotrichum graminicola /Glomerella graminicola	fungi	PP175033.1	600	0	0		True	True	
MPDB002356	31870	Colletotrichum graminicola /Glomerella graminicola	fungi	PP216364.1	514	0	0		True	True	
MPDB002357	31870	Colletotrichum graminicola /Glomerella graminicola	fungi	PP794884.1	581	0	1	Y	True	True	
MPDB002358	31870	Colletotrichum graminicola /Glomerella graminicola	fungi	PP921285.1	502	0	0		True	True	
MPDB002359	31870	Colletotrichum graminicola /Glomerella graminicola	fungi	PV111058.1	557	0	0		True	True	
MPDB002360	31870	Colletotrichum graminicola /Glomerella graminicola	fungi	PV200082.1	585	0	0		True	True	
MPDB002361	31870	Colletotrichum graminicola /Glomerella graminicola	fungi	PV200083.1	568	0	0		True	True	
MPDB002362	31870	Colletotrichum graminicola /Glomerella graminicola	fungi	PV726012.1	541	0	0		True	True	
MPDB002363	31870	Colletotrichum graminicola /Glomerella graminicola	fungi	PV726013.1	553	0	0		True	True	
MPDB002364	31870	Colletotrichum graminicola /Glomerella graminicola	fungi	PV726014.1	549	0	0		True	True	
MPDB002365	31870	Colletotrichum graminicola /Glomerella graminicola	fungi	PV726019.1	553	0	0		True	True	
MPDB002366	31870	Colletotrichum graminicola /Glomerella graminicola	fungi	PV726020.1	554	0	0		True	True	
MPDB002367	31870	Colletotrichum graminicola /Glomerella graminicola	fungi	PV726021.1	552	0	0		True	True	
MPDB002368	31870	Colletotrichum graminicola /Glomerella graminicola	fungi	PV726033.1	558	0	0		True	True	
MPDB002369	31870	Colletotrichum graminicola /Glomerella graminicola	fungi	PV726038.1	559	0	0		True	True	
MPDB002370	31870	Colletotrichum graminicola /Glomerella graminicola	fungi	PV726039.1	549	0	0		True	True	
MPDB002371	31870	Colletotrichum graminicola /Glomerella graminicola	fungi	PV726040.1	550	0	0		True	True	
MPDB002372	31870	Colletotrichum graminicola /Glomerella graminicola	fungi	PV726041.1	561	0	0		True	True	
MPDB002373	31870	Colletotrichum graminicola /Glomerella graminicola	fungi	PX736229.1	559	0	0		True	True	
MPDB002374	31870	Colletotrichum graminicola /Glomerella graminicola	fungi	PX974531.1	493	0	0		True	True	
MPDB002375	31870	Colletotrichum graminicola /Glomerella graminicola	fungi	PX974532.1	552	0	0		True	True	
MPDB002376	31870	Colletotrichum graminicola /Glomerella graminicola	fungi	PZ360773.1	587	0	0		True	True	
MPDB002377	318706	Curvularia pallescens	fungi	AB288408.1	205	0	0		True	True	
MPDB002378	318706	Curvularia pallescens	fungi	AB288409.1	206	0	0		True	True	
MPDB002379	318706	Curvularia pallescens	fungi	EU339370.1	535	0	0		True	True	
MPDB002380	318706	Curvularia pallescens	fungi	JN006786.1	490	0	0		True	True	
MPDB002381	318706	Curvularia pallescens	fungi	JQ585675.1	534	0	0		True	True	
MPDB002382	318706	Curvularia pallescens	fungi	KJ922380.1	508	0	0		True	True	
MPDB002383	318706	Curvularia pallescens	fungi	MH855614.1	606	0	0		True	True	
MPDB002384	318706	Curvularia pallescens	fungi	MH856585.1	534	0	0		True	True	
MPDB002385	318706	Curvularia pallescens	fungi	MK426806.1	495	0	0		True	True	
MPDB002386	318706	Curvularia pallescens	fungi	MK583547.1	555	0	0		True	True	
MPDB002387	318706	Curvularia pallescens	fungi	MN055718.1	399	0	0		True	True	
MPDB002388	318706	Curvularia pallescens	fungi	OM262208.1	570	0	0		True	True	
MPDB002389	318710	Leptosphaerulina australis	fungi	MH857342.1	701	0	0		True	True	
MPDB002390	318710	Leptosphaerulina australis	fungi	MH857343.1	560	0	0		True	True	
MPDB002391	318710	Leptosphaerulina australis	fungi	MH857344.1	691	0	0		True	True	
MPDB002392	318710	Leptosphaerulina australis	fungi	MH857766.1	557	0	0		True	True	
MPDB002393	318710	Leptosphaerulina australis	fungi	MH859488.1	485	0	0		True	True	
MPDB002394	318710	Leptosphaerulina australis	fungi	MH861604.1	498	0	0		True	True	
MPDB002395	318710	Leptosphaerulina australis	fungi	MH862995.1	570	0	0		True	True	
MPDB002396	318710	Leptosphaerulina australis	fungi	MN972986.1	449	0	0		True	True	
MPDB002397	318710	Leptosphaerulina australis	fungi	MN972987.1	468	0	0		True	True	
MPDB002398	318710	Leptosphaerulina australis	fungi	MN973372.2	1427	3	0		True	True	
MPDB002399	318710	Leptosphaerulina australis	fungi	MN973373.2	1305	3	0		True	True	
MPDB002400	318710	Leptosphaerulina australis	fungi	MN973374.2	1408	3	0		True	True	
MPDB002401	318710	Leptosphaerulina australis	fungi	MN973375.2	1321	3	0		True	True	
MPDB002402	318710	Leptosphaerulina australis	fungi	MN973376.2	1346	3	0		True	True	
MPDB002403	318710	Leptosphaerulina australis	fungi	MW063542.1	708	0	0		True	True	
MPDB002404	318710	Leptosphaerulina australis	fungi	MW063543.1	711	0	0		True	True	
MPDB002405	318710	Leptosphaerulina australis	fungi	MW063544.1	708	0	0		True	True	
MPDB002406	318710	Leptosphaerulina australis	fungi	MW063545.1	705	0	0		True	True	
MPDB002407	318710	Leptosphaerulina australis	fungi	MW063546.1	683	0	0		True	True	
MPDB002408	318710	Leptosphaerulina australis	fungi	MW063547.1	711	0	0		True	True	
MPDB002409	318710	Leptosphaerulina australis	fungi	MZ569635.1	505	0	0		True	True	
MPDB002410	318710	Leptosphaerulina australis	fungi	MZ950664.1	457	0	0		True	True	
MPDB002411	318710	Leptosphaerulina australis	fungi	OL617010.1	525	0	0		True	True	
MPDB002412	318710	Leptosphaerulina australis	fungi	OL664059.1	533	0	0		True	True	
MPDB002413	318710	Leptosphaerulina australis	fungi	OL664060.1	526	0	0		True	True	
MPDB002414	318710	Leptosphaerulina australis	fungi	OL664061.1	531	0	0		True	True	
MPDB002415	318710	Leptosphaerulina australis	fungi	OM237304.1	529	0	0		True	True	
MPDB002416	318710	Leptosphaerulina australis	fungi	ON500579.1	508	0	0		True	True	
MPDB002417	318710	Leptosphaerulina australis	fungi	ON712005.1	508	0	0		True	True	
MPDB002418	318710	Leptosphaerulina australis	fungi	ON712588.1	504	0	0		True	True	
MPDB002419	318710	Leptosphaerulina australis	fungi	OP219725.1	344	0	0		True	True	
MPDB002420	318710	Leptosphaerulina australis	fungi	PP217321.1	441	0	0		True	True	
MPDB002421	318710	Leptosphaerulina australis	fungi	PP217322.1	363	0	0		True	True	
MPDB002422	318710	Leptosphaerulina australis	fungi	PP217323.1	426	0	0		True	True	
MPDB002423	318710	Leptosphaerulina australis	fungi	PP217324.1	444	0	0		True	True	
MPDB002424	318710	Leptosphaerulina australis	fungi	PP217325.1	419	0	0		True	True	
MPDB002425	318710	Leptosphaerulina australis	fungi	PP217326.1	436	0	0		True	True	
MPDB002426	318710	Leptosphaerulina australis	fungi	PP217327.1	452	0	0		True	True	
MPDB002427	318710	Leptosphaerulina australis	fungi	PP217328.1	440	0	0		True	True	
MPDB002428	318710	Leptosphaerulina australis	fungi	PP217329.1	443	0	0		True	True	
MPDB002429	318710	Leptosphaerulina australis	fungi	PP217330.1	442	0	0		True	True	
MPDB002430	318710	Leptosphaerulina australis	fungi	PP257796.1	375	0	0		True	True	
MPDB002431	318710	Leptosphaerulina australis	fungi	PP351801.1	416	0	0		True	True	
MPDB002432	318829	Pyricularia oryzae (Magnaporthe oryzae)	fungi	MH424730.1	474	0	0		True	True	
MPDB002433	318829	Pyricularia oryzae (Magnaporthe oryzae)	fungi	MH424731.1	468	0	0		True	True	
MPDB002434	318829	Pyricularia oryzae (Magnaporthe oryzae)	fungi	MH424732.1	479	0	0		True	True	
MPDB002435	318829	Pyricularia oryzae (Magnaporthe oryzae)	fungi	MH424733.1	393	0	0		True	True	
MPDB002436	318829	Pyricularia oryzae (Magnaporthe oryzae)	fungi	MH424734.1	476	0	0		True	True	
MPDB002437	318829	Pyricularia oryzae (Magnaporthe oryzae)	fungi	MH424735.1	389	0	0		True	True	
MPDB002438	318829	Pyricularia oryzae (Magnaporthe oryzae)	fungi	MH424736.1	467	0	0		True	True	
MPDB002439	318829	Pyricularia oryzae (Magnaporthe oryzae)	fungi	MH424737.1	476	0	0		True	True	
MPDB002440	318829	Pyricularia oryzae (Magnaporthe oryzae)	fungi	MH424738.1	458	0	0		True	True	
MPDB002441	318829	Pyricularia oryzae (Magnaporthe oryzae)	fungi	MH424739.1	466	0	0		True	True	
MPDB002442	318829	Pyricularia oryzae (Magnaporthe oryzae)	fungi	MH424740.1	474	0	0		True	True	
MPDB002443	318829	Pyricularia oryzae (Magnaporthe oryzae)	fungi	MH424741.1	465	0	0		True	True	
MPDB002444	318829	Pyricularia oryzae (Magnaporthe oryzae)	fungi	MH424742.1	476	0	0		True	True	
MPDB002445	318829	Pyricularia oryzae (Magnaporthe oryzae)	fungi	MH424743.1	454	0	0		True	True	
MPDB002446	318829	Pyricularia oryzae (Magnaporthe oryzae)	fungi	MH424744.1	381	0	0		True	True	
MPDB002447	318829	Pyricularia oryzae (Magnaporthe oryzae)	fungi	MH424745.1	464	0	0		True	True	
MPDB002448	318829	Pyricularia oryzae (Magnaporthe oryzae)	fungi	MH424746.1	469	0	0		True	True	
MPDB002449	318829	Pyricularia oryzae (Magnaporthe oryzae)	fungi	MH424747.1	463	0	0		True	True	
MPDB002450	318829	Pyricularia oryzae (Magnaporthe oryzae)	fungi	MH424748.1	463	0	0		True	True	
MPDB002451	318829	Pyricularia oryzae (Magnaporthe oryzae)	fungi	MH424749.1	467	0	0		True	True	
MPDB002452	318829	Pyricularia oryzae (Magnaporthe oryzae)	fungi	MH424750.1	469	0	0		True	True	
MPDB002453	318829	Pyricularia oryzae (Magnaporthe oryzae)	fungi	MH424751.1	465	0	0		True	True	
MPDB002454	318829	Pyricularia oryzae (Magnaporthe oryzae)	fungi	MH424752.1	470	0	0		True	True	
MPDB002455	318829	Pyricularia oryzae (Magnaporthe oryzae)	fungi	MH424753.1	455	0	0		True	True	
MPDB002456	318829	Pyricularia oryzae (Magnaporthe oryzae)	fungi	MH424754.1	468	0	0		True	True	
MPDB002457	318829	Pyricularia oryzae (Magnaporthe oryzae)	fungi	MH857082.1	541	0	0		True	True	
MPDB002458	318829	Pyricularia oryzae (Magnaporthe oryzae)	fungi	MH859782.1	549	0	0		True	True	
MPDB002459	318829	Pyricularia oryzae (Magnaporthe oryzae)	fungi	PZ451090.1	288	0	0		True	True	
MPDB002460	318829	Pyricularia oryzae (Magnaporthe oryzae)	fungi	PZ513395.1	304	0	0		True	True	
MPDB002461	318829	Pyricularia oryzae (Magnaporthe oryzae)	fungi	PZ538835.1	496	0	0		True	True	
MPDB002462	318829	Pyricularia oryzae (Magnaporthe oryzae)	fungi	PZ675881.1	483	0	0		True	True	
MPDB002463	318829	Pyricularia oryzae (Magnaporthe oryzae)	fungi	PZ687988.1	523	0	0		True	True	
MPDB002464	318829	Pyricularia oryzae (Magnaporthe oryzae)	fungi	PZ687989.1	495	0	0		True	True	
MPDB002465	318829	Pyricularia oryzae (Magnaporthe oryzae)	fungi	PZ687991.1	504	0	0		True	True	
MPDB002466	318829	Pyricularia oryzae (Magnaporthe oryzae)	fungi	PZ687992.1	520	0	0		True	True	
MPDB002467	318829	Pyricularia oryzae (Magnaporthe oryzae)	fungi	PZ687993.1	520	0	0		True	True	
MPDB002468	318829	Pyricularia oryzae (Magnaporthe oryzae)	fungi	PZ687994.1	516	0	1	R	True	True	
MPDB002469	318829	Pyricularia oryzae (Magnaporthe oryzae)	fungi	PZ687995.1	459	0	0		True	True	
MPDB002470	318829	Pyricularia oryzae (Magnaporthe oryzae)	fungi	PZ687996.1	519	0	0		True	True	
MPDB002471	318829	Pyricularia oryzae (Magnaporthe oryzae)	fungi	PZ687997.1	523	0	0		True	True	
MPDB002472	318829	Pyricularia oryzae (Magnaporthe oryzae)	fungi	PZ688001.1	461	0	0		True	True	
MPDB002473	318829	Pyricularia oryzae (Magnaporthe oryzae)	fungi	PZ702463.1	500	0	0		True	True	
MPDB002474	318829	Pyricularia oryzae (Magnaporthe oryzae)	fungi	PZ745921.1	541	0	0		True	True	
MPDB002475	33175	Phaeosphaeria herpotricha / Ophiosphaerella herpotricha	fungi	AF101796.1	164	0	0		True	True	
MPDB002476	33175	Phaeosphaeria herpotricha / Ophiosphaerella herpotricha	fungi	AF101813.1	154	0	0		True	True	
MPDB002477	33175	Phaeosphaeria herpotricha / Ophiosphaerella herpotricha	fungi	KC841020.1	4337	0	0		True	True	
MPDB002478	33175	Phaeosphaeria herpotricha / Ophiosphaerella herpotricha	fungi	KC841028.1	4347	0	0		True	True	
MPDB002479	33175	Phaeosphaeria herpotricha / Ophiosphaerella herpotricha	fungi	KC841030.1	4339	0	0		True	True	
MPDB002480	33175	Phaeosphaeria herpotricha / Ophiosphaerella herpotricha	fungi	KC841031.1	4813	0	0		True	True	
MPDB002481	33175	Phaeosphaeria herpotricha / Ophiosphaerella herpotricha	fungi	KC841033.1	4000	0	0		True	True	
MPDB002482	33175	Phaeosphaeria herpotricha / Ophiosphaerella herpotricha	fungi	KC841038.1	4000	0	0		True	True	
MPDB002483	33175	Phaeosphaeria herpotricha / Ophiosphaerella herpotricha	fungi	KC841046.1	4337	0	0		True	True	
MPDB002484	33175	Phaeosphaeria herpotricha / Ophiosphaerella herpotricha	fungi	KC841048.1	4000	0	0		True	True	
MPDB002485	33175	Phaeosphaeria herpotricha / Ophiosphaerella herpotricha	fungi	KC841049.1	4336	0	0		True	True	
MPDB002486	33175	Phaeosphaeria herpotricha / Ophiosphaerella herpotricha	fungi	KC841052.1	4000	0	0		True	True	
MPDB002487	33175	Phaeosphaeria herpotricha / Ophiosphaerella herpotricha	fungi	KC841053.1	4000	0	0		True	True	
MPDB002488	33175	Phaeosphaeria herpotricha / Ophiosphaerella herpotricha	fungi	KC841054.1	4002	0	0		True	True	
MPDB002489	33175	Phaeosphaeria herpotricha / Ophiosphaerella herpotricha	fungi	KC841058.1	3969	0	0		True	True	
MPDB002490	33175	Phaeosphaeria herpotricha / Ophiosphaerella herpotricha	fungi	KC841059.1	4337	0	0		True	True	
MPDB002491	33175	Phaeosphaeria herpotricha / Ophiosphaerella herpotricha	fungi	KC841060.1	4000	0	0		True	True	
MPDB002492	33175	Phaeosphaeria herpotricha / Ophiosphaerella herpotricha	fungi	KC841061.1	4337	0	0		True	True	
MPDB002493	33175	Phaeosphaeria herpotricha / Ophiosphaerella herpotricha	fungi	KC841063.1	4336	0	0		True	True	
MPDB002494	33175	Phaeosphaeria herpotricha / Ophiosphaerella herpotricha	fungi	KC841064.1	4338	0	0		True	True	
MPDB002495	33175	Phaeosphaeria herpotricha / Ophiosphaerella herpotricha	fungi	KC841065.1	3631	0	0		True	True	
MPDB002496	33175	Phaeosphaeria herpotricha / Ophiosphaerella herpotricha	fungi	KC841066.1	4337	0	0		True	True	
MPDB002497	33175	Phaeosphaeria herpotricha / Ophiosphaerella herpotricha	fungi	KC841067.1	4338	0	0		True	True	
MPDB002498	33175	Phaeosphaeria herpotricha / Ophiosphaerella herpotricha	fungi	KC841073.1	4338	0	0		True	True	
MPDB002499	33175	Phaeosphaeria herpotricha / Ophiosphaerella herpotricha	fungi	KC841080.1	4338	0	0		True	True	
MPDB002500	33175	Phaeosphaeria herpotricha / Ophiosphaerella herpotricha	fungi	KF498728.1	517	0	0		True	True	
MPDB002501	33175	Phaeosphaeria herpotricha / Ophiosphaerella herpotricha	fungi	KM096231.1	1811	0	0		True	True	
MPDB002502	33175	Phaeosphaeria herpotricha / Ophiosphaerella herpotricha	fungi	KP690986.1	4315	0	2	KW	True	True	
MPDB002503	33175	Phaeosphaeria herpotricha / Ophiosphaerella herpotricha	fungi	KP690987.1	4287	0	2	R	True	True	
MPDB002504	33175	Phaeosphaeria herpotricha / Ophiosphaerella herpotricha	fungi	KP690988.1	4310	1	0		True	True	
MPDB002505	33175	Phaeosphaeria herpotricha / Ophiosphaerella herpotricha	fungi	KP690989.1	4316	0	0		True	True	
MPDB002506	33175	Phaeosphaeria herpotricha / Ophiosphaerella herpotricha	fungi	KP690990.1	4254	0	0		True	True	
MPDB002507	33175	Phaeosphaeria herpotricha / Ophiosphaerella herpotricha	fungi	KP690991.1	4316	0	2	KY	True	True	
MPDB002508	33175	Phaeosphaeria herpotricha / Ophiosphaerella herpotricha	fungi	KP690992.1	4315	0	2	RY	True	True	
MPDB002509	33175	Phaeosphaeria herpotricha / Ophiosphaerella herpotricha	fungi	KT274698.1	560	0	0		True	True	
MPDB002510	33175	Phaeosphaeria herpotricha / Ophiosphaerella herpotricha	fungi	MN587172.1	4346	0	0		True	True	
MPDB002511	33175	Phaeosphaeria herpotricha / Ophiosphaerella herpotricha	fungi	MT446090.1	530	0	0		True	True	
MPDB002512	33175	Phaeosphaeria herpotricha / Ophiosphaerella herpotricha	fungi	ON407117.1	593	0	0		True	True	
MPDB002513	335854	Nigrospora oryzae (Khuskia oryzae)	fungi	MH855300.1	554	0	0		True	True	
MPDB002514	335854	Nigrospora oryzae (Khuskia oryzae)	fungi	MH860749.1	480	0	0		True	True	
MPDB002515	335854	Nigrospora oryzae (Khuskia oryzae)	fungi	PV786828.1	456	0	0		True	True	
MPDB002516	335854	Nigrospora oryzae (Khuskia oryzae)	fungi	PX832329.1	457	0	0		True	True	
MPDB002517	335854	Nigrospora oryzae (Khuskia oryzae)	fungi	PX908935.1	571	0	0		True	True	
MPDB002518	335854	Nigrospora oryzae (Khuskia oryzae)	fungi	PX923130.1	535	0	0		True	True	
MPDB002519	335854	Nigrospora oryzae (Khuskia oryzae)	fungi	PX953057.1	552	0	0		True	True	
MPDB002520	335854	Nigrospora oryzae (Khuskia oryzae)	fungi	PX953059.1	555	0	0		True	True	
MPDB002521	335854	Nigrospora oryzae (Khuskia oryzae)	fungi	PX953060.1	415	0	0		True	True	
MPDB002522	335854	Nigrospora oryzae (Khuskia oryzae)	fungi	PX953061.1	593	0	0		True	True	
MPDB002523	335854	Nigrospora oryzae (Khuskia oryzae)	fungi	PX965520.1	515	0	0		True	True	
MPDB002524	335854	Nigrospora oryzae (Khuskia oryzae)	fungi	PZ054261.1	441	0	0		True	True	
MPDB002525	335854	Nigrospora oryzae (Khuskia oryzae)	fungi	PZ113118.1	548	0	0		True	True	
MPDB002526	335854	Nigrospora oryzae (Khuskia oryzae)	fungi	PZ113130.1	527	0	0		True	True	
MPDB002527	335854	Nigrospora oryzae (Khuskia oryzae)	fungi	PZ113170.1	530	0	0		True	True	
MPDB002528	335854	Nigrospora oryzae (Khuskia oryzae)	fungi	PZ117519.1	467	0	0		True	True	
MPDB002529	335854	Nigrospora oryzae (Khuskia oryzae)	fungi	PZ163948.1	567	0	0		True	True	
MPDB002530	335854	Nigrospora oryzae (Khuskia oryzae)	fungi	PZ179767.1	505	0	0		True	True	
MPDB002531	335854	Nigrospora oryzae (Khuskia oryzae)	fungi	PZ179768.1	510	0	0		True	True	
MPDB002532	335854	Nigrospora oryzae (Khuskia oryzae)	fungi	PZ231266.1	529	0	0		True	True	
MPDB002533	335854	Nigrospora oryzae (Khuskia oryzae)	fungi	PZ262216.1	524	0	0		True	True	
MPDB002534	335854	Nigrospora oryzae (Khuskia oryzae)	fungi	PZ262228.1	528	0	0		True	True	
MPDB002535	335854	Nigrospora oryzae (Khuskia oryzae)	fungi	PZ288198.1	528	0	0		True	True	
MPDB002536	335854	Nigrospora oryzae (Khuskia oryzae)	fungi	PZ342846.1	480	0	0		True	True	
MPDB002537	335854	Nigrospora oryzae (Khuskia oryzae)	fungi	PZ386890.1	447	0	0		True	True	
MPDB002538	335854	Nigrospora oryzae (Khuskia oryzae)	fungi	PZ448570.1	530	0	0		True	True	
MPDB002539	335854	Nigrospora oryzae (Khuskia oryzae)	fungi	PZ478029.1	553	0	0		True	True	
MPDB002540	335854	Nigrospora oryzae (Khuskia oryzae)	fungi	PZ543369.1	526	0	0		True	True	
MPDB002541	335854	Nigrospora oryzae (Khuskia oryzae)	fungi	PZ556456.1	556	0	0		True	True	
MPDB002542	335854	Nigrospora oryzae (Khuskia oryzae)	fungi	PZ577576.1	550	0	0		True	True	
MPDB002543	335854	Nigrospora oryzae (Khuskia oryzae)	fungi	PZ579198.1	533	0	0		True	True	
MPDB002544	335854	Nigrospora oryzae (Khuskia oryzae)	fungi	PZ579209.1	534	0	0		True	True	
MPDB002545	335854	Nigrospora oryzae (Khuskia oryzae)	fungi	PZ579221.1	530	0	0		True	True	
MPDB002546	335854	Nigrospora oryzae (Khuskia oryzae)	fungi	PZ627202.1	584	2	0		True	True	
MPDB002547	335854	Nigrospora oryzae (Khuskia oryzae)	fungi	PZ627230.1	573	0	0		True	True	
MPDB002548	335854	Nigrospora oryzae (Khuskia oryzae)	fungi	PZ653124.1	529	0	0		True	True	
MPDB002549	335854	Nigrospora oryzae (Khuskia oryzae)	fungi	PZ653155.1	561	0	0		True	True	
MPDB002550	335854	Nigrospora oryzae (Khuskia oryzae)	fungi	PZ716311.1	554	0	0		True	True	
MPDB002551	335854	Nigrospora oryzae (Khuskia oryzae)	fungi	PZ785580.1	407	0	0		True	True	
MPDB002552	335854	Nigrospora oryzae (Khuskia oryzae)	fungi	PZ794735.1	496	0	0		True	True	
MPDB002553	335854	Nigrospora oryzae (Khuskia oryzae)	fungi	PZ798438.1	482	0	0		True	True	
MPDB002554	335854	Nigrospora oryzae (Khuskia oryzae)	fungi	PZ798441.1	480	0	0		True	True	
MPDB002555	335854	Nigrospora oryzae (Khuskia oryzae)	fungi	PZ818903.1	657	0	0		True	True	
MPDB002556	348901	Cercospora zeina	fungi	DQ185082.1	485	0	0		True	True	
MPDB002557	348901	Cercospora zeina	fungi	EU569219.1	460	0	0		True	True	
MPDB002558	348901	Cercospora zeina	fungi	EU569225.1	467	0	0		True	True	
MPDB002559	348901	Cercospora zeina	fungi	EU569227.1	463	0	0		True	True	
MPDB002560	348901	Cercospora zeina	fungi	EU569228.1	462	0	0		True	True	
MPDB002561	348901	Cercospora zeina	fungi	EU569229.1	472	0	0		True	True	
MPDB002562	348901	Cercospora zeina	fungi	KC878692.1	509	0	0		True	True	
MPDB002563	348901	Cercospora zeina	fungi	KM087687.1	536	0	0		True	True	
MPDB002564	348901	Cercospora zeina	fungi	KM087691.1	536	0	0		True	True	
MPDB002565	348901	Cercospora zeina	fungi	KX458028.1	466	0	0		True	True	
MPDB002566	348901	Cercospora zeina	fungi	MW486035.1	562	0	0		True	True	
MPDB002567	348901	Cercospora zeina	fungi	MW486036.1	554	0	0		True	True	
MPDB002568	348901	Cercospora zeina	fungi	PQ056514.1	508	0	0		True	True	
MPDB002569	348901	Cercospora zeina	fungi	PQ056515.1	506	0	0		True	True	
MPDB002570	348901	Cercospora zeina	fungi	PQ056516.1	504	0	0		True	True	
MPDB002571	348901	Cercospora zeina	fungi	PQ056517.1	509	0	0		True	True	
MPDB002572	348901	Cercospora zeina	fungi	PQ056518.1	508	0	0		True	True	
MPDB002573	348901	Cercospora zeina	fungi	PQ056519.1	508	0	0		True	True	
MPDB002574	348901	Cercospora zeina	fungi	PQ056520.1	507	0	0		True	True	
MPDB002575	348901	Cercospora zeina	fungi	PQ056521.1	506	0	0		True	True	
MPDB002576	348901	Cercospora zeina	fungi	PQ056522.1	506	0	0		True	True	
MPDB002577	348901	Cercospora zeina	fungi	PQ056523.1	506	0	0		True	True	
MPDB002578	348901	Cercospora zeina	fungi	PQ056524.1	508	0	0		True	True	
MPDB002579	348901	Cercospora zeina	fungi	PQ056525.1	510	0	0		True	True	
MPDB002580	348901	Cercospora zeina	fungi	PQ056526.1	448	0	0		True	True	
MPDB002581	348901	Cercospora zeina	fungi	PQ056527.1	454	0	0		True	True	
MPDB002582	348901	Cercospora zeina	fungi	PQ056553.1	267	0	0		True	True	
MPDB002583	348901	Cercospora zeina	fungi	PQ056554.1	282	0	0		True	True	
MPDB002584	348901	Cercospora zeina	fungi	PQ056555.1	276	0	0		True	True	
MPDB002585	348901	Cercospora zeina	fungi	PQ056556.1	274	0	0		True	True	
MPDB002586	348901	Cercospora zeina	fungi	PQ056557.1	277	0	0		True	True	
MPDB002587	348901	Cercospora zeina	fungi	PQ056558.1	277	0	0		True	True	
MPDB002588	348901	Cercospora zeina	fungi	PQ056559.1	263	0	0		True	True	
MPDB002589	348901	Cercospora zeina	fungi	PQ056587.1	507	0	0		True	True	
MPDB002590	348901	Cercospora zeina	fungi	PQ061883.1	274	0	0		True	True	
MPDB002591	348901	Cercospora zeina	fungi	PQ571645.1	278	0	0		True	True	
MPDB002592	348901	Cercospora zeina	fungi	PQ571646.1	276	0	0		True	True	
MPDB002593	348901	Cercospora zeina	fungi	PQ571647.1	278	0	0		True	True	
MPDB002594	348901	Cercospora zeina	fungi	PQ571650.1	508	0	0		True	True	
MPDB002595	348901	Cercospora zeina	fungi	PQ571655.1	507	0	0		True	True	
MPDB002596	348901	Cercospora zeina	fungi	PQ571657.1	506	0	0		True	True	
MPDB002597	348901	Cercospora zeina	fungi	PV133732.1	532	0	0		True	True	
MPDB002598	35725	Macrophomina phaseolina	fungi	MH864176.1	594	0	0		True	True	
MPDB002599	35725	Macrophomina phaseolina	fungi	MH864177.1	604	0	0		True	True	
MPDB002600	35725	Macrophomina phaseolina	fungi	MH864178.1	539	0	2	KW	True	True	
MPDB002601	35725	Macrophomina phaseolina	fungi	MH864179.1	559	0	0		True	True	
MPDB002602	35725	Macrophomina phaseolina	fungi	MH864180.1	544	0	1	H	True	True	
MPDB002603	35725	Macrophomina phaseolina	fungi	MH864181.1	547	0	0		True	True	
MPDB002604	35725	Macrophomina phaseolina	fungi	MH864183.1	596	0	0		True	True	
MPDB002605	35725	Macrophomina phaseolina	fungi	MH864184.1	559	0	0		True	True	
MPDB002606	35725	Macrophomina phaseolina	fungi	PZ274760.1	588	0	0		True	True	
MPDB002607	35725	Macrophomina phaseolina	fungi	PZ578617.1	416	0	1	R	True	True	
MPDB002608	35725	Macrophomina phaseolina	fungi	PZ580501.1	414	0	2	RY	True	True	
MPDB002609	35725	Macrophomina phaseolina	fungi	PZ583678.1	402	0	0		True	True	
MPDB002610	35725	Macrophomina phaseolina	fungi	PZ584633.1	398	0	0		True	True	
MPDB002611	35725	Macrophomina phaseolina	fungi	PZ585468.1	389	0	0		True	True	
MPDB002612	35725	Macrophomina phaseolina	fungi	PZ585477.1	457	0	0		True	True	
MPDB002613	35725	Macrophomina phaseolina	fungi	PZ585556.1	507	0	0		True	True	
MPDB002614	35725	Macrophomina phaseolina	fungi	PZ585569.1	479	0	0		True	True	
MPDB002615	35725	Macrophomina phaseolina	fungi	PZ585570.1	529	0	0		True	True	
MPDB002616	35725	Macrophomina phaseolina	fungi	PZ585684.1	573	0	0		True	True	
MPDB002617	35725	Macrophomina phaseolina	fungi	PZ585970.1	673	0	0		True	True	
MPDB002618	35725	Macrophomina phaseolina	fungi	PZ585973.1	463	0	0		True	True	
MPDB002619	35725	Macrophomina phaseolina	fungi	PZ590381.1	762	0	0		True	True	
MPDB002620	35725	Macrophomina phaseolina	fungi	PZ590382.1	687	0	0		True	True	
MPDB002621	35725	Macrophomina phaseolina	fungi	PZ619148.1	661	0	0		True	True	
MPDB002622	35725	Macrophomina phaseolina	fungi	PZ619157.1	644	0	0		True	True	
MPDB002623	35725	Macrophomina phaseolina	fungi	PZ619159.1	488	0	0		True	True	
MPDB002624	35725	Macrophomina phaseolina	fungi	PZ619173.1	627	0	0		True	True	
MPDB002625	35725	Macrophomina phaseolina	fungi	PZ619177.1	546	0	0		True	True	
MPDB002626	35725	Macrophomina phaseolina	fungi	PZ619180.1	461	0	0		True	True	
MPDB002627	35725	Macrophomina phaseolina	fungi	PZ623692.1	364	0	0		True	True	
MPDB002628	35725	Macrophomina phaseolina	fungi	PZ625881.1	491	0	0		True	True	
MPDB002629	35725	Macrophomina phaseolina	fungi	PZ654857.1	531	0	0		True	True	
MPDB002630	35725	Macrophomina phaseolina	fungi	PZ673730.1	535	0	0		True	True	
MPDB002631	35725	Macrophomina phaseolina	fungi	PZ675044.1	427	0	0		True	True	
MPDB002632	35725	Macrophomina phaseolina	fungi	PZ675045.1	442	0	0		True	True	
MPDB002633	35725	Macrophomina phaseolina	fungi	PZ675046.1	442	0	0		True	True	
MPDB002634	35725	Macrophomina phaseolina	fungi	PZ713693.1	370	0	0		True	True	
MPDB002635	35725	Macrophomina phaseolina	fungi	PZ728854.1	596	0	0		True	True	
MPDB002636	35725	Macrophomina phaseolina	fungi	PZ742592.1	616	0	13	KRSW	True	True	
MPDB002637	35725	Macrophomina phaseolina	fungi	PZ745973.1	522	0	0		True	True	
MPDB002638	35725	Macrophomina phaseolina	fungi	PZ746421.1	380	0	0		True	True	
MPDB002639	35725	Macrophomina phaseolina	fungi	PZ761564.1	445	0	0		True	True	
MPDB002640	35725	Macrophomina phaseolina	fungi	PZ798764.1	406	0	0		True	True	
MPDB002641	36050	Fusarium poae	fungi	MH854775.1	510	0	0		True	True	
MPDB002642	36050	Fusarium poae	fungi	MH855173.1	544	0	0		True	True	
MPDB002643	36050	Fusarium poae	fungi	MH858407.1	533	0	0		True	True	
MPDB002644	36050	Fusarium poae	fungi	MH859029.1	511	0	0		True	True	
MPDB002645	36050	Fusarium poae	fungi	MH864974.1	536	0	0		True	True	
MPDB002646	36050	Fusarium poae	fungi	ON209613.1	906	0	0		True	True	
MPDB002647	36050	Fusarium poae	fungi	ON209614.1	888	0	0		True	True	
MPDB002648	36050	Fusarium poae	fungi	ON209615.1	853	0	0		True	True	
MPDB002649	36050	Fusarium poae	fungi	ON209616.1	883	0	0		True	True	
MPDB002650	36050	Fusarium poae	fungi	ON209617.1	818	0	0		True	True	
MPDB002651	36050	Fusarium poae	fungi	ON229418.1	859	0	0		True	True	
MPDB002652	36050	Fusarium poae	fungi	ON229421.1	854	0	0		True	True	
MPDB002653	36050	Fusarium poae	fungi	ON229422.1	853	0	0		True	True	
MPDB002654	36050	Fusarium poae	fungi	OP437866.1	474	0	0		True	True	
MPDB002655	36050	Fusarium poae	fungi	OR142397.1	455	0	0		True	True	
MPDB002656	36050	Fusarium poae	fungi	OR346014.1	514	0	0		True	True	
MPDB002657	36050	Fusarium poae	fungi	OR357887.1	530	0	0		True	True	
MPDB002658	36050	Fusarium poae	fungi	OR392722.1	572	0	0		True	True	
MPDB002659	36050	Fusarium poae	fungi	OR562038.1	573	0	0		True	True	
MPDB002660	36050	Fusarium poae	fungi	OR562043.1	573	0	0		True	True	
MPDB002661	36050	Fusarium poae	fungi	OR598700.1	1125	0	0		True	True	
MPDB002662	36050	Fusarium poae	fungi	PP336541.1	1635	0	0		True	True	
MPDB002663	36050	Fusarium poae	fungi	PP501042.1	439	0	0		True	True	
MPDB002664	36050	Fusarium poae	fungi	PP947375.1	823	0	0		True	True	
MPDB002665	36050	Fusarium poae	fungi	PQ340546.1	530	0	0		True	True	
MPDB002666	36050	Fusarium poae	fungi	PV077297.1	458	0	0		True	True	
MPDB002667	36050	Fusarium poae	fungi	PV367985.1	478	0	0		True	True	
MPDB002668	36050	Fusarium poae	fungi	PV444245.1	436	0	0		True	True	
MPDB002669	36050	Fusarium poae	fungi	PV592550.1	501	0	0		True	True	
MPDB002670	36050	Fusarium poae	fungi	PV639391.1	502	0	0		True	True	
MPDB002671	36050	Fusarium poae	fungi	PV843836.1	369	0	0		True	True	
MPDB002672	36050	Fusarium poae	fungi	PV931816.1	359	0	0		True	True	
MPDB002673	36050	Fusarium poae	fungi	PX363266.1	296	0	0		True	True	
MPDB002674	36050	Fusarium poae	fungi	PX363269.1	294	0	0		True	True	
MPDB002675	36050	Fusarium poae	fungi	PX369158.1	495	0	0		True	True	
MPDB002676	36050	Fusarium poae	fungi	PX369159.1	523	0	0		True	True	
MPDB002677	36050	Fusarium poae	fungi	PX369160.1	500	0	0		True	True	
MPDB002678	36050	Fusarium poae	fungi	PX591066.1	1359	0	0		True	True	
MPDB002679	36050	Fusarium poae	fungi	PX659853.1	496	0	0		True	True	
MPDB002680	36050	Fusarium poae	fungi	PX725696.1	307	0	0		True	True	
MPDB002681	36050	Fusarium poae	fungi	PZ675597.1	498	0	0		True	True	
MPDB002682	36050	Fusarium poae	fungi	PZ695182.1	493	0	0		True	True	
MPDB002683	36050	Fusarium poae	fungi	PZ695189.1	490	0	0		True	True	
MPDB002684	36080	Mucor circinelloides	fungi	MH854580.1	635	0	0		True	True	
MPDB002685	36080	Mucor circinelloides	fungi	MH854641.1	636	0	0		True	True	
MPDB002686	36080	Mucor circinelloides	fungi	MH854974.1	645	0	0		True	True	
MPDB002687	36080	Mucor circinelloides	fungi	MH854979.1	633	0	0		True	True	
MPDB002688	36080	Mucor circinelloides	fungi	MH854980.1	638	0	0		True	True	
MPDB002689	36080	Mucor circinelloides	fungi	MH855528.1	596	0	0		True	True	
MPDB002690	36080	Mucor circinelloides	fungi	MH855658.1	637	0	0		True	True	
MPDB002691	36080	Mucor circinelloides	fungi	MH855659.1	634	0	0		True	True	
MPDB002692	36080	Mucor circinelloides	fungi	MH855660.1	635	0	0		True	True	
MPDB002693	36080	Mucor circinelloides	fungi	MH856521.1	636	0	0		True	True	
MPDB002694	36080	Mucor circinelloides	fungi	MH857182.1	640	0	0		True	True	
MPDB002695	36080	Mucor circinelloides	fungi	MH859111.1	635	0	0		True	True	
MPDB002696	36080	Mucor circinelloides	fungi	MH859803.1	633	0	0		True	True	
MPDB002697	36080	Mucor circinelloides	fungi	MH859804.1	603	0	0		True	True	
MPDB002698	36080	Mucor circinelloides	fungi	MH859805.1	605	0	0		True	True	
MPDB002699	36080	Mucor circinelloides	fungi	MH859806.1	639	0	0		True	True	
MPDB002700	36080	Mucor circinelloides	fungi	MH859807.1	817	0	0		True	True	
MPDB002701	36080	Mucor circinelloides	fungi	MH859808.1	637	0	0		True	True	
MPDB002702	36080	Mucor circinelloides	fungi	MH860064.1	576	0	0		True	True	
MPDB002703	36080	Mucor circinelloides	fungi	MH860622.1	635	0	0		True	True	
MPDB002704	36080	Mucor circinelloides	fungi	MH860623.1	637	0	0		True	True	
MPDB002705	36080	Mucor circinelloides	fungi	MH862534.1	635	0	0		True	True	
MPDB002706	36080	Mucor circinelloides	fungi	MH863646.1	643	0	0		True	True	
MPDB002707	36080	Mucor circinelloides	fungi	PP844139.1	523	0	0		True	True	
MPDB002708	36080	Mucor circinelloides	fungi	PP844478.1	577	0	0		True	True	
MPDB002709	36080	Mucor circinelloides	fungi	PV234064.1	611	0	0		True	True	
MPDB002710	36080	Mucor circinelloides	fungi	PZ465995.1	584	0	0		True	True	
MPDB002711	36080	Mucor circinelloides	fungi	PZ465996.1	582	0	0		True	True	
MPDB002712	36080	Mucor circinelloides	fungi	PZ465997.1	581	0	0		True	True	
MPDB002713	36080	Mucor circinelloides	fungi	PZ478071.1	638	0	0		True	True	
MPDB002714	36080	Mucor circinelloides	fungi	PZ480718.1	566	0	0		True	True	
MPDB002715	36080	Mucor circinelloides	fungi	PZ498035.1	356	0	0		True	True	
MPDB002716	36080	Mucor circinelloides	fungi	PZ610053.1	612	0	0		True	True	
MPDB002717	36080	Mucor circinelloides	fungi	PZ618550.1	585	0	2	RY	True	True	
MPDB002718	36080	Mucor circinelloides	fungi	PZ623857.1	595	0	0		True	True	
MPDB002719	36080	Mucor circinelloides	fungi	PZ623906.1	678	0	0		True	True	
MPDB002720	36080	Mucor circinelloides	fungi	PZ623919.1	630	0	0		True	True	
MPDB002721	36080	Mucor circinelloides	fungi	PZ645930.1	592	0	0		True	True	
MPDB002722	36080	Mucor circinelloides	fungi	PZ679022.1	624	0	0		True	True	
MPDB002723	36080	Mucor circinelloides	fungi	PZ685956.1	562	0	0		True	True	
MPDB002724	36080	Mucor circinelloides	fungi	PZ727093.1	547	4	0		True	True	
MPDB002725	36080	Mucor circinelloides	fungi	PZ742424.1	531	0	0		True	True	
MPDB002726	36080	Mucor circinelloides	fungi	PZ742477.1	517	0	0		True	True	
MPDB002727	371126	Stenocarpella macrospora	fungi	FR748048.1	524	0	0		True	True	
MPDB002728	371126	Stenocarpella macrospora	fungi	FR748049.1	528	0	0		True	True	
MPDB002729	371126	Stenocarpella macrospora	fungi	GQ167224.1	1060	0	0		True	True	
MPDB002730	371126	Stenocarpella macrospora	fungi	GQ167225.1	1069	0	0		True	True	
MPDB002731	371126	Stenocarpella macrospora	fungi	GQ259128.1	1078	0	0		True	True	
MPDB002732	371126	Stenocarpella macrospora	fungi	KY012337.1	521	0	0		True	True	
MPDB002733	371126	Stenocarpella macrospora	fungi	MH865024.1	584	0	0		True	True	
MPDB002734	371126	Stenocarpella macrospora	fungi	ON209712.1	813	0	0		True	True	
MPDB002735	371126	Stenocarpella macrospora	fungi	PQ241617.1	567	0	0		True	True	
MPDB002736	371126	Stenocarpella macrospora	fungi	PV156023.1	551	0	0		True	True	
MPDB002737	371126	Stenocarpella macrospora	fungi	PV156059.1	563	0	0		True	True	
MPDB002738	371126	Stenocarpella macrospora	fungi	PV156060.1	590	0	0		True	True	
MPDB002739	371126	Stenocarpella macrospora	fungi	PV291690.1	574	0	0		True	True	
MPDB002740	371126	Stenocarpella macrospora	fungi	PV291691.1	574	0	0		True	True	
MPDB002741	371126	Stenocarpella macrospora	fungi	PV291692.1	575	0	0		True	True	
MPDB002742	371126	Stenocarpella macrospora	fungi	PV291693.1	575	0	0		True	True	
MPDB002743	371126	Stenocarpella macrospora	fungi	PV291694.1	573	0	0		True	True	
MPDB002744	371126	Stenocarpella macrospora	fungi	PV291695.1	574	0	0		True	True	
MPDB002745	371126	Stenocarpella macrospora	fungi	PX965534.1	522	0	0		True	True	
MPDB002746	371126	Stenocarpella macrospora	fungi	PZ726902.1	543	0	0		True	True	
MPDB002747	38902	Curvularia inaequalis / Helminthosporium inaequale	fungi	KU935665.1	405	0	0		True	True	
MPDB002748	38902	Curvularia inaequalis / Helminthosporium inaequale	fungi	KY114905.1	498	0	0		True	True	
MPDB002749	38902	Curvularia inaequalis / Helminthosporium inaequale	fungi	MF461014.1	536	0	0		True	True	
MPDB002750	38902	Curvularia inaequalis / Helminthosporium inaequale	fungi	MG654437.1	597	0	0		True	True	
MPDB002751	38902	Curvularia inaequalis / Helminthosporium inaequale	fungi	MG654438.1	597	0	0		True	True	
MPDB002752	38902	Curvularia inaequalis / Helminthosporium inaequale	fungi	MH473944.1	526	0	0		True	True	
MPDB002753	38902	Curvularia inaequalis / Helminthosporium inaequale	fungi	MH856096.1	497	0	0		True	True	
MPDB002754	38902	Curvularia inaequalis / Helminthosporium inaequale	fungi	MH856636.1	569	0	0		True	True	
MPDB002755	38902	Curvularia inaequalis / Helminthosporium inaequale	fungi	MN720351.1	538	3	0		True	True	
MPDB002756	38902	Curvularia inaequalis / Helminthosporium inaequale	fungi	MN830390.1	510	0	0		True	True	
MPDB002757	38902	Curvularia inaequalis / Helminthosporium inaequale	fungi	MT000601.1	539	0	0		True	True	
MPDB002758	38902	Curvularia inaequalis / Helminthosporium inaequale	fungi	MT192114.1	509	0	0		True	True	
MPDB002759	38902	Curvularia inaequalis / Helminthosporium inaequale	fungi	MT229246.1	500	0	0		True	True	
MPDB002760	38902	Curvularia inaequalis / Helminthosporium inaequale	fungi	MT229248.1	498	0	0		True	True	
MPDB002761	38902	Curvularia inaequalis / Helminthosporium inaequale	fungi	MT229249.1	498	0	0		True	True	
MPDB002762	38902	Curvularia inaequalis / Helminthosporium inaequale	fungi	MW332244.1	511	0	0		True	True	
MPDB002763	38902	Curvularia inaequalis / Helminthosporium inaequale	fungi	MW356912.1	527	0	0		True	True	
MPDB002764	38902	Curvularia inaequalis / Helminthosporium inaequale	fungi	MW940815.1	507	0	0		True	True	
MPDB002765	38902	Curvularia inaequalis / Helminthosporium inaequale	fungi	MZ486390.1	535	0	0		True	True	
MPDB002766	38902	Curvularia inaequalis / Helminthosporium inaequale	fungi	OK117928.1	605	0	0		True	True	
MPDB002767	38902	Curvularia inaequalis / Helminthosporium inaequale	fungi	OM232276.1	352	0	0		True	True	
MPDB002768	38902	Curvularia inaequalis / Helminthosporium inaequale	fungi	OM685093.1	500	0	0		True	True	
MPDB002769	38902	Curvularia inaequalis / Helminthosporium inaequale	fungi	ON127872.1	544	0	0		True	True	
MPDB002770	38902	Curvularia inaequalis / Helminthosporium inaequale	fungi	OP709686.1	547	0	0		True	True	
MPDB002771	38902	Curvularia inaequalis / Helminthosporium inaequale	fungi	OP710129.1	530	0	0		True	True	
MPDB002772	38902	Curvularia inaequalis / Helminthosporium inaequale	fungi	OR206518.1	452	0	0		True	True	
MPDB002773	38902	Curvularia inaequalis / Helminthosporium inaequale	fungi	OR259227.1	470	0	0		True	True	
MPDB002774	38902	Curvularia inaequalis / Helminthosporium inaequale	fungi	OR600286.1	567	0	0		True	True	
MPDB002775	38902	Curvularia inaequalis / Helminthosporium inaequale	fungi	OR602165.1	240	0	0		True	True	
MPDB002776	38902	Curvularia inaequalis / Helminthosporium inaequale	fungi	OR652925.1	200	0	0		True	True	
MPDB002777	38902	Curvularia inaequalis / Helminthosporium inaequale	fungi	OW847525.1	310	0	0		True	True	
MPDB002778	38902	Curvularia inaequalis / Helminthosporium inaequale	fungi	OW984015.1	712	0	0		True	True	
MPDB002779	38902	Curvularia inaequalis / Helminthosporium inaequale	fungi	OW986427.1	577	0	0		True	True	
MPDB002780	38902	Curvularia inaequalis / Helminthosporium inaequale	fungi	OW988110.1	579	0	0		True	True	
MPDB002781	38902	Curvularia inaequalis / Helminthosporium inaequale	fungi	PP789629.1	542	0	0		True	True	
MPDB002782	38902	Curvularia inaequalis / Helminthosporium inaequale	fungi	PP801333.1	485	0	0		True	True	
MPDB002783	38902	Curvularia inaequalis / Helminthosporium inaequale	fungi	PP801574.1	472	0	0		True	True	
MPDB002784	38902	Curvularia inaequalis / Helminthosporium inaequale	fungi	PP818868.1	505	0	0		True	True	
MPDB002785	38902	Curvularia inaequalis / Helminthosporium inaequale	fungi	PP851675.1	519	0	0		True	True	
MPDB002786	38902	Curvularia inaequalis / Helminthosporium inaequale	fungi	PP872372.1	544	0	0		True	True	
MPDB002787	38902	Curvularia inaequalis / Helminthosporium inaequale	fungi	PQ637670.1	527	0	0		True	True	
MPDB002788	38902	Curvularia inaequalis / Helminthosporium inaequale	fungi	PX106831.1	528	0	1	Y	True	True	
MPDB002789	38902	Curvularia inaequalis / Helminthosporium inaequale	fungi	PZ694856.1	549	0	0		True	True	
MPDB002790	39291	Agroathelia rolfsii (Sclerotium rolfsii, Athelia rolfsii)	fungi	MH854711.1	681	0	0		True	True	
MPDB002791	39291	Agroathelia rolfsii (Sclerotium rolfsii, Athelia rolfsii)	fungi	MH858139.1	651	0	0		True	True	
MPDB002792	39291	Agroathelia rolfsii (Sclerotium rolfsii, Athelia rolfsii)	fungi	PP622046.1	666	0	0		True	True	
MPDB002793	39291	Agroathelia rolfsii (Sclerotium rolfsii, Athelia rolfsii)	fungi	PQ613299.1	1056	0	0		True	True	
MPDB002794	39291	Agroathelia rolfsii (Sclerotium rolfsii, Athelia rolfsii)	fungi	PV805654.1	642	0	0		True	True	
MPDB002795	39291	Agroathelia rolfsii (Sclerotium rolfsii, Athelia rolfsii)	fungi	PV821533.1	636	0	0		True	True	
MPDB002796	39291	Agroathelia rolfsii (Sclerotium rolfsii, Athelia rolfsii)	fungi	PV822558.1	632	0	0		True	True	
MPDB002797	39291	Agroathelia rolfsii (Sclerotium rolfsii, Athelia rolfsii)	fungi	PZ127017.1	615	0	0		True	True	
MPDB002798	39291	Agroathelia rolfsii (Sclerotium rolfsii, Athelia rolfsii)	fungi	PZ148206.1	584	0	0		True	True	
MPDB002799	39291	Agroathelia rolfsii (Sclerotium rolfsii, Athelia rolfsii)	fungi	PZ177363.1	1204	0	0		True	True	
MPDB002800	39291	Agroathelia rolfsii (Sclerotium rolfsii, Athelia rolfsii)	fungi	PZ177406.1	1216	0	0		True	True	
MPDB002801	39291	Agroathelia rolfsii (Sclerotium rolfsii, Athelia rolfsii)	fungi	PZ213631.1	548	0	0		True	True	
MPDB002802	39291	Agroathelia rolfsii (Sclerotium rolfsii, Athelia rolfsii)	fungi	PZ270758.1	720	0	0		True	True	
MPDB002803	39291	Agroathelia rolfsii (Sclerotium rolfsii, Athelia rolfsii)	fungi	PZ270759.1	662	0	0		True	True	
MPDB002804	39291	Agroathelia rolfsii (Sclerotium rolfsii, Athelia rolfsii)	fungi	PZ295574.1	203	0	0		True	True	
MPDB002805	39291	Agroathelia rolfsii (Sclerotium rolfsii, Athelia rolfsii)	fungi	PZ324789.1	600	0	0		True	True	
MPDB002806	39291	Agroathelia rolfsii (Sclerotium rolfsii, Athelia rolfsii)	fungi	PZ336356.1	683	0	0		True	True	
MPDB002807	39291	Agroathelia rolfsii (Sclerotium rolfsii, Athelia rolfsii)	fungi	PZ361890.1	624	0	0		True	True	
MPDB002808	39291	Agroathelia rolfsii (Sclerotium rolfsii, Athelia rolfsii)	fungi	PZ366142.1	572	0	0		True	True	
MPDB002809	39291	Agroathelia rolfsii (Sclerotium rolfsii, Athelia rolfsii)	fungi	PZ451097.1	570	0	0		True	True	
MPDB002810	39291	Agroathelia rolfsii (Sclerotium rolfsii, Athelia rolfsii)	fungi	PZ519993.1	599	0	0		True	True	
MPDB002811	39291	Agroathelia rolfsii (Sclerotium rolfsii, Athelia rolfsii)	fungi	PZ535494.1	694	0	0		True	True	
MPDB002812	39291	Agroathelia rolfsii (Sclerotium rolfsii, Athelia rolfsii)	fungi	PZ554746.1	616	0	0		True	True	
MPDB002813	39291	Agroathelia rolfsii (Sclerotium rolfsii, Athelia rolfsii)	fungi	PZ559837.1	782	0	0		True	True	
MPDB002814	39291	Agroathelia rolfsii (Sclerotium rolfsii, Athelia rolfsii)	fungi	PZ610294.1	398	0	0		True	True	
MPDB002815	39291	Agroathelia rolfsii (Sclerotium rolfsii, Athelia rolfsii)	fungi	PZ630286.1	632	0	0		True	True	
MPDB002816	39291	Agroathelia rolfsii (Sclerotium rolfsii, Athelia rolfsii)	fungi	PZ630381.1	613	0	0		True	True	
MPDB002817	39291	Agroathelia rolfsii (Sclerotium rolfsii, Athelia rolfsii)	fungi	PZ683046.1	612	0	0		True	True	
MPDB002818	39291	Agroathelia rolfsii (Sclerotium rolfsii, Athelia rolfsii)	fungi	PZ686062.1	635	0	0		True	True	
MPDB002819	39291	Agroathelia rolfsii (Sclerotium rolfsii, Athelia rolfsii)	fungi	PZ686333.1	684	0	0		True	True	
MPDB002820	39291	Agroathelia rolfsii (Sclerotium rolfsii, Athelia rolfsii)	fungi	PZ687867.1	729	0	0		True	True	
MPDB002821	39291	Agroathelia rolfsii (Sclerotium rolfsii, Athelia rolfsii)	fungi	PZ688792.1	910	0	0		True	True	
MPDB002822	39291	Agroathelia rolfsii (Sclerotium rolfsii, Athelia rolfsii)	fungi	PZ694641.1	670	0	0		True	True	
MPDB002823	39291	Agroathelia rolfsii (Sclerotium rolfsii, Athelia rolfsii)	fungi	PZ694642.1	646	0	0		True	True	
MPDB002824	39291	Agroathelia rolfsii (Sclerotium rolfsii, Athelia rolfsii)	fungi	PZ704274.1	620	0	0		True	True	
MPDB002825	39291	Agroathelia rolfsii (Sclerotium rolfsii, Athelia rolfsii)	fungi	PZ714845.1	599	0	69	KMRSWY	True	True	
MPDB002826	39291	Agroathelia rolfsii (Sclerotium rolfsii, Athelia rolfsii)	fungi	PZ715215.1	373	0	0		True	True	
MPDB002827	39291	Agroathelia rolfsii (Sclerotium rolfsii, Athelia rolfsii)	fungi	PZ725266.1	614	0	0		True	True	
MPDB002828	39291	Agroathelia rolfsii (Sclerotium rolfsii, Athelia rolfsii)	fungi	PZ725267.1	600	0	0		True	True	
MPDB002829	39291	Agroathelia rolfsii (Sclerotium rolfsii, Athelia rolfsii)	fungi	PZ790401.1	695	0	0		True	True	
MPDB002830	39291	Agroathelia rolfsii (Sclerotium rolfsii, Athelia rolfsii)	fungi	PZ827123.1	577	0	0		True	True	
MPDB002831	39291	Agroathelia rolfsii (Sclerotium rolfsii, Athelia rolfsii)	fungi	PZ829596.1	630	0	0		True	True	
MPDB002832	39291	Agroathelia rolfsii (Sclerotium rolfsii, Athelia rolfsii)	fungi	PZ829597.1	635	0	0		True	True	
MPDB002833	40199	Fusarium avenaceum	fungi	MH858036.1	564	0	0		True	True	
MPDB002834	40199	Fusarium avenaceum	fungi	MH858189.1	565	0	0		True	True	
MPDB002835	40199	Fusarium avenaceum	fungi	MH860648.1	567	0	0		True	True	
MPDB002836	40199	Fusarium avenaceum	fungi	MH864972.1	570	0	0		True	True	
MPDB002837	40199	Fusarium avenaceum	fungi	PQ350464.1	507	0	0		True	True	
MPDB002838	40199	Fusarium avenaceum	fungi	PQ350466.1	507	0	0		True	True	
MPDB002839	40199	Fusarium avenaceum	fungi	PQ350467.1	491	0	0		True	True	
MPDB002840	40199	Fusarium avenaceum	fungi	PQ350469.1	509	0	0		True	True	
MPDB002841	40199	Fusarium avenaceum	fungi	PQ350471.1	511	0	0		True	True	
MPDB002842	40199	Fusarium avenaceum	fungi	PQ350473.1	510	0	0		True	True	
MPDB002843	40199	Fusarium avenaceum	fungi	PQ350477.1	492	0	0		True	True	
MPDB002844	40199	Fusarium avenaceum	fungi	PQ350478.1	506	0	0		True	True	
MPDB002845	40199	Fusarium avenaceum	fungi	PQ350480.1	505	0	0		True	True	
MPDB002846	40199	Fusarium avenaceum	fungi	PQ350481.1	487	0	0		True	True	
MPDB002847	40199	Fusarium avenaceum	fungi	PQ350482.1	499	0	0		True	True	
MPDB002848	40199	Fusarium avenaceum	fungi	PQ350483.1	499	0	0		True	True	
MPDB002849	40199	Fusarium avenaceum	fungi	PQ350563.1	499	0	0		True	True	
MPDB002850	40199	Fusarium avenaceum	fungi	PQ350651.1	497	0	0		True	True	
MPDB002851	40199	Fusarium avenaceum	fungi	PQ350653.1	499	0	0		True	True	
MPDB002852	40199	Fusarium avenaceum	fungi	PQ350659.1	472	0	0		True	True	
MPDB002853	40199	Fusarium avenaceum	fungi	PQ350661.1	495	0	0		True	True	
MPDB002854	40199	Fusarium avenaceum	fungi	PQ350662.1	495	0	0		True	True	
MPDB002855	40199	Fusarium avenaceum	fungi	PQ350665.1	470	0	0		True	True	
MPDB002856	40199	Fusarium avenaceum	fungi	PQ350669.1	523	0	0		True	True	
MPDB002857	40199	Fusarium avenaceum	fungi	PQ350696.1	494	0	0		True	True	
MPDB002858	40199	Fusarium avenaceum	fungi	PX071342.1	532	0	0		True	True	
MPDB002859	40199	Fusarium avenaceum	fungi	PX071354.1	533	0	0		True	True	
MPDB002860	40199	Fusarium avenaceum	fungi	PX071367.1	531	0	0		True	True	
MPDB002861	40199	Fusarium avenaceum	fungi	PX071378.1	523	0	0		True	True	
MPDB002862	40199	Fusarium avenaceum	fungi	PX071381.1	543	0	0		True	True	
MPDB002863	40199	Fusarium avenaceum	fungi	PX642692.1	504	0	0		True	True	
MPDB002864	40199	Fusarium avenaceum	fungi	PZ478041.1	520	0	0		True	True	
MPDB002865	40199	Fusarium avenaceum	fungi	PZ489879.1	524	0	0		True	True	
MPDB002866	40199	Fusarium avenaceum	fungi	PZ547846.1	236	0	0		True	True	
MPDB002867	40199	Fusarium avenaceum	fungi	PZ695172.1	516	0	0		True	True	
MPDB002868	40199	Fusarium avenaceum	fungi	PZ695173.1	515	0	0		True	True	
MPDB002869	40199	Fusarium avenaceum	fungi	PZ695175.1	518	0	0		True	True	
MPDB002870	40199	Fusarium avenaceum	fungi	PZ695178.1	516	0	0		True	True	
MPDB002871	40199	Fusarium avenaceum	fungi	PZ695179.1	515	0	0		True	True	
MPDB002872	40199	Fusarium avenaceum	fungi	PZ697417.1	559	0	0		True	True	
MPDB002873	40199	Fusarium avenaceum	fungi	PZ725181.1	569	0	0		True	True	
MPDB002874	40199	Fusarium avenaceum	fungi	PZ725182.1	576	0	0		True	True	
MPDB002875	40199	Fusarium avenaceum	fungi	PZ795336.1	573	0	0		True	True	
MPDB002876	40559	Botrytis cinerea	fungi	PZ707276.1	537	0	0		True	True	
MPDB002877	40559	Botrytis cinerea	fungi	PZ707290.1	537	0	0		True	True	
MPDB002878	40559	Botrytis cinerea	fungi	PZ715754.1	537	0	0		True	True	
MPDB002879	40559	Botrytis cinerea	fungi	PZ715779.1	537	0	0		True	True	
MPDB002880	40559	Botrytis cinerea	fungi	PZ715780.1	537	0	0		True	True	
MPDB002881	40559	Botrytis cinerea	fungi	PZ734647.1	577	0	0		True	True	
MPDB002882	40559	Botrytis cinerea	fungi	PZ756804.1	506	0	0		True	True	
MPDB002883	40559	Botrytis cinerea	fungi	PZ756805.1	534	0	0		True	True	
MPDB002884	40559	Botrytis cinerea	fungi	PZ774987.1	572	0	0		True	True	
MPDB002885	41413	Aspergillus glaucus	fungi	AY373887.1	578	0	1	Y	True	True	
MPDB002886	41413	Aspergillus glaucus	fungi	EF652053.1	1111	0	0		True	True	
MPDB002887	41413	Aspergillus glaucus	fungi	GU319986.1	539	0	0		True	True	
MPDB002888	41413	Aspergillus glaucus	fungi	JF922029.1	1363	0	0		True	True	
MPDB002889	41413	Aspergillus glaucus	fungi	JN942870.1	510	0	0		True	True	
MPDB002890	41413	Aspergillus glaucus	fungi	JQ724365.1	554	0	0		True	True	
MPDB002891	41413	Aspergillus glaucus	fungi	JQ724459.1	542	0	0		True	True	
MPDB002892	41413	Aspergillus glaucus	fungi	KC485448.1	423	0	0		True	True	
MPDB002893	41413	Aspergillus glaucus	fungi	KF298065.1	515	0	0		True	True	
MPDB002894	41413	Aspergillus glaucus	fungi	KM232504.1	661	0	0		True	True	
MPDB002895	41413	Aspergillus glaucus	fungi	KT151583.1	758	0	0		True	True	
MPDB002896	41413	Aspergillus glaucus	fungi	KX022492.1	511	0	0		True	True	
MPDB002897	41413	Aspergillus glaucus	fungi	KX394538.1	461	0	0		True	True	
MPDB002898	41413	Aspergillus glaucus	fungi	LT670943.1	1066	0	0		True	True	
MPDB002899	41413	Aspergillus glaucus	fungi	MH855094.1	476	0	0		True	True	
MPDB002900	41413	Aspergillus glaucus	fungi	MH857408.1	553	0	0		True	True	
MPDB002901	41413	Aspergillus glaucus	fungi	MH858701.1	552	0	0		True	True	
MPDB002902	41413	Aspergillus glaucus	fungi	MH860132.1	479	0	0		True	True	
MPDB002903	41413	Aspergillus glaucus	fungi	MK140705.1	555	0	0		True	True	
MPDB002904	41413	Aspergillus glaucus	fungi	MN454494.1	523	0	0		True	True	
MPDB002905	41413	Aspergillus glaucus	fungi	MT133798.1	545	0	0		True	True	
MPDB002906	41413	Aspergillus glaucus	fungi	MT156110.1	514	0	0		True	True	
MPDB002907	41413	Aspergillus glaucus	fungi	MT226599.1	1548	0	0		True	True	
MPDB002908	41413	Aspergillus glaucus	fungi	MT443927.1	541	0	0		True	True	
MPDB002909	41413	Aspergillus glaucus	fungi	MZ091474.1	510	0	0		True	True	
MPDB002910	41413	Aspergillus glaucus	fungi	MZ158597.1	578	0	0		True	True	
MPDB002911	41413	Aspergillus glaucus	fungi	OR136216.1	536	0	0		True	True	
MPDB002912	41413	Aspergillus glaucus	fungi	OR342865.1	550	0	0		True	True	
MPDB002913	418125	Curvularia eragrostidis	fungi	MH858546.1	586	0	0		True	True	
MPDB002914	418125	Curvularia eragrostidis	fungi	MH859837.1	592	0	0		True	True	
MPDB002915	418125	Curvularia eragrostidis	fungi	MN905466.1	591	0	0		True	True	
MPDB002916	418125	Curvularia eragrostidis	fungi	MW260287.1	550	0	0		True	True	
MPDB002917	418125	Curvularia eragrostidis	fungi	MW330259.1	300	0	0		True	True	
MPDB002918	418125	Curvularia eragrostidis	fungi	MZ148448.1	565	0	0		True	True	
MPDB002919	418125	Curvularia eragrostidis	fungi	MZ203545.1	640	0	0		True	True	
MPDB002920	418125	Curvularia eragrostidis	fungi	MZ203562.1	531	0	0		True	True	
MPDB002921	418125	Curvularia eragrostidis	fungi	MZ203563.1	528	0	0		True	True	
MPDB002922	418125	Curvularia eragrostidis	fungi	MZ203564.1	527	0	0		True	True	
MPDB002923	418125	Curvularia eragrostidis	fungi	MZ203589.1	529	0	0		True	True	
MPDB002924	418125	Curvularia eragrostidis	fungi	MZ203590.1	560	0	0		True	True	
MPDB002925	418125	Curvularia eragrostidis	fungi	MZ510930.1	537	0	0		True	True	
MPDB002926	418125	Curvularia eragrostidis	fungi	MZ951162.1	522	0	0		True	True	
MPDB002927	418125	Curvularia eragrostidis	fungi	OK284522.1	480	0	0		True	True	
MPDB002928	418125	Curvularia eragrostidis	fungi	OL347778.1	506	0	0		True	True	
MPDB002929	418125	Curvularia eragrostidis	fungi	OM574679.1	565	0	0		True	True	
MPDB002930	418125	Curvularia eragrostidis	fungi	ON130597.1	563	0	0		True	True	
MPDB002931	418125	Curvularia eragrostidis	fungi	ON130605.1	565	0	0		True	True	
MPDB002932	418125	Curvularia eragrostidis	fungi	OP251366.1	579	0	0		True	True	
MPDB002933	418125	Curvularia eragrostidis	fungi	OQ132555.1	570	0	0		True	True	
MPDB002934	418125	Curvularia eragrostidis	fungi	OQ421617.1	535	0	0		True	True	
MPDB002935	418125	Curvularia eragrostidis	fungi	OQ435851.1	549	0	0		True	True	
MPDB002936	418125	Curvularia eragrostidis	fungi	OQ435863.1	531	0	0		True	True	
MPDB002937	418125	Curvularia eragrostidis	fungi	OQ435865.1	535	0	0		True	True	
MPDB002938	418125	Curvularia eragrostidis	fungi	OQ435867.1	542	0	0		True	True	
MPDB002939	418125	Curvularia eragrostidis	fungi	OR552700.1	561	0	0		True	True	
MPDB002940	418125	Curvularia eragrostidis	fungi	OR939709.1	831	0	0		True	True	
MPDB002941	418125	Curvularia eragrostidis	fungi	PP082869.1	616	0	0		True	True	
MPDB002942	418125	Curvularia eragrostidis	fungi	PP761989.1	521	0	0		True	True	
MPDB002943	418125	Curvularia eragrostidis	fungi	PP786364.1	564	0	0		True	True	
MPDB002944	418125	Curvularia eragrostidis	fungi	PP887991.1	580	0	0		True	True	
MPDB002945	418125	Curvularia eragrostidis	fungi	PP887992.1	565	0	0		True	True	
MPDB002946	418125	Curvularia eragrostidis	fungi	PP887993.1	594	0	0		True	True	
MPDB002947	418125	Curvularia eragrostidis	fungi	PP887994.1	569	0	0		True	True	
MPDB002948	418125	Curvularia eragrostidis	fungi	PQ427790.1	788	0	0		True	True	
MPDB002949	418125	Curvularia eragrostidis	fungi	PV138304.1	621	0	0		True	True	
MPDB002950	418125	Curvularia eragrostidis	fungi	PV651752.1	588	0	0		True	True	
MPDB002951	418125	Curvularia eragrostidis	fungi	PX715456.1	537	0	0		True	True	
MPDB002952	418125	Curvularia eragrostidis	fungi	PX715457.1	577	0	0		True	True	
MPDB002953	418125	Curvularia eragrostidis	fungi	PZ051199.1	518	0	0		True	True	
MPDB002954	418125	Curvularia eragrostidis	fungi	PZ269064.1	632	0	0		True	True	
MPDB002955	418125	Curvularia eragrostidis	fungi	PZ744239.1	555	0	0		True	True	
MPDB002956	418126	Curvularia geniculata(Cochliobolus geniculatus)	fungi	LC802642.1	569	0	0		True	True	
MPDB002957	418126	Curvularia geniculata(Cochliobolus geniculatus)	fungi	MH856584.1	585	0	0		True	True	
MPDB002958	418126	Curvularia geniculata(Cochliobolus geniculatus)	fungi	MH857009.1	590	0	0		True	True	
MPDB002959	418126	Curvularia geniculata(Cochliobolus geniculatus)	fungi	MH857565.1	584	0	0		True	True	
MPDB002960	418126	Curvularia geniculata(Cochliobolus geniculatus)	fungi	MH858445.1	592	0	0		True	True	
MPDB002961	418126	Curvularia geniculata(Cochliobolus geniculatus)	fungi	MH858604.1	555	0	0		True	True	
MPDB002962	418126	Curvularia geniculata(Cochliobolus geniculatus)	fungi	PP442061.1	521	0	0		True	True	
MPDB002963	418126	Curvularia geniculata(Cochliobolus geniculatus)	fungi	PP887995.1	565	2	0		True	True	
MPDB002964	418126	Curvularia geniculata(Cochliobolus geniculatus)	fungi	PP887996.1	565	0	0		True	True	
MPDB002965	418126	Curvularia geniculata(Cochliobolus geniculatus)	fungi	PP961894.1	607	0	0		True	True	
MPDB002966	418126	Curvularia geniculata(Cochliobolus geniculatus)	fungi	PQ130437.1	566	0	0		True	True	
MPDB002967	418126	Curvularia geniculata(Cochliobolus geniculatus)	fungi	PQ166595.1	608	0	0		True	True	
MPDB002968	418126	Curvularia geniculata(Cochliobolus geniculatus)	fungi	PQ203624.1	615	0	0		True	True	
MPDB002969	418126	Curvularia geniculata(Cochliobolus geniculatus)	fungi	PQ358371.1	546	0	0		True	True	
MPDB002970	418126	Curvularia geniculata(Cochliobolus geniculatus)	fungi	PQ453901.1	601	0	0		True	True	
MPDB002971	418126	Curvularia geniculata(Cochliobolus geniculatus)	fungi	PQ509331.1	558	0	0		True	True	
MPDB002972	418126	Curvularia geniculata(Cochliobolus geniculatus)	fungi	PQ580772.1	719	0	0		True	True	
MPDB002973	418126	Curvularia geniculata(Cochliobolus geniculatus)	fungi	PV021109.1	571	0	0		True	True	
MPDB002974	418126	Curvularia geniculata(Cochliobolus geniculatus)	fungi	PV021212.1	521	0	0		True	True	
MPDB002975	418126	Curvularia geniculata(Cochliobolus geniculatus)	fungi	PV290842.1	528	0	0		True	True	
MPDB002976	418126	Curvularia geniculata(Cochliobolus geniculatus)	fungi	PV363220.1	580	0	0		True	True	
MPDB002977	418126	Curvularia geniculata(Cochliobolus geniculatus)	fungi	PV363268.1	591	0	0		True	True	
MPDB002978	418126	Curvularia geniculata(Cochliobolus geniculatus)	fungi	PV367997.1	517	0	0		True	True	
MPDB002979	418126	Curvularia geniculata(Cochliobolus geniculatus)	fungi	PV789439.1	618	0	0		True	True	
MPDB002980	418126	Curvularia geniculata(Cochliobolus geniculatus)	fungi	PV834175.1	594	0	0		True	True	
MPDB002981	418126	Curvularia geniculata(Cochliobolus geniculatus)	fungi	PV918788.1	544	0	0		True	True	
MPDB002982	418126	Curvularia geniculata(Cochliobolus geniculatus)	fungi	PV932089.1	517	0	0		True	True	
MPDB002983	418126	Curvularia geniculata(Cochliobolus geniculatus)	fungi	PX362638.1	558	0	0		True	True	
MPDB002984	418126	Curvularia geniculata(Cochliobolus geniculatus)	fungi	PX463423.1	544	0	0		True	True	
MPDB002985	418126	Curvularia geniculata(Cochliobolus geniculatus)	fungi	PX752441.1	529	0	0		True	True	
MPDB002986	418126	Curvularia geniculata(Cochliobolus geniculatus)	fungi	PX972514.1	578	0	0		True	True	
MPDB002987	418126	Curvularia geniculata(Cochliobolus geniculatus)	fungi	PX974578.1	592	0	3	KSW	True	True	
MPDB002988	418126	Curvularia geniculata(Cochliobolus geniculatus)	fungi	PZ017563.1	556	0	0		True	True	
MPDB002989	418126	Curvularia geniculata(Cochliobolus geniculatus)	fungi	PZ092863.1	205	2	0		True	True	
MPDB002990	418126	Curvularia geniculata(Cochliobolus geniculatus)	fungi	PZ151159.1	561	0	0		True	True	
MPDB002991	418126	Curvularia geniculata(Cochliobolus geniculatus)	fungi	PZ185325.1	529	0	0		True	True	
MPDB002992	418126	Curvularia geniculata(Cochliobolus geniculatus)	fungi	PZ255453.1	423	0	0		True	True	
MPDB002993	418126	Curvularia geniculata(Cochliobolus geniculatus)	fungi	PZ269071.1	595	0	0		True	True	
MPDB002994	418126	Curvularia geniculata(Cochliobolus geniculatus)	fungi	PZ274260.1	547	0	0		True	True	
MPDB002995	418126	Curvularia geniculata(Cochliobolus geniculatus)	fungi	PZ281862.1	605	0	0		True	True	
MPDB002996	418126	Curvularia geniculata(Cochliobolus geniculatus)	fungi	PZ281868.1	633	0	0		True	True	
MPDB002997	418126	Curvularia geniculata(Cochliobolus geniculatus)	fungi	PZ678935.1	546	0	0		True	True	
MPDB002998	418126	Curvularia geniculata(Cochliobolus geniculatus)	fungi	PZ794750.1	531	0	0		True	True	
MPDB002999	41984	Aspergillus tamarii	fungi	KP329611.1	657	0	0		True	True	
MPDB003000	41984	Aspergillus tamarii	fungi	KP329668.1	657	0	0		True	True	
MPDB003001	41984	Aspergillus tamarii	fungi	MH854614.1	608	0	0		True	True	
MPDB003002	41984	Aspergillus tamarii	fungi	MH856295.1	597	0	0		True	True	
MPDB003003	41984	Aspergillus tamarii	fungi	MH858230.1	599	0	0		True	True	
MPDB003004	41984	Aspergillus tamarii	fungi	MH859187.1	611	0	0		True	True	
MPDB003005	41984	Aspergillus tamarii	fungi	MH859188.1	596	0	0		True	True	
MPDB003006	41984	Aspergillus tamarii	fungi	MH864331.1	613	0	0		True	True	
MPDB003007	41984	Aspergillus tamarii	fungi	MH865259.1	556	0	0		True	True	
MPDB003008	41984	Aspergillus tamarii	fungi	PV107769.1	528	0	0		True	True	
MPDB003009	41984	Aspergillus tamarii	fungi	PV107773.1	541	0	0		True	True	
MPDB003010	41984	Aspergillus tamarii	fungi	PV107797.1	572	0	0		True	True	
MPDB003011	41984	Aspergillus tamarii	fungi	PV107904.1	593	0	0		True	True	
MPDB003012	41984	Aspergillus tamarii	fungi	PV108476.1	561	0	0		True	True	
MPDB003013	41984	Aspergillus tamarii	fungi	PV111578.1	584	0	0		True	True	
MPDB003014	41984	Aspergillus tamarii	fungi	PV111585.1	585	0	0		True	True	
MPDB003015	41984	Aspergillus tamarii	fungi	PV111586.1	586	0	0		True	True	
MPDB003016	41984	Aspergillus tamarii	fungi	PV910913.1	564	0	0		True	True	
MPDB003017	41984	Aspergillus tamarii	fungi	PV910914.1	565	0	0		True	True	
MPDB003018	41984	Aspergillus tamarii	fungi	PX048793.1	252	0	0		True	True	
MPDB003019	41984	Aspergillus tamarii	fungi	PX102345.1	270	0	0		True	True	
MPDB003020	41984	Aspergillus tamarii	fungi	PX668513.1	575	0	0		True	True	
MPDB003021	41984	Aspergillus tamarii	fungi	PX691414.1	559	0	0		True	True	
MPDB003022	41984	Aspergillus tamarii	fungi	PX715388.1	549	0	0		True	True	
MPDB003023	41984	Aspergillus tamarii	fungi	PX830074.1	625	0	0		True	True	
MPDB003024	41984	Aspergillus tamarii	fungi	PX830096.1	619	0	0		True	True	
MPDB003025	41984	Aspergillus tamarii	fungi	PX830100.1	620	0	0		True	True	
MPDB003026	41984	Aspergillus tamarii	fungi	PX830132.1	626	0	0		True	True	
MPDB003027	41984	Aspergillus tamarii	fungi	PX844903.1	605	0	0		True	True	
MPDB003028	41984	Aspergillus tamarii	fungi	PX848691.1	567	0	0		True	True	
MPDB003029	41984	Aspergillus tamarii	fungi	PX909670.1	301	0	0		True	True	
MPDB003030	41984	Aspergillus tamarii	fungi	PZ000582.1	579	0	0		True	True	
MPDB003031	41984	Aspergillus tamarii	fungi	PZ091391.1	573	0	0		True	True	
MPDB003032	41984	Aspergillus tamarii	fungi	PZ228455.1	508	0	0		True	True	
MPDB003033	41984	Aspergillus tamarii	fungi	PZ230380.1	583	0	0		True	True	
MPDB003034	41984	Aspergillus tamarii	fungi	PZ245384.1	570	0	0		True	True	
MPDB003035	41984	Aspergillus tamarii	fungi	PZ245385.1	578	0	0		True	True	
MPDB003036	41984	Aspergillus tamarii	fungi	PZ305998.1	601	0	0		True	True	
MPDB003037	41984	Aspergillus tamarii	fungi	PZ359181.1	250	2	0		True	True	
MPDB003038	41984	Aspergillus tamarii	fungi	PZ406413.1	619	0	0		True	True	
MPDB003039	41984	Aspergillus tamarii	fungi	PZ484231.1	554	0	0		True	True	
MPDB003040	41984	Aspergillus tamarii	fungi	PZ543310.1	530	0	0		True	True	
MPDB003041	41984	Aspergillus tamarii	fungi	PZ668823.1	553	0	0		True	True	
MPDB003042	42672	Fusarium napiforme	fungi	AY303609.1	516	0	0		True	True	
MPDB003043	42672	Fusarium napiforme	fungi	DQ297553.1	511	0	0		True	True	
MPDB003044	42672	Fusarium napiforme	fungi	DQ297554.1	523	0	0		True	True	
MPDB003045	42672	Fusarium napiforme	fungi	DQ297555.1	522	0	0		True	True	
MPDB003046	42672	Fusarium napiforme	fungi	HQ165918.1	457	0	0		True	True	
MPDB003047	42672	Fusarium napiforme	fungi	KR071650.1	405	0	0		True	True	
MPDB003048	42672	Fusarium napiforme	fungi	KU604029.1	421	0	0		True	True	
MPDB003049	42672	Fusarium napiforme	fungi	KU950732.1	755	0	0		True	True	
MPDB003050	42672	Fusarium napiforme	fungi	KU950733.1	757	0	0		True	True	
MPDB003051	42672	Fusarium napiforme	fungi	KU950736.1	740	0	0		True	True	
MPDB003052	42672	Fusarium napiforme	fungi	KU974310.1	998	0	0		True	True	
MPDB003053	42672	Fusarium napiforme	fungi	LC184201.1	528	0	0		True	True	
MPDB003054	42672	Fusarium napiforme	fungi	LC363505.1	475	0	0		True	True	
MPDB003055	42672	Fusarium napiforme	fungi	LC903237.1	505	0	0		True	True	
MPDB003056	42672	Fusarium napiforme	fungi	MG515227.1	516	0	0		True	True	
MPDB003057	42672	Fusarium napiforme	fungi	MH685904.1	518	0	0		True	True	
MPDB003058	42672	Fusarium napiforme	fungi	MH874278.1	1374	0	0		True	True	DUPLICATE_SEQUENCE_WITHIN_TAXID (n=2); identical sequences from independent GenBank records, retained
MPDB003059	42672	Fusarium napiforme	fungi	MH874278.1	1374	0	0		True	True	DUPLICATE_SEQUENCE_WITHIN_TAXID (n=2); identical sequences from independent GenBank records, retained
MPDB003060	42672	Fusarium napiforme	fungi	MK072719.1	546	0	0		True	True	
MPDB003061	42672	Fusarium napiforme	fungi	MK072720.1	507	0	0		True	True	
MPDB003062	42672	Fusarium napiforme	fungi	MK239976.1	465	0	0		True	True	
MPDB003063	42672	Fusarium napiforme	fungi	MK804346.1	496	0	0		True	True	
MPDB003064	42672	Fusarium napiforme	fungi	MN522017.1	504	0	0		True	True	
MPDB003065	42672	Fusarium napiforme	fungi	MN548366.1	490	0	0		True	True	
MPDB003066	42672	Fusarium napiforme	fungi	MT072220.1	650	0	0		True	True	
MPDB003067	42672	Fusarium napiforme	fungi	MW301429.1	498	0	0		True	True	
MPDB003068	42672	Fusarium napiforme	fungi	OL699890.1	551	0	0		True	True	
MPDB003069	42672	Fusarium napiforme	fungi	OL711962.1	541	0	0		True	True	
MPDB003070	42672	Fusarium napiforme	fungi	OM194086.1	479	0	0		True	True	
MPDB003071	42672	Fusarium napiforme	fungi	ON204349.1	564	0	0		True	True	
MPDB003072	42672	Fusarium napiforme	fungi	OQ398018.1	479	0	0		True	True	
MPDB003073	42672	Fusarium napiforme	fungi	OQ983871.1	562	0	0		True	True	
MPDB003074	42672	Fusarium napiforme	fungi	OR400660.1	610	0	0		True	True	
MPDB003075	42672	Fusarium napiforme	fungi	PQ657495.1	506	0	0		True	True	
MPDB003076	42672	Fusarium napiforme	fungi	PV277815.1	586	0	0		True	True	
MPDB003077	42672	Fusarium napiforme	fungi	PX830122.1	568	0	0		True	True	
MPDB003078	42672	Fusarium napiforme	fungi	PX858201.1	556	0	0		True	True	
MPDB003079	42672	Fusarium napiforme	fungi	PZ382062.1	534	0	0		True	True	
MPDB003080	42672	Fusarium napiforme	fungi	U34570.1	522	0	0		True	True	
MPDB003081	42676	Fusarium sacchari	fungi	MH854822.1	522	0	0		True	True	
MPDB003082	42676	Fusarium sacchari	fungi	MH855037.1	545	0	0		True	True	
MPDB003083	42676	Fusarium sacchari	fungi	MH855272.1	510	0	0		True	True	
MPDB003084	42676	Fusarium sacchari	fungi	MH855403.1	555	0	0		True	True	
MPDB003085	42676	Fusarium sacchari	fungi	MH855885.1	544	0	0		True	True	
MPDB003086	42676	Fusarium sacchari	fungi	PX647282.1	513	0	0		True	True	
MPDB003087	42676	Fusarium sacchari	fungi	PX651165.1	464	0	0		True	True	
MPDB003088	42676	Fusarium sacchari	fungi	PX755859.1	494	0	0		True	True	
MPDB003089	42676	Fusarium sacchari	fungi	PX957575.1	532	0	0		True	True	
MPDB003090	42676	Fusarium sacchari	fungi	PZ027954.1	513	0	0		True	True	
MPDB003091	42676	Fusarium sacchari	fungi	PZ129590.1	555	0	0		True	True	
MPDB003092	42676	Fusarium sacchari	fungi	PZ208704.1	550	0	0		True	True	
MPDB003093	42676	Fusarium sacchari	fungi	PZ266752.1	446	0	0		True	True	
MPDB003094	42676	Fusarium sacchari	fungi	PZ311704.1	523	0	0		True	True	
MPDB003095	42676	Fusarium sacchari	fungi	PZ394332.1	480	0	0		True	True	
MPDB003096	42676	Fusarium sacchari	fungi	PZ501429.1	484	0	0		True	True	
MPDB003097	42676	Fusarium sacchari	fungi	PZ501430.1	478	0	0		True	True	
MPDB003098	42676	Fusarium sacchari	fungi	PZ501431.1	481	0	0		True	True	
MPDB003099	42676	Fusarium sacchari	fungi	PZ501432.1	485	0	0		True	True	
MPDB003100	42676	Fusarium sacchari	fungi	PZ502134.1	638	0	0		True	True	
MPDB003101	42676	Fusarium sacchari	fungi	PZ502135.1	506	0	0		True	True	
MPDB003102	42676	Fusarium sacchari	fungi	PZ502227.1	518	0	0		True	True	
MPDB003103	42676	Fusarium sacchari	fungi	PZ502228.1	525	0	0		True	True	
MPDB003104	42676	Fusarium sacchari	fungi	PZ502229.1	505	0	0		True	True	
MPDB003105	42676	Fusarium sacchari	fungi	PZ509471.1	562	0	0		True	True	
MPDB003106	42676	Fusarium sacchari	fungi	PZ509491.1	524	0	0		True	True	
MPDB003107	42676	Fusarium sacchari	fungi	PZ509615.1	528	0	0		True	True	
MPDB003108	42676	Fusarium sacchari	fungi	PZ509618.1	509	0	0		True	True	
MPDB003109	42676	Fusarium sacchari	fungi	PZ509636.1	506	0	0		True	True	
MPDB003110	42676	Fusarium sacchari	fungi	PZ509643.1	570	0	0		True	True	
MPDB003111	42676	Fusarium sacchari	fungi	PZ509644.1	526	0	0		True	True	
MPDB003112	42676	Fusarium sacchari	fungi	PZ513332.1	996	0	0		True	True	
MPDB003113	42676	Fusarium sacchari	fungi	PZ513333.1	684	0	0		True	True	
MPDB003114	42676	Fusarium sacchari	fungi	PZ513334.1	774	0	0		True	True	
MPDB003115	42676	Fusarium sacchari	fungi	PZ513335.1	844	0	0		True	True	
MPDB003116	42676	Fusarium sacchari	fungi	PZ513336.1	992	0	0		True	True	
MPDB003117	42676	Fusarium sacchari	fungi	PZ513337.1	754	0	0		True	True	
MPDB003118	42676	Fusarium sacchari	fungi	PZ513338.1	918	0	0		True	True	
MPDB003119	42676	Fusarium sacchari	fungi	PZ513339.1	848	0	0		True	True	
MPDB003120	42676	Fusarium sacchari	fungi	PZ513340.1	801	0	0		True	True	
MPDB003121	42676	Fusarium sacchari	fungi	PZ710560.1	447	0	0		True	True	
MPDB003122	42676	Fusarium sacchari	fungi	PZ734421.1	541	0	0		True	True	
MPDB003123	42676	Fusarium sacchari	fungi	PZ794434.1	520	0	0		True	True	
MPDB003124	42677	Fusarium subglutinans	fungi	LC769974.1	470	0	0		True	True	
MPDB003125	42677	Fusarium subglutinans	fungi	MH864398.1	559	0	0		True	True	
MPDB003126	42677	Fusarium subglutinans	fungi	OR346298.1	494	0	0		True	True	
MPDB003127	42677	Fusarium subglutinans	fungi	OR623763.1	531	0	14	KRSWY	True	True	
MPDB003128	42677	Fusarium subglutinans	fungi	PP336543.1	1646	0	0		True	True	
MPDB003129	42677	Fusarium subglutinans	fungi	PP474113.1	488	0	0		True	True	
MPDB003130	42677	Fusarium subglutinans	fungi	PP858214.1	583	0	0		True	True	
MPDB003131	42677	Fusarium subglutinans	fungi	PP858215.1	580	0	0		True	True	
MPDB003132	42677	Fusarium subglutinans	fungi	PP858216.1	566	0	0		True	True	
MPDB003133	42677	Fusarium subglutinans	fungi	PP858217.1	573	0	0		True	True	
MPDB003134	42677	Fusarium subglutinans	fungi	PP858218.1	592	0	0		True	True	
MPDB003135	42677	Fusarium subglutinans	fungi	PP858219.1	573	0	0		True	True	
MPDB003136	42677	Fusarium subglutinans	fungi	PP858220.1	579	0	0		True	True	
MPDB003137	42677	Fusarium subglutinans	fungi	PP858221.1	570	0	0		True	True	
MPDB003138	42677	Fusarium subglutinans	fungi	PP901862.1	531	0	0		True	True	
MPDB003139	42677	Fusarium subglutinans	fungi	PQ289220.1	522	0	0		True	True	
MPDB003140	42677	Fusarium subglutinans	fungi	PQ436491.1	507	0	0		True	True	
MPDB003141	42677	Fusarium subglutinans	fungi	PQ471479.1	411	0	0		True	True	
MPDB003142	42677	Fusarium subglutinans	fungi	PQ579862.1	545	0	0		True	True	
MPDB003143	42677	Fusarium subglutinans	fungi	PV109003.1	552	0	0		True	True	
MPDB003144	42677	Fusarium subglutinans	fungi	PV130020.1	446	0	0		True	True	
MPDB003145	42677	Fusarium subglutinans	fungi	PV133542.1	513	0	0		True	True	
MPDB003146	42677	Fusarium subglutinans	fungi	PV477270.1	533	0	0		True	True	
MPDB003147	42677	Fusarium subglutinans	fungi	PV778601.1	558	0	0		True	True	
MPDB003148	42677	Fusarium subglutinans	fungi	PV891882.1	550	0	0		True	True	
MPDB003149	42677	Fusarium subglutinans	fungi	PX381143.1	544	0	0		True	True	
MPDB003150	42677	Fusarium subglutinans	fungi	PX654089.1	542	0	0		True	True	
MPDB003151	42677	Fusarium subglutinans	fungi	PX724063.1	554	0	0		True	True	
MPDB003152	42677	Fusarium subglutinans	fungi	PX755857.1	506	0	0		True	True	
MPDB003153	42677	Fusarium subglutinans	fungi	PX755858.1	523	0	0		True	True	
MPDB003154	42677	Fusarium subglutinans	fungi	PX845612.1	785	0	0		True	True	
MPDB003155	42677	Fusarium subglutinans	fungi	PX856651.1	506	0	0		True	True	
MPDB003156	42677	Fusarium subglutinans	fungi	PX928240.1	549	0	0		True	True	
MPDB003157	42677	Fusarium subglutinans	fungi	PX928275.1	552	0	0		True	True	
MPDB003158	42677	Fusarium subglutinans	fungi	PX928276.1	549	0	0		True	True	
MPDB003159	42677	Fusarium subglutinans	fungi	PZ117540.1	585	1	0		True	True	
MPDB003160	42677	Fusarium subglutinans	fungi	PZ266778.1	456	0	0		True	True	
MPDB003161	42677	Fusarium subglutinans	fungi	PZ368454.1	484	0	0		True	True	
MPDB003162	42677	Fusarium subglutinans	fungi	PZ506902.1	995	0	0		True	True	
MPDB003163	42677	Fusarium subglutinans	fungi	PZ506903.1	1031	0	0		True	True	
MPDB003164	42677	Fusarium subglutinans	fungi	PZ658248.1	511	0	0		True	True	
MPDB003165	42677	Fusarium subglutinans	fungi	PZ734385.1	550	0	0		True	True	
MPDB003166	42677	Fusarium subglutinans	fungi	PZ765719.1	607	0	0		True	True	
MPDB003167	45130	Bipolaris sorokiniana (Cochliobolus sativus)	fungi	MH855246.1	549	0	0		True	True	
MPDB003168	45130	Bipolaris sorokiniana (Cochliobolus sativus)	fungi	MH855247.1	590	0	0		True	True	
MPDB003169	45130	Bipolaris sorokiniana (Cochliobolus sativus)	fungi	MH856637.1	582	1	0		True	True	
MPDB003170	45130	Bipolaris sorokiniana (Cochliobolus sativus)	fungi	MH857554.1	593	0	0		True	True	
MPDB003171	45130	Bipolaris sorokiniana (Cochliobolus sativus)	fungi	MH857555.1	485	0	0		True	True	
MPDB003172	45130	Bipolaris sorokiniana (Cochliobolus sativus)	fungi	MH857556.1	581	0	0		True	True	
MPDB003173	45130	Bipolaris sorokiniana (Cochliobolus sativus)	fungi	MH858440.1	586	0	0		True	True	
MPDB003174	45130	Bipolaris sorokiniana (Cochliobolus sativus)	fungi	MH858691.1	582	0	0		True	True	
MPDB003175	45130	Bipolaris sorokiniana (Cochliobolus sativus)	fungi	MH860558.1	592	0	0		True	True	
MPDB003176	45130	Bipolaris sorokiniana (Cochliobolus sativus)	fungi	MH864696.1	588	0	0		True	True	
MPDB003177	45130	Bipolaris sorokiniana (Cochliobolus sativus)	fungi	MH864697.1	588	0	0		True	True	
MPDB003178	45130	Bipolaris sorokiniana (Cochliobolus sativus)	fungi	MH864698.1	598	0	0		True	True	
MPDB003179	45130	Bipolaris sorokiniana (Cochliobolus sativus)	fungi	PX069952.1	588	0	0		True	True	
MPDB003180	45130	Bipolaris sorokiniana (Cochliobolus sativus)	fungi	PX069954.1	583	0	0		True	True	
MPDB003181	45130	Bipolaris sorokiniana (Cochliobolus sativus)	fungi	PX069955.1	596	0	0		True	True	
MPDB003182	45130	Bipolaris sorokiniana (Cochliobolus sativus)	fungi	PX069956.1	592	0	0		True	True	
MPDB003183	45130	Bipolaris sorokiniana (Cochliobolus sativus)	fungi	PX069957.1	587	0	1	S	True	True	
MPDB003184	45130	Bipolaris sorokiniana (Cochliobolus sativus)	fungi	PX069962.1	590	0	0		True	True	
MPDB003185	45130	Bipolaris sorokiniana (Cochliobolus sativus)	fungi	PX069964.1	588	0	0		True	True	
MPDB003186	45130	Bipolaris sorokiniana (Cochliobolus sativus)	fungi	PX069965.1	589	0	0		True	True	
MPDB003187	45130	Bipolaris sorokiniana (Cochliobolus sativus)	fungi	PX069969.1	589	0	0		True	True	
MPDB003188	45130	Bipolaris sorokiniana (Cochliobolus sativus)	fungi	PX069970.1	590	0	0		True	True	
MPDB003189	45130	Bipolaris sorokiniana (Cochliobolus sativus)	fungi	PX069972.1	588	0	0		True	True	
MPDB003190	45130	Bipolaris sorokiniana (Cochliobolus sativus)	fungi	PX069973.1	590	0	1	S	True	True	
MPDB003191	45130	Bipolaris sorokiniana (Cochliobolus sativus)	fungi	PX069974.1	590	0	1	S	True	True	
MPDB003192	45130	Bipolaris sorokiniana (Cochliobolus sativus)	fungi	PX069975.1	584	0	0		True	True	
MPDB003193	45130	Bipolaris sorokiniana (Cochliobolus sativus)	fungi	PX069976.1	584	0	0		True	True	
MPDB003194	45130	Bipolaris sorokiniana (Cochliobolus sativus)	fungi	PX069978.1	592	0	0		True	True	
MPDB003195	45130	Bipolaris sorokiniana (Cochliobolus sativus)	fungi	PX069980.1	583	0	0		True	True	
MPDB003196	45130	Bipolaris sorokiniana (Cochliobolus sativus)	fungi	PX069981.1	592	0	0		True	True	
MPDB003197	45130	Bipolaris sorokiniana (Cochliobolus sativus)	fungi	PX069982.1	588	0	1	S	True	True	
MPDB003198	45130	Bipolaris sorokiniana (Cochliobolus sativus)	fungi	PX069984.1	590	0	0		True	True	
MPDB003199	45130	Bipolaris sorokiniana (Cochliobolus sativus)	fungi	PX069985.1	588	0	0		True	True	
MPDB003200	45130	Bipolaris sorokiniana (Cochliobolus sativus)	fungi	PX069986.1	588	0	1	W	True	True	
MPDB003201	45130	Bipolaris sorokiniana (Cochliobolus sativus)	fungi	PX069988.1	587	0	0		True	True	
MPDB003202	45130	Bipolaris sorokiniana (Cochliobolus sativus)	fungi	PX069989.1	587	0	1	S	True	True	
MPDB003203	45130	Bipolaris sorokiniana (Cochliobolus sativus)	fungi	PX069990.1	587	0	1	S	True	True	
MPDB003204	45130	Bipolaris sorokiniana (Cochliobolus sativus)	fungi	PX069991.1	587	0	1	S	True	True	
MPDB003205	45130	Bipolaris sorokiniana (Cochliobolus sativus)	fungi	PX069992.1	559	0	21	KMRSWY	True	True	
MPDB003206	45130	Bipolaris sorokiniana (Cochliobolus sativus)	fungi	PX069996.1	526	0	24	KMRSWY	True	True	DUPLICATE_SEQUENCE_WITHIN_TAXID (n=2); identical sequences from independent GenBank records, retained
MPDB003207	45130	Bipolaris sorokiniana (Cochliobolus sativus)	fungi	PX069996.1	526	0	24	KMRSWY	True	True	DUPLICATE_SEQUENCE_WITHIN_TAXID (n=2); identical sequences from independent GenBank records, retained
MPDB003208	45130	Bipolaris sorokiniana (Cochliobolus sativus)	fungi	PZ626160.1	513	0	0		True	True	
MPDB003209	45130	Bipolaris sorokiniana (Cochliobolus sativus)	fungi	PZ812087.1	535	0	0		True	True	
MPDB003210	45133	Lasiodiplodia theobromae / Botryodiplodia tubericola	fungi	MH864419.1	677	0	0		True	True	
MPDB003211	45133	Lasiodiplodia theobromae / Botryodiplodia tubericola	fungi	MH865367.1	541	0	0		True	True	
MPDB003212	45133	Lasiodiplodia theobromae / Botryodiplodia tubericola	fungi	MH865370.1	542	0	0		True	True	
MPDB003213	45133	Lasiodiplodia theobromae / Botryodiplodia tubericola	fungi	MH865372.1	541	0	0		True	True	
MPDB003214	45133	Lasiodiplodia theobromae / Botryodiplodia tubericola	fungi	MH865374.1	540	0	0		True	True	
MPDB003215	45133	Lasiodiplodia theobromae / Botryodiplodia tubericola	fungi	PV642804.1	563	0	0		True	True	
MPDB003216	45133	Lasiodiplodia theobromae / Botryodiplodia tubericola	fungi	PZ112911.1	415	0	0		True	True	
MPDB003217	45133	Lasiodiplodia theobromae / Botryodiplodia tubericola	fungi	PZ112913.1	432	0	0		True	True	
MPDB003218	45133	Lasiodiplodia theobromae / Botryodiplodia tubericola	fungi	PZ586380.1	555	0	0		True	True	
MPDB003219	45133	Lasiodiplodia theobromae / Botryodiplodia tubericola	fungi	PZ586382.1	570	0	0		True	True	
MPDB003220	45133	Lasiodiplodia theobromae / Botryodiplodia tubericola	fungi	PZ596690.1	510	0	0		True	True	
MPDB003221	45133	Lasiodiplodia theobromae / Botryodiplodia tubericola	fungi	PZ596714.1	367	0	0		True	True	
MPDB003222	45133	Lasiodiplodia theobromae / Botryodiplodia tubericola	fungi	PZ597502.1	494	0	0		True	True	
MPDB003223	45133	Lasiodiplodia theobromae / Botryodiplodia tubericola	fungi	PZ597504.1	404	0	0		True	True	
MPDB003224	45133	Lasiodiplodia theobromae / Botryodiplodia tubericola	fungi	PZ597507.1	248	0	0		True	True	
MPDB003225	45133	Lasiodiplodia theobromae / Botryodiplodia tubericola	fungi	PZ597508.1	388	0	2	KS	True	True	
MPDB003226	45133	Lasiodiplodia theobromae / Botryodiplodia tubericola	fungi	PZ597509.1	190	0	0		True	True	
MPDB003227	45133	Lasiodiplodia theobromae / Botryodiplodia tubericola	fungi	PZ597510.1	489	0	0		True	True	
MPDB003228	45133	Lasiodiplodia theobromae / Botryodiplodia tubericola	fungi	PZ597511.1	474	0	0		True	True	
MPDB003229	45133	Lasiodiplodia theobromae / Botryodiplodia tubericola	fungi	PZ597512.1	387	0	1	R	True	True	
MPDB003230	45133	Lasiodiplodia theobromae / Botryodiplodia tubericola	fungi	PZ597513.1	408	0	1	M	True	True	
MPDB003231	45133	Lasiodiplodia theobromae / Botryodiplodia tubericola	fungi	PZ625880.1	442	0	0		True	True	
MPDB003232	45133	Lasiodiplodia theobromae / Botryodiplodia tubericola	fungi	PZ626023.1	506	0	0		True	True	
MPDB003233	45133	Lasiodiplodia theobromae / Botryodiplodia tubericola	fungi	PZ686360.1	599	0	0		True	True	
MPDB003234	45133	Lasiodiplodia theobromae / Botryodiplodia tubericola	fungi	PZ686361.1	482	0	1	M	True	True	
MPDB003235	45133	Lasiodiplodia theobromae / Botryodiplodia tubericola	fungi	PZ686392.1	721	0	0		True	True	
MPDB003236	45133	Lasiodiplodia theobromae / Botryodiplodia tubericola	fungi	PZ689236.1	531	0	0		True	True	
MPDB003237	45133	Lasiodiplodia theobromae / Botryodiplodia tubericola	fungi	PZ694559.1	497	0	0		True	True	
MPDB003238	45133	Lasiodiplodia theobromae / Botryodiplodia tubericola	fungi	PZ702477.1	498	0	0		True	True	
MPDB003239	45133	Lasiodiplodia theobromae / Botryodiplodia tubericola	fungi	PZ702515.1	340	0	0		True	True	
MPDB003240	45133	Lasiodiplodia theobromae / Botryodiplodia tubericola	fungi	PZ716602.1	374	0	0		True	True	
MPDB003241	45133	Lasiodiplodia theobromae / Botryodiplodia tubericola	fungi	PZ716609.1	390	0	0		True	True	
MPDB003242	45133	Lasiodiplodia theobromae / Botryodiplodia tubericola	fungi	PZ716630.1	389	0	0		True	True	
MPDB003243	45133	Lasiodiplodia theobromae / Botryodiplodia tubericola	fungi	PZ716764.1	455	0	0		True	True	
MPDB003244	45133	Lasiodiplodia theobromae / Botryodiplodia tubericola	fungi	PZ716776.1	377	0	0		True	True	
MPDB003245	45133	Lasiodiplodia theobromae / Botryodiplodia tubericola	fungi	PZ729940.1	408	0	0		True	True	
MPDB003246	45133	Lasiodiplodia theobromae / Botryodiplodia tubericola	fungi	PZ737355.1	502	0	0		True	True	
MPDB003247	45133	Lasiodiplodia theobromae / Botryodiplodia tubericola	fungi	PZ761154.1	518	0	0		True	True	
MPDB003248	45133	Lasiodiplodia theobromae / Botryodiplodia tubericola	fungi	PZ765027.1	542	0	0		True	True	
MPDB003249	45133	Lasiodiplodia theobromae / Botryodiplodia tubericola	fungi	PZ804691.1	545	0	0		True	True	
MPDB003250	45133	Lasiodiplodia theobromae / Botryodiplodia tubericola	fungi	PZ810830.1	526	0	0		True	True	DUPLICATE_SEQUENCE_WITHIN_TAXID (n=3); identical sequences from independent GenBank records, retained
MPDB003251	45133	Lasiodiplodia theobromae / Botryodiplodia tubericola	fungi	PZ810830.1	526	0	0		True	True	DUPLICATE_SEQUENCE_WITHIN_TAXID (n=3); identical sequences from independent GenBank records, retained
MPDB003252	45133	Lasiodiplodia theobromae / Botryodiplodia tubericola	fungi	PZ810830.1	526	0	0		True	True	DUPLICATE_SEQUENCE_WITHIN_TAXID (n=3); identical sequences from independent GenBank records, retained
MPDB003253	456999	Rhizoctonia solani (Thanatephorus cucumeris)	fungi	PZ718915.1	732	0	0		True	True	
MPDB003254	456999	Rhizoctonia solani (Thanatephorus cucumeris)	fungi	PZ718916.1	712	0	0		True	True	
MPDB003255	456999	Rhizoctonia solani (Thanatephorus cucumeris)	fungi	PZ741301.1	558	0	1	K	True	True	
MPDB003256	456999	Rhizoctonia solani (Thanatephorus cucumeris)	fungi	PZ741302.1	558	0	1	K	True	True	
MPDB003257	456999	Rhizoctonia solani (Thanatephorus cucumeris)	fungi	PZ741730.1	297	0	0		True	True	
MPDB003258	456999	Rhizoctonia solani (Thanatephorus cucumeris)	fungi	PZ747061.1	689	0	0		True	True	
MPDB003259	456999	Rhizoctonia solani (Thanatephorus cucumeris)	fungi	PZ747062.1	689	0	0		True	True	
MPDB003260	456999	Rhizoctonia solani (Thanatephorus cucumeris)	fungi	PZ747063.1	689	0	0		True	True	
MPDB003261	456999	Rhizoctonia solani (Thanatephorus cucumeris)	fungi	PZ747064.1	689	0	0		True	True	
MPDB003262	456999	Rhizoctonia solani (Thanatephorus cucumeris)	fungi	PZ747065.1	689	0	0		True	True	
MPDB003263	456999	Rhizoctonia solani (Thanatephorus cucumeris)	fungi	PZ747066.1	689	0	0		True	True	
MPDB003264	456999	Rhizoctonia solani (Thanatephorus cucumeris)	fungi	PZ747067.1	689	0	0		True	True	
MPDB003265	456999	Rhizoctonia solani (Thanatephorus cucumeris)	fungi	PZ747068.1	689	0	0		True	True	
MPDB003266	456999	Rhizoctonia solani (Thanatephorus cucumeris)	fungi	PZ747069.1	689	0	0		True	True	
MPDB003267	456999	Rhizoctonia solani (Thanatephorus cucumeris)	fungi	PZ747070.1	689	0	0		True	True	
MPDB003268	456999	Rhizoctonia solani (Thanatephorus cucumeris)	fungi	PZ747071.1	689	0	0		True	True	
MPDB003269	456999	Rhizoctonia solani (Thanatephorus cucumeris)	fungi	PZ747072.1	689	0	0		True	True	
MPDB003270	456999	Rhizoctonia solani (Thanatephorus cucumeris)	fungi	PZ747073.1	689	0	0		True	True	
MPDB003271	456999	Rhizoctonia solani (Thanatephorus cucumeris)	fungi	PZ747074.1	689	0	0		True	True	
MPDB003272	456999	Rhizoctonia solani (Thanatephorus cucumeris)	fungi	PZ747075.1	689	0	0		True	True	
MPDB003273	456999	Rhizoctonia solani (Thanatephorus cucumeris)	fungi	PZ747076.1	689	0	0		True	True	
MPDB003274	456999	Rhizoctonia solani (Thanatephorus cucumeris)	fungi	PZ747077.1	689	0	0		True	True	
MPDB003275	456999	Rhizoctonia solani (Thanatephorus cucumeris)	fungi	PZ795269.1	773	0	0		True	True	
MPDB003276	456999	Rhizoctonia solani (Thanatephorus cucumeris)	fungi	PZ805015.1	600	0	0		True	True	
MPDB003277	456999	Rhizoctonia solani (Thanatephorus cucumeris)	fungi	PZ806597.1	650	0	0		True	True	
MPDB003278	456999	Rhizoctonia solani (Thanatephorus cucumeris)	fungi	PZ829590.1	726	0	0		True	True	
MPDB003279	456999	Rhizoctonia solani (Thanatephorus cucumeris)	fungi	PZ829591.1	576	0	0		True	True	
MPDB003280	456999	Rhizoctonia solani (Thanatephorus cucumeris)	fungi	PZ829592.1	734	0	0		True	True	
MPDB003281	456999	Rhizoctonia solani (Thanatephorus cucumeris)	fungi	PZ829593.1	570	0	0		True	True	
MPDB003282	456999	Rhizoctonia solani (Thanatephorus cucumeris)	fungi	PZ829594.1	740	0	0		True	True	
MPDB003283	456999	Rhizoctonia solani (Thanatephorus cucumeris)	fungi	PZ829595.1	582	0	0		True	True	
MPDB003284	456999	Rhizoctonia solani (Thanatephorus cucumeris)	fungi	PZ829991.1	708	0	0		True	True	
MPDB003285	456999	Rhizoctonia solani (Thanatephorus cucumeris)	fungi	PZ830004.1	651	0	0		True	True	
MPDB003286	456999	Rhizoctonia solani (Thanatephorus cucumeris)	fungi	PZ830005.1	668	0	0		True	True	
MPDB003287	456999	Rhizoctonia solani (Thanatephorus cucumeris)	fungi	PZ830010.1	524	0	0		True	True	
MPDB003288	456999	Rhizoctonia solani (Thanatephorus cucumeris)	fungi	PZ830013.1	737	0	0		True	True	
MPDB003289	456999	Rhizoctonia solani (Thanatephorus cucumeris)	fungi	PZ830018.1	525	0	0		True	True	
MPDB003290	456999	Rhizoctonia solani (Thanatephorus cucumeris)	fungi	PZ830347.1	660	0	0		True	True	
MPDB003291	456999	Rhizoctonia solani (Thanatephorus cucumeris)	fungi	PZ830348.1	587	0	0		True	True	
MPDB003292	456999	Rhizoctonia solani (Thanatephorus cucumeris)	fungi	PZ830349.1	627	0	0		True	True	
MPDB003293	456999	Rhizoctonia solani (Thanatephorus cucumeris)	fungi	PZ830350.1	389	0	0		True	True	
MPDB003294	456999	Rhizoctonia solani (Thanatephorus cucumeris)	fungi	PZ830351.1	393	0	0		True	True	
MPDB003295	456999	Rhizoctonia solani (Thanatephorus cucumeris)	fungi	PZ830834.1	130	0	0		True	True	
MPDB003296	47278	Trichoderma roseum /Trichothecium roseum	fungi	MH856757.1	619	0	0		True	True	
MPDB003297	47278	Trichoderma roseum /Trichothecium roseum	fungi	MH856758.1	611	0	9	DMRWY	True	True	
MPDB003298	47278	Trichoderma roseum /Trichothecium roseum	fungi	PP844263.1	470	0	0		True	True	
MPDB003299	47278	Trichoderma roseum /Trichothecium roseum	fungi	PQ800245.1	536	0	0		True	True	
MPDB003300	47278	Trichoderma roseum /Trichothecium roseum	fungi	PV107790.1	586	0	0		True	True	
MPDB003301	47278	Trichoderma roseum /Trichothecium roseum	fungi	PV157059.1	629	0	0		True	True	
MPDB003302	47278	Trichoderma roseum /Trichothecium roseum	fungi	PV157138.1	628	0	0		True	True	
MPDB003303	47278	Trichoderma roseum /Trichothecium roseum	fungi	PV195202.1	619	0	0		True	True	
MPDB003304	47278	Trichoderma roseum /Trichothecium roseum	fungi	PV206824.1	587	0	0		True	True	
MPDB003305	47278	Trichoderma roseum /Trichothecium roseum	fungi	PV243909.1	572	0	0		True	True	
MPDB003306	47278	Trichoderma roseum /Trichothecium roseum	fungi	PV291701.1	603	0	0		True	True	
MPDB003307	47278	Trichoderma roseum /Trichothecium roseum	fungi	PV407442.1	549	0	0		True	True	
MPDB003308	47278	Trichoderma roseum /Trichothecium roseum	fungi	PV422738.1	560	0	0		True	True	
MPDB003309	47278	Trichoderma roseum /Trichothecium roseum	fungi	PV492220.1	572	0	0		True	True	
MPDB003310	47278	Trichoderma roseum /Trichothecium roseum	fungi	PV581214.1	248	0	0		True	True	
MPDB003311	47278	Trichoderma roseum /Trichothecium roseum	fungi	PV602682.1	588	0	0		True	True	
MPDB003312	47278	Trichoderma roseum /Trichothecium roseum	fungi	PV791371.1	541	0	0		True	True	
MPDB003313	47278	Trichoderma roseum /Trichothecium roseum	fungi	PV804305.1	651	0	0		True	True	
MPDB003314	47278	Trichoderma roseum /Trichothecium roseum	fungi	PV871555.1	569	0	0		True	True	
MPDB003315	47278	Trichoderma roseum /Trichothecium roseum	fungi	PV987532.1	557	0	0		True	True	
MPDB003316	47278	Trichoderma roseum /Trichothecium roseum	fungi	PV987533.1	557	0	0		True	True	
MPDB003317	47278	Trichoderma roseum /Trichothecium roseum	fungi	PV987534.1	460	0	0		True	True	
MPDB003318	47278	Trichoderma roseum /Trichothecium roseum	fungi	PV987535.1	459	0	1	S	True	True	
MPDB003319	47278	Trichoderma roseum /Trichothecium roseum	fungi	PV987536.1	453	0	0		True	True	
MPDB003320	47278	Trichoderma roseum /Trichothecium roseum	fungi	PV987581.1	1157	0	0		True	True	
MPDB003321	47278	Trichoderma roseum /Trichothecium roseum	fungi	PV987582.1	1219	0	1	K	True	True	
MPDB003322	47278	Trichoderma roseum /Trichothecium roseum	fungi	PV987583.1	795	0	0		True	True	
MPDB003323	47278	Trichoderma roseum /Trichothecium roseum	fungi	PV987778.1	592	0	0		True	True	
MPDB003324	47278	Trichoderma roseum /Trichothecium roseum	fungi	PX091361.1	268	0	0		True	True	
MPDB003325	47278	Trichoderma roseum /Trichothecium roseum	fungi	PX248752.1	509	0	0		True	True	
MPDB003326	47278	Trichoderma roseum /Trichothecium roseum	fungi	PX287182.1	615	0	0		True	True	
MPDB003327	47278	Trichoderma roseum /Trichothecium roseum	fungi	PX362643.1	618	0	0		True	True	
MPDB003328	47278	Trichoderma roseum /Trichothecium roseum	fungi	PX369682.1	613	0	0		True	True	
MPDB003329	47278	Trichoderma roseum /Trichothecium roseum	fungi	PX446869.1	575	0	0		True	True	
MPDB003330	47278	Trichoderma roseum /Trichothecium roseum	fungi	PX461609.1	628	0	0		True	True	
MPDB003331	47278	Trichoderma roseum /Trichothecium roseum	fungi	PX461610.1	614	0	0		True	True	
MPDB003332	47278	Trichoderma roseum /Trichothecium roseum	fungi	PX740769.1	367	0	0		True	True	
MPDB003333	47278	Trichoderma roseum /Trichothecium roseum	fungi	PX900287.1	613	0	0		True	True	
MPDB003334	47278	Trichoderma roseum /Trichothecium roseum	fungi	PX945612.1	527	0	0		True	True	
MPDB003335	47278	Trichoderma roseum /Trichothecium roseum	fungi	PX973262.1	517	0	0		True	True	
MPDB003336	47278	Trichoderma roseum /Trichothecium roseum	fungi	PX999736.1	533	0	1	R	True	True	
MPDB003337	47278	Trichoderma roseum /Trichothecium roseum	fungi	PZ142463.1	613	0	0		True	True	
MPDB003338	47278	Trichoderma roseum /Trichothecium roseum	fungi	PZ191639.1	575	0	0		True	True	
MPDB003339	47755	Fusarium pseudonygamai	fungi	DQ297559.1	508	0	0		True	True	
MPDB003340	47755	Fusarium pseudonygamai	fungi	DQ297560.1	516	0	0		True	True	
MPDB003341	47755	Fusarium pseudonygamai	fungi	DQ297561.1	518	0	0		True	True	
MPDB003342	47755	Fusarium pseudonygamai	fungi	DQ297563.1	501	0	0		True	True	
MPDB003343	47755	Fusarium pseudonygamai	fungi	FJ154075.1	518	0	0		True	True	
MPDB003344	47755	Fusarium pseudonygamai	fungi	GU205418.1	502	0	0		True	True	
MPDB003345	47755	Fusarium pseudonygamai	fungi	HM051063.1	519	0	0		True	True	
MPDB003346	47755	Fusarium pseudonygamai	fungi	HM776423.1	556	0	0		True	True	
MPDB003347	47755	Fusarium pseudonygamai	fungi	HM855220.1	454	0	0		True	True	
MPDB003348	47755	Fusarium pseudonygamai	fungi	KJ125580.1	458	0	0		True	True	
MPDB003349	47755	Fusarium pseudonygamai	fungi	KJ410032.1	496	0	0		True	True	
MPDB003350	47755	Fusarium pseudonygamai	fungi	KR534713.1	539	0	0		True	True	
MPDB003351	47755	Fusarium pseudonygamai	fungi	KR909406.1	444	0	0		True	True	
MPDB003352	47755	Fusarium pseudonygamai	fungi	KU856651.1	529	0	0		True	True	
MPDB003353	47755	Fusarium pseudonygamai	fungi	KY018925.1	472	0	0		True	True	
MPDB003354	47755	Fusarium pseudonygamai	fungi	MH862656.1	548	0	0		True	True	
MPDB003355	47755	Fusarium pseudonygamai	fungi	MN398193.1	410	0	0		True	True	
MPDB003356	47755	Fusarium pseudonygamai	fungi	MN577270.1	385	0	0		True	True	
MPDB003357	47755	Fusarium pseudonygamai	fungi	MT889894.1	547	0	0		True	True	
MPDB003358	47755	Fusarium pseudonygamai	fungi	MW014927.1	525	0	0		True	True	
MPDB003359	47755	Fusarium pseudonygamai	fungi	ON209694.1	875	0	0		True	True	
MPDB003360	47755	Fusarium pseudonygamai	fungi	OQ701132.1	237	0	0		True	True	
MPDB003361	47755	Fusarium pseudonygamai	fungi	OQ701207.1	237	0	0		True	True	
MPDB003362	47755	Fusarium pseudonygamai	fungi	OW984302.1	547	0	0		True	True	
MPDB003363	47755	Fusarium pseudonygamai	fungi	PP573898.1	528	0	0		True	True	
MPDB003364	47755	Fusarium pseudonygamai	fungi	PQ069706.1	549	0	0		True	True	
MPDB003365	47755	Fusarium pseudonygamai	fungi	PV800122.1	585	0	0		True	True	
MPDB003366	4846	Rhizopus stolonifer	fungi	MZ407670.1	605	0	0		True	True	
MPDB003367	4846	Rhizopus stolonifer	fungi	OR552919.1	512	0	0		True	True	
MPDB003368	4846	Rhizopus stolonifer	fungi	PP989830.1	594	0	0		True	True	
MPDB003369	4846	Rhizopus stolonifer	fungi	PP999471.1	621	0	0		True	True	
MPDB003370	4846	Rhizopus stolonifer	fungi	PQ516914.1	619	0	0		True	True	
MPDB003371	4846	Rhizopus stolonifer	fungi	PQ557265.1	886	0	0		True	True	
MPDB003372	4846	Rhizopus stolonifer	fungi	PQ589254.1	777	0	0		True	True	
MPDB003373	4846	Rhizopus stolonifer	fungi	PQ963946.1	280	0	0		True	True	
MPDB003374	4846	Rhizopus stolonifer	fungi	PV065894.1	475	0	0		True	True	
MPDB003375	4846	Rhizopus stolonifer	fungi	PV242079.1	589	0	0		True	True	
MPDB003376	4846	Rhizopus stolonifer	fungi	PV464668.1	586	0	0		True	True	
MPDB003377	4846	Rhizopus stolonifer	fungi	PV476201.1	820	0	0		True	True	
MPDB003378	4846	Rhizopus stolonifer	fungi	PV546863.1	630	0	0		True	True	
MPDB003379	4846	Rhizopus stolonifer	fungi	PV801992.1	704	0	0		True	True	
MPDB003380	4846	Rhizopus stolonifer	fungi	PV916127.1	761	0	0		True	True	
MPDB003381	4846	Rhizopus stolonifer	fungi	PV955871.1	711	0	0		True	True	
MPDB003382	4846	Rhizopus stolonifer	fungi	PX130429.1	889	0	0		True	True	
MPDB003383	4846	Rhizopus stolonifer	fungi	PX220220.1	576	0	0		True	True	
MPDB003384	4846	Rhizopus stolonifer	fungi	PX238430.1	641	0	0		True	True	
MPDB003385	4846	Rhizopus stolonifer	fungi	PX381334.1	543	0	0		True	True	
MPDB003386	4846	Rhizopus stolonifer	fungi	PX448037.1	505	0	0		True	True	
MPDB003387	4846	Rhizopus stolonifer	fungi	PX487960.1	565	0	0		True	True	
MPDB003388	4846	Rhizopus stolonifer	fungi	PX499255.1	600	0	0		True	True	
MPDB003389	4846	Rhizopus stolonifer	fungi	PX588600.1	549	0	0		True	True	
MPDB003390	4846	Rhizopus stolonifer	fungi	PX597162.1	877	0	0		True	True	
MPDB003391	4846	Rhizopus stolonifer	fungi	PX620084.1	877	0	0		True	True	
MPDB003392	4846	Rhizopus stolonifer	fungi	PX642941.1	649	0	0		True	True	
MPDB003393	4846	Rhizopus stolonifer	fungi	PX735259.1	480	0	0		True	True	
MPDB003394	4846	Rhizopus stolonifer	fungi	PX845835.1	858	0	0		True	True	
MPDB003395	4846	Rhizopus stolonifer	fungi	PX915407.1	865	0	0		True	True	
MPDB003396	4846	Rhizopus stolonifer	fungi	PX924853.1	721	0	0		True	True	
MPDB003397	4846	Rhizopus stolonifer	fungi	PX981750.1	789	0	0		True	True	
MPDB003398	4846	Rhizopus stolonifer	fungi	PZ012038.1	590	0	0		True	True	
MPDB003399	4846	Rhizopus stolonifer	fungi	PZ043867.1	770	0	0		True	True	
MPDB003400	4846	Rhizopus stolonifer	fungi	PZ053804.1	805	0	0		True	True	
MPDB003401	4846	Rhizopus stolonifer	fungi	PZ053805.1	820	0	0		True	True	
MPDB003402	4846	Rhizopus stolonifer	fungi	PZ359898.1	526	0	0		True	True	
MPDB003403	4846	Rhizopus stolonifer	fungi	PZ368868.1	643	0	0		True	True	
MPDB003404	4846	Rhizopus stolonifer	fungi	PZ385591.1	857	0	0		True	True	
MPDB003405	4846	Rhizopus stolonifer	fungi	PZ447514.1	798	0	0		True	True	
MPDB003406	4846	Rhizopus stolonifer	fungi	PZ501320.1	662	0	0		True	True	
MPDB003407	4846	Rhizopus stolonifer	fungi	PZ593662.1	599	0	0		True	True	
MPDB003408	4846	Rhizopus stolonifer	fungi	PZ593665.1	648	0	0		True	True	
MPDB003409	48491	Fusarium concentricum	fungi	LC868017.1	494	0	0		True	True	
MPDB003410	48491	Fusarium concentricum	fungi	MH861916.1	522	0	0		True	True	
MPDB003411	48491	Fusarium concentricum	fungi	MH862659.1	560	0	0		True	True	
MPDB003412	48491	Fusarium concentricum	fungi	PP033029.1	559	0	0		True	True	
MPDB003413	48491	Fusarium concentricum	fungi	PP033030.1	567	0	0		True	True	
MPDB003414	48491	Fusarium concentricum	fungi	PP033031.1	553	0	0		True	True	
MPDB003415	48491	Fusarium concentricum	fungi	PP702529.1	535	0	0		True	True	
MPDB003416	48491	Fusarium concentricum	fungi	PP851379.1	551	0	0		True	True	
MPDB003417	48491	Fusarium concentricum	fungi	PP853384.1	558	0	0		True	True	
MPDB003418	48491	Fusarium concentricum	fungi	PQ499143.1	523	0	0		True	True	
MPDB003419	48491	Fusarium concentricum	fungi	PQ499177.1	524	0	0		True	True	
MPDB003420	48491	Fusarium concentricum	fungi	PQ499315.1	531	0	0		True	True	
MPDB003421	48491	Fusarium concentricum	fungi	PQ626677.1	538	0	0		True	True	
MPDB003422	48491	Fusarium concentricum	fungi	PQ656715.1	556	0	0		True	True	
MPDB003423	48491	Fusarium concentricum	fungi	PV074008.1	507	0	0		True	True	
MPDB003424	48491	Fusarium concentricum	fungi	PV186711.1	485	0	0		True	True	
MPDB003425	48491	Fusarium concentricum	fungi	PV240799.1	500	0	0		True	True	
MPDB003426	48491	Fusarium concentricum	fungi	PV446845.1	544	0	0		True	True	
MPDB003427	48491	Fusarium concentricum	fungi	PV446846.1	536	0	0		True	True	
MPDB003428	48491	Fusarium concentricum	fungi	PV446847.1	534	0	0		True	True	
MPDB003429	48491	Fusarium concentricum	fungi	PV446865.1	541	0	0		True	True	
MPDB003430	48491	Fusarium concentricum	fungi	PV446870.1	549	0	0		True	True	
MPDB003431	48491	Fusarium concentricum	fungi	PV795995.1	523	0	0		True	True	
MPDB003432	48491	Fusarium concentricum	fungi	PX062419.1	520	0	0		True	True	
MPDB003433	48491	Fusarium concentricum	fungi	PX062420.1	521	0	0		True	True	
MPDB003434	48491	Fusarium concentricum	fungi	PX070061.1	505	0	0		True	True	
MPDB003435	48491	Fusarium concentricum	fungi	PX070062.1	506	0	0		True	True	
MPDB003436	48491	Fusarium concentricum	fungi	PX241552.1	455	0	0		True	True	
MPDB003437	48491	Fusarium concentricum	fungi	PX246540.1	535	0	0		True	True	
MPDB003438	48491	Fusarium concentricum	fungi	PX246541.1	488	0	0		True	True	
MPDB003439	48491	Fusarium concentricum	fungi	PX246542.1	544	0	0		True	True	
MPDB003440	48491	Fusarium concentricum	fungi	PX246543.1	534	0	0		True	True	
MPDB003441	48491	Fusarium concentricum	fungi	PX246544.1	532	0	0		True	True	
MPDB003442	48491	Fusarium concentricum	fungi	PX397475.1	542	0	0		True	True	
MPDB003443	48491	Fusarium concentricum	fungi	PX455616.1	529	0	0		True	True	
MPDB003444	48491	Fusarium concentricum	fungi	PX622633.1	538	0	0		True	True	
MPDB003445	48491	Fusarium concentricum	fungi	PX647265.1	518	0	0		True	True	
MPDB003446	48491	Fusarium concentricum	fungi	PX899143.1	528	0	0		True	True	
MPDB003447	48491	Fusarium concentricum	fungi	PZ051956.1	470	0	0		True	True	
MPDB003448	48491	Fusarium concentricum	fungi	PZ136999.1	558	0	0		True	True	
MPDB003449	48491	Fusarium concentricum	fungi	PZ146033.1	548	0	0		True	True	
MPDB003450	48491	Fusarium concentricum	fungi	PZ203890.1	561	0	0		True	True	
MPDB003451	48491	Fusarium concentricum	fungi	PZ789666.1	480	0	0		True	True	
MPDB003452	487631	Didymella exitialis / Neoascochyta exitialis	fungi	EU167564.1	3040	0	0		True	True	
MPDB003453	487631	Didymella exitialis / Neoascochyta exitialis	fungi	KC311477.1	1429	0	0		True	True	
MPDB003454	487631	Didymella exitialis / Neoascochyta exitialis	fungi	KC989097.1	559	0	0		True	True	
MPDB003455	487631	Didymella exitialis / Neoascochyta exitialis	fungi	KT389516.1	488	0	0		True	True	
MPDB003456	487631	Didymella exitialis / Neoascochyta exitialis	fungi	KT389517.1	488	0	0		True	True	
MPDB003457	487631	Didymella exitialis / Neoascochyta exitialis	fungi	KT692567.1	536	0	0		True	True	
MPDB003458	487631	Didymella exitialis / Neoascochyta exitialis	fungi	KX778684.1	505	0	0		True	True	
MPDB003459	487631	Didymella exitialis / Neoascochyta exitialis	fungi	LR961710.1	496	0	0		True	True	
MPDB003460	487631	Didymella exitialis / Neoascochyta exitialis	fungi	MG938349.1	643	0	0		True	True	
MPDB003461	487631	Didymella exitialis / Neoascochyta exitialis	fungi	MH857013.1	482	0	0		True	True	
MPDB003462	487631	Didymella exitialis / Neoascochyta exitialis	fungi	MH861347.1	544	0	0		True	True	
MPDB003463	487631	Didymella exitialis / Neoascochyta exitialis	fungi	MH861971.1	541	0	0		True	True	
MPDB003464	487631	Didymella exitialis / Neoascochyta exitialis	fungi	MK029866.1	551	0	0		True	True	
MPDB003465	487631	Didymella exitialis / Neoascochyta exitialis	fungi	MK690550.1	497	0	0		True	True	
MPDB003466	487631	Didymella exitialis / Neoascochyta exitialis	fungi	MN972997.1	451	0	0		True	True	
MPDB003467	487631	Didymella exitialis / Neoascochyta exitialis	fungi	MN972999.1	471	0	0		True	True	
MPDB003468	487631	Didymella exitialis / Neoascochyta exitialis	fungi	MN973386.2	1405	3	0		True	True	
MPDB003469	487631	Didymella exitialis / Neoascochyta exitialis	fungi	MN973388.2	1298	3	0		True	True	
MPDB003470	487631	Didymella exitialis / Neoascochyta exitialis	fungi	MN973627.1	450	0	0		True	True	
MPDB003471	487631	Didymella exitialis / Neoascochyta exitialis	fungi	MW710038.1	573	0	0		True	True	
MPDB003472	487631	Didymella exitialis / Neoascochyta exitialis	fungi	MW710041.1	569	0	0		True	True	
MPDB003473	487631	Didymella exitialis / Neoascochyta exitialis	fungi	OK353875.1	484	0	0		True	True	
MPDB003474	487631	Didymella exitialis / Neoascochyta exitialis	fungi	OM744817.1	236	0	0		True	True	
MPDB003475	487631	Didymella exitialis / Neoascochyta exitialis	fungi	ON963047.1	249	0	0		True	True	
MPDB003476	487631	Didymella exitialis / Neoascochyta exitialis	fungi	OP799057.1	177	0	0		True	True	
MPDB003477	487631	Didymella exitialis / Neoascochyta exitialis	fungi	OR783914.1	548	0	0		True	True	
MPDB003478	487631	Didymella exitialis / Neoascochyta exitialis	fungi	OR792413.1	545	0	0		True	True	
MPDB003479	487631	Didymella exitialis / Neoascochyta exitialis	fungi	OR810325.1	536	0	0		True	True	
MPDB003480	487631	Didymella exitialis / Neoascochyta exitialis	fungi	OR810468.1	552	0	0		True	True	
MPDB003481	487631	Didymella exitialis / Neoascochyta exitialis	fungi	OR810525.1	553	0	0		True	True	
MPDB003482	487631	Didymella exitialis / Neoascochyta exitialis	fungi	OR810577.1	547	0	0		True	True	
MPDB003483	487631	Didymella exitialis / Neoascochyta exitialis	fungi	OZ347338.1	228	0	0		True	True	
MPDB003484	487631	Didymella exitialis / Neoascochyta exitialis	fungi	OZ347352.1	229	0	0		True	True	
MPDB003485	487631	Didymella exitialis / Neoascochyta exitialis	fungi	OZ347353.1	226	0	0		True	True	
MPDB003486	487631	Didymella exitialis / Neoascochyta exitialis	fungi	OZ347356.1	230	0	0		True	True	
MPDB003487	487631	Didymella exitialis / Neoascochyta exitialis	fungi	OZ347382.1	234	0	0		True	True	
MPDB003488	487631	Didymella exitialis / Neoascochyta exitialis	fungi	PP147795.1	554	0	0		True	True	
MPDB003489	487631	Didymella exitialis / Neoascochyta exitialis	fungi	PP156753.1	551	0	0		True	True	
MPDB003490	487631	Didymella exitialis / Neoascochyta exitialis	fungi	PX118478.1	527	0	1	Y	True	True	
MPDB003491	49224	Trichoderma hamatum	fungi	MH864072.1	753	0	0		True	True	
MPDB003492	49224	Trichoderma hamatum	fungi	MH864073.1	714	0	0		True	True	
MPDB003493	49224	Trichoderma hamatum	fungi	PV888651.1	579	0	0		True	True	
MPDB003494	49224	Trichoderma hamatum	fungi	PV888653.1	581	0	0		True	True	
MPDB003495	49224	Trichoderma hamatum	fungi	PV888660.1	593	0	1	K	True	True	
MPDB003496	49224	Trichoderma hamatum	fungi	PX599330.1	620	0	0		True	True	
MPDB003497	49224	Trichoderma hamatum	fungi	PX645240.1	552	0	0		True	True	
MPDB003498	49224	Trichoderma hamatum	fungi	PX645241.1	537	0	0		True	True	
MPDB003499	49224	Trichoderma hamatum	fungi	PX657260.1	997	0	0		True	True	
MPDB003500	49224	Trichoderma hamatum	fungi	PX666104.1	590	0	0		True	True	
MPDB003501	49224	Trichoderma hamatum	fungi	PX675709.1	604	0	0		True	True	
MPDB003502	49224	Trichoderma hamatum	fungi	PX675710.1	602	0	0		True	True	
MPDB003503	49224	Trichoderma hamatum	fungi	PX675711.1	150	0	0		True	True	
MPDB003504	49224	Trichoderma hamatum	fungi	PX682136.1	577	0	0		True	True	
MPDB003505	49224	Trichoderma hamatum	fungi	PX682137.1	573	0	0		True	True	
MPDB003506	49224	Trichoderma hamatum	fungi	PX682830.1	590	0	0		True	True	
MPDB003507	49224	Trichoderma hamatum	fungi	PX691022.1	575	0	0		True	True	
MPDB003508	49224	Trichoderma hamatum	fungi	PX735309.1	547	0	0		True	True	
MPDB003509	49224	Trichoderma hamatum	fungi	PX735314.1	540	0	0		True	True	
MPDB003510	49224	Trichoderma hamatum	fungi	PX735346.1	532	0	0		True	True	
MPDB003511	49224	Trichoderma hamatum	fungi	PX740617.1	625	0	0		True	True	
MPDB003512	49224	Trichoderma hamatum	fungi	PX998388.1	600	0	0		True	True	
MPDB003513	49224	Trichoderma hamatum	fungi	PX998405.1	569	0	0		True	True	
MPDB003514	49224	Trichoderma hamatum	fungi	PZ126668.1	568	0	0		True	True	
MPDB003515	49224	Trichoderma hamatum	fungi	PZ142469.1	572	0	0		True	True	
MPDB003516	49224	Trichoderma hamatum	fungi	PZ142665.1	657	0	0		True	True	
MPDB003517	49224	Trichoderma hamatum	fungi	PZ159291.1	480	0	0		True	True	
MPDB003518	49224	Trichoderma hamatum	fungi	PZ159292.1	473	0	0		True	True	
MPDB003519	49224	Trichoderma hamatum	fungi	PZ159293.1	465	0	0		True	True	
MPDB003520	49224	Trichoderma hamatum	fungi	PZ167680.1	631	0	0		True	True	
MPDB003521	49224	Trichoderma hamatum	fungi	PZ167911.1	588	0	0		True	True	
MPDB003522	49224	Trichoderma hamatum	fungi	PZ242150.1	560	0	0		True	True	
MPDB003523	49224	Trichoderma hamatum	fungi	PZ245939.1	604	0	0		True	True	
MPDB003524	49224	Trichoderma hamatum	fungi	PZ327791.1	516	0	0		True	True	
MPDB003525	49224	Trichoderma hamatum	fungi	PZ350447.1	565	0	0		True	True	
MPDB003526	49224	Trichoderma hamatum	fungi	PZ350448.1	381	0	0		True	True	
MPDB003527	49224	Trichoderma hamatum	fungi	PZ364844.1	610	0	0		True	True	
MPDB003528	49224	Trichoderma hamatum	fungi	PZ436250.1	552	0	0		True	True	
MPDB003529	49224	Trichoderma hamatum	fungi	PZ436251.1	523	0	0		True	True	
MPDB003530	49224	Trichoderma hamatum	fungi	PZ623436.1	559	0	0		True	True	
MPDB003531	49224	Trichoderma hamatum	fungi	PZ672145.1	601	0	0		True	True	
MPDB003532	49224	Trichoderma hamatum	fungi	PZ724265.1	612	0	0		True	True	
MPDB003533	49224	Trichoderma hamatum	fungi	PZ782790.1	888	0	0		True	True	
MPDB003534	49569	Waitea zeae (Rhizoctonia zeae)	fungi	KC590518.1	632	0	0		True	True	
MPDB003535	49569	Waitea zeae (Rhizoctonia zeae)	fungi	KC590587.1	863	0	0		True	True	
MPDB003536	49569	Waitea zeae (Rhizoctonia zeae)	fungi	KC620576.1	654	0	0		True	True	
MPDB003537	49569	Waitea zeae (Rhizoctonia zeae)	fungi	KC620577.1	658	0	0		True	True	
MPDB003538	49569	Waitea zeae (Rhizoctonia zeae)	fungi	KC620578.1	568	0	0		True	True	
MPDB003539	49569	Waitea zeae (Rhizoctonia zeae)	fungi	KC620580.1	577	1	0		True	True	
MPDB003540	49569	Waitea zeae (Rhizoctonia zeae)	fungi	KC620581.1	656	0	0		True	True	
MPDB003541	49569	Waitea zeae (Rhizoctonia zeae)	fungi	KC620582.1	579	1	0		True	True	
MPDB003542	49569	Waitea zeae (Rhizoctonia zeae)	fungi	KC620583.1	580	2	0		True	True	
MPDB003543	49569	Waitea zeae (Rhizoctonia zeae)	fungi	KC709579.1	641	1	0		True	True	
MPDB003544	49569	Waitea zeae (Rhizoctonia zeae)	fungi	KC993833.1	652	0	0		True	True	
MPDB003545	49569	Waitea zeae (Rhizoctonia zeae)	fungi	KJ623714.1	447	5	3	SW	True	True	
MPDB003546	49569	Waitea zeae (Rhizoctonia zeae)	fungi	KJ623715.1	648	0	0		True	True	
MPDB003547	49569	Waitea zeae (Rhizoctonia zeae)	fungi	KJ868081.1	544	0	0		True	True	
MPDB003548	49569	Waitea zeae (Rhizoctonia zeae)	fungi	KP736172.1	569	1	0		True	True	
MPDB003549	49569	Waitea zeae (Rhizoctonia zeae)	fungi	KP736183.1	579	5	0		True	True	
MPDB003550	49569	Waitea zeae (Rhizoctonia zeae)	fungi	KP736184.1	599	10	0		True	True	
MPDB003551	49569	Waitea zeae (Rhizoctonia zeae)	fungi	KP736185.1	583	11	0		True	True	
MPDB003552	49569	Waitea zeae (Rhizoctonia zeae)	fungi	KP736186.1	616	0	0		True	True	
MPDB003553	49569	Waitea zeae (Rhizoctonia zeae)	fungi	KP736187.1	616	0	0		True	True	
MPDB003554	49569	Waitea zeae (Rhizoctonia zeae)	fungi	KT362085.1	639	0	0		True	True	
MPDB003555	49569	Waitea zeae (Rhizoctonia zeae)	fungi	KT362089.1	649	0	0		True	True	
MPDB003556	49569	Waitea zeae (Rhizoctonia zeae)	fungi	KT362109.1	652	0	0		True	True	
MPDB003557	49569	Waitea zeae (Rhizoctonia zeae)	fungi	KT362131.1	651	22	0		True	True	
MPDB003558	49569	Waitea zeae (Rhizoctonia zeae)	fungi	KX118368.1	646	0	0		True	True	
MPDB003559	49569	Waitea zeae (Rhizoctonia zeae)	fungi	KX118374.1	655	0	0		True	True	
MPDB003560	49569	Waitea zeae (Rhizoctonia zeae)	fungi	KX118387.1	645	0	0		True	True	
MPDB003561	49569	Waitea zeae (Rhizoctonia zeae)	fungi	KX118388.1	648	0	0		True	True	
MPDB003562	49569	Waitea zeae (Rhizoctonia zeae)	fungi	MK817577.1	572	0	0		True	True	
MPDB003563	49569	Waitea zeae (Rhizoctonia zeae)	fungi	MK817602.1	577	0	0		True	True	
MPDB003564	49569	Waitea zeae (Rhizoctonia zeae)	fungi	MN160231.1	566	0	0		True	True	
MPDB003565	49569	Waitea zeae (Rhizoctonia zeae)	fungi	MN160232.1	589	0	0		True	True	
MPDB003566	49569	Waitea zeae (Rhizoctonia zeae)	fungi	MN160233.1	540	0	0		True	True	
MPDB003567	49569	Waitea zeae (Rhizoctonia zeae)	fungi	MN160234.1	588	0	0		True	True	
MPDB003568	49569	Waitea zeae (Rhizoctonia zeae)	fungi	MN160240.1	537	0	0		True	True	
MPDB003569	49569	Waitea zeae (Rhizoctonia zeae)	fungi	MN160242.1	588	0	0		True	True	
MPDB003570	49569	Waitea zeae (Rhizoctonia zeae)	fungi	MN160250.1	590	0	0		True	True	
MPDB003571	49569	Waitea zeae (Rhizoctonia zeae)	fungi	MN160251.1	549	0	0		True	True	
MPDB003572	49569	Waitea zeae (Rhizoctonia zeae)	fungi	MN160253.1	593	0	0		True	True	
MPDB003573	49569	Waitea zeae (Rhizoctonia zeae)	fungi	MT874894.1	576	0	0		True	True	
MPDB003574	49569	Waitea zeae (Rhizoctonia zeae)	fungi	PQ962814.1	645	0	0		True	True	
MPDB003575	49569	Waitea zeae (Rhizoctonia zeae)	fungi	PQ962815.1	565	0	0		True	True	
MPDB003576	49569	Waitea zeae (Rhizoctonia zeae)	fungi	PQ962816.1	648	0	0		True	True	
MPDB003577	5016	Bipolaris maydis (Cochliobolus heterostrophus)	fungi	MH855024.1	588	0	0		True	True	
MPDB003578	5016	Bipolaris maydis (Cochliobolus heterostrophus)	fungi	MH858439.1	483	0	0		True	True	
MPDB003579	5016	Bipolaris maydis (Cochliobolus heterostrophus)	fungi	MH864477.1	595	0	0		True	True	
MPDB003580	5016	Bipolaris maydis (Cochliobolus heterostrophus)	fungi	MN957101.1	319	0	0		True	True	
MPDB003581	5016	Bipolaris maydis (Cochliobolus heterostrophus)	fungi	OQ862319.1	551	0	0		True	True	
MPDB003582	5016	Bipolaris maydis (Cochliobolus heterostrophus)	fungi	OQ862320.1	551	0	0		True	True	
MPDB003583	5016	Bipolaris maydis (Cochliobolus heterostrophus)	fungi	OQ862321.1	548	0	0		True	True	
MPDB003584	5016	Bipolaris maydis (Cochliobolus heterostrophus)	fungi	OQ862322.1	550	0	0		True	True	
MPDB003585	5016	Bipolaris maydis (Cochliobolus heterostrophus)	fungi	OQ862323.1	550	0	0		True	True	
MPDB003586	5016	Bipolaris maydis (Cochliobolus heterostrophus)	fungi	PP712917.1	589	0	0		True	True	
MPDB003587	5016	Bipolaris maydis (Cochliobolus heterostrophus)	fungi	PP712918.1	589	0	0		True	True	
MPDB003588	5016	Bipolaris maydis (Cochliobolus heterostrophus)	fungi	PP712919.1	589	0	0		True	True	
MPDB003589	5016	Bipolaris maydis (Cochliobolus heterostrophus)	fungi	PP712923.1	589	0	0		True	True	
MPDB003590	5016	Bipolaris maydis (Cochliobolus heterostrophus)	fungi	PP712924.1	589	0	0		True	True	
MPDB003591	5016	Bipolaris maydis (Cochliobolus heterostrophus)	fungi	PP712925.1	589	0	0		True	True	
MPDB003592	5016	Bipolaris maydis (Cochliobolus heterostrophus)	fungi	PP712927.1	589	0	0		True	True	
MPDB003593	5016	Bipolaris maydis (Cochliobolus heterostrophus)	fungi	PP712928.1	589	0	0		True	True	
MPDB003594	5016	Bipolaris maydis (Cochliobolus heterostrophus)	fungi	PP712929.1	589	0	0		True	True	
MPDB003595	5016	Bipolaris maydis (Cochliobolus heterostrophus)	fungi	PP712930.1	588	0	0		True	True	
MPDB003596	5016	Bipolaris maydis (Cochliobolus heterostrophus)	fungi	PP712931.1	589	0	0		True	True	
MPDB003597	5016	Bipolaris maydis (Cochliobolus heterostrophus)	fungi	PP712933.1	588	0	0		True	True	
MPDB003598	5016	Bipolaris maydis (Cochliobolus heterostrophus)	fungi	PP712934.1	529	0	0		True	True	
MPDB003599	5016	Bipolaris maydis (Cochliobolus heterostrophus)	fungi	PP712935.1	515	0	0		True	True	
MPDB003600	5016	Bipolaris maydis (Cochliobolus heterostrophus)	fungi	PP712936.1	534	0	0		True	True	
MPDB003601	5016	Bipolaris maydis (Cochliobolus heterostrophus)	fungi	PP712937.1	569	0	0		True	True	
MPDB003602	5016	Bipolaris maydis (Cochliobolus heterostrophus)	fungi	PP712938.1	505	0	0		True	True	
MPDB003603	5016	Bipolaris maydis (Cochliobolus heterostrophus)	fungi	PP921324.1	589	0	0		True	True	
MPDB003604	5016	Bipolaris maydis (Cochliobolus heterostrophus)	fungi	PP941958.1	509	0	0		True	True	
MPDB003605	5016	Bipolaris maydis (Cochliobolus heterostrophus)	fungi	PP956941.1	560	0	0		True	True	
MPDB003606	5016	Bipolaris maydis (Cochliobolus heterostrophus)	fungi	PP956942.1	608	0	0		True	True	
MPDB003607	5016	Bipolaris maydis (Cochliobolus heterostrophus)	fungi	PP957146.1	597	0	0		True	True	
MPDB003608	5016	Bipolaris maydis (Cochliobolus heterostrophus)	fungi	PP962216.1	520	0	0		True	True	
MPDB003609	5016	Bipolaris maydis (Cochliobolus heterostrophus)	fungi	PP981363.1	569	0	0		True	True	
MPDB003610	5016	Bipolaris maydis (Cochliobolus heterostrophus)	fungi	PP988397.1	565	0	0		True	True	
MPDB003611	5016	Bipolaris maydis (Cochliobolus heterostrophus)	fungi	PQ373033.1	494	0	0		True	True	
MPDB003612	5016	Bipolaris maydis (Cochliobolus heterostrophus)	fungi	PQ500574.1	590	0	0		True	True	
MPDB003613	5016	Bipolaris maydis (Cochliobolus heterostrophus)	fungi	PQ795811.1	538	0	0		True	True	
MPDB003614	5016	Bipolaris maydis (Cochliobolus heterostrophus)	fungi	PQ804476.1	619	0	0		True	True	
MPDB003615	5016	Bipolaris maydis (Cochliobolus heterostrophus)	fungi	PV291680.1	578	0	0		True	True	
MPDB003616	5016	Bipolaris maydis (Cochliobolus heterostrophus)	fungi	PX376342.1	563	0	0		True	True	
MPDB003617	5016	Bipolaris maydis (Cochliobolus heterostrophus)	fungi	PX884713.1	590	0	0		True	True	
MPDB003618	5016	Bipolaris maydis (Cochliobolus heterostrophus)	fungi	PZ625875.1	541	0	0		True	True	
MPDB003619	5016	Bipolaris maydis (Cochliobolus heterostrophus)	fungi	PZ764227.1	590	0	0		True	True	
MPDB003620	5017	Bipolaris zeicola (Cochliobolus carbonum)	fungi	MG228424.1	563	0	0		True	True	
MPDB003621	5017	Bipolaris zeicola (Cochliobolus carbonum)	fungi	MH864761.1	588	0	0		True	True	DUPLICATE_SEQUENCE_WITHIN_TAXID (n=2); identical sequences from independent GenBank records, retained
MPDB003622	5017	Bipolaris zeicola (Cochliobolus carbonum)	fungi	MH864761.1	588	0	0		True	True	DUPLICATE_SEQUENCE_WITHIN_TAXID (n=2); identical sequences from independent GenBank records, retained
MPDB003623	5017	Bipolaris zeicola (Cochliobolus carbonum)	fungi	MK304167.1	540	0	0		True	True	
MPDB003624	5017	Bipolaris zeicola (Cochliobolus carbonum)	fungi	MK841439.1	552	0	0		True	True	
MPDB003625	5017	Bipolaris zeicola (Cochliobolus carbonum)	fungi	MN022588.1	595	0	0		True	True	
MPDB003626	5017	Bipolaris zeicola (Cochliobolus carbonum)	fungi	MN871712.1	595	0	0		True	True	
MPDB003627	5017	Bipolaris zeicola (Cochliobolus carbonum)	fungi	MT065699.1	507	0	0		True	True	
MPDB003628	5017	Bipolaris zeicola (Cochliobolus carbonum)	fungi	MT378438.1	577	0	0		True	True	
MPDB003629	5017	Bipolaris zeicola (Cochliobolus carbonum)	fungi	MW407046.1	532	0	0		True	True	
MPDB003630	5017	Bipolaris zeicola (Cochliobolus carbonum)	fungi	MW926395.1	480	0	0		True	True	
MPDB003631	5017	Bipolaris zeicola (Cochliobolus carbonum)	fungi	MW929303.1	532	0	0		True	True	
MPDB003632	5017	Bipolaris zeicola (Cochliobolus carbonum)	fungi	OL616291.1	601	0	0		True	True	
MPDB003633	5017	Bipolaris zeicola (Cochliobolus carbonum)	fungi	OM106226.1	1008	0	0		True	True	
MPDB003634	5017	Bipolaris zeicola (Cochliobolus carbonum)	fungi	OP388921.1	556	0	2	M	True	True	
MPDB003635	5017	Bipolaris zeicola (Cochliobolus carbonum)	fungi	OP412907.1	562	0	0		True	True	
MPDB003636	5017	Bipolaris zeicola (Cochliobolus carbonum)	fungi	OP412918.1	562	0	0		True	True	
MPDB003637	5017	Bipolaris zeicola (Cochliobolus carbonum)	fungi	OP412942.1	562	0	0		True	True	
MPDB003638	5017	Bipolaris zeicola (Cochliobolus carbonum)	fungi	OP412947.1	562	0	0		True	True	
MPDB003639	5017	Bipolaris zeicola (Cochliobolus carbonum)	fungi	OP412948.1	562	0	0		True	True	
MPDB003640	5017	Bipolaris zeicola (Cochliobolus carbonum)	fungi	OP412949.1	562	0	0		True	True	
MPDB003641	5017	Bipolaris zeicola (Cochliobolus carbonum)	fungi	OP412952.1	563	0	0		True	True	
MPDB003642	5017	Bipolaris zeicola (Cochliobolus carbonum)	fungi	OP412953.1	563	0	0		True	True	
MPDB003643	5017	Bipolaris zeicola (Cochliobolus carbonum)	fungi	OP536177.1	538	0	0		True	True	
MPDB003644	5017	Bipolaris zeicola (Cochliobolus carbonum)	fungi	OP536194.1	540	0	0		True	True	
MPDB003645	5017	Bipolaris zeicola (Cochliobolus carbonum)	fungi	OQ193155.1	543	0	0		True	True	
MPDB003646	5017	Bipolaris zeicola (Cochliobolus carbonum)	fungi	OQ199493.1	560	0	0		True	True	
MPDB003647	5017	Bipolaris zeicola (Cochliobolus carbonum)	fungi	OQ202064.1	561	0	0		True	True	
MPDB003648	5017	Bipolaris zeicola (Cochliobolus carbonum)	fungi	OR260420.1	681	0	0		True	True	
MPDB003649	5017	Bipolaris zeicola (Cochliobolus carbonum)	fungi	OR263172.1	680	0	0		True	True	
MPDB003650	5017	Bipolaris zeicola (Cochliobolus carbonum)	fungi	OR543157.1	450	0	0		True	True	
MPDB003651	5017	Bipolaris zeicola (Cochliobolus carbonum)	fungi	OR690742.1	590	0	0		True	True	
MPDB003652	5017	Bipolaris zeicola (Cochliobolus carbonum)	fungi	OR727460.1	435	0	0		True	True	
MPDB003653	5017	Bipolaris zeicola (Cochliobolus carbonum)	fungi	PP068947.1	547	0	0		True	True	
MPDB003654	5017	Bipolaris zeicola (Cochliobolus carbonum)	fungi	PP217184.1	528	0	0		True	True	
MPDB003655	5017	Bipolaris zeicola (Cochliobolus carbonum)	fungi	PP921151.1	545	0	0		True	True	
MPDB003656	5017	Bipolaris zeicola (Cochliobolus carbonum)	fungi	PP961917.1	545	0	0		True	True	
MPDB003657	5017	Bipolaris zeicola (Cochliobolus carbonum)	fungi	PQ187677.1	480	0	0		True	True	
MPDB003658	5017	Bipolaris zeicola (Cochliobolus carbonum)	fungi	PQ272051.1	486	0	0		True	True	
MPDB003659	5017	Bipolaris zeicola (Cochliobolus carbonum)	fungi	PQ278104.1	580	0	0		True	True	
MPDB003660	5017	Bipolaris zeicola (Cochliobolus carbonum)	fungi	PQ289216.1	1060	0	0		True	True	
MPDB003661	5017	Bipolaris zeicola (Cochliobolus carbonum)	fungi	PQ421580.1	583	0	0		True	True	
MPDB003662	5017	Bipolaris zeicola (Cochliobolus carbonum)	fungi	PX218573.1	491	0	0		True	True	
MPDB003663	5046	Sarocladium strictum (Acremonium strictum)	fungi	MH855386.1	509	0	0		True	True	
MPDB003664	5046	Sarocladium strictum (Acremonium strictum)	fungi	MH858128.1	583	0	0		True	True	
MPDB003665	5046	Sarocladium strictum (Acremonium strictum)	fungi	MH858503.1	587	0	0		True	True	
MPDB003666	5046	Sarocladium strictum (Acremonium strictum)	fungi	MH859619.1	587	0	0		True	True	
MPDB003667	5046	Sarocladium strictum (Acremonium strictum)	fungi	MH859620.1	597	0	0		True	True	
MPDB003668	5046	Sarocladium strictum (Acremonium strictum)	fungi	MH859621.1	586	0	0		True	True	
MPDB003669	5046	Sarocladium strictum (Acremonium strictum)	fungi	MH859622.1	587	0	0		True	True	
MPDB003670	5046	Sarocladium strictum (Acremonium strictum)	fungi	MH859623.1	589	0	0		True	True	
MPDB003671	5046	Sarocladium strictum (Acremonium strictum)	fungi	MH859624.1	592	0	0		True	True	
MPDB003672	5046	Sarocladium strictum (Acremonium strictum)	fungi	MH859625.1	588	0	0		True	True	
MPDB003673	5046	Sarocladium strictum (Acremonium strictum)	fungi	MH859626.1	585	0	0		True	True	
MPDB003674	5046	Sarocladium strictum (Acremonium strictum)	fungi	MH859628.1	586	0	0		True	True	
MPDB003675	5046	Sarocladium strictum (Acremonium strictum)	fungi	MH859629.1	590	0	0		True	True	
MPDB003676	5046	Sarocladium strictum (Acremonium strictum)	fungi	MH859630.1	586	0	0		True	True	
MPDB003677	5046	Sarocladium strictum (Acremonium strictum)	fungi	MH859631.1	584	0	0		True	True	
MPDB003678	5046	Sarocladium strictum (Acremonium strictum)	fungi	MH859696.1	591	0	0		True	True	
MPDB003679	5046	Sarocladium strictum (Acremonium strictum)	fungi	MH859705.1	587	0	0		True	True	
MPDB003680	5046	Sarocladium strictum (Acremonium strictum)	fungi	MH859722.1	583	0	0		True	True	
MPDB003681	5046	Sarocladium strictum (Acremonium strictum)	fungi	MH859723.1	584	0	0		True	True	
MPDB003682	5046	Sarocladium strictum (Acremonium strictum)	fungi	MH859724.1	585	0	0		True	True	
MPDB003683	5046	Sarocladium strictum (Acremonium strictum)	fungi	MH859725.1	1073	0	0		True	True	
MPDB003684	5046	Sarocladium strictum (Acremonium strictum)	fungi	MH864442.1	723	0	0		True	True	
MPDB003685	5046	Sarocladium strictum (Acremonium strictum)	fungi	MH864509.1	686	0	0		True	True	
MPDB003686	5046	Sarocladium strictum (Acremonium strictum)	fungi	MH871381.1	1102	0	0		True	True	
MPDB003687	5046	Sarocladium strictum (Acremonium strictum)	fungi	PV339549.1	522	0	0		True	True	
MPDB003688	5046	Sarocladium strictum (Acremonium strictum)	fungi	PV339566.1	477	0	0		True	True	
MPDB003689	5046	Sarocladium strictum (Acremonium strictum)	fungi	PV407532.1	488	0	0		True	True	
MPDB003690	5046	Sarocladium strictum (Acremonium strictum)	fungi	PV407533.1	519	0	0		True	True	
MPDB003691	5046	Sarocladium strictum (Acremonium strictum)	fungi	PV407535.1	495	0	0		True	True	
MPDB003692	5046	Sarocladium strictum (Acremonium strictum)	fungi	PV407537.1	558	0	0		True	True	
MPDB003693	5046	Sarocladium strictum (Acremonium strictum)	fungi	PV407542.1	560	0	0		True	True	
MPDB003694	5046	Sarocladium strictum (Acremonium strictum)	fungi	PX875878.1	237	0	0		True	True	
MPDB003695	5046	Sarocladium strictum (Acremonium strictum)	fungi	PX891964.1	579	0	0		True	True	
MPDB003696	5046	Sarocladium strictum (Acremonium strictum)	fungi	PX891969.1	532	0	0		True	True	
MPDB003697	5046	Sarocladium strictum (Acremonium strictum)	fungi	PX892013.1	566	0	0		True	True	
MPDB003698	5046	Sarocladium strictum (Acremonium strictum)	fungi	PX928749.1	596	0	0		True	True	
MPDB003699	5046	Sarocladium strictum (Acremonium strictum)	fungi	PX928772.1	597	1	0		True	True	
MPDB003700	5046	Sarocladium strictum (Acremonium strictum)	fungi	PX928778.1	594	0	0		True	True	
MPDB003701	5046	Sarocladium strictum (Acremonium strictum)	fungi	PX963973.1	562	0	0		True	True	
MPDB003702	5046	Sarocladium strictum (Acremonium strictum)	fungi	PX988759.1	347	0	0		True	True	
MPDB003703	5046	Sarocladium strictum (Acremonium strictum)	fungi	PZ251243.1	552	0	0		True	True	
MPDB003704	5046	Sarocladium strictum (Acremonium strictum)	fungi	PZ362199.1	523	0	0		True	True	
MPDB003705	5046	Sarocladium strictum (Acremonium strictum)	fungi	PZ653114.1	1034	1	0		True	True	
MPDB003706	5059	Aspergillus flavus	fungi	PV911002.1	562	0	0		True	True	
MPDB003707	5059	Aspergillus flavus	fungi	PV911003.1	565	0	0		True	True	
MPDB003708	5059	Aspergillus flavus	fungi	PV911004.1	560	0	0		True	True	
MPDB003709	5059	Aspergillus flavus	fungi	PV911021.1	571	0	0		True	True	
MPDB003710	5059	Aspergillus flavus	fungi	PV911022.1	569	0	0		True	True	
MPDB003711	5059	Aspergillus flavus	fungi	PV911039.1	568	0	0		True	True	
MPDB003712	5059	Aspergillus flavus	fungi	PV911040.1	567	0	0		True	True	
MPDB003713	5059	Aspergillus flavus	fungi	PV911041.1	566	0	0		True	True	
MPDB003714	5059	Aspergillus flavus	fungi	PV911042.1	567	0	0		True	True	
MPDB003715	5059	Aspergillus flavus	fungi	PV911061.1	565	0	0		True	True	
MPDB003716	5059	Aspergillus flavus	fungi	PV911062.1	558	0	0		True	True	
MPDB003717	5059	Aspergillus flavus	fungi	PV911065.1	563	0	0		True	True	
MPDB003718	5059	Aspergillus flavus	fungi	PV911066.1	566	0	0		True	True	
MPDB003719	5059	Aspergillus flavus	fungi	PV911091.1	567	0	0		True	True	
MPDB003720	5059	Aspergillus flavus	fungi	PV911092.1	559	0	0		True	True	
MPDB003721	5059	Aspergillus flavus	fungi	PV911099.1	572	0	0		True	True	
MPDB003722	5059	Aspergillus flavus	fungi	PV911100.1	568	0	0		True	True	
MPDB003723	5059	Aspergillus flavus	fungi	PX694519.1	456	0	0		True	True	
MPDB003724	5059	Aspergillus flavus	fungi	PX696736.1	631	0	0		True	True	
MPDB003725	5059	Aspergillus flavus	fungi	PZ166306.1	474	0	0		True	True	
MPDB003726	5059	Aspergillus flavus	fungi	PZ166307.1	518	0	0		True	True	
MPDB003727	5059	Aspergillus flavus	fungi	PZ673691.1	483	0	0		True	True	
MPDB003728	5059	Aspergillus flavus	fungi	PZ742422.1	576	1	0		True	True	
MPDB003729	5059	Aspergillus flavus	fungi	PZ748288.1	521	0	0		True	True	
MPDB003730	5059	Aspergillus flavus	fungi	PZ748307.1	519	0	0		True	True	
MPDB003731	5059	Aspergillus flavus	fungi	PZ748308.1	566	0	0		True	True	
MPDB003732	5059	Aspergillus flavus	fungi	PZ748919.1	595	1	0		True	True	
MPDB003733	5059	Aspergillus flavus	fungi	PZ766598.1	543	0	0		True	True	
MPDB003734	5059	Aspergillus flavus	fungi	PZ766600.1	506	0	0		True	True	
MPDB003735	5059	Aspergillus flavus	fungi	PZ766603.1	604	0	0		True	True	
MPDB003736	5059	Aspergillus flavus	fungi	PZ766606.1	549	0	0		True	True	
MPDB003737	5059	Aspergillus flavus	fungi	PZ766607.1	596	0	0		True	True	
MPDB003738	5059	Aspergillus flavus	fungi	PZ766611.1	537	0	0		True	True	
MPDB003739	5059	Aspergillus flavus	fungi	PZ766612.1	486	0	0		True	True	
MPDB003740	5059	Aspergillus flavus	fungi	PZ766614.1	597	0	0		True	True	
MPDB003741	5059	Aspergillus flavus	fungi	PZ766615.1	548	0	0		True	True	
MPDB003742	5059	Aspergillus flavus	fungi	PZ766618.1	531	0	0		True	True	
MPDB003743	5059	Aspergillus flavus	fungi	PZ769818.1	560	5	0		True	True	
MPDB003744	5059	Aspergillus flavus	fungi	PZ780177.1	616	0	18	KMRSWY	True	True	
MPDB003745	5059	Aspergillus flavus	fungi	PZ789686.1	541	2	0		True	True	
MPDB003746	5059	Aspergillus flavus	fungi	PZ790467.1	652	0	0		True	True	
MPDB003747	5059	Aspergillus flavus	fungi	PZ794437.1	615	0	0		True	True	
MPDB003748	5059	Aspergillus flavus	fungi	PZ798434.1	508	0	3	RW	True	True	
MPDB003749	5061	Aspergillus niger	fungi	PP922460.1	587	0	0		True	True	
MPDB003750	5061	Aspergillus niger	fungi	PV910901.1	583	0	0		True	True	
MPDB003751	5061	Aspergillus niger	fungi	PV910902.1	572	0	0		True	True	
MPDB003752	5061	Aspergillus niger	fungi	PV910903.1	569	0	0		True	True	
MPDB003753	5061	Aspergillus niger	fungi	PV910904.1	565	0	0		True	True	
MPDB003754	5061	Aspergillus niger	fungi	PV910905.1	574	0	0		True	True	
MPDB003755	5061	Aspergillus niger	fungi	PV910906.1	571	0	0		True	True	
MPDB003756	5061	Aspergillus niger	fungi	PV910917.1	580	0	0		True	True	
MPDB003757	5061	Aspergillus niger	fungi	PV910918.1	571	0	0		True	True	
MPDB003758	5061	Aspergillus niger	fungi	PV910929.1	556	0	0		True	True	
MPDB003759	5061	Aspergillus niger	fungi	PV910930.1	576	0	0		True	True	
MPDB003760	5061	Aspergillus niger	fungi	PV910935.1	570	0	0		True	True	
MPDB003761	5061	Aspergillus niger	fungi	PV910936.1	591	0	0		True	True	
MPDB003762	5061	Aspergillus niger	fungi	PV910943.1	576	0	0		True	True	
MPDB003763	5061	Aspergillus niger	fungi	PV910944.1	573	0	0		True	True	
MPDB003764	5061	Aspergillus niger	fungi	PV910965.1	573	0	0		True	True	
MPDB003765	5061	Aspergillus niger	fungi	PV910966.1	567	0	0		True	True	
MPDB003766	5061	Aspergillus niger	fungi	PV910973.1	566	0	0		True	True	
MPDB003767	5061	Aspergillus niger	fungi	PV910974.1	573	0	0		True	True	
MPDB003768	5061	Aspergillus niger	fungi	PV911007.1	571	0	0		True	True	
MPDB003769	5061	Aspergillus niger	fungi	PV911008.1	571	0	0		True	True	
MPDB003770	5061	Aspergillus niger	fungi	PV911027.1	579	0	0		True	True	
MPDB003771	5061	Aspergillus niger	fungi	PV911028.1	579	0	0		True	True	
MPDB003772	5061	Aspergillus niger	fungi	PV911071.1	584	0	0		True	True	
MPDB003773	5061	Aspergillus niger	fungi	PV911072.1	573	0	0		True	True	
MPDB003774	5061	Aspergillus niger	fungi	PV911089.1	568	0	0		True	True	
MPDB003775	5061	Aspergillus niger	fungi	PV911090.1	566	0	0		True	True	
MPDB003776	5061	Aspergillus niger	fungi	PX071336.1	575	0	0		True	True	
MPDB003777	5061	Aspergillus niger	fungi	PZ740568.1	578	0	11	MRSWY	True	True	
MPDB003778	5061	Aspergillus niger	fungi	PZ742441.1	503	0	0		True	True	
MPDB003779	5061	Aspergillus niger	fungi	PZ742470.1	559	0	0		True	True	
MPDB003780	5061	Aspergillus niger	fungi	PZ742506.1	506	0	0		True	True	
MPDB003781	5061	Aspergillus niger	fungi	PZ766605.1	563	0	0		True	True	
MPDB003782	5061	Aspergillus niger	fungi	PZ766610.1	601	0	0		True	True	
MPDB003783	5061	Aspergillus niger	fungi	PZ769817.1	490	0	0		True	True	
MPDB003784	5061	Aspergillus niger	fungi	PZ794712.1	376	0	0		True	True	
MPDB003785	5061	Aspergillus niger	fungi	PZ803275.1	505	0	0		True	True	
MPDB003786	5061	Aspergillus niger	fungi	PZ805016.1	443	0	0		True	True	
MPDB003787	5061	Aspergillus niger	fungi	PZ805022.1	510	0	0		True	True	
MPDB003788	5061	Aspergillus niger	fungi	PZ810688.1	551	0	0		True	True	
MPDB003789	5061	Aspergillus niger	fungi	PZ818887.1	600	0	0		True	True	
MPDB003790	5061	Aspergillus niger	fungi	PZ830759.1	323	0	0		True	True	
MPDB003791	5061	Aspergillus niger	fungi	PZ832409.1	398	0	0		True	True	
MPDB003792	5067	Aspergillus parasiticus	fungi	LC752805.1	421	0	0		True	True	
MPDB003793	5067	Aspergillus parasiticus	fungi	MZ458570.1	969	0	0		True	True	
MPDB003794	5067	Aspergillus parasiticus	fungi	MZ503575.1	201	0	0		True	True	
MPDB003795	5067	Aspergillus parasiticus	fungi	ON797623.1	518	0	0		True	True	
MPDB003796	5067	Aspergillus parasiticus	fungi	ON797663.1	520	0	0		True	True	
MPDB003797	5067	Aspergillus parasiticus	fungi	OP247616.1	602	0	0		True	True	
MPDB003798	5067	Aspergillus parasiticus	fungi	OP329184.1	559	0	0		True	True	
MPDB003799	5067	Aspergillus parasiticus	fungi	OP802634.1	593	3	0		True	True	
MPDB003800	5067	Aspergillus parasiticus	fungi	OQ456472.1	566	0	0		True	True	
MPDB003801	5067	Aspergillus parasiticus	fungi	OQ456473.1	569	0	0		True	True	
MPDB003802	5067	Aspergillus parasiticus	fungi	OQ456475.1	561	0	0		True	True	
MPDB003803	5067	Aspergillus parasiticus	fungi	OQ519962.1	547	0	0		True	True	
MPDB003804	5067	Aspergillus parasiticus	fungi	OR005238.1	248	0	0		True	True	
MPDB003805	5067	Aspergillus parasiticus	fungi	OR005263.1	254	0	0		True	True	
MPDB003806	5067	Aspergillus parasiticus	fungi	OR005327.1	302	0	0		True	True	
MPDB003807	5067	Aspergillus parasiticus	fungi	OR095654.1	471	0	0		True	True	
MPDB003808	5067	Aspergillus parasiticus	fungi	OR287098.1	565	0	0		True	True	
MPDB003809	5067	Aspergillus parasiticus	fungi	OR392778.1	581	0	0		True	True	
MPDB003810	5067	Aspergillus parasiticus	fungi	OR754375.1	382	0	0		True	True	
MPDB003811	5067	Aspergillus parasiticus	fungi	PP177521.1	498	0	0		True	True	
MPDB003812	5067	Aspergillus parasiticus	fungi	PP717838.1	577	0	0		True	True	
MPDB003813	5067	Aspergillus parasiticus	fungi	PP814824.1	503	0	0		True	True	
MPDB003814	5067	Aspergillus parasiticus	fungi	PP851667.1	566	0	0		True	True	
MPDB003815	5067	Aspergillus parasiticus	fungi	PQ049600.1	516	0	0		True	True	
MPDB003816	5067	Aspergillus parasiticus	fungi	PQ403971.1	560	0	0		True	True	
MPDB003817	5067	Aspergillus parasiticus	fungi	PQ403972.1	700	0	0		True	True	
MPDB003818	5067	Aspergillus parasiticus	fungi	PQ460365.1	526	0	0		True	True	
MPDB003819	5067	Aspergillus parasiticus	fungi	PQ463349.1	557	0	0		True	True	
MPDB003820	5067	Aspergillus parasiticus	fungi	PQ511233.1	524	0	0		True	True	
MPDB003821	5067	Aspergillus parasiticus	fungi	PQ643988.1	640	0	0		True	True	
MPDB003822	5067	Aspergillus parasiticus	fungi	PQ644082.1	887	0	0		True	True	
MPDB003823	5067	Aspergillus parasiticus	fungi	PQ826441.1	577	0	0		True	True	
MPDB003824	5067	Aspergillus parasiticus	fungi	PV065873.1	475	0	0		True	True	
MPDB003825	5067	Aspergillus parasiticus	fungi	PV194997.1	570	0	0		True	True	
MPDB003826	5067	Aspergillus parasiticus	fungi	PV464648.1	546	0	0		True	True	
MPDB003827	5067	Aspergillus parasiticus	fungi	PX056166.1	529	0	0		True	True	
MPDB003828	5067	Aspergillus parasiticus	fungi	PX244200.1	567	0	0		True	True	
MPDB003829	5067	Aspergillus parasiticus	fungi	PX426404.1	610	0	0		True	True	
MPDB003830	5067	Aspergillus parasiticus	fungi	PX427487.1	576	0	0		True	True	
MPDB003831	5067	Aspergillus parasiticus	fungi	PX533089.1	507	0	0		True	True	
MPDB003832	5067	Aspergillus parasiticus	fungi	PZ267755.1	533	0	0		True	True	
MPDB003833	5067	Aspergillus parasiticus	fungi	PZ405196.1	529	0	0		True	True	
MPDB003834	5067	Aspergillus parasiticus	fungi	PZ742435.1	528	0	0		True	True	
MPDB003835	5076	Penicillium chrysogenum	fungi	PP231834.1	571	0	0		True	True	
MPDB003836	5076	Penicillium chrysogenum	fungi	PV836786.1	540	0	0		True	True	
MPDB003837	5076	Penicillium chrysogenum	fungi	PX071318.1	558	0	0		True	True	
MPDB003838	5076	Penicillium chrysogenum	fungi	PX071320.1	554	0	0		True	True	
MPDB003839	5076	Penicillium chrysogenum	fungi	PX071334.1	541	0	0		True	True	
MPDB003840	5076	Penicillium chrysogenum	fungi	PX071341.1	558	0	0		True	True	
MPDB003841	5076	Penicillium chrysogenum	fungi	PX071365.1	558	0	0		True	True	
MPDB003842	5076	Penicillium chrysogenum	fungi	PX071379.1	544	0	0		True	True	
MPDB003843	5076	Penicillium chrysogenum	fungi	PX071386.1	545	0	0		True	True	
MPDB003844	5076	Penicillium chrysogenum	fungi	PX071387.1	540	0	0		True	True	
MPDB003845	5076	Penicillium chrysogenum	fungi	PX071394.1	563	0	0		True	True	
MPDB003846	5076	Penicillium chrysogenum	fungi	PX071405.1	562	0	0		True	True	
MPDB003847	5076	Penicillium chrysogenum	fungi	PX071406.1	561	0	0		True	True	
MPDB003848	5076	Penicillium chrysogenum	fungi	PX071413.1	553	0	0		True	True	
MPDB003849	5076	Penicillium chrysogenum	fungi	PX071414.1	556	0	0		True	True	
MPDB003850	5076	Penicillium chrysogenum	fungi	PX071415.1	554	0	0		True	True	
MPDB003851	5076	Penicillium chrysogenum	fungi	PX071418.1	556	0	0		True	True	
MPDB003852	5076	Penicillium chrysogenum	fungi	PX071419.1	558	0	0		True	True	
MPDB003853	5076	Penicillium chrysogenum	fungi	PX071420.1	555	0	0		True	True	
MPDB003854	5076	Penicillium chrysogenum	fungi	PX071423.1	555	0	0		True	True	
MPDB003855	5076	Penicillium chrysogenum	fungi	PZ691672.1	251	0	0		True	True	
MPDB003856	5076	Penicillium chrysogenum	fungi	PZ691683.1	220	0	0		True	True	
MPDB003857	5076	Penicillium chrysogenum	fungi	PZ691689.1	242	0	0		True	True	
MPDB003858	5076	Penicillium chrysogenum	fungi	PZ691697.1	314	0	0		True	True	
MPDB003859	5076	Penicillium chrysogenum	fungi	PZ691720.1	302	0	0		True	True	
MPDB003860	5076	Penicillium chrysogenum	fungi	PZ691721.1	248	0	0		True	True	
MPDB003861	5076	Penicillium chrysogenum	fungi	PZ691881.1	290	0	0		True	True	
MPDB003862	5076	Penicillium chrysogenum	fungi	PZ691892.1	255	0	0		True	True	
MPDB003863	5076	Penicillium chrysogenum	fungi	PZ691914.1	221	0	0		True	True	
MPDB003864	5076	Penicillium chrysogenum	fungi	PZ691919.1	238	0	0		True	True	
MPDB003865	5076	Penicillium chrysogenum	fungi	PZ691981.1	146	0	0		True	True	
MPDB003866	5076	Penicillium chrysogenum	fungi	PZ692037.1	242	0	0		True	True	
MPDB003867	5076	Penicillium chrysogenum	fungi	PZ692086.1	243	0	0		True	True	
MPDB003868	5076	Penicillium chrysogenum	fungi	PZ725178.1	507	0	0		True	True	
MPDB003869	5076	Penicillium chrysogenum	fungi	PZ742421.1	534	0	0		True	True	
MPDB003870	5076	Penicillium chrysogenum	fungi	PZ742439.1	542	0	0		True	True	
MPDB003871	5076	Penicillium chrysogenum	fungi	PZ742577.1	585	0	0		True	True	
MPDB003872	5076	Penicillium chrysogenum	fungi	PZ770550.1	411	0	0		True	True	
MPDB003873	5076	Penicillium chrysogenum	fungi	PZ779405.1	496	0	0		True	True	
MPDB003874	5076	Penicillium chrysogenum	fungi	PZ780476.1	577	0	0		True	True	
MPDB003875	5076	Penicillium chrysogenum	fungi	PZ781139.1	565	0	0		True	True	
MPDB003876	5076	Penicillium chrysogenum	fungi	PZ810691.1	573	0	0		True	True	
MPDB003877	5076	Penicillium chrysogenum	fungi	PZ818892.1	609	0	0		True	True	
MPDB003878	5127	Gibberella fujikuroi (Fusarium fujikuroi)	fungi	LC930054.1	517	0	0		True	True	
MPDB003879	5127	Gibberella fujikuroi (Fusarium fujikuroi)	fungi	MH855036.1	557	0	0		True	True	
MPDB003880	5127	Gibberella fujikuroi (Fusarium fujikuroi)	fungi	MH857023.1	557	0	0		True	True	
MPDB003881	5127	Gibberella fujikuroi (Fusarium fujikuroi)	fungi	MH857321.1	564	0	11	HKMRSY	True	True	
MPDB003882	5127	Gibberella fujikuroi (Fusarium fujikuroi)	fungi	PP922463.1	525	0	0		True	True	
MPDB003883	5127	Gibberella fujikuroi (Fusarium fujikuroi)	fungi	PV565580.1	550	0	0		True	True	
MPDB003884	5127	Gibberella fujikuroi (Fusarium fujikuroi)	fungi	PZ230286.1	500	0	0		True	True	
MPDB003885	5127	Gibberella fujikuroi (Fusarium fujikuroi)	fungi	PZ246151.1	543	0	0		True	True	
MPDB003886	5127	Gibberella fujikuroi (Fusarium fujikuroi)	fungi	PZ263363.1	532	0	0		True	True	
MPDB003887	5127	Gibberella fujikuroi (Fusarium fujikuroi)	fungi	PZ263364.1	531	0	0		True	True	
MPDB003888	5127	Gibberella fujikuroi (Fusarium fujikuroi)	fungi	PZ266611.1	494	0	0		True	True	
MPDB003889	5127	Gibberella fujikuroi (Fusarium fujikuroi)	fungi	PZ266617.1	494	0	0		True	True	
MPDB003890	5127	Gibberella fujikuroi (Fusarium fujikuroi)	fungi	PZ266659.1	491	0	0		True	True	
MPDB003891	5127	Gibberella fujikuroi (Fusarium fujikuroi)	fungi	PZ266672.1	491	0	0		True	True	
MPDB003892	5127	Gibberella fujikuroi (Fusarium fujikuroi)	fungi	PZ266781.1	496	0	0		True	True	
MPDB003893	5127	Gibberella fujikuroi (Fusarium fujikuroi)	fungi	PZ266791.1	488	0	0		True	True	
MPDB003894	5127	Gibberella fujikuroi (Fusarium fujikuroi)	fungi	PZ266807.1	495	0	0		True	True	
MPDB003895	5127	Gibberella fujikuroi (Fusarium fujikuroi)	fungi	PZ326465.1	402	0	0		True	True	
MPDB003896	5127	Gibberella fujikuroi (Fusarium fujikuroi)	fungi	PZ326751.1	533	0	0		True	True	
MPDB003897	5127	Gibberella fujikuroi (Fusarium fujikuroi)	fungi	PZ327752.1	555	0	0		True	True	
MPDB003898	5127	Gibberella fujikuroi (Fusarium fujikuroi)	fungi	PZ327753.1	586	0	0		True	True	
MPDB003899	5127	Gibberella fujikuroi (Fusarium fujikuroi)	fungi	PZ327785.1	509	0	10	KMRSY	True	True	
MPDB003900	5127	Gibberella fujikuroi (Fusarium fujikuroi)	fungi	PZ345909.1	510	0	0		True	True	
MPDB003901	5127	Gibberella fujikuroi (Fusarium fujikuroi)	fungi	PZ392465.1	494	0	0		True	True	
MPDB003902	5127	Gibberella fujikuroi (Fusarium fujikuroi)	fungi	PZ412649.1	522	0	0		True	True	
MPDB003903	5127	Gibberella fujikuroi (Fusarium fujikuroi)	fungi	PZ456424.1	504	0	0		True	True	
MPDB003904	5127	Gibberella fujikuroi (Fusarium fujikuroi)	fungi	PZ456426.1	503	0	0		True	True	
MPDB003905	5127	Gibberella fujikuroi (Fusarium fujikuroi)	fungi	PZ477984.1	553	0	0		True	True	
MPDB003906	5127	Gibberella fujikuroi (Fusarium fujikuroi)	fungi	PZ488920.1	562	0	0		True	True	
MPDB003907	5127	Gibberella fujikuroi (Fusarium fujikuroi)	fungi	PZ488921.1	559	0	0		True	True	
MPDB003908	5127	Gibberella fujikuroi (Fusarium fujikuroi)	fungi	PZ490077.1	560	0	0		True	True	
MPDB003909	5127	Gibberella fujikuroi (Fusarium fujikuroi)	fungi	PZ490078.1	561	0	0		True	True	
MPDB003910	5127	Gibberella fujikuroi (Fusarium fujikuroi)	fungi	PZ490079.1	559	0	0		True	True	
MPDB003911	5127	Gibberella fujikuroi (Fusarium fujikuroi)	fungi	PZ490080.1	546	0	0		True	True	
MPDB003912	5127	Gibberella fujikuroi (Fusarium fujikuroi)	fungi	PZ490081.1	559	0	0		True	True	
MPDB003913	5127	Gibberella fujikuroi (Fusarium fujikuroi)	fungi	PZ490082.1	558	0	0		True	True	
MPDB003914	5127	Gibberella fujikuroi (Fusarium fujikuroi)	fungi	PZ501424.1	484	0	0		True	True	
MPDB003915	5127	Gibberella fujikuroi (Fusarium fujikuroi)	fungi	PZ501425.1	487	0	0		True	True	
MPDB003916	5127	Gibberella fujikuroi (Fusarium fujikuroi)	fungi	PZ507149.1	456	0	0		True	True	
MPDB003917	5127	Gibberella fujikuroi (Fusarium fujikuroi)	fungi	PZ528652.1	539	0	0		True	True	
MPDB003918	5127	Gibberella fujikuroi (Fusarium fujikuroi)	fungi	PZ556455.1	537	0	0		True	True	
MPDB003919	5127	Gibberella fujikuroi (Fusarium fujikuroi)	fungi	PZ728816.1	626	0	0		True	True	
MPDB003920	5127	Gibberella fujikuroi (Fusarium fujikuroi)	fungi	PZ734413.1	563	0	0		True	True	
MPDB003921	520446	Fusarium andiyazi	fungi	KP018378.1	445	0	0		True	True	
MPDB003922	520446	Fusarium andiyazi	fungi	MW016405.1	545	0	0		True	True	
MPDB003923	520446	Fusarium andiyazi	fungi	MW486496.1	528	0	0		True	True	
MPDB003924	520446	Fusarium andiyazi	fungi	MW486498.1	530	0	0		True	True	
MPDB003925	520446	Fusarium andiyazi	fungi	MW486499.1	529	0	0		True	True	
MPDB003926	520446	Fusarium andiyazi	fungi	MW486500.1	526	0	0		True	True	
MPDB003927	520446	Fusarium andiyazi	fungi	MW486501.1	529	0	0		True	True	
MPDB003928	520446	Fusarium andiyazi	fungi	MW486502.1	521	0	0		True	True	
MPDB003929	520446	Fusarium andiyazi	fungi	MW486503.1	514	0	0		True	True	
MPDB003930	520446	Fusarium andiyazi	fungi	MW486504.1	527	0	0		True	True	
MPDB003931	520446	Fusarium andiyazi	fungi	MW486505.1	521	0	0		True	True	
MPDB003932	520446	Fusarium andiyazi	fungi	MW486506.1	513	0	0		True	True	
MPDB003933	520446	Fusarium andiyazi	fungi	MW486507.1	512	0	0		True	True	
MPDB003934	520446	Fusarium andiyazi	fungi	MW486509.1	514	0	0		True	True	
MPDB003935	520446	Fusarium andiyazi	fungi	MW486510.1	527	0	0		True	True	
MPDB003936	520446	Fusarium andiyazi	fungi	MW486511.1	513	0	0		True	True	
MPDB003937	520446	Fusarium andiyazi	fungi	OL635570.1	327	0	0		True	True	
MPDB003938	520446	Fusarium andiyazi	fungi	OM758342.1	533	0	0		True	True	
MPDB003939	520446	Fusarium andiyazi	fungi	ON411483.1	983	0	0		True	True	
MPDB003940	520446	Fusarium andiyazi	fungi	ON411503.1	1001	0	0		True	True	
MPDB003941	520446	Fusarium andiyazi	fungi	ON527516.1	549	0	0		True	True	
MPDB003942	520446	Fusarium andiyazi	fungi	ON798829.1	496	0	0		True	True	
MPDB003943	520446	Fusarium andiyazi	fungi	OQ818159.1	548	0	0		True	True	
MPDB003944	520446	Fusarium andiyazi	fungi	OR137061.1	407	0	0		True	True	
MPDB003945	520446	Fusarium andiyazi	fungi	OR137062.1	251	0	0		True	True	
MPDB003946	520446	Fusarium andiyazi	fungi	OR137063.1	494	0	0		True	True	
MPDB003947	520446	Fusarium andiyazi	fungi	OR473088.1	496	0	0		True	True	
MPDB003948	520446	Fusarium andiyazi	fungi	OR473114.1	528	0	0		True	True	
MPDB003949	520446	Fusarium andiyazi	fungi	PQ416098.1	502	0	0		True	True	
MPDB003950	520446	Fusarium andiyazi	fungi	PQ416107.1	511	0	0		True	True	
MPDB003951	520446	Fusarium andiyazi	fungi	PQ416113.1	509	0	0		True	True	
MPDB003952	520446	Fusarium andiyazi	fungi	PQ788690.1	506	0	0		True	True	
MPDB003953	520446	Fusarium andiyazi	fungi	PV862235.1	507	0	0		True	True	
MPDB003954	520446	Fusarium andiyazi	fungi	PX226337.1	510	0	0		True	True	
MPDB003955	520446	Fusarium andiyazi	fungi	PX226340.1	503	0	0		True	True	
MPDB003956	520446	Fusarium andiyazi	fungi	PX226344.1	506	0	0		True	True	
MPDB003957	520446	Fusarium andiyazi	fungi	PX226346.1	500	0	0		True	True	
MPDB003958	520446	Fusarium andiyazi	fungi	PX226360.1	506	0	0		True	True	
MPDB003959	520446	Fusarium andiyazi	fungi	PX226362.1	500	0	0		True	True	
MPDB003960	520446	Fusarium andiyazi	fungi	PX246537.1	526	0	0		True	True	
MPDB003961	520446	Fusarium andiyazi	fungi	PX459733.1	549	0	0		True	True	
MPDB003962	520446	Fusarium andiyazi	fungi	PX916102.1	400	0	0		True	True	
MPDB003963	520446	Fusarium andiyazi	fungi	PZ432622.1	504	0	0		True	True	
MPDB003964	5270	Mycosarcoma maydis (Ustilago maydis)	fungi	KJ081758.1	705	0	0		True	True	
MPDB003965	5270	Mycosarcoma maydis (Ustilago maydis)	fungi	MH047195.1	5034	0	0		True	True	
MPDB003966	5270	Mycosarcoma maydis (Ustilago maydis)	fungi	MH115001.1	770	0	1	M	True	True	
MPDB003967	5270	Mycosarcoma maydis (Ustilago maydis)	fungi	MH854587.1	795	0	0		True	True	
MPDB003968	5270	Mycosarcoma maydis (Ustilago maydis)	fungi	MH855351.1	797	0	0		True	True	
MPDB003969	5270	Mycosarcoma maydis (Ustilago maydis)	fungi	MH855354.1	805	0	0		True	True	
MPDB003970	5270	Mycosarcoma maydis (Ustilago maydis)	fungi	MH855355.1	799	0	0		True	True	
MPDB003971	5270	Mycosarcoma maydis (Ustilago maydis)	fungi	MH855356.1	772	0	0		True	True	
MPDB003972	5270	Mycosarcoma maydis (Ustilago maydis)	fungi	MH855357.1	805	0	0		True	True	
MPDB003973	5270	Mycosarcoma maydis (Ustilago maydis)	fungi	MH855358.1	805	0	0		True	True	
MPDB003974	5270	Mycosarcoma maydis (Ustilago maydis)	fungi	MH855359.1	808	0	0		True	True	
MPDB003975	5270	Mycosarcoma maydis (Ustilago maydis)	fungi	MH855360.1	800	0	0		True	True	
MPDB003976	5270	Mycosarcoma maydis (Ustilago maydis)	fungi	MH855361.1	809	0	0		True	True	
MPDB003977	5270	Mycosarcoma maydis (Ustilago maydis)	fungi	MH855362.1	804	0	0		True	True	
MPDB003978	5270	Mycosarcoma maydis (Ustilago maydis)	fungi	MH855363.1	748	0	0		True	True	
MPDB003979	5270	Mycosarcoma maydis (Ustilago maydis)	fungi	MH855364.1	799	0	0		True	True	
MPDB003980	5270	Mycosarcoma maydis (Ustilago maydis)	fungi	MH855365.1	770	0	0		True	True	
MPDB003981	5270	Mycosarcoma maydis (Ustilago maydis)	fungi	MH855367.1	806	0	0		True	True	
MPDB003982	5270	Mycosarcoma maydis (Ustilago maydis)	fungi	MH855368.1	797	0	0		True	True	
MPDB003983	5270	Mycosarcoma maydis (Ustilago maydis)	fungi	MH855369.1	807	0	0		True	True	
MPDB003984	5270	Mycosarcoma maydis (Ustilago maydis)	fungi	MH855370.1	797	0	0		True	True	
MPDB003985	5270	Mycosarcoma maydis (Ustilago maydis)	fungi	MH857912.1	796	0	0		True	True	
MPDB003986	5270	Mycosarcoma maydis (Ustilago maydis)	fungi	MH858320.1	796	0	0		True	True	
MPDB003987	5270	Mycosarcoma maydis (Ustilago maydis)	fungi	MN871436.1	779	0	0		True	True	
MPDB003988	5270	Mycosarcoma maydis (Ustilago maydis)	fungi	MT505437.1	776	0	0		True	True	
MPDB003989	5270	Mycosarcoma maydis (Ustilago maydis)	fungi	MT573494.1	797	0	0		True	True	
MPDB003990	5270	Mycosarcoma maydis (Ustilago maydis)	fungi	MW366682.1	765	0	0		True	True	
MPDB003991	5270	Mycosarcoma maydis (Ustilago maydis)	fungi	MW366683.1	766	1	0		True	True	
MPDB003992	5270	Mycosarcoma maydis (Ustilago maydis)	fungi	MW620058.1	773	0	0		True	True	
MPDB003993	5270	Mycosarcoma maydis (Ustilago maydis)	fungi	MZ496986.1	796	0	0		True	True	
MPDB003994	5270	Mycosarcoma maydis (Ustilago maydis)	fungi	ON540127.1	720	0	0		True	True	
MPDB003995	5270	Mycosarcoma maydis (Ustilago maydis)	fungi	OP676012.1	756	0	0		True	True	
MPDB003996	5270	Mycosarcoma maydis (Ustilago maydis)	fungi	OP676013.1	739	0	0		True	True	
MPDB003997	5270	Mycosarcoma maydis (Ustilago maydis)	fungi	OP676014.1	746	0	0		True	True	
MPDB003998	5270	Mycosarcoma maydis (Ustilago maydis)	fungi	OQ540480.1	753	0	0		True	True	
MPDB003999	5270	Mycosarcoma maydis (Ustilago maydis)	fungi	OQ780875.1	689	0	0		True	True	
MPDB004000	5270	Mycosarcoma maydis (Ustilago maydis)	fungi	OQ979653.1	691	0	0		True	True	
MPDB004001	5270	Mycosarcoma maydis (Ustilago maydis)	fungi	OR042785.1	831	0	0		True	True	
MPDB004002	5270	Mycosarcoma maydis (Ustilago maydis)	fungi	OW986184.1	731	0	0		True	True	
MPDB004003	5270	Mycosarcoma maydis (Ustilago maydis)	fungi	OW986492.1	718	0	0		True	True	
MPDB004004	5270	Mycosarcoma maydis (Ustilago maydis)	fungi	PQ220215.1	653	0	0		True	True	
MPDB004005	5270	Mycosarcoma maydis (Ustilago maydis)	fungi	PV584127.1	721	0	0		True	True	
MPDB004006	5270	Mycosarcoma maydis (Ustilago maydis)	fungi	PZ745924.1	787	0	0		True	True	
MPDB004007	5503	Curvularia lunata (Cochliobolus lunatus)	fungi	MH858446.1	572	0	0		True	True	
MPDB004008	5503	Curvularia lunata (Cochliobolus lunatus)	fungi	PX845981.1	561	0	0		True	True	
MPDB004009	5503	Curvularia lunata (Cochliobolus lunatus)	fungi	PX899285.1	548	2	0		True	True	
MPDB004010	5503	Curvularia lunata (Cochliobolus lunatus)	fungi	PZ234630.1	519	0	0		True	True	
MPDB004011	5503	Curvularia lunata (Cochliobolus lunatus)	fungi	PZ288162.1	534	0	0		True	True	
MPDB004012	5503	Curvularia lunata (Cochliobolus lunatus)	fungi	PZ327767.1	566	0	8	KMRSWY	True	True	
MPDB004013	5503	Curvularia lunata (Cochliobolus lunatus)	fungi	PZ327833.1	223	0	0		True	True	
MPDB004014	5503	Curvularia lunata (Cochliobolus lunatus)	fungi	PZ342839.1	507	0	0		True	True	
MPDB004015	5503	Curvularia lunata (Cochliobolus lunatus)	fungi	PZ359625.1	534	0	0		True	True	
MPDB004016	5503	Curvularia lunata (Cochliobolus lunatus)	fungi	PZ360774.1	554	0	0		True	True	
MPDB004017	5503	Curvularia lunata (Cochliobolus lunatus)	fungi	PZ374875.1	481	0	0		True	True	
MPDB004018	5503	Curvularia lunata (Cochliobolus lunatus)	fungi	PZ380007.1	430	0	0		True	True	
MPDB004019	5503	Curvularia lunata (Cochliobolus lunatus)	fungi	PZ380016.1	563	0	0		True	True	
MPDB004020	5503	Curvularia lunata (Cochliobolus lunatus)	fungi	PZ384155.1	577	0	0		True	True	
MPDB004021	5503	Curvularia lunata (Cochliobolus lunatus)	fungi	PZ384157.1	617	0	0		True	True	
MPDB004022	5503	Curvularia lunata (Cochliobolus lunatus)	fungi	PZ403272.1	452	0	12	KMRS	True	True	
MPDB004023	5503	Curvularia lunata (Cochliobolus lunatus)	fungi	PZ406425.1	573	0	0		True	True	
MPDB004024	5503	Curvularia lunata (Cochliobolus lunatus)	fungi	PZ407063.1	534	0	0		True	True	
MPDB004025	5503	Curvularia lunata (Cochliobolus lunatus)	fungi	PZ453030.1	566	0	0		True	True	
MPDB004026	5503	Curvularia lunata (Cochliobolus lunatus)	fungi	PZ460987.1	482	0	0		True	True	
MPDB004027	5503	Curvularia lunata (Cochliobolus lunatus)	fungi	PZ462622.1	474	0	0		True	True	
MPDB004028	5503	Curvularia lunata (Cochliobolus lunatus)	fungi	PZ489343.1	549	0	0		True	True	
MPDB004029	5503	Curvularia lunata (Cochliobolus lunatus)	fungi	PZ502928.1	613	0	0		True	True	
MPDB004030	5503	Curvularia lunata (Cochliobolus lunatus)	fungi	PZ507297.1	345	0	0		True	True	
MPDB004031	5503	Curvularia lunata (Cochliobolus lunatus)	fungi	PZ509330.1	550	0	0		True	True	
MPDB004032	5503	Curvularia lunata (Cochliobolus lunatus)	fungi	PZ536320.1	567	0	0		True	True	
MPDB004033	5503	Curvularia lunata (Cochliobolus lunatus)	fungi	PZ536321.1	568	0	0		True	True	
MPDB004034	5503	Curvularia lunata (Cochliobolus lunatus)	fungi	PZ546338.1	462	0	0		True	True	
MPDB004035	5503	Curvularia lunata (Cochliobolus lunatus)	fungi	PZ575810.1	536	0	0		True	True	
MPDB004036	5503	Curvularia lunata (Cochliobolus lunatus)	fungi	PZ585091.1	563	0	0		True	True	
MPDB004037	5503	Curvularia lunata (Cochliobolus lunatus)	fungi	PZ626781.1	481	0	0		True	True	
MPDB004038	5503	Curvularia lunata (Cochliobolus lunatus)	fungi	PZ675716.1	501	0	0		True	True	
MPDB004039	5503	Curvularia lunata (Cochliobolus lunatus)	fungi	PZ741779.1	569	0	0		True	True	
MPDB004040	5503	Curvularia lunata (Cochliobolus lunatus)	fungi	PZ744291.1	599	0	0		True	True	
MPDB004041	5503	Curvularia lunata (Cochliobolus lunatus)	fungi	PZ745133.1	560	0	0		True	True	
MPDB004042	5503	Curvularia lunata (Cochliobolus lunatus)	fungi	PZ745134.1	548	0	0		True	True	
MPDB004043	5503	Curvularia lunata (Cochliobolus lunatus)	fungi	PZ748915.1	543	0	0		True	True	
MPDB004044	5503	Curvularia lunata (Cochliobolus lunatus)	fungi	PZ748917.1	543	0	0		True	True	
MPDB004045	5503	Curvularia lunata (Cochliobolus lunatus)	fungi	PZ761536.1	559	0	0		True	True	
MPDB004046	5503	Curvularia lunata (Cochliobolus lunatus)	fungi	PZ780068.1	541	0	0		True	True	
MPDB004047	5503	Curvularia lunata (Cochliobolus lunatus)	fungi	PZ789906.1	504	0	0		True	True	
MPDB004048	5503	Curvularia lunata (Cochliobolus lunatus)	fungi	PZ789907.1	513	0	0		True	True	
MPDB004049	5503	Curvularia lunata (Cochliobolus lunatus)	fungi	PZ818900.1	573	0	0		True	True	
MPDB004050	5507	Fusarium oxysporum	fungi	PZ796550.1	501	0	0		True	True	
MPDB004051	5507	Fusarium oxysporum	fungi	PZ804902.1	555	0	0		True	True	
MPDB004052	5507	Fusarium oxysporum	fungi	PZ805097.1	550	0	0		True	True	
MPDB004053	5507	Fusarium oxysporum	fungi	PZ810690.1	551	0	0		True	True	
MPDB004054	5507	Fusarium oxysporum	fungi	PZ810721.1	556	0	0		True	True	
MPDB004055	5507	Fusarium oxysporum	fungi	PZ815778.1	478	0	0		True	True	
MPDB004056	5507	Fusarium oxysporum	fungi	PZ816546.1	466	0	0		True	True	
MPDB004057	5507	Fusarium oxysporum	fungi	PZ823053.1	614	0	0		True	True	
MPDB004058	5507	Fusarium oxysporum	fungi	PZ823054.1	584	0	0		True	True	
MPDB004059	5507	Fusarium oxysporum	fungi	PZ823056.1	587	0	0		True	True	
MPDB004060	5507	Fusarium oxysporum	fungi	PZ823058.1	584	0	0		True	True	
MPDB004061	5507	Fusarium oxysporum	fungi	PZ823060.1	585	0	0		True	True	
MPDB004062	5507	Fusarium oxysporum	fungi	PZ823062.1	653	0	0		True	True	
MPDB004063	5507	Fusarium oxysporum	fungi	PZ823063.1	608	0	0		True	True	
MPDB004064	5507	Fusarium oxysporum	fungi	PZ823064.1	625	0	0		True	True	
MPDB004065	5507	Fusarium oxysporum	fungi	PZ823067.1	584	0	0		True	True	
MPDB004066	5507	Fusarium oxysporum	fungi	PZ823068.1	626	0	0		True	True	
MPDB004067	5507	Fusarium oxysporum	fungi	PZ823069.1	644	0	0		True	True	
MPDB004068	5507	Fusarium oxysporum	fungi	PZ823070.1	612	0	0		True	True	
MPDB004069	5507	Fusarium oxysporum	fungi	PZ823071.1	620	0	0		True	True	
MPDB004070	5507	Fusarium oxysporum	fungi	PZ823072.1	585	0	0		True	True	
MPDB004071	5507	Fusarium oxysporum	fungi	PZ823073.1	574	0	0		True	True	
MPDB004072	5507	Fusarium oxysporum	fungi	PZ823074.1	615	0	0		True	True	
MPDB004073	5507	Fusarium oxysporum	fungi	PZ823075.1	605	0	0		True	True	
MPDB004074	5507	Fusarium oxysporum	fungi	PZ823076.1	612	0	0		True	True	
MPDB004075	5507	Fusarium oxysporum	fungi	PZ823077.1	621	0	0		True	True	
MPDB004076	5507	Fusarium oxysporum	fungi	PZ823078.1	586	0	0		True	True	
MPDB004077	5507	Fusarium oxysporum	fungi	PZ823079.1	619	0	0		True	True	
MPDB004078	5507	Fusarium oxysporum	fungi	PZ823080.1	580	0	0		True	True	
MPDB004079	5507	Fusarium oxysporum	fungi	PZ823081.1	585	0	0		True	True	
MPDB004080	5507	Fusarium oxysporum	fungi	PZ823082.1	695	0	0		True	True	
MPDB004081	5507	Fusarium oxysporum	fungi	PZ823083.1	582	0	0		True	True	
MPDB004082	5507	Fusarium oxysporum	fungi	PZ823084.1	628	0	0		True	True	
MPDB004083	5507	Fusarium oxysporum	fungi	PZ823085.1	582	0	0		True	True	
MPDB004084	5507	Fusarium oxysporum	fungi	PZ823086.1	619	0	0		True	True	
MPDB004085	5507	Fusarium oxysporum	fungi	PZ823087.1	586	0	0		True	True	
MPDB004086	5507	Fusarium oxysporum	fungi	PZ823088.1	583	0	0		True	True	
MPDB004087	5507	Fusarium oxysporum	fungi	PZ823089.1	583	0	0		True	True	
MPDB004088	5507	Fusarium oxysporum	fungi	PZ824712.1	504	0	0		True	True	
MPDB004089	5507	Fusarium oxysporum	fungi	PZ830433.1	516	0	0		True	True	
MPDB004090	5507	Fusarium oxysporum	fungi	PZ832386.1	391	0	0		True	True	
MPDB004091	5507	Fusarium oxysporum	fungi	PZ832389.1	391	3	0		True	True	
MPDB004092	5507	Fusarium oxysporum	fungi	PZ834578.1	750	0	0		True	True	
MPDB004093	5514	Fusarium sporotrichioides	fungi	MH855269.1	545	0	0		True	True	
MPDB004094	5514	Fusarium sporotrichioides	fungi	PV073962.1	517	0	0		True	True	
MPDB004095	5514	Fusarium sporotrichioides	fungi	PX369180.1	523	0	0		True	True	
MPDB004096	5514	Fusarium sporotrichioides	fungi	PX369181.1	522	0	0		True	True	
MPDB004097	5514	Fusarium sporotrichioides	fungi	PX369182.1	526	0	0		True	True	
MPDB004098	5514	Fusarium sporotrichioides	fungi	PX369183.1	526	0	0		True	True	
MPDB004099	5514	Fusarium sporotrichioides	fungi	PX369184.1	523	0	0		True	True	
MPDB004100	5514	Fusarium sporotrichioides	fungi	PX369185.1	518	0	0		True	True	
MPDB004101	5514	Fusarium sporotrichioides	fungi	PX369186.1	523	0	0		True	True	
MPDB004102	5514	Fusarium sporotrichioides	fungi	PX369187.1	523	0	0		True	True	
MPDB004103	5514	Fusarium sporotrichioides	fungi	PX369188.1	517	0	0		True	True	
MPDB004104	5514	Fusarium sporotrichioides	fungi	PX376604.1	505	0	1	M	True	True	
MPDB004105	5514	Fusarium sporotrichioides	fungi	PX376605.1	508	0	1	M	True	True	
MPDB004106	5514	Fusarium sporotrichioides	fungi	PX376606.1	498	0	1	M	True	True	
MPDB004107	5514	Fusarium sporotrichioides	fungi	PX393955.1	374	0	0		True	True	
MPDB004108	5514	Fusarium sporotrichioides	fungi	PX459718.1	548	0	0		True	True	
MPDB004109	5514	Fusarium sporotrichioides	fungi	PX622611.1	497	0	0		True	True	
MPDB004110	5514	Fusarium sporotrichioides	fungi	PX622895.1	484	0	0		True	True	
MPDB004111	5514	Fusarium sporotrichioides	fungi	PX683128.1	565	0	0		True	True	
MPDB004112	5514	Fusarium sporotrichioides	fungi	PX928259.1	570	0	0		True	True	
MPDB004113	5514	Fusarium sporotrichioides	fungi	PX928262.1	549	0	0		True	True	
MPDB004114	5514	Fusarium sporotrichioides	fungi	PX928745.1	557	1	0		True	True	
MPDB004115	5514	Fusarium sporotrichioides	fungi	PX928746.1	563	0	0		True	True	
MPDB004116	5514	Fusarium sporotrichioides	fungi	PX928775.1	557	0	0		True	True	
MPDB004117	5514	Fusarium sporotrichioides	fungi	PX928780.1	527	0	0		True	True	
MPDB004118	5514	Fusarium sporotrichioides	fungi	PX928784.1	553	0	0		True	True	
MPDB004119	5514	Fusarium sporotrichioides	fungi	PZ043043.1	474	0	0		True	True	
MPDB004120	5514	Fusarium sporotrichioides	fungi	PZ176882.1	552	0	0		True	True	
MPDB004121	5514	Fusarium sporotrichioides	fungi	PZ191446.1	519	0	0		True	True	
MPDB004122	5514	Fusarium sporotrichioides	fungi	PZ226505.1	551	0	0		True	True	
MPDB004123	5514	Fusarium sporotrichioides	fungi	PZ385195.1	477	0	0		True	True	
MPDB004124	5514	Fusarium sporotrichioides	fungi	PZ526759.1	510	0	0		True	True	
MPDB004125	5514	Fusarium sporotrichioides	fungi	PZ526762.1	520	0	0		True	True	
MPDB004126	5514	Fusarium sporotrichioides	fungi	PZ526766.1	513	0	0		True	True	
MPDB004127	5514	Fusarium sporotrichioides	fungi	PZ526767.1	514	0	0		True	True	
MPDB004128	5514	Fusarium sporotrichioides	fungi	PZ695170.1	501	0	0		True	True	
MPDB004129	5514	Fusarium sporotrichioides	fungi	PZ695174.1	502	0	0		True	True	
MPDB004130	5515	Fusarium acuminatum	fungi	MH865933.1	561	0	0		True	True	
MPDB004131	5515	Fusarium acuminatum	fungi	PV109750.1	559	0	0		True	True	
MPDB004132	5515	Fusarium acuminatum	fungi	PV109768.1	511	0	0		True	True	
MPDB004133	5515	Fusarium acuminatum	fungi	PV498715.1	311	0	0		True	True	
MPDB004134	5515	Fusarium acuminatum	fungi	PV528760.1	465	0	0		True	True	
MPDB004135	5515	Fusarium acuminatum	fungi	PV533725.1	502	0	0		True	True	
MPDB004136	5515	Fusarium acuminatum	fungi	PX071350.1	532	0	0		True	True	
MPDB004137	5515	Fusarium acuminatum	fungi	PX071368.1	533	0	0		True	True	
MPDB004138	5515	Fusarium acuminatum	fungi	PX259887.1	520	0	0		True	True	
MPDB004139	5515	Fusarium acuminatum	fungi	PX682793.1	578	0	0		True	True	
MPDB004140	5515	Fusarium acuminatum	fungi	PX684563.1	504	0	0		True	True	
MPDB004141	5515	Fusarium acuminatum	fungi	PX735331.1	494	0	0		True	True	
MPDB004142	5515	Fusarium acuminatum	fungi	PX735332.1	505	0	0		True	True	
MPDB004143	5515	Fusarium acuminatum	fungi	PX736049.1	520	0	0		True	True	
MPDB004144	5515	Fusarium acuminatum	fungi	PX756745.1	556	0	0		True	True	
MPDB004145	5515	Fusarium acuminatum	fungi	PX765410.1	466	0	0		True	True	
MPDB004146	5515	Fusarium acuminatum	fungi	PX765414.1	417	0	0		True	True	
MPDB004147	5515	Fusarium acuminatum	fungi	PX884237.1	540	0	0		True	True	
MPDB004148	5515	Fusarium acuminatum	fungi	PX891955.1	679	0	0		True	True	
MPDB004149	5515	Fusarium acuminatum	fungi	PX891997.1	603	0	0		True	True	
MPDB004150	5515	Fusarium acuminatum	fungi	PX908936.1	599	0	0		True	True	
MPDB004151	5515	Fusarium acuminatum	fungi	PX945896.1	450	0	0		True	True	
MPDB004152	5515	Fusarium acuminatum	fungi	PX963791.1	498	0	0		True	True	
MPDB004153	5515	Fusarium acuminatum	fungi	PX963795.1	499	0	0		True	True	
MPDB004154	5515	Fusarium acuminatum	fungi	PX963796.1	499	0	0		True	True	
MPDB004155	5515	Fusarium acuminatum	fungi	PZ008294.1	578	0	0		True	True	
MPDB004156	5515	Fusarium acuminatum	fungi	PZ011557.1	559	0	0		True	True	
MPDB004157	5515	Fusarium acuminatum	fungi	PZ039494.1	490	0	0		True	True	
MPDB004158	5515	Fusarium acuminatum	fungi	PZ103769.1	564	0	0		True	True	
MPDB004159	5515	Fusarium acuminatum	fungi	PZ134997.1	489	0	0		True	True	
MPDB004160	5515	Fusarium acuminatum	fungi	PZ179522.1	404	0	0		True	True	
MPDB004161	5515	Fusarium acuminatum	fungi	PZ194281.1	602	0	0		True	True	
MPDB004162	5515	Fusarium acuminatum	fungi	PZ194410.1	584	0	0		True	True	
MPDB004163	5515	Fusarium acuminatum	fungi	PZ194414.1	585	0	0		True	True	
MPDB004164	5515	Fusarium acuminatum	fungi	PZ204249.1	592	0	0		True	True	
MPDB004165	5515	Fusarium acuminatum	fungi	PZ351079.1	563	0	0		True	True	
MPDB004166	5515	Fusarium acuminatum	fungi	PZ406913.1	569	0	0		True	True	
MPDB004167	5515	Fusarium acuminatum	fungi	PZ556952.1	529	0	0		True	True	
MPDB004168	5515	Fusarium acuminatum	fungi	PZ694857.1	532	0	0		True	True	
MPDB004169	5515	Fusarium acuminatum	fungi	PZ695186.1	518	0	1	S	True	True	
MPDB004170	5515	Fusarium acuminatum	fungi	PZ695187.1	517	0	0		True	True	
MPDB004171	5515	Fusarium acuminatum	fungi	PZ695192.1	515	0	0		True	True	
MPDB004172	5515	Fusarium acuminatum	fungi	PZ697416.1	509	0	0		True	True	
MPDB004173	5516	Fusarium culmorum	fungi	MH854965.1	548	0	0		True	True	
MPDB004174	5516	Fusarium culmorum	fungi	MH855171.1	545	0	0		True	True	
MPDB004175	5516	Fusarium culmorum	fungi	MH855266.1	543	0	0		True	True	
MPDB004176	5516	Fusarium culmorum	fungi	MH856844.1	543	0	0		True	True	
MPDB004177	5516	Fusarium culmorum	fungi	MH856845.1	543	0	0		True	True	
MPDB004178	5516	Fusarium culmorum	fungi	MH857016.1	545	0	0		True	True	
MPDB004179	5516	Fusarium culmorum	fungi	MH857017.1	543	0	0		True	True	
MPDB004180	5516	Fusarium culmorum	fungi	MH862856.1	1131	0	0		True	True	
MPDB004181	5516	Fusarium culmorum	fungi	MH864973.1	556	0	0		True	True	
MPDB004182	5516	Fusarium culmorum	fungi	ON075125.1	435	0	0		True	True	
MPDB004183	5516	Fusarium culmorum	fungi	ON075175.1	473	0	0		True	True	
MPDB004184	5516	Fusarium culmorum	fungi	PP947374.1	879	0	0		True	True	
MPDB004185	5516	Fusarium culmorum	fungi	PP947377.1	828	0	0		True	True	
MPDB004186	5516	Fusarium culmorum	fungi	PQ284547.1	538	0	0		True	True	
MPDB004187	5516	Fusarium culmorum	fungi	PV108832.1	699	0	0		True	True	
MPDB004188	5516	Fusarium culmorum	fungi	PV108833.1	706	0	0		True	True	
MPDB004189	5516	Fusarium culmorum	fungi	PV108834.1	716	0	0		True	True	
MPDB004190	5516	Fusarium culmorum	fungi	PV108835.1	626	0	0		True	True	
MPDB004191	5516	Fusarium culmorum	fungi	PV108836.1	722	0	0		True	True	
MPDB004192	5516	Fusarium culmorum	fungi	PV108965.1	573	0	0		True	True	
MPDB004193	5516	Fusarium culmorum	fungi	PV488304.1	531	0	0		True	True	
MPDB004194	5516	Fusarium culmorum	fungi	PV960622.1	520	0	0		True	True	
MPDB004195	5516	Fusarium culmorum	fungi	PX022588.1	473	0	0		True	True	
MPDB004196	5516	Fusarium culmorum	fungi	PX022590.1	508	0	0		True	True	
MPDB004197	5516	Fusarium culmorum	fungi	PX091474.1	584	0	0		True	True	
MPDB004198	5516	Fusarium culmorum	fungi	PX363270.1	295	0	0		True	True	
MPDB004199	5516	Fusarium culmorum	fungi	PX447087.1	516	0	0		True	True	
MPDB004200	5516	Fusarium culmorum	fungi	PX574206.1	548	0	0		True	True	
MPDB004201	5516	Fusarium culmorum	fungi	PX612353.1	235	0	0		True	True	
MPDB004202	5516	Fusarium culmorum	fungi	PX622931.1	220	0	0		True	True	
MPDB004203	5516	Fusarium culmorum	fungi	PX622950.1	220	0	0		True	True	
MPDB004204	5516	Fusarium culmorum	fungi	PX843723.1	480	0	0		True	True	
MPDB004205	5516	Fusarium culmorum	fungi	PX875858.1	219	0	0		True	True	
MPDB004206	5516	Fusarium culmorum	fungi	PZ191448.1	694	0	0		True	True	
MPDB004207	5516	Fusarium culmorum	fungi	PZ278116.1	545	0	0		True	True	
MPDB004208	5516	Fusarium culmorum	fungi	PZ278117.1	550	0	0		True	True	
MPDB004209	5516	Fusarium culmorum	fungi	PZ316068.1	486	0	0		True	True	
MPDB004210	5516	Fusarium culmorum	fungi	PZ386789.1	493	0	0		True	True	
MPDB004211	5516	Fusarium culmorum	fungi	PZ392019.1	501	0	0		True	True	
MPDB004212	5516	Fusarium culmorum	fungi	PZ526770.1	514	0	0		True	True	
MPDB004213	5516	Fusarium culmorum	fungi	PZ695181.1	501	0	0		True	True	
MPDB004214	5516	Fusarium culmorum	fungi	PZ695191.1	497	0	0		True	True	
MPDB004215	5516	Fusarium culmorum	fungi	PZ697419.1	514	0	0		True	True	
MPDB004216	5518	Fusarium graminearum (Gibberella zeae)	fungi	MH854826.1	544	0	0		True	True	
MPDB004217	5518	Fusarium graminearum (Gibberella zeae)	fungi	MH855274.1	544	0	0		True	True	
MPDB004218	5518	Fusarium graminearum (Gibberella zeae)	fungi	MH855275.1	552	0	4	MWY	True	True	
MPDB004219	5518	Fusarium graminearum (Gibberella zeae)	fungi	MH855276.1	545	0	0		True	True	
MPDB004220	5518	Fusarium graminearum (Gibberella zeae)	fungi	MH858190.1	546	0	1	S	True	True	
MPDB004221	5518	Fusarium graminearum (Gibberella zeae)	fungi	MH864971.1	550	0	0		True	True	
MPDB004222	5518	Fusarium graminearum (Gibberella zeae)	fungi	MH865799.1	543	0	0		True	True	
MPDB004223	5518	Fusarium graminearum (Gibberella zeae)	fungi	MH865803.1	543	0	5	RY	True	True	
MPDB004224	5518	Fusarium graminearum (Gibberella zeae)	fungi	MH865804.1	547	0	0		True	True	
MPDB004225	5518	Fusarium graminearum (Gibberella zeae)	fungi	MH865814.1	508	0	0		True	True	
MPDB004226	5518	Fusarium graminearum (Gibberella zeae)	fungi	MH865815.1	543	0	0		True	True	
MPDB004227	5518	Fusarium graminearum (Gibberella zeae)	fungi	MH865829.1	510	0	0		True	True	
MPDB004228	5518	Fusarium graminearum (Gibberella zeae)	fungi	MH865831.1	544	0	0		True	True	
MPDB004229	5518	Fusarium graminearum (Gibberella zeae)	fungi	MH865833.1	543	0	2	MS	True	True	
MPDB004230	5518	Fusarium graminearum (Gibberella zeae)	fungi	MH865836.1	513	0	0		True	True	
MPDB004231	5518	Fusarium graminearum (Gibberella zeae)	fungi	MH865839.1	543	0	1	Y	True	True	
MPDB004232	5518	Fusarium graminearum (Gibberella zeae)	fungi	MH865840.1	543	0	2	MY	True	True	
MPDB004233	5518	Fusarium graminearum (Gibberella zeae)	fungi	MH865841.1	543	0	0		True	True	
MPDB004234	5518	Fusarium graminearum (Gibberella zeae)	fungi	MH865844.1	546	0	1	R	True	True	
MPDB004235	5518	Fusarium graminearum (Gibberella zeae)	fungi	MH865847.1	552	0	0		True	True	
MPDB004236	5518	Fusarium graminearum (Gibberella zeae)	fungi	MH865848.1	551	0	0		True	True	
MPDB004237	5518	Fusarium graminearum (Gibberella zeae)	fungi	MH865849.1	510	0	3	KRS	True	True	
MPDB004238	5518	Fusarium graminearum (Gibberella zeae)	fungi	MH865851.1	507	0	0		True	True	
MPDB004239	5518	Fusarium graminearum (Gibberella zeae)	fungi	MH865867.1	551	0	0		True	True	
MPDB004240	5518	Fusarium graminearum (Gibberella zeae)	fungi	MH865869.1	552	0	0		True	True	
MPDB004241	5518	Fusarium graminearum (Gibberella zeae)	fungi	MH865870.1	568	0	0		True	True	
MPDB004242	5518	Fusarium graminearum (Gibberella zeae)	fungi	MH865872.1	545	0	0		True	True	
MPDB004243	5518	Fusarium graminearum (Gibberella zeae)	fungi	MH865876.1	552	0	0		True	True	
MPDB004244	5518	Fusarium graminearum (Gibberella zeae)	fungi	MH865877.1	544	0	0		True	True	
MPDB004245	5518	Fusarium graminearum (Gibberella zeae)	fungi	MH865878.1	510	0	0		True	True	
MPDB004246	5518	Fusarium graminearum (Gibberella zeae)	fungi	MH865921.1	544	0	0		True	True	
MPDB004247	5518	Fusarium graminearum (Gibberella zeae)	fungi	MH865922.1	512	0	0		True	True	
MPDB004248	5518	Fusarium graminearum (Gibberella zeae)	fungi	MH865927.1	545	0	0		True	True	
MPDB004249	5518	Fusarium graminearum (Gibberella zeae)	fungi	MH865928.1	544	0	0		True	True	
MPDB004250	5518	Fusarium graminearum (Gibberella zeae)	fungi	MH865929.1	545	0	0		True	True	
MPDB004251	5518	Fusarium graminearum (Gibberella zeae)	fungi	PX599346.1	540	0	0		True	True	
MPDB004252	5518	Fusarium graminearum (Gibberella zeae)	fungi	PZ225278.1	483	0	0		True	True	
MPDB004253	5518	Fusarium graminearum (Gibberella zeae)	fungi	PZ547847.1	230	0	0		True	True	
MPDB004254	5518	Fusarium graminearum (Gibberella zeae)	fungi	PZ560168.1	779	0	0		True	True	
MPDB004255	5518	Fusarium graminearum (Gibberella zeae)	fungi	PZ627234.1	1063	0	0		True	True	
MPDB004256	5518	Fusarium graminearum (Gibberella zeae)	fungi	PZ720371.1	556	0	0		True	True	
MPDB004257	5518	Fusarium graminearum (Gibberella zeae)	fungi	PZ770669.1	493	0	0		True	True	
MPDB004258	5518	Fusarium graminearum (Gibberella zeae)	fungi	PZ770670.1	491	0	0		True	True	
MPDB004259	5544	Trichoderma harzianum	fungi	MT012289.1	226	0	0		True	True	
MPDB004260	5544	Trichoderma harzianum	fungi	MT012290.1	232	0	0		True	True	
MPDB004261	5544	Trichoderma harzianum	fungi	MT012291.1	256	0	0		True	True	
MPDB004262	5544	Trichoderma harzianum	fungi	MT012292.1	230	0	0		True	True	
MPDB004263	5544	Trichoderma harzianum	fungi	MT012293.1	235	0	0		True	True	
MPDB004264	5544	Trichoderma harzianum	fungi	MT012294.1	207	0	0		True	True	
MPDB004265	5544	Trichoderma harzianum	fungi	PX071337.1	595	0	0		True	True	
MPDB004266	5544	Trichoderma harzianum	fungi	PX071338.1	584	0	0		True	True	
MPDB004267	5544	Trichoderma harzianum	fungi	PX071374.1	596	0	0		True	True	
MPDB004268	5544	Trichoderma harzianum	fungi	PX071375.1	583	0	0		True	True	
MPDB004269	5544	Trichoderma harzianum	fungi	PX071377.1	582	0	0		True	True	
MPDB004270	5544	Trichoderma harzianum	fungi	PX071435.1	585	0	0		True	True	
MPDB004271	5544	Trichoderma harzianum	fungi	PZ695455.1	523	0	0		True	True	
MPDB004272	5544	Trichoderma harzianum	fungi	PZ702505.1	508	0	0		True	True	
MPDB004273	5544	Trichoderma harzianum	fungi	PZ702506.1	509	0	0		True	True	
MPDB004274	5544	Trichoderma harzianum	fungi	PZ702508.1	511	0	0		True	True	
MPDB004275	5544	Trichoderma harzianum	fungi	PZ711018.1	719	0	0		True	True	
MPDB004276	5544	Trichoderma harzianum	fungi	PZ711416.1	300	0	0		True	True	
MPDB004277	5544	Trichoderma harzianum	fungi	PZ724289.1	565	0	0		True	True	
MPDB004278	5544	Trichoderma harzianum	fungi	PZ724290.1	561	0	0		True	True	
MPDB004279	5544	Trichoderma harzianum	fungi	PZ728820.1	570	0	0		True	True	
MPDB004280	5544	Trichoderma harzianum	fungi	PZ728848.1	598	0	0		True	True	
MPDB004281	5544	Trichoderma harzianum	fungi	PZ728850.1	610	0	0		True	True	
MPDB004282	5544	Trichoderma harzianum	fungi	PZ728852.1	595	0	0		True	True	
MPDB004283	5544	Trichoderma harzianum	fungi	PZ730058.1	328	0	0		True	True	
MPDB004284	5544	Trichoderma harzianum	fungi	PZ730060.1	328	0	0		True	True	
MPDB004285	5544	Trichoderma harzianum	fungi	PZ730063.1	325	0	0		True	True	
MPDB004286	5544	Trichoderma harzianum	fungi	PZ730077.1	327	0	0		True	True	
MPDB004287	5544	Trichoderma harzianum	fungi	PZ730079.1	328	0	0		True	True	
MPDB004288	5544	Trichoderma harzianum	fungi	PZ730082.1	327	0	0		True	True	
MPDB004289	5544	Trichoderma harzianum	fungi	PZ768224.1	561	0	0		True	True	
MPDB004290	5544	Trichoderma harzianum	fungi	PZ768227.1	591	0	0		True	True	
MPDB004291	5544	Trichoderma harzianum	fungi	PZ768228.1	589	0	0		True	True	
MPDB004292	5544	Trichoderma harzianum	fungi	PZ768229.1	593	0	0		True	True	
MPDB004293	5544	Trichoderma harzianum	fungi	PZ770558.1	381	0	0		True	True	
MPDB004294	5544	Trichoderma harzianum	fungi	PZ789688.1	598	1	0		True	True	
MPDB004295	5544	Trichoderma harzianum	fungi	PZ789693.1	601	2	0		True	True	
MPDB004296	5544	Trichoderma harzianum	fungi	PZ789695.1	588	1	0		True	True	
MPDB004297	5544	Trichoderma harzianum	fungi	PZ789698.1	608	1	0		True	True	
MPDB004298	5544	Trichoderma harzianum	fungi	PZ798431.1	466	0	0		True	True	
MPDB004299	5544	Trichoderma harzianum	fungi	PZ810687.1	629	0	0		True	True	
MPDB004300	5544	Trichoderma harzianum	fungi	PZ818910.1	658	0	0		True	True	
MPDB004301	5544	Trichoderma harzianum	fungi	PZ832392.1	496	33	0		True	True	
MPDB004302	5547	Trichoderma viride	fungi	MH864422.1	744	0	0		True	True	
MPDB004303	5547	Trichoderma viride	fungi	PV107899.1	575	0	0		True	True	
MPDB004304	5547	Trichoderma viride	fungi	PV108058.1	585	0	0		True	True	
MPDB004305	5547	Trichoderma viride	fungi	PV108060.1	579	0	0		True	True	
MPDB004306	5547	Trichoderma viride	fungi	PV108080.1	578	0	0		True	True	
MPDB004307	5547	Trichoderma viride	fungi	PV498707.1	361	0	0		True	True	
MPDB004308	5547	Trichoderma viride	fungi	PV498723.1	401	0	0		True	True	
MPDB004309	5547	Trichoderma viride	fungi	PV498724.1	461	0	0		True	True	
MPDB004310	5547	Trichoderma viride	fungi	PX421016.1	561	0	0		True	True	
MPDB004311	5547	Trichoderma viride	fungi	PX802429.1	545	0	0		True	True	
MPDB004312	5547	Trichoderma viride	fungi	PX833676.1	594	0	0		True	True	
MPDB004313	5547	Trichoderma viride	fungi	PX884401.1	561	0	0		True	True	
MPDB004314	5547	Trichoderma viride	fungi	PX884403.1	662	0	0		True	True	
MPDB004315	5547	Trichoderma viride	fungi	PX963634.1	525	0	0		True	True	
MPDB004316	5547	Trichoderma viride	fungi	PX998407.1	617	0	0		True	True	
MPDB004317	5547	Trichoderma viride	fungi	PZ051871.1	517	0	0		True	True	
MPDB004318	5547	Trichoderma viride	fungi	PZ051872.1	439	0	0		True	True	
MPDB004319	5547	Trichoderma viride	fungi	PZ122430.1	555	0	0		True	True	
MPDB004320	5547	Trichoderma viride	fungi	PZ126052.1	566	0	0		True	True	
MPDB004321	5547	Trichoderma viride	fungi	PZ205994.1	474	0	0		True	True	
MPDB004322	5547	Trichoderma viride	fungi	PZ245943.1	537	0	0		True	True	
MPDB004323	5547	Trichoderma viride	fungi	PZ251479.1	428	0	0		True	True	
MPDB004324	5547	Trichoderma viride	fungi	PZ251720.1	589	0	0		True	True	
MPDB004325	5547	Trichoderma viride	fungi	PZ273141.1	540	0	0		True	True	
MPDB004326	5547	Trichoderma viride	fungi	PZ337691.1	623	0	0		True	True	
MPDB004327	5547	Trichoderma viride	fungi	PZ365782.1	530	0	0		True	True	
MPDB004328	5547	Trichoderma viride	fungi	PZ369081.1	602	0	0		True	True	
MPDB004329	5547	Trichoderma viride	fungi	PZ406402.1	860	0	0		True	True	
MPDB004330	5547	Trichoderma viride	fungi	PZ436253.1	532	0	0		True	True	
MPDB004331	5547	Trichoderma viride	fungi	PZ436254.1	496	0	0		True	True	
MPDB004332	5547	Trichoderma viride	fungi	PZ462610.1	533	0	0		True	True	
MPDB004333	5547	Trichoderma viride	fungi	PZ462611.1	541	0	0		True	True	
MPDB004334	5547	Trichoderma viride	fungi	PZ465985.1	545	0	0		True	True	
MPDB004335	5547	Trichoderma viride	fungi	PZ528930.1	534	0	0		True	True	
MPDB004336	5547	Trichoderma viride	fungi	PZ542777.1	600	0	0		True	True	
MPDB004337	5547	Trichoderma viride	fungi	PZ556295.1	496	0	0		True	True	
MPDB004338	5547	Trichoderma viride	fungi	PZ660809.1	534	0	0		True	True	
MPDB004339	5547	Trichoderma viride	fungi	PZ675158.1	488	0	0		True	True	
MPDB004340	5547	Trichoderma viride	fungi	PZ702502.1	515	0	0		True	True	
MPDB004341	5547	Trichoderma viride	fungi	PZ702507.1	431	0	0		True	True	
MPDB004342	5547	Trichoderma viride	fungi	PZ779483.1	581	0	0		True	True	
MPDB004343	5547	Trichoderma viride	fungi	PZ799365.1	574	1	0		True	True	
MPDB004344	5547	Trichoderma viride	fungi	PZ805006.1	516	0	0		True	True	
MPDB004345	5599	Alternaria alternata	fungi	PX071429.1	546	0	0		True	True	
MPDB004346	5599	Alternaria alternata	fungi	PX071430.1	539	0	0		True	True	
MPDB004347	5599	Alternaria alternata	fungi	PX071442.1	543	0	0		True	True	
MPDB004348	5599	Alternaria alternata	fungi	PZ168227.1	738	0	0		True	True	
MPDB004349	5599	Alternaria alternata	fungi	PZ168228.1	745	0	0		True	True	
MPDB004350	5599	Alternaria alternata	fungi	PZ168229.1	750	0	0		True	True	
MPDB004351	5599	Alternaria alternata	fungi	PZ168230.1	743	0	0		True	True	
MPDB004352	5599	Alternaria alternata	fungi	PZ168231.1	725	1	0		True	True	
MPDB004353	5599	Alternaria alternata	fungi	PZ168232.1	740	1	0		True	True	
MPDB004354	5599	Alternaria alternata	fungi	PZ168233.1	720	0	0		True	True	
MPDB004355	5599	Alternaria alternata	fungi	PZ168234.1	622	0	0		True	True	
MPDB004356	5599	Alternaria alternata	fungi	PZ168235.1	622	0	0		True	True	
MPDB004357	5599	Alternaria alternata	fungi	PZ168236.1	622	0	0		True	True	
MPDB004358	5599	Alternaria alternata	fungi	PZ597222.1	541	0	0		True	True	
MPDB004359	5599	Alternaria alternata	fungi	PZ597223.1	540	0	0		True	True	
MPDB004360	5599	Alternaria alternata	fungi	PZ597224.1	538	0	0		True	True	
MPDB004361	5599	Alternaria alternata	fungi	PZ745329.1	738	0	0		True	True	
MPDB004362	5599	Alternaria alternata	fungi	PZ747778.1	544	0	0		True	True	
MPDB004363	5599	Alternaria alternata	fungi	PZ747779.1	515	0	0		True	True	
MPDB004364	5599	Alternaria alternata	fungi	PZ747780.1	542	0	0		True	True	
MPDB004365	5599	Alternaria alternata	fungi	PZ747781.1	539	0	0		True	True	
MPDB004366	5599	Alternaria alternata	fungi	PZ747783.1	512	0	0		True	True	
MPDB004367	5599	Alternaria alternata	fungi	PZ747785.1	501	0	0		True	True	
MPDB004368	5599	Alternaria alternata	fungi	PZ748287.1	417	0	0		True	True	
MPDB004369	5599	Alternaria alternata	fungi	PZ760429.1	574	0	0		True	True	
MPDB004370	5599	Alternaria alternata	fungi	PZ779820.1	468	0	11	KMWY	True	True	
MPDB004371	5599	Alternaria alternata	fungi	PZ785153.1	493	0	0		True	True	
MPDB004372	5599	Alternaria alternata	fungi	PZ785242.1	564	0	0		True	True	
MPDB004373	5599	Alternaria alternata	fungi	PZ789668.1	729	0	0		True	True	
MPDB004374	5599	Alternaria alternata	fungi	PZ790489.1	539	0	0		True	True	
MPDB004375	5599	Alternaria alternata	fungi	PZ790548.1	572	0	0		True	True	
MPDB004376	5599	Alternaria alternata	fungi	PZ790556.1	571	0	0		True	True	
MPDB004377	5599	Alternaria alternata	fungi	PZ790926.1	500	0	0		True	True	
MPDB004378	5599	Alternaria alternata	fungi	PZ795308.1	586	0	0		True	True	
MPDB004379	5599	Alternaria alternata	fungi	PZ812260.1	555	0	0		True	True	
MPDB004380	5599	Alternaria alternata	fungi	PZ812261.1	533	0	0		True	True	
MPDB004381	5599	Alternaria alternata	fungi	PZ812262.1	533	0	0		True	True	
MPDB004382	5599	Alternaria alternata	fungi	PZ812293.1	485	0	0		True	True	
MPDB004383	5599	Alternaria alternata	fungi	PZ818895.1	569	0	0		True	True	
MPDB004384	5599	Alternaria alternata	fungi	PZ829971.1	533	0	0		True	True	
MPDB004385	5599	Alternaria alternata	fungi	PZ830880.1	527	0	0		True	True	
MPDB004386	5599	Alternaria alternata	fungi	PZ832358.1	491	9	0		True	True	
MPDB004387	5599	Alternaria alternata	fungi	PZ832363.1	594	0	0		True	True	
MPDB004388	56641	Fusarium cerealis / Fusarium crookwellense	fungi	KJ125536.1	457	0	0		True	True	
MPDB004389	56641	Fusarium cerealis / Fusarium crookwellense	fungi	MG979793.1	500	0	0		True	True	
MPDB004390	56641	Fusarium cerealis / Fusarium crookwellense	fungi	MG979795.1	523	0	0		True	True	
MPDB004391	56641	Fusarium cerealis / Fusarium crookwellense	fungi	MG979797.1	483	0	0		True	True	
MPDB004392	56641	Fusarium cerealis / Fusarium crookwellense	fungi	MG979798.1	465	0	0		True	True	
MPDB004393	56641	Fusarium cerealis / Fusarium crookwellense	fungi	MH290473.1	559	0	0		True	True	
MPDB004394	56641	Fusarium cerealis / Fusarium crookwellense	fungi	MH290474.1	558	0	0		True	True	
MPDB004395	56641	Fusarium cerealis / Fusarium crookwellense	fungi	MH290475.1	551	0	0		True	True	
MPDB004396	56641	Fusarium cerealis / Fusarium crookwellense	fungi	MK271270.1	477	0	0		True	True	
MPDB004397	56641	Fusarium cerealis / Fusarium crookwellense	fungi	MK271271.1	487	0	0		True	True	
MPDB004398	56641	Fusarium cerealis / Fusarium crookwellense	fungi	MN523046.1	518	0	0		True	True	
MPDB004399	56641	Fusarium cerealis / Fusarium crookwellense	fungi	MN737766.1	519	0	0		True	True	
MPDB004400	56641	Fusarium cerealis / Fusarium crookwellense	fungi	MN833409.1	545	0	0		True	True	
MPDB004401	56641	Fusarium cerealis / Fusarium crookwellense	fungi	MT558728.1	528	0	0		True	True	
MPDB004402	56641	Fusarium cerealis / Fusarium crookwellense	fungi	MT558854.1	528	0	0		True	True	
MPDB004403	56641	Fusarium cerealis / Fusarium crookwellense	fungi	MT558855.1	528	0	0		True	True	
MPDB004404	56641	Fusarium cerealis / Fusarium crookwellense	fungi	MT558862.1	517	0	0		True	True	
MPDB004405	56641	Fusarium cerealis / Fusarium crookwellense	fungi	MT558863.1	518	0	0		True	True	
MPDB004406	56641	Fusarium cerealis / Fusarium crookwellense	fungi	MT559293.1	446	0	0		True	True	
MPDB004407	56641	Fusarium cerealis / Fusarium crookwellense	fungi	MT781326.1	464	0	0		True	True	
MPDB004408	56641	Fusarium cerealis / Fusarium crookwellense	fungi	MW358286.1	472	0	0		True	True	
MPDB004409	56641	Fusarium cerealis / Fusarium crookwellense	fungi	MW447299.1	484	0	0		True	True	
MPDB004410	56641	Fusarium cerealis / Fusarium crookwellense	fungi	MW447774.1	491	0	0		True	True	
MPDB004411	56641	Fusarium cerealis / Fusarium crookwellense	fungi	MW881048.1	508	0	0		True	True	
MPDB004412	56641	Fusarium cerealis / Fusarium crookwellense	fungi	OR287514.1	454	0	0		True	True	
MPDB004413	56641	Fusarium cerealis / Fusarium crookwellense	fungi	OR350981.1	479	0	0		True	True	
MPDB004414	56641	Fusarium cerealis / Fusarium crookwellense	fungi	OR350985.1	478	0	0		True	True	
MPDB004415	56641	Fusarium cerealis / Fusarium crookwellense	fungi	OR467403.1	498	0	0		True	True	
MPDB004416	56641	Fusarium cerealis / Fusarium crookwellense	fungi	OR543628.1	583	0	0		True	True	
MPDB004417	56641	Fusarium cerealis / Fusarium crookwellense	fungi	OR543667.1	583	0	0		True	True	
MPDB004418	56641	Fusarium cerealis / Fusarium crookwellense	fungi	OR543684.1	583	0	0		True	True	
MPDB004419	56641	Fusarium cerealis / Fusarium crookwellense	fungi	OU989365.1	570	0	0		True	True	
MPDB004420	56641	Fusarium cerealis / Fusarium crookwellense	fungi	OW984901.1	546	0	0		True	True	
MPDB004421	56641	Fusarium cerealis / Fusarium crookwellense	fungi	OW987847.1	546	0	0		True	True	
MPDB004422	56641	Fusarium cerealis / Fusarium crookwellense	fungi	OW988417.1	543	0	0		True	True	
MPDB004423	56641	Fusarium cerealis / Fusarium crookwellense	fungi	OW988525.1	745	0	0		True	True	
MPDB004424	56641	Fusarium cerealis / Fusarium crookwellense	fungi	PP097806.1	571	0	0		True	True	
MPDB004425	56641	Fusarium cerealis / Fusarium crookwellense	fungi	PP474104.1	481	0	0		True	True	
MPDB004426	56641	Fusarium cerealis / Fusarium crookwellense	fungi	PP474106.1	491	0	0		True	True	
MPDB004427	56641	Fusarium cerealis / Fusarium crookwellense	fungi	PP873109.1	592	48	0		True	True	
MPDB004428	56641	Fusarium cerealis / Fusarium crookwellense	fungi	PP947376.1	806	0	0		True	True	
MPDB004429	56641	Fusarium cerealis / Fusarium crookwellense	fungi	PZ658245.1	494	0	0		True	True	
MPDB004430	56641	Fusarium cerealis / Fusarium crookwellense	fungi	PZ697418.1	516	0	0		True	True	
MPDB004431	56665	Fusarium kyushuense	fungi	AB587019.1	1052	0	0		True	True	
MPDB004432	56665	Fusarium kyushuense	fungi	AB587020.1	1020	0	0		True	True	
MPDB004433	56665	Fusarium kyushuense	fungi	AF414971.1	535	0	0		True	True	
MPDB004434	56665	Fusarium kyushuense	fungi	EF487532.1	505	0	0		True	True	
MPDB004435	56665	Fusarium kyushuense	fungi	JX235957.1	476	0	0		True	True	
MPDB004436	56665	Fusarium kyushuense	fungi	KC466546.1	544	0	0		True	True	
MPDB004437	56665	Fusarium kyushuense	fungi	KR091835.1	471	0	0		True	True	
MPDB004438	56665	Fusarium kyushuense	fungi	LS484456.1	148	0	0		True	True	
MPDB004439	56665	Fusarium kyushuense	fungi	MG956781.1	506	0	0		True	True	
MPDB004440	56665	Fusarium kyushuense	fungi	MH892849.1	535	0	0		True	True	
MPDB004441	56665	Fusarium kyushuense	fungi	MN498042.1	495	0	0		True	True	
MPDB004442	56665	Fusarium kyushuense	fungi	MN503521.1	504	0	0		True	True	
MPDB004443	56665	Fusarium kyushuense	fungi	MN856334.1	553	0	0		True	True	
MPDB004444	56665	Fusarium kyushuense	fungi	MT594366.1	540	0	0		True	True	
MPDB004445	56665	Fusarium kyushuense	fungi	MT908505.1	500	0	0		True	True	
MPDB004446	56665	Fusarium kyushuense	fungi	MT908576.1	501	0	0		True	True	
MPDB004447	56665	Fusarium kyushuense	fungi	MW016613.1	496	0	0		True	True	
MPDB004448	56665	Fusarium kyushuense	fungi	MW016614.1	494	0	0		True	True	
MPDB004449	56665	Fusarium kyushuense	fungi	MW016615.1	517	0	0		True	True	
MPDB004450	56665	Fusarium kyushuense	fungi	MW016616.1	500	0	0		True	True	
MPDB004451	56665	Fusarium kyushuense	fungi	MW016617.1	488	0	0		True	True	
MPDB004452	56665	Fusarium kyushuense	fungi	MW016618.1	495	0	0		True	True	
MPDB004453	56665	Fusarium kyushuense	fungi	MW527087.1	498	0	0		True	True	
MPDB004454	56665	Fusarium kyushuense	fungi	MW880893.1	511	0	0		True	True	
MPDB004455	56665	Fusarium kyushuense	fungi	MW880906.1	514	0	0		True	True	
MPDB004456	56665	Fusarium kyushuense	fungi	MW880907.1	508	0	0		True	True	
MPDB004457	56665	Fusarium kyushuense	fungi	MZ047562.1	544	0	0		True	True	
MPDB004458	56665	Fusarium kyushuense	fungi	OM432493.1	505	0	0		True	True	
MPDB004459	56665	Fusarium kyushuense	fungi	ON492800.1	1216	0	0		True	True	
MPDB004460	56665	Fusarium kyushuense	fungi	ON527509.1	546	0	0		True	True	
MPDB004461	56665	Fusarium kyushuense	fungi	OQ753256.1	485	0	0		True	True	
MPDB004462	56665	Fusarium kyushuense	fungi	OQ777725.1	547	0	0		True	True	
MPDB004463	56665	Fusarium kyushuense	fungi	PP506475.1	521	0	0		True	True	
MPDB004464	56665	Fusarium kyushuense	fungi	PP506593.1	544	0	0		True	True	
MPDB004465	56665	Fusarium kyushuense	fungi	PP702299.1	541	0	0		True	True	
MPDB004466	56665	Fusarium kyushuense	fungi	PQ056892.1	514	0	0		True	True	
MPDB004467	56665	Fusarium kyushuense	fungi	PQ222628.1	524	0	0		True	True	
MPDB004468	56665	Fusarium kyushuense	fungi	PX419178.1	230	0	0		True	True	
MPDB004469	56665	Fusarium kyushuense	fungi	PZ013136.1	505	0	0		True	True	
MPDB004470	56665	Fusarium kyushuense	fungi	PZ168403.1	524	0	0		True	True	
MPDB004471	56665	Fusarium kyushuense	fungi	PZ336322.1	548	0	0		True	True	DUPLICATE_SEQUENCE_WITHIN_TAXID (n=2); identical sequences from independent GenBank records, retained
MPDB004472	56665	Fusarium kyushuense	fungi	PZ336322.1	548	0	0		True	True	DUPLICATE_SEQUENCE_WITHIN_TAXID (n=2); identical sequences from independent GenBank records, retained
MPDB004473	56665	Fusarium kyushuense	fungi	PZ556466.1	535	0	0		True	True	
MPDB004474	57143	Fusarium camptoceras	fungi	AB820722.1	1048	0	0		True	True	
MPDB004475	57143	Fusarium camptoceras	fungi	AB918017.1	324	0	0		True	True	
MPDB004476	57143	Fusarium camptoceras	fungi	EU520082.1	544	0	0		True	True	
MPDB004477	57143	Fusarium camptoceras	fungi	KJ782411.1	516	0	0		True	True	
MPDB004478	57143	Fusarium camptoceras	fungi	KU377450.1	527	0	0		True	True	
MPDB004479	57143	Fusarium camptoceras	fungi	KU377480.1	538	0	0		True	True	
MPDB004480	57143	Fusarium camptoceras	fungi	MH858038.1	1131	0	0		True	True	
MPDB004481	57143	Fusarium camptoceras	fungi	MH858537.1	544	0	0		True	True	
MPDB004482	57143	Fusarium camptoceras	fungi	MN473247.1	491	0	0		True	True	
MPDB004483	57143	Fusarium camptoceras	fungi	ON999165.1	770	0	0		True	True	
MPDB004484	57143	Fusarium camptoceras	fungi	PP907861.1	657	0	0		True	True	
MPDB004485	60167	Penicillium cyclopium	fungi	GU319999.1	560	0	0		True	True	
MPDB004486	60167	Penicillium cyclopium	fungi	JN097811.1	565	0	0		True	True	
MPDB004487	60167	Penicillium cyclopium	fungi	JN942740.1	585	0	0		True	True	
MPDB004488	60167	Penicillium cyclopium	fungi	JN942747.1	585	0	0		True	True	
MPDB004489	60167	Penicillium cyclopium	fungi	KC009306.1	330	0	0		True	True	
MPDB004490	60167	Penicillium cyclopium	fungi	KJ783269.1	609	0	0		True	True	
MPDB004491	60167	Penicillium cyclopium	fungi	KM023347.1	567	0	0		True	True	
MPDB004492	60167	Penicillium cyclopium	fungi	KP067255.1	529	0	0		True	True	
MPDB004493	60167	Penicillium cyclopium	fungi	KU325083.1	460	0	0		True	True	
MPDB004494	60167	Penicillium cyclopium	fungi	MH854633.1	593	0	0		True	True	
MPDB004495	60167	Penicillium cyclopium	fungi	MH857889.1	585	0	0		True	True	
MPDB004496	60167	Penicillium cyclopium	fungi	MH858381.1	584	0	0		True	True	
MPDB004497	60167	Penicillium cyclopium	fungi	MH865559.1	585	0	0		True	True	
MPDB004498	60167	Penicillium cyclopium	fungi	MH865965.1	582	0	0		True	True	
MPDB004499	60167	Penicillium cyclopium	fungi	MK578750.1	609	0	0		True	True	
MPDB004500	60167	Penicillium cyclopium	fungi	MN794459.1	547	0	0		True	True	
MPDB004501	60167	Penicillium cyclopium	fungi	MN794470.1	544	0	0		True	True	
MPDB004502	60167	Penicillium cyclopium	fungi	MN794471.1	529	0	0		True	True	
MPDB004503	60167	Penicillium cyclopium	fungi	MN818582.1	573	0	0		True	True	
MPDB004504	60167	Penicillium cyclopium	fungi	MT133771.1	564	0	0		True	True	
MPDB004505	60167	Penicillium cyclopium	fungi	MT133789.1	558	0	0		True	True	
MPDB004506	60167	Penicillium cyclopium	fungi	MT990551.1	565	0	0		True	True	
MPDB004507	60167	Penicillium cyclopium	fungi	OL703546.1	519	0	0		True	True	
MPDB004508	60167	Penicillium cyclopium	fungi	OL703547.1	522	0	0		True	True	
MPDB004509	60167	Penicillium cyclopium	fungi	ON782646.1	517	0	0		True	True	
MPDB004510	60167	Penicillium cyclopium	fungi	OP681420.1	593	0	0		True	True	
MPDB004511	60167	Penicillium cyclopium	fungi	OR421159.1	550	0	0		True	True	
MPDB004512	60167	Penicillium cyclopium	fungi	OW982518.1	600	0	0		True	True	
MPDB004513	60167	Penicillium cyclopium	fungi	OW984203.1	589	0	0		True	True	
MPDB004514	60167	Penicillium cyclopium	fungi	OW984243.1	590	0	0		True	True	
MPDB004515	60167	Penicillium cyclopium	fungi	PV953214.1	594	0	0		True	True	
MPDB004516	60167	Penicillium cyclopium	fungi	PX108407.1	597	0	0		True	True	
MPDB004517	60171	Penicillium verrucosum	fungi	AB479317.1	609	0	0		True	True	
MPDB004518	60171	Penicillium verrucosum	fungi	KF465779.1	570	0	0		True	True	
MPDB004519	60171	Penicillium verrucosum	fungi	KY006840.1	374	0	0		True	True	
MPDB004520	60171	Penicillium verrucosum	fungi	KY006842.1	465	0	0		True	True	
MPDB004521	60171	Penicillium verrucosum	fungi	KY966028.1	607	0	0		True	True	
MPDB004522	60171	Penicillium verrucosum	fungi	LC901877.1	570	0	0		True	True	
MPDB004523	60171	Penicillium verrucosum	fungi	MG589527.1	547	0	0		True	True	
MPDB004524	60171	Penicillium verrucosum	fungi	MG647843.1	553	0	0		True	True	
MPDB004525	60171	Penicillium verrucosum	fungi	MG821374.1	497	0	0		True	True	
MPDB004526	60171	Penicillium verrucosum	fungi	MH858300.1	592	0	1	W	True	True	
MPDB004527	60171	Penicillium verrucosum	fungi	MH858434.1	583	0	0		True	True	
MPDB004528	60171	Penicillium verrucosum	fungi	MH858846.1	584	0	0		True	True	
MPDB004529	60171	Penicillium verrucosum	fungi	MH860078.1	613	0	0		True	True	
MPDB004530	60171	Penicillium verrucosum	fungi	MH860079.1	584	0	0		True	True	
MPDB004531	60171	Penicillium verrucosum	fungi	MH860080.1	601	0	0		True	True	
MPDB004532	60171	Penicillium verrucosum	fungi	MH860081.1	585	0	0		True	True	
MPDB004533	60171	Penicillium verrucosum	fungi	MH860082.1	613	0	0		True	True	
MPDB004534	60171	Penicillium verrucosum	fungi	MH860083.1	547	0	0		True	True	
MPDB004535	60171	Penicillium verrucosum	fungi	MH860084.1	582	0	0		True	True	
MPDB004536	60171	Penicillium verrucosum	fungi	MH860085.1	584	0	0		True	True	
MPDB004537	60171	Penicillium verrucosum	fungi	MH860442.1	615	0	1	K	True	True	
MPDB004538	60171	Penicillium verrucosum	fungi	MH860443.1	566	0	0		True	True	
MPDB004539	60171	Penicillium verrucosum	fungi	MK177583.1	481	0	0		True	True	
MPDB004540	60171	Penicillium verrucosum	fungi	MK641464.1	518	0	0		True	True	
MPDB004541	60171	Penicillium verrucosum	fungi	MN013987.1	550	0	0		True	True	
MPDB004542	60171	Penicillium verrucosum	fungi	MW221147.1	493	0	0		True	True	
MPDB004543	60171	Penicillium verrucosum	fungi	MW221218.1	492	0	0		True	True	
MPDB004544	60171	Penicillium verrucosum	fungi	OM892850.1	520	1	0		True	True	
MPDB004545	60171	Penicillium verrucosum	fungi	ON329678.1	588	0	0		True	True	
MPDB004546	60171	Penicillium verrucosum	fungi	OP715869.1	568	0	0		True	True	
MPDB004547	60171	Penicillium verrucosum	fungi	OR073642.1	519	0	0		True	True	
MPDB004548	60171	Penicillium verrucosum	fungi	OR100413.1	506	0	0		True	True	
MPDB004549	60171	Penicillium verrucosum	fungi	OR342706.1	556	0	0		True	True	
MPDB004550	60171	Penicillium verrucosum	fungi	OW982548.1	589	0	0		True	True	
MPDB004551	60171	Penicillium verrucosum	fungi	OW984205.1	590	0	0		True	True	
MPDB004552	60171	Penicillium verrucosum	fungi	PP732489.1	575	0	0		True	True	
MPDB004553	60171	Penicillium verrucosum	fungi	PP921319.1	566	0	0		True	True	
MPDB004554	60171	Penicillium verrucosum	fungi	PQ463369.1	567	0	0		True	True	
MPDB004555	60171	Penicillium verrucosum	fungi	PQ864802.1	498	0	0		True	True	
MPDB004556	60171	Penicillium verrucosum	fungi	PV065892.1	475	0	0		True	True	
MPDB004557	60171	Penicillium verrucosum	fungi	PV065897.1	516	0	0		True	True	
MPDB004558	60171	Penicillium verrucosum	fungi	PV362167.1	587	0	0		True	True	
MPDB004559	60171	Penicillium verrucosum	fungi	PV915793.1	609	0	0		True	True	
MPDB004560	61235	Fusarium equiseti	fungi	MH854570.1	547	0	0		True	True	
MPDB004561	61235	Fusarium equiseti	fungi	MH855176.1	545	0	0		True	True	
MPDB004562	61235	Fusarium equiseti	fungi	MH855177.1	553	0	0		True	True	
MPDB004563	61235	Fusarium equiseti	fungi	MH855481.1	545	0	0		True	True	
MPDB004564	61235	Fusarium equiseti	fungi	MH856616.1	543	0	5	MSW	True	True	
MPDB004565	61235	Fusarium equiseti	fungi	MH857318.1	543	0	0		True	True	
MPDB004566	61235	Fusarium equiseti	fungi	MH858268.1	543	0	0		True	True	
MPDB004567	61235	Fusarium equiseti	fungi	MH862468.1	553	0	0		True	True	
MPDB004568	61235	Fusarium equiseti	fungi	MH864013.1	554	0	0		True	True	
MPDB004569	61235	Fusarium equiseti	fungi	PV802776.1	194	0	0		True	True	
MPDB004570	61235	Fusarium equiseti	fungi	PX071361.1	519	0	0		True	True	
MPDB004571	61235	Fusarium equiseti	fungi	PX132796.1	542	0	0		True	True	
MPDB004572	61235	Fusarium equiseti	fungi	PX132824.1	539	0	0		True	True	
MPDB004573	61235	Fusarium equiseti	fungi	PX132832.1	553	0	0		True	True	
MPDB004574	61235	Fusarium equiseti	fungi	PX132833.1	543	0	0		True	True	
MPDB004575	61235	Fusarium equiseti	fungi	PX132841.1	543	0	0		True	True	
MPDB004576	61235	Fusarium equiseti	fungi	PX132856.1	542	0	0		True	True	
MPDB004577	61235	Fusarium equiseti	fungi	PX132869.1	554	0	0		True	True	
MPDB004578	61235	Fusarium equiseti	fungi	PX490594.1	537	0	0		True	True	
MPDB004579	61235	Fusarium equiseti	fungi	PX490595.1	537	0	0		True	True	
MPDB004580	61235	Fusarium equiseti	fungi	PZ025128.1	420	0	0		True	True	
MPDB004581	61235	Fusarium equiseti	fungi	PZ556885.1	524	1	0		True	True	
MPDB004582	61235	Fusarium equiseti	fungi	PZ556968.1	480	0	0		True	True	
MPDB004583	61235	Fusarium equiseti	fungi	PZ583456.1	536	0	0		True	True	
MPDB004584	61235	Fusarium equiseti	fungi	PZ596698.1	515	0	0		True	True	
MPDB004585	61235	Fusarium equiseti	fungi	PZ611358.1	512	3	0		True	True	
MPDB004586	61235	Fusarium equiseti	fungi	PZ623875.1	588	0	0		True	True	
MPDB004587	61235	Fusarium equiseti	fungi	PZ623895.1	588	0	0		True	True	
MPDB004588	61235	Fusarium equiseti	fungi	PZ623912.1	586	0	0		True	True	
MPDB004589	61235	Fusarium equiseti	fungi	PZ627235.1	542	0	0		True	True	
MPDB004590	61235	Fusarium equiseti	fungi	PZ627239.1	633	0	0		True	True	
MPDB004591	61235	Fusarium equiseti	fungi	PZ627257.1	585	0	0		True	True	
MPDB004592	61235	Fusarium equiseti	fungi	PZ645983.1	568	0	0		True	True	
MPDB004593	61235	Fusarium equiseti	fungi	PZ676627.1	507	0	0		True	True	
MPDB004594	61235	Fusarium equiseti	fungi	PZ706503.1	469	0	0		True	True	
MPDB004595	61235	Fusarium equiseti	fungi	PZ715183.1	526	0	0		True	True	
MPDB004596	61235	Fusarium equiseti	fungi	PZ735447.1	550	0	0		True	True	
MPDB004597	61235	Fusarium equiseti	fungi	PZ764147.1	495	0	0		True	True	
MPDB004598	61235	Fusarium equiseti	fungi	PZ785599.1	456	0	0		True	True	
MPDB004599	61235	Fusarium equiseti	fungi	PZ796559.1	484	0	0		True	True	
MPDB004600	61235	Fusarium equiseti	fungi	PZ796560.1	484	0	0		True	True	
MPDB004601	61235	Fusarium equiseti	fungi	PZ824762.1	990	0	0		True	True	
MPDB004602	61235	Fusarium equiseti	fungi	PZ830436.1	517	0	0		True	True	
MPDB004603	61284	Fusarium tricinctum	fungi	MH856607.1	563	0	0		True	True	
MPDB004604	61284	Fusarium tricinctum	fungi	MH856847.1	559	0	2	M	True	True	
MPDB004605	61284	Fusarium tricinctum	fungi	MH862424.1	572	0	0		True	True	
MPDB004606	61284	Fusarium tricinctum	fungi	PV109755.1	554	0	0		True	True	
MPDB004607	61284	Fusarium tricinctum	fungi	PV109769.1	556	0	0		True	True	
MPDB004608	61284	Fusarium tricinctum	fungi	PV528761.1	431	0	0		True	True	
MPDB004609	61284	Fusarium tricinctum	fungi	PX071340.1	533	0	0		True	True	
MPDB004610	61284	Fusarium tricinctum	fungi	PX071351.1	533	0	0		True	True	
MPDB004611	61284	Fusarium tricinctum	fungi	PX071355.1	529	0	0		True	True	
MPDB004612	61284	Fusarium tricinctum	fungi	PX071357.1	532	0	0		True	True	
MPDB004613	61284	Fusarium tricinctum	fungi	PX071380.1	530	0	0		True	True	
MPDB004614	61284	Fusarium tricinctum	fungi	PX071439.1	536	0	0		True	True	
MPDB004615	61284	Fusarium tricinctum	fungi	PX071445.1	533	0	0		True	True	
MPDB004616	61284	Fusarium tricinctum	fungi	PZ025120.1	435	0	0		True	True	
MPDB004617	61284	Fusarium tricinctum	fungi	PZ025124.1	443	0	0		True	True	
MPDB004618	61284	Fusarium tricinctum	fungi	PZ025125.1	428	0	0		True	True	
MPDB004619	61284	Fusarium tricinctum	fungi	PZ152147.1	548	0	0		True	True	
MPDB004620	61284	Fusarium tricinctum	fungi	PZ152148.1	569	0	0		True	True	
MPDB004621	61284	Fusarium tricinctum	fungi	PZ152151.1	554	0	0		True	True	
MPDB004622	61284	Fusarium tricinctum	fungi	PZ152152.1	567	0	0		True	True	
MPDB004623	61284	Fusarium tricinctum	fungi	PZ152153.1	566	0	0		True	True	
MPDB004624	61284	Fusarium tricinctum	fungi	PZ152154.1	565	0	0		True	True	
MPDB004625	61284	Fusarium tricinctum	fungi	PZ163717.1	516	0	0		True	True	
MPDB004626	61284	Fusarium tricinctum	fungi	PZ266796.1	497	0	0		True	True	
MPDB004627	61284	Fusarium tricinctum	fungi	PZ305940.1	483	0	0		True	True	
MPDB004628	61284	Fusarium tricinctum	fungi	PZ305965.1	484	0	0		True	True	
MPDB004629	61284	Fusarium tricinctum	fungi	PZ344964.1	520	0	0		True	True	
MPDB004630	61284	Fusarium tricinctum	fungi	PZ345138.1	507	0	0		True	True	
MPDB004631	61284	Fusarium tricinctum	fungi	PZ380967.1	514	0	0		True	True	
MPDB004632	61284	Fusarium tricinctum	fungi	PZ386889.1	511	0	0		True	True	
MPDB004633	61284	Fusarium tricinctum	fungi	PZ386942.1	507	0	0		True	True	
MPDB004634	61284	Fusarium tricinctum	fungi	PZ392094.1	515	0	0		True	True	
MPDB004635	61284	Fusarium tricinctum	fungi	PZ392104.1	517	0	0		True	True	
MPDB004636	61284	Fusarium tricinctum	fungi	PZ476669.1	548	0	0		True	True	
MPDB004637	61284	Fusarium tricinctum	fungi	PZ476672.1	511	0	0		True	True	
MPDB004638	61284	Fusarium tricinctum	fungi	PZ477996.1	562	0	0		True	True	
MPDB004639	61284	Fusarium tricinctum	fungi	PZ532493.1	534	0	0		True	True	
MPDB004640	61284	Fusarium tricinctum	fungi	PZ556951.1	514	0	0		True	True	
MPDB004641	61284	Fusarium tricinctum	fungi	PZ585494.1	759	2	0		True	True	
MPDB004642	61284	Fusarium tricinctum	fungi	PZ585495.1	733	0	0		True	True	
MPDB004643	61284	Fusarium tricinctum	fungi	PZ690753.1	351	0	0		True	True	
MPDB004644	61284	Fusarium tricinctum	fungi	PZ697424.1	546	0	0		True	True	
MPDB004645	61284	Fusarium tricinctum	fungi	PZ770650.1	479	0	0		True	True	
MPDB004646	64495	Rhizopus arrhizus	fungi	MH857229.1	561	0	0		True	True	
MPDB004647	64495	Rhizopus arrhizus	fungi	MH857486.1	625	0	0		True	True	
MPDB004648	64495	Rhizopus arrhizus	fungi	MH863097.1	552	0	0		True	True	
MPDB004649	64495	Rhizopus arrhizus	fungi	MH864361.1	763	0	0		True	True	
MPDB004650	64495	Rhizopus arrhizus	fungi	MH865572.1	625	0	0		True	True	
MPDB004651	64495	Rhizopus arrhizus	fungi	MH865573.1	628	0	0		True	True	
MPDB004652	64495	Rhizopus arrhizus	fungi	MH865574.1	599	0	0		True	True	
MPDB004653	64495	Rhizopus arrhizus	fungi	MH865576.1	631	0	0		True	True	
MPDB004654	64495	Rhizopus arrhizus	fungi	MH865577.1	588	0	0		True	True	
MPDB004655	64495	Rhizopus arrhizus	fungi	MH865581.1	623	0	0		True	True	
MPDB004656	64495	Rhizopus arrhizus	fungi	MH865582.1	626	0	0		True	True	
MPDB004657	64495	Rhizopus arrhizus	fungi	MH865584.1	628	0	0		True	True	
MPDB004658	64495	Rhizopus arrhizus	fungi	MH865585.1	626	0	0		True	True	
MPDB004659	64495	Rhizopus arrhizus	fungi	MH865586.1	627	0	0		True	True	
MPDB004660	64495	Rhizopus arrhizus	fungi	MH865587.1	636	0	0		True	True	
MPDB004661	64495	Rhizopus arrhizus	fungi	MH865588.1	629	0	0		True	True	
MPDB004662	64495	Rhizopus arrhizus	fungi	MH865589.1	632	0	0		True	True	
MPDB004663	64495	Rhizopus arrhizus	fungi	MH865590.1	636	0	0		True	True	
MPDB004664	64495	Rhizopus arrhizus	fungi	MH865591.1	625	0	0		True	True	
MPDB004665	64495	Rhizopus arrhizus	fungi	MH865592.1	627	0	0		True	True	
MPDB004666	64495	Rhizopus arrhizus	fungi	MH865593.1	629	0	0		True	True	
MPDB004667	64495	Rhizopus arrhizus	fungi	MH865594.1	626	0	0		True	True	
MPDB004668	64495	Rhizopus arrhizus	fungi	MH866178.1	638	0	0		True	True	
MPDB004669	64495	Rhizopus arrhizus	fungi	PP844116.1	588	0	0		True	True	
MPDB004670	64495	Rhizopus arrhizus	fungi	PP844168.1	445	0	0		True	True	
MPDB004671	64495	Rhizopus arrhizus	fungi	PP844454.1	578	0	0		True	True	
MPDB004672	64495	Rhizopus arrhizus	fungi	PP844458.1	571	0	0		True	True	
MPDB004673	64495	Rhizopus arrhizus	fungi	PP844460.1	580	0	0		True	True	
MPDB004674	64495	Rhizopus arrhizus	fungi	PP844502.1	581	0	0		True	True	
MPDB004675	64495	Rhizopus arrhizus	fungi	PZ624080.1	470	0	0		True	True	
MPDB004676	64495	Rhizopus arrhizus	fungi	PZ645929.1	635	0	0		True	True	
MPDB004677	64495	Rhizopus arrhizus	fungi	PZ683100.1	562	0	0		True	True	
MPDB004678	64495	Rhizopus arrhizus	fungi	PZ683187.1	839	0	0		True	True	
MPDB004679	64495	Rhizopus arrhizus	fungi	PZ683188.1	859	0	0		True	True	
MPDB004680	64495	Rhizopus arrhizus	fungi	PZ706490.1	557	0	0		True	True	
MPDB004681	64495	Rhizopus arrhizus	fungi	PZ724278.1	549	0	0		True	True	
MPDB004682	64495	Rhizopus arrhizus	fungi	PZ742489.1	521	0	0		True	True	
MPDB004683	64495	Rhizopus arrhizus	fungi	PZ785106.1	606	0	0		True	True	
MPDB004684	64495	Rhizopus arrhizus	fungi	PZ785107.1	614	0	0		True	True	
MPDB004685	64495	Rhizopus arrhizus	fungi	PZ785108.1	618	0	0		True	True	
MPDB004686	64495	Rhizopus arrhizus	fungi	PZ785858.1	612	1	0		True	True	
MPDB004687	64495	Rhizopus arrhizus	fungi	PZ785861.1	613	0	0		True	True	
MPDB004688	64495	Rhizopus arrhizus	fungi	PZ786493.1	629	0	0		True	True	
MPDB004689	67620	Graphium penicillioides	fungi	AB038428.1	480	0	0		True	True	
MPDB004690	67620	Graphium penicillioides	fungi	AB038431.1	482	0	0		True	True	
MPDB004691	67620	Graphium penicillioides	fungi	AB038433.1	483	0	0		True	True	
MPDB004692	67620	Graphium penicillioides	fungi	HQ335311.1	491	0	0		True	True	
MPDB004693	67620	Graphium penicillioides	fungi	JX976317.1	557	0	0		True	True	
MPDB004694	67620	Graphium penicillioides	fungi	KC427042.1	568	0	0		True	True	
MPDB004695	67620	Graphium penicillioides	fungi	KC461514.1	565	0	0		True	True	
MPDB004696	67620	Graphium penicillioides	fungi	KF887074.1	495	0	0		True	True	
MPDB004697	67620	Graphium penicillioides	fungi	KF887146.1	458	0	0		True	True	
MPDB004698	67620	Graphium penicillioides	fungi	KJ780752.1	557	0	0		True	True	
MPDB004699	67620	Graphium penicillioides	fungi	KM433841.1	490	0	0		True	True	
MPDB004700	67620	Graphium penicillioides	fungi	KY590152.1	218	0	0		True	True	
MPDB004701	67620	Graphium penicillioides	fungi	KY852474.1	516	0	0		True	True	
MPDB004702	67620	Graphium penicillioides	fungi	LC781768.1	515	0	0		True	True	
MPDB004703	67620	Graphium penicillioides	fungi	LT615278.1	491	0	0		True	True	
MPDB004704	67620	Graphium penicillioides	fungi	MN511349.1	553	0	0		True	True	
MPDB004705	67620	Graphium penicillioides	fungi	OM743866.1	541	0	0		True	True	
MPDB004706	67620	Graphium penicillioides	fungi	OQ978833.1	576	0	0		True	True	
MPDB004707	67620	Graphium penicillioides	fungi	OW988461.1	575	0	0		True	True	
MPDB004708	67620	Graphium penicillioides	fungi	PX633979.1	525	0	0		True	True	
MPDB004709	67620	Graphium penicillioides	fungi	PX634013.1	529	0	0		True	True	
MPDB004710	684837	Puccinia polysora	fungi	AB599970.1	448	0	0		True	True	
MPDB004711	684837	Puccinia polysora	fungi	AB599971.1	437	0	0		True	True	
MPDB004712	684837	Puccinia polysora	fungi	AB599972.1	434	0	0		True	True	
MPDB004713	684837	Puccinia polysora	fungi	AB599973.1	578	0	0		True	True	
MPDB004714	684837	Puccinia polysora	fungi	AB599974.1	623	0	0		True	True	
MPDB004715	684837	Puccinia polysora	fungi	AB599975.1	709	0	0		True	True	
MPDB004716	684837	Puccinia polysora	fungi	AB599976.1	548	1	0		True	True	
MPDB004717	684837	Puccinia polysora	fungi	HQ189433.1	1330	0	0		True	True	
MPDB004718	684837	Puccinia polysora	fungi	MF033480.1	1331	0	0		True	True	
MPDB004719	684837	Puccinia polysora	fungi	MT932574.1	627	0	3	Y	True	True	
MPDB004720	684837	Puccinia polysora	fungi	MT932575.1	666	0	0		True	True	
MPDB004721	684837	Puccinia polysora	fungi	MT932576.1	625	0	2	WY	True	True	
MPDB004722	684837	Puccinia polysora	fungi	MT932577.1	329	0	8	KMRWY	True	True	
MPDB004723	684837	Puccinia polysora	fungi	MZ787762.1	175	0	0		True	True	
MPDB004724	684837	Puccinia polysora	fungi	OK275641.1	665	0	0		True	True	
MPDB004725	684837	Puccinia polysora	fungi	OR470027.1	532	0	0		True	True	
MPDB004726	684837	Puccinia polysora	fungi	OR470028.1	532	0	0		True	True	
MPDB004727	684837	Puccinia polysora	fungi	OR470029.1	532	0	0		True	True	
MPDB004728	684837	Puccinia polysora	fungi	OR470030.1	532	0	0		True	True	
MPDB004729	684837	Puccinia polysora	fungi	PV593781.1	661	0	0		True	True	
MPDB004730	684837	Puccinia polysora	fungi	PV593782.1	662	0	0		True	True	
MPDB004731	684837	Puccinia polysora	fungi	PV593783.1	661	0	0		True	True	
MPDB004732	684837	Puccinia polysora	fungi	PV593784.1	684	0	0		True	True	
MPDB004733	684837	Puccinia polysora	fungi	PV593785.1	639	0	0		True	True	
MPDB004734	684837	Puccinia polysora	fungi	PV593787.1	609	0	0		True	True	
MPDB004735	684837	Puccinia polysora	fungi	PV593788.1	689	0	0		True	True	
MPDB004736	684837	Puccinia polysora	fungi	PV593789.1	650	0	0		True	True	
MPDB004737	684837	Puccinia polysora	fungi	PV593791.1	673	0	0		True	True	
MPDB004738	684837	Puccinia polysora	fungi	PV593792.1	670	0	0		True	True	
MPDB004739	684837	Puccinia polysora	fungi	PV593794.1	655	0	0		True	True	
MPDB004740	684837	Puccinia polysora	fungi	PV593797.1	695	0	0		True	True	
MPDB004741	684837	Puccinia polysora	fungi	PV593798.1	613	0	0		True	True	
MPDB004742	684837	Puccinia polysora	fungi	PV593799.1	694	0	0		True	True	
MPDB004743	684837	Puccinia polysora	fungi	PV593800.1	681	0	0		True	True	
MPDB004744	684837	Puccinia polysora	fungi	PV593801.1	683	0	0		True	True	
MPDB004745	684837	Puccinia polysora	fungi	PV593802.1	680	0	0		True	True	
MPDB004746	684837	Puccinia polysora	fungi	PV593803.1	697	0	0		True	True	
MPDB004747	684837	Puccinia polysora	fungi	PV593804.1	699	0	0		True	True	
MPDB004748	684837	Puccinia polysora	fungi	PV593805.1	637	0	0		True	True	
MPDB004749	684837	Puccinia polysora	fungi	PV593806.1	689	0	0		True	True	
MPDB004750	684837	Puccinia polysora	fungi	PV593810.1	671	0	0		True	True	
MPDB004751	684837	Puccinia polysora	fungi	PV593812.1	678	0	0		True	True	DUPLICATE_SEQUENCE_WITHIN_TAXID (n=2); identical sequences from independent GenBank records, retained
MPDB004752	684837	Puccinia polysora	fungi	PV593812.1	678	0	0		True	True	DUPLICATE_SEQUENCE_WITHIN_TAXID (n=2); identical sequences from independent GenBank records, retained
MPDB004753	69781	Penicillium oxalicum	fungi	MH855125.1	589	0	0		True	True	
MPDB004754	69781	Penicillium oxalicum	fungi	MH857880.1	600	0	0		True	True	
MPDB004755	69781	Penicillium oxalicum	fungi	MH861321.1	587	0	0		True	True	
MPDB004756	69781	Penicillium oxalicum	fungi	MH865648.1	584	0	0		True	True	
MPDB004757	69781	Penicillium oxalicum	fungi	PP844522.1	534	0	0		True	True	
MPDB004758	69781	Penicillium oxalicum	fungi	PV459685.1	565	0	0		True	True	
MPDB004759	69781	Penicillium oxalicum	fungi	PV614111.1	568	0	0		True	True	
MPDB004760	69781	Penicillium oxalicum	fungi	PV620251.1	580	0	0		True	True	
MPDB004761	69781	Penicillium oxalicum	fungi	PX596651.1	578	0	0		True	True	
MPDB004762	69781	Penicillium oxalicum	fungi	PZ113200.1	549	0	0		True	True	
MPDB004763	69781	Penicillium oxalicum	fungi	PZ126814.1	562	0	0		True	True	
MPDB004764	69781	Penicillium oxalicum	fungi	PZ126818.1	562	0	0		True	True	
MPDB004765	69781	Penicillium oxalicum	fungi	PZ126846.1	579	0	0		True	True	
MPDB004766	69781	Penicillium oxalicum	fungi	PZ152156.1	563	0	0		True	True	
MPDB004767	69781	Penicillium oxalicum	fungi	PZ152157.1	562	0	0		True	True	
MPDB004768	69781	Penicillium oxalicum	fungi	PZ161332.1	450	0	0		True	True	
MPDB004769	69781	Penicillium oxalicum	fungi	PZ161333.1	497	0	0		True	True	
MPDB004770	69781	Penicillium oxalicum	fungi	PZ161334.1	572	0	0		True	True	
MPDB004771	69781	Penicillium oxalicum	fungi	PZ179775.1	563	0	0		True	True	
MPDB004772	69781	Penicillium oxalicum	fungi	PZ225463.1	417	0	0		True	True	
MPDB004773	69781	Penicillium oxalicum	fungi	PZ256037.1	550	0	0		True	True	
MPDB004774	69781	Penicillium oxalicum	fungi	PZ269221.1	594	0	0		True	True	
MPDB004775	69781	Penicillium oxalicum	fungi	PZ269539.1	469	0	0		True	True	
MPDB004776	69781	Penicillium oxalicum	fungi	PZ278834.1	513	0	0		True	True	
MPDB004777	69781	Penicillium oxalicum	fungi	PZ297261.1	594	0	0		True	True	
MPDB004778	69781	Penicillium oxalicum	fungi	PZ367800.1	435	0	0		True	True	
MPDB004779	69781	Penicillium oxalicum	fungi	PZ384125.1	594	0	0		True	True	
MPDB004780	69781	Penicillium oxalicum	fungi	PZ406414.1	611	0	0		True	True	
MPDB004781	69781	Penicillium oxalicum	fungi	PZ413456.1	610	0	0		True	True	
MPDB004782	69781	Penicillium oxalicum	fungi	PZ414889.1	886	0	0		True	True	
MPDB004783	69781	Penicillium oxalicum	fungi	PZ450922.1	612	0	0		True	True	
MPDB004784	69781	Penicillium oxalicum	fungi	PZ453303.1	483	0	0		True	True	
MPDB004785	69781	Penicillium oxalicum	fungi	PZ507495.1	564	0	0		True	True	
MPDB004786	69781	Penicillium oxalicum	fungi	PZ539274.1	493	0	0		True	True	
MPDB004787	69781	Penicillium oxalicum	fungi	PZ575809.1	576	0	0		True	True	
MPDB004788	69781	Penicillium oxalicum	fungi	PZ585093.1	564	0	0		True	True	
MPDB004789	69781	Penicillium oxalicum	fungi	PZ586761.1	598	0	0		True	True	
MPDB004790	69781	Penicillium oxalicum	fungi	PZ627224.1	634	4	0		True	True	
MPDB004791	69781	Penicillium oxalicum	fungi	PZ627227.1	631	0	0		True	True	
MPDB004792	69781	Penicillium oxalicum	fungi	PZ627228.1	723	0	0		True	True	
MPDB004793	69781	Penicillium oxalicum	fungi	PZ737106.1	594	0	0		True	True	
MPDB004794	69781	Penicillium oxalicum	fungi	PZ766234.1	579	0	0		True	True	
MPDB004795	69781	Penicillium oxalicum	fungi	PZ805041.1	549	0	0		True	True	
MPDB004796	72558	Sporisorium reilianum (Sphacelotheca reiliana)	fungi	AF038827.1	742	0	0		True	True	
MPDB004797	72558	Sporisorium reilianum (Sphacelotheca reiliana)	fungi	AF045870.1	740	0	0		True	True	
MPDB004798	72558	Sporisorium reilianum (Sphacelotheca reiliana)	fungi	AF135432.1	665	0	0		True	True	
MPDB004799	72558	Sporisorium reilianum (Sphacelotheca reiliana)	fungi	AY740163.1	1349	0	0		True	True	
MPDB004800	72558	Sporisorium reilianum (Sphacelotheca reiliana)	fungi	DQ875352.1	721	0	0		True	True	
MPDB004801	72558	Sporisorium reilianum (Sphacelotheca reiliana)	fungi	DQ979020.2	739	4	0		True	True	
MPDB004802	72558	Sporisorium reilianum (Sphacelotheca reiliana)	fungi	DQ979021.2	570	10	0		True	True	
MPDB004803	72558	Sporisorium reilianum (Sphacelotheca reiliana)	fungi	FJ167350.1	721	0	0		True	True	
MPDB004804	72558	Sporisorium reilianum (Sphacelotheca reiliana)	fungi	FJ167351.1	699	0	0		True	True	
MPDB004805	72558	Sporisorium reilianum (Sphacelotheca reiliana)	fungi	FJ167352.1	684	0	0		True	True	
MPDB004806	72558	Sporisorium reilianum (Sphacelotheca reiliana)	fungi	FJ167354.1	716	0	0		True	True	
MPDB004807	72558	Sporisorium reilianum (Sphacelotheca reiliana)	fungi	FJ167355.1	697	0	0		True	True	
MPDB004808	72558	Sporisorium reilianum (Sphacelotheca reiliana)	fungi	FJ167357.1	711	0	0		True	True	
MPDB004809	72558	Sporisorium reilianum (Sphacelotheca reiliana)	fungi	FJ167358.1	696	0	0		True	True	
MPDB004810	72558	Sporisorium reilianum (Sphacelotheca reiliana)	fungi	FJ167359.1	755	0	0		True	True	
MPDB004811	72558	Sporisorium reilianum (Sphacelotheca reiliana)	fungi	FJ167360.1	558	0	0		True	True	
MPDB004812	72558	Sporisorium reilianum (Sphacelotheca reiliana)	fungi	FJ167361.1	718	0	0		True	True	
MPDB004813	72558	Sporisorium reilianum (Sphacelotheca reiliana)	fungi	HQ011381.1	976	0	0		True	True	
MPDB004814	72558	Sporisorium reilianum (Sphacelotheca reiliana)	fungi	HQ641393.1	721	0	0		True	True	
MPDB004815	72558	Sporisorium reilianum (Sphacelotheca reiliana)	fungi	KC986979.1	649	0	0		True	True	
MPDB004816	72558	Sporisorium reilianum (Sphacelotheca reiliana)	fungi	KF706438.1	619	0	0		True	True	
MPDB004817	72558	Sporisorium reilianum (Sphacelotheca reiliana)	fungi	KJ917977.1	682	0	0		True	True	
MPDB004818	72558	Sporisorium reilianum (Sphacelotheca reiliana)	fungi	KY856895.1	1226	0	0		True	True	
MPDB004819	72558	Sporisorium reilianum (Sphacelotheca reiliana)	fungi	KY856896.1	1217	0	0		True	True	
MPDB004820	72558	Sporisorium reilianum (Sphacelotheca reiliana)	fungi	MH854662.1	756	0	0		True	True	
MPDB004821	72558	Sporisorium reilianum (Sphacelotheca reiliana)	fungi	MN049265.1	643	0	0		True	True	
MPDB004822	72558	Sporisorium reilianum (Sphacelotheca reiliana)	fungi	MN049270.1	643	0	0		True	True	
MPDB004823	72558	Sporisorium reilianum (Sphacelotheca reiliana)	fungi	MN049272.1	643	0	0		True	True	
MPDB004824	72558	Sporisorium reilianum (Sphacelotheca reiliana)	fungi	MN049274.1	643	0	0		True	True	
MPDB004825	72558	Sporisorium reilianum (Sphacelotheca reiliana)	fungi	MN049276.1	643	0	0		True	True	
MPDB004826	72558	Sporisorium reilianum (Sphacelotheca reiliana)	fungi	MN049277.1	643	0	0		True	True	
MPDB004827	72558	Sporisorium reilianum (Sphacelotheca reiliana)	fungi	OP704120.1	690	0	0		True	True	
MPDB004828	72558	Sporisorium reilianum (Sphacelotheca reiliana)	fungi	OR042783.1	681	0	0		True	True	
MPDB004829	749593	Epicoccum sorghinum/Phoma sorghina	fungi	MH860479.1	479	0	0		True	True	
MPDB004830	749593	Epicoccum sorghinum/Phoma sorghina	fungi	PX607714.1	333	0	0		True	True	
MPDB004831	749593	Epicoccum sorghinum/Phoma sorghina	fungi	PZ019625.1	458	0	0		True	True	
MPDB004832	749593	Epicoccum sorghinum/Phoma sorghina	fungi	PZ043039.1	492	0	0		True	True	
MPDB004833	749593	Epicoccum sorghinum/Phoma sorghina	fungi	PZ111327.1	536	0	0		True	True	
MPDB004834	749593	Epicoccum sorghinum/Phoma sorghina	fungi	PZ113135.1	509	0	0		True	True	
MPDB004835	749593	Epicoccum sorghinum/Phoma sorghina	fungi	PZ120706.1	516	0	0		True	True	
MPDB004836	749593	Epicoccum sorghinum/Phoma sorghina	fungi	PZ120707.1	514	0	0		True	True	
MPDB004837	749593	Epicoccum sorghinum/Phoma sorghina	fungi	PZ120710.1	493	0	0		True	True	
MPDB004838	749593	Epicoccum sorghinum/Phoma sorghina	fungi	PZ120711.1	498	0	0		True	True	
MPDB004839	749593	Epicoccum sorghinum/Phoma sorghina	fungi	PZ120737.1	505	0	0		True	True	
MPDB004840	749593	Epicoccum sorghinum/Phoma sorghina	fungi	PZ120780.1	499	0	0		True	True	
MPDB004841	749593	Epicoccum sorghinum/Phoma sorghina	fungi	PZ120811.1	530	0	0		True	True	
MPDB004842	749593	Epicoccum sorghinum/Phoma sorghina	fungi	PZ120812.1	525	0	0		True	True	
MPDB004843	749593	Epicoccum sorghinum/Phoma sorghina	fungi	PZ120814.1	515	0	0		True	True	
MPDB004844	749593	Epicoccum sorghinum/Phoma sorghina	fungi	PZ120823.1	524	0	0		True	True	
MPDB004845	749593	Epicoccum sorghinum/Phoma sorghina	fungi	PZ185680.1	481	0	0		True	True	
MPDB004846	749593	Epicoccum sorghinum/Phoma sorghina	fungi	PZ210243.1	561	0	0		True	True	
MPDB004847	749593	Epicoccum sorghinum/Phoma sorghina	fungi	PZ234618.1	497	0	0		True	True	
MPDB004848	749593	Epicoccum sorghinum/Phoma sorghina	fungi	PZ234619.1	480	0	0		True	True	
MPDB004849	749593	Epicoccum sorghinum/Phoma sorghina	fungi	PZ234620.1	496	0	0		True	True	
MPDB004850	749593	Epicoccum sorghinum/Phoma sorghina	fungi	PZ234627.1	503	0	0		True	True	
MPDB004851	749593	Epicoccum sorghinum/Phoma sorghina	fungi	PZ242099.1	509	0	0		True	True	
MPDB004852	749593	Epicoccum sorghinum/Phoma sorghina	fungi	PZ266593.1	488	0	0		True	True	
MPDB004853	749593	Epicoccum sorghinum/Phoma sorghina	fungi	PZ269061.1	576	0	0		True	True	
MPDB004854	749593	Epicoccum sorghinum/Phoma sorghina	fungi	PZ269065.1	575	0	0		True	True	
MPDB004855	749593	Epicoccum sorghinum/Phoma sorghina	fungi	PZ269068.1	576	0	0		True	True	
MPDB004856	749593	Epicoccum sorghinum/Phoma sorghina	fungi	PZ342885.1	579	0	0		True	True	
MPDB004857	749593	Epicoccum sorghinum/Phoma sorghina	fungi	PZ403271.1	425	0	9	KRSW	True	True	
MPDB004858	749593	Epicoccum sorghinum/Phoma sorghina	fungi	PZ403274.1	482	0	0		True	True	
MPDB004859	749593	Epicoccum sorghinum/Phoma sorghina	fungi	PZ403275.1	482	0	0		True	True	
MPDB004860	749593	Epicoccum sorghinum/Phoma sorghina	fungi	PZ403276.1	462	0	1	R	True	True	
MPDB004861	749593	Epicoccum sorghinum/Phoma sorghina	fungi	PZ403277.1	438	0	5	RW	True	True	
MPDB004862	749593	Epicoccum sorghinum/Phoma sorghina	fungi	PZ403278.1	486	0	1	Y	True	True	
MPDB004863	749593	Epicoccum sorghinum/Phoma sorghina	fungi	PZ403279.1	418	0	0		True	True	
MPDB004864	749593	Epicoccum sorghinum/Phoma sorghina	fungi	PZ403280.1	470	0	14	KRSW	True	True	
MPDB004865	749593	Epicoccum sorghinum/Phoma sorghina	fungi	PZ485091.1	509	0	0		True	True	
MPDB004866	749593	Epicoccum sorghinum/Phoma sorghina	fungi	PZ556319.1	527	0	0		True	True	
MPDB004867	749593	Epicoccum sorghinum/Phoma sorghina	fungi	PZ611728.1	459	0	0		True	True	
MPDB004868	749593	Epicoccum sorghinum/Phoma sorghina	fungi	PZ611729.1	450	0	0		True	True	
MPDB004869	749593	Epicoccum sorghinum/Phoma sorghina	fungi	PZ695142.1	465	0	0		True	True	
MPDB004870	749593	Epicoccum sorghinum/Phoma sorghina	fungi	PZ780856.1	550	0	0		True	True	
MPDB004871	749593	Epicoccum sorghinum/Phoma sorghina	fungi	PZ790546.1	538	0	0		True	True	
MPDB004872	76351	Ceratobasidium cereale (Rhizoctonia cerealis)	fungi	OR980720.1	645	0	0		True	True	
MPDB004873	76351	Ceratobasidium cereale (Rhizoctonia cerealis)	fungi	OR980721.1	647	0	0		True	True	
MPDB004874	76351	Ceratobasidium cereale (Rhizoctonia cerealis)	fungi	OR980722.1	647	0	0		True	True	
MPDB004875	76351	Ceratobasidium cereale (Rhizoctonia cerealis)	fungi	OR980723.1	647	0	0		True	True	
MPDB004876	76351	Ceratobasidium cereale (Rhizoctonia cerealis)	fungi	OR980724.1	647	0	0		True	True	
MPDB004877	76351	Ceratobasidium cereale (Rhizoctonia cerealis)	fungi	OR980725.1	647	0	0		True	True	
MPDB004878	76351	Ceratobasidium cereale (Rhizoctonia cerealis)	fungi	OR980726.1	647	0	0		True	True	
MPDB004879	76351	Ceratobasidium cereale (Rhizoctonia cerealis)	fungi	OR980727.1	685	0	0		True	True	
MPDB004880	76351	Ceratobasidium cereale (Rhizoctonia cerealis)	fungi	OR980729.1	681	0	0		True	True	
MPDB004881	76351	Ceratobasidium cereale (Rhizoctonia cerealis)	fungi	OR980730.1	681	0	0		True	True	
MPDB004882	76351	Ceratobasidium cereale (Rhizoctonia cerealis)	fungi	OR980731.1	681	0	0		True	True	
MPDB004883	76351	Ceratobasidium cereale (Rhizoctonia cerealis)	fungi	OR980732.1	683	0	0		True	True	
MPDB004884	76351	Ceratobasidium cereale (Rhizoctonia cerealis)	fungi	OR980733.1	372	0	0		True	True	
MPDB004885	76351	Ceratobasidium cereale (Rhizoctonia cerealis)	fungi	OR980734.1	372	0	0		True	True	
MPDB004886	76351	Ceratobasidium cereale (Rhizoctonia cerealis)	fungi	OR980735.1	370	0	0		True	True	
MPDB004887	76351	Ceratobasidium cereale (Rhizoctonia cerealis)	fungi	OR980736.1	371	0	0		True	True	
MPDB004888	76351	Ceratobasidium cereale (Rhizoctonia cerealis)	fungi	OR980737.1	369	0	0		True	True	
MPDB004889	76351	Ceratobasidium cereale (Rhizoctonia cerealis)	fungi	OR980738.1	370	0	0		True	True	
MPDB004890	76351	Ceratobasidium cereale (Rhizoctonia cerealis)	fungi	OR980739.1	564	0	0		True	True	
MPDB004891	76351	Ceratobasidium cereale (Rhizoctonia cerealis)	fungi	OR980740.1	685	0	0		True	True	
MPDB004892	76351	Ceratobasidium cereale (Rhizoctonia cerealis)	fungi	OR980741.1	686	0	0		True	True	
MPDB004893	76351	Ceratobasidium cereale (Rhizoctonia cerealis)	fungi	OR980742.1	686	0	0		True	True	
MPDB004894	76351	Ceratobasidium cereale (Rhizoctonia cerealis)	fungi	OR980743.1	684	0	0		True	True	
MPDB004895	76351	Ceratobasidium cereale (Rhizoctonia cerealis)	fungi	OR980744.1	647	0	0		True	True	
MPDB004896	76351	Ceratobasidium cereale (Rhizoctonia cerealis)	fungi	OR980745.1	647	0	0		True	True	
MPDB004897	76351	Ceratobasidium cereale (Rhizoctonia cerealis)	fungi	OR980746.1	645	0	0		True	True	
MPDB004898	76351	Ceratobasidium cereale (Rhizoctonia cerealis)	fungi	OR980747.1	645	0	0		True	True	
MPDB004899	76351	Ceratobasidium cereale (Rhizoctonia cerealis)	fungi	OR980748.1	646	0	0		True	True	
MPDB004900	76351	Ceratobasidium cereale (Rhizoctonia cerealis)	fungi	OR980749.1	645	0	0		True	True	
MPDB004901	76351	Ceratobasidium cereale (Rhizoctonia cerealis)	fungi	OR980750.1	645	0	0		True	True	
MPDB004902	76351	Ceratobasidium cereale (Rhizoctonia cerealis)	fungi	PP357949.1	688	0	0		True	True	
MPDB004903	76351	Ceratobasidium cereale (Rhizoctonia cerealis)	fungi	PP357952.1	687	0	0		True	True	
MPDB004904	76351	Ceratobasidium cereale (Rhizoctonia cerealis)	fungi	PP357954.1	688	0	0		True	True	
MPDB004905	76351	Ceratobasidium cereale (Rhizoctonia cerealis)	fungi	PP357959.1	601	0	0		True	True	
MPDB004906	76351	Ceratobasidium cereale (Rhizoctonia cerealis)	fungi	PP357968.1	683	0	0		True	True	
MPDB004907	76351	Ceratobasidium cereale (Rhizoctonia cerealis)	fungi	PP357969.1	678	0	0		True	True	
MPDB004908	76351	Ceratobasidium cereale (Rhizoctonia cerealis)	fungi	PQ879995.1	462	0	0		True	True	
MPDB004909	76351	Ceratobasidium cereale (Rhizoctonia cerealis)	fungi	PV849335.1	598	0	0		True	True	
MPDB004910	76351	Ceratobasidium cereale (Rhizoctonia cerealis)	fungi	PZ433256.1	1282	0	0		True	True	
MPDB004911	78864	Fusarium globosum	fungi	KP691023.1	475	0	0		True	True	
MPDB004912	78864	Fusarium globosum	fungi	KR909440.1	448	0	0		True	True	
MPDB004913	78864	Fusarium globosum	fungi	KR909450.1	451	0	0		True	True	
MPDB004914	78864	Fusarium globosum	fungi	KU325145.1	443	0	0		True	True	
MPDB004915	78864	Fusarium globosum	fungi	LT746278.1	1419	0	0		True	True	
MPDB004916	78864	Fusarium globosum	fungi	LT746279.1	1421	0	0		True	True	
MPDB004917	78864	Fusarium globosum	fungi	LT746280.1	890	0	0		True	True	
MPDB004918	78864	Fusarium globosum	fungi	MG366132.1	522	0	0		True	True	
MPDB004919	78864	Fusarium globosum	fungi	PV186881.1	539	0	0		True	True	
MPDB004920	78864	Fusarium globosum	fungi	PV186882.1	564	0	0		True	True	
MPDB004921	78864	Fusarium globosum	fungi	PV186883.1	550	0	0		True	True	
MPDB004922	78864	Fusarium globosum	fungi	U61687.1	527	0	0		True	True	
MPDB004923	798162	Setophoma terrestris (Phoma terrestris/Pyrenochaeta terrestris )	fungi	MH855079.1	489	0	0		True	True	
MPDB004924	798162	Setophoma terrestris (Phoma terrestris/Pyrenochaeta terrestris )	fungi	MH857088.1	490	0	0		True	True	
MPDB004925	798162	Setophoma terrestris (Phoma terrestris/Pyrenochaeta terrestris )	fungi	OR119862.1	217	0	0		True	True	
MPDB004926	798162	Setophoma terrestris (Phoma terrestris/Pyrenochaeta terrestris )	fungi	OR119866.1	299	0	0		True	True	
MPDB004927	798162	Setophoma terrestris (Phoma terrestris/Pyrenochaeta terrestris )	fungi	PP758428.1	521	0	0		True	True	
MPDB004928	798162	Setophoma terrestris (Phoma terrestris/Pyrenochaeta terrestris )	fungi	PQ579615.1	255	0	0		True	True	
MPDB004929	798162	Setophoma terrestris (Phoma terrestris/Pyrenochaeta terrestris )	fungi	PQ764087.1	517	0	0		True	True	
MPDB004930	798162	Setophoma terrestris (Phoma terrestris/Pyrenochaeta terrestris )	fungi	PQ764088.1	520	0	0		True	True	
MPDB004931	798162	Setophoma terrestris (Phoma terrestris/Pyrenochaeta terrestris )	fungi	PQ771931.1	485	0	0		True	True	
MPDB004932	798162	Setophoma terrestris (Phoma terrestris/Pyrenochaeta terrestris )	fungi	PQ788715.1	504	0	0		True	True	
MPDB004933	798162	Setophoma terrestris (Phoma terrestris/Pyrenochaeta terrestris )	fungi	PQ788749.1	511	0	0		True	True	
MPDB004934	798162	Setophoma terrestris (Phoma terrestris/Pyrenochaeta terrestris )	fungi	PQ788750.1	516	0	0		True	True	
MPDB004935	798162	Setophoma terrestris (Phoma terrestris/Pyrenochaeta terrestris )	fungi	PV590710.1	1100	2	6	MRY	True	True	
MPDB004936	798162	Setophoma terrestris (Phoma terrestris/Pyrenochaeta terrestris )	fungi	PV593185.1	1040	0	2	KW	True	True	
MPDB004937	798162	Setophoma terrestris (Phoma terrestris/Pyrenochaeta terrestris )	fungi	PV593203.1	1091	1	3	KMY	True	True	
MPDB004938	798162	Setophoma terrestris (Phoma terrestris/Pyrenochaeta terrestris )	fungi	PV805239.1	503	0	0		True	True	
MPDB004939	798162	Setophoma terrestris (Phoma terrestris/Pyrenochaeta terrestris )	fungi	PV825797.1	494	0	0		True	True	
MPDB004940	798162	Setophoma terrestris (Phoma terrestris/Pyrenochaeta terrestris )	fungi	PV992114.1	513	0	0		True	True	
MPDB004941	798162	Setophoma terrestris (Phoma terrestris/Pyrenochaeta terrestris )	fungi	PX022279.1	497	0	0		True	True	
MPDB004942	798162	Setophoma terrestris (Phoma terrestris/Pyrenochaeta terrestris )	fungi	PX048532.1	519	0	0		True	True	
MPDB004943	798162	Setophoma terrestris (Phoma terrestris/Pyrenochaeta terrestris )	fungi	PX048533.1	518	0	0		True	True	
MPDB004944	798162	Setophoma terrestris (Phoma terrestris/Pyrenochaeta terrestris )	fungi	PX048534.1	517	0	0		True	True	
MPDB004945	798162	Setophoma terrestris (Phoma terrestris/Pyrenochaeta terrestris )	fungi	PX587584.1	1141	0	0		True	True	
MPDB004946	798162	Setophoma terrestris (Phoma terrestris/Pyrenochaeta terrestris )	fungi	PX587585.1	1112	0	0		True	True	
MPDB004947	798162	Setophoma terrestris (Phoma terrestris/Pyrenochaeta terrestris )	fungi	PX587586.1	1129	0	1	W	True	True	
MPDB004948	798162	Setophoma terrestris (Phoma terrestris/Pyrenochaeta terrestris )	fungi	PX587587.1	1058	5	2	KS	True	True	
MPDB004949	798162	Setophoma terrestris (Phoma terrestris/Pyrenochaeta terrestris )	fungi	PX587588.1	1128	2	3	MY	True	True	
MPDB004950	798162	Setophoma terrestris (Phoma terrestris/Pyrenochaeta terrestris )	fungi	PX587589.1	1096	0	0		True	True	
MPDB004951	798162	Setophoma terrestris (Phoma terrestris/Pyrenochaeta terrestris )	fungi	PX587590.1	1112	0	0		True	True	
MPDB004952	798162	Setophoma terrestris (Phoma terrestris/Pyrenochaeta terrestris )	fungi	PX587591.1	1036	0	0		True	True	
MPDB004953	798162	Setophoma terrestris (Phoma terrestris/Pyrenochaeta terrestris )	fungi	PX587592.1	1110	0	0		True	True	
MPDB004954	798162	Setophoma terrestris (Phoma terrestris/Pyrenochaeta terrestris )	fungi	PX587593.1	1127	0	2	KR	True	True	
MPDB004955	798162	Setophoma terrestris (Phoma terrestris/Pyrenochaeta terrestris )	fungi	PX587594.1	1083	0	0		True	True	
MPDB004956	798162	Setophoma terrestris (Phoma terrestris/Pyrenochaeta terrestris )	fungi	PX587595.1	1110	0	0		True	True	
MPDB004957	798162	Setophoma terrestris (Phoma terrestris/Pyrenochaeta terrestris )	fungi	PX587596.1	1109	0	0		True	True	
MPDB004958	798162	Setophoma terrestris (Phoma terrestris/Pyrenochaeta terrestris )	fungi	PX587597.1	1110	0	0		True	True	
MPDB004959	798162	Setophoma terrestris (Phoma terrestris/Pyrenochaeta terrestris )	fungi	PX587598.1	1137	0	0		True	True	
MPDB004960	798162	Setophoma terrestris (Phoma terrestris/Pyrenochaeta terrestris )	fungi	PX587599.1	1123	0	3	KSY	True	True	
MPDB004961	798162	Setophoma terrestris (Phoma terrestris/Pyrenochaeta terrestris )	fungi	PX657306.1	1101	0	0		True	True	
MPDB004962	798162	Setophoma terrestris (Phoma terrestris/Pyrenochaeta terrestris )	fungi	PX657319.1	1110	0	0		True	True	
MPDB004963	798162	Setophoma terrestris (Phoma terrestris/Pyrenochaeta terrestris )	fungi	PX875970.1	541	0	0		True	True	
MPDB004964	798162	Setophoma terrestris (Phoma terrestris/Pyrenochaeta terrestris )	fungi	PZ503009.1	503	0	0		True	True	
MPDB004965	798162	Setophoma terrestris (Phoma terrestris/Pyrenochaeta terrestris )	fungi	PZ706505.1	462	0	0		True	True	
MPDB004966	80373	Harpophora maydis (Cephalosporium maydis/Magnaporthiopsis maydis)	fungi	AY428787.1	557	0	0		True	True	
MPDB004967	80373	Harpophora maydis (Cephalosporium maydis/Magnaporthiopsis maydis)	fungi	AY428788.1	556	0	0		True	True	
MPDB004968	80373	Harpophora maydis (Cephalosporium maydis/Magnaporthiopsis maydis)	fungi	KM009161.1	486	0	0		True	True	
MPDB004969	80373	Harpophora maydis (Cephalosporium maydis/Magnaporthiopsis maydis)	fungi	KM484857.1	509	0	0		True	True	
MPDB004970	80373	Harpophora maydis (Cephalosporium maydis/Magnaporthiopsis maydis)	fungi	KM484858.1	519	0	0		True	True	
MPDB004971	80373	Harpophora maydis (Cephalosporium maydis/Magnaporthiopsis maydis)	fungi	KM484859.1	535	0	0		True	True	
MPDB004972	80373	Harpophora maydis (Cephalosporium maydis/Magnaporthiopsis maydis)	fungi	KP164518.1	409	0	0		True	True	
MPDB004973	80373	Harpophora maydis (Cephalosporium maydis/Magnaporthiopsis maydis)	fungi	KX306544.1	606	0	0		True	True	
MPDB004974	80373	Harpophora maydis (Cephalosporium maydis/Magnaporthiopsis maydis)	fungi	LC888095.1	514	0	0		True	True	
MPDB004975	80373	Harpophora maydis (Cephalosporium maydis/Magnaporthiopsis maydis)	fungi	LC936394.1	364	0	0		True	True	
MPDB004976	80373	Harpophora maydis (Cephalosporium maydis/Magnaporthiopsis maydis)	fungi	LC936395.1	499	0	0		True	True	
MPDB004977	80373	Harpophora maydis (Cephalosporium maydis/Magnaporthiopsis maydis)	fungi	MT571490.1	503	0	0		True	True	
MPDB004978	80373	Harpophora maydis (Cephalosporium maydis/Magnaporthiopsis maydis)	fungi	MT612347.1	579	0	2	RY	True	True	
MPDB004979	80373	Harpophora maydis (Cephalosporium maydis/Magnaporthiopsis maydis)	fungi	MT612350.1	573	0	2	RY	True	True	
MPDB004980	80373	Harpophora maydis (Cephalosporium maydis/Magnaporthiopsis maydis)	fungi	MT612427.1	573	0	0		True	True	
MPDB004981	80373	Harpophora maydis (Cephalosporium maydis/Magnaporthiopsis maydis)	fungi	MT621196.1	573	0	2	R	True	True	
MPDB004982	80373	Harpophora maydis (Cephalosporium maydis/Magnaporthiopsis maydis)	fungi	MZ888512.1	572	0	0		True	True	
MPDB004983	80373	Harpophora maydis (Cephalosporium maydis/Magnaporthiopsis maydis)	fungi	MZ889012.1	574	1	0		True	True	
MPDB004984	80373	Harpophora maydis (Cephalosporium maydis/Magnaporthiopsis maydis)	fungi	MZ914683.1	574	1	0		True	True	
MPDB004985	80373	Harpophora maydis (Cephalosporium maydis/Magnaporthiopsis maydis)	fungi	MZ914686.1	573	0	0		True	True	
MPDB004986	80373	Harpophora maydis (Cephalosporium maydis/Magnaporthiopsis maydis)	fungi	MZ914693.1	576	0	0		True	True	
MPDB004987	80373	Harpophora maydis (Cephalosporium maydis/Magnaporthiopsis maydis)	fungi	MZ918941.1	571	0	0		True	True	
MPDB004988	80373	Harpophora maydis (Cephalosporium maydis/Magnaporthiopsis maydis)	fungi	MZ918946.1	574	0	0		True	True	
MPDB004989	80373	Harpophora maydis (Cephalosporium maydis/Magnaporthiopsis maydis)	fungi	MZ918991.1	572	0	0		True	True	
MPDB004990	80373	Harpophora maydis (Cephalosporium maydis/Magnaporthiopsis maydis)	fungi	MZ919304.1	573	2	0		True	True	
MPDB004991	80373	Harpophora maydis (Cephalosporium maydis/Magnaporthiopsis maydis)	fungi	ON564309.1	552	0	0		True	True	
MPDB004992	80373	Harpophora maydis (Cephalosporium maydis/Magnaporthiopsis maydis)	fungi	OP890270.1	515	0	0		True	True	
MPDB004993	80373	Harpophora maydis (Cephalosporium maydis/Magnaporthiopsis maydis)	fungi	OR511501.1	536	0	0		True	True	
MPDB004994	80373	Harpophora maydis (Cephalosporium maydis/Magnaporthiopsis maydis)	fungi	OR511502.1	544	0	0		True	True	
MPDB004995	80373	Harpophora maydis (Cephalosporium maydis/Magnaporthiopsis maydis)	fungi	OR511503.1	541	0	0		True	True	
MPDB004996	80373	Harpophora maydis (Cephalosporium maydis/Magnaporthiopsis maydis)	fungi	PP794674.1	549	0	0		True	True	
MPDB004997	80373	Harpophora maydis (Cephalosporium maydis/Magnaporthiopsis maydis)	fungi	PQ554801.1	658	6	0		True	True	
MPDB004998	80373	Harpophora maydis (Cephalosporium maydis/Magnaporthiopsis maydis)	fungi	PQ554802.1	573	2	0		True	True	
MPDB004999	80373	Harpophora maydis (Cephalosporium maydis/Magnaporthiopsis maydis)	fungi	PQ554803.1	584	4	0		True	True	
MPDB005000	80373	Harpophora maydis (Cephalosporium maydis/Magnaporthiopsis maydis)	fungi	PQ608555.1	551	0	0		True	True	
MPDB005001	80373	Harpophora maydis (Cephalosporium maydis/Magnaporthiopsis maydis)	fungi	PQ608559.1	541	0	0		True	True	
MPDB005002	80373	Harpophora maydis (Cephalosporium maydis/Magnaporthiopsis maydis)	fungi	PQ609368.1	572	0	0		True	True	
MPDB005003	80373	Harpophora maydis (Cephalosporium maydis/Magnaporthiopsis maydis)	fungi	PQ609371.1	551	0	0		True	True	
MPDB005004	80373	Harpophora maydis (Cephalosporium maydis/Magnaporthiopsis maydis)	fungi	PV498746.1	492	0	0		True	True	
MPDB005005	80373	Harpophora maydis (Cephalosporium maydis/Magnaporthiopsis maydis)	fungi	PX507523.1	501	0	0		True	True	
MPDB005006	80373	Harpophora maydis (Cephalosporium maydis/Magnaporthiopsis maydis)	fungi	PZ744401.1	549	0	0		True	True	
MPDB005007	80373	Harpophora maydis (Cephalosporium maydis/Magnaporthiopsis maydis)	fungi	PZ746696.1	649	0	0		True	True	
MPDB005008	80373	Harpophora maydis (Cephalosporium maydis/Magnaporthiopsis maydis)	fungi	PZ746748.1	549	0	0		True	True	
MPDB005009	86545	Fusarium chlamydosporum	fungi	MH854820.1	527	0	0		True	True	
MPDB005010	86545	Fusarium chlamydosporum	fungi	MH858030.1	563	0	0		True	True	
MPDB005011	86545	Fusarium chlamydosporum	fungi	MH858262.1	566	0	0		True	True	
MPDB005012	86545	Fusarium chlamydosporum	fungi	MH859028.1	568	0	0		True	True	
MPDB005013	86545	Fusarium chlamydosporum	fungi	MH861111.1	564	0	0		True	True	
MPDB005014	86545	Fusarium chlamydosporum	fungi	OQ401035.1	521	0	0		True	True	
MPDB005015	86545	Fusarium chlamydosporum	fungi	PV111241.1	433	0	0		True	True	
MPDB005016	86545	Fusarium chlamydosporum	fungi	PV130019.1	571	0	0		True	True	
MPDB005017	86545	Fusarium chlamydosporum	fungi	PV257668.1	529	0	0		True	True	
MPDB005018	86545	Fusarium chlamydosporum	fungi	PV300414.1	551	0	0		True	True	
MPDB005019	86545	Fusarium chlamydosporum	fungi	PV358379.1	494	0	0		True	True	
MPDB005020	86545	Fusarium chlamydosporum	fungi	PV363052.1	546	0	0		True	True	
MPDB005021	86545	Fusarium chlamydosporum	fungi	PV391005.1	486	0	0		True	True	
MPDB005022	86545	Fusarium chlamydosporum	fungi	PV533797.1	538	0	0		True	True	
MPDB005023	86545	Fusarium chlamydosporum	fungi	PV746292.1	547	0	0		True	True	
MPDB005024	86545	Fusarium chlamydosporum	fungi	PV752255.1	393	0	1	Y	True	True	
MPDB005025	86545	Fusarium chlamydosporum	fungi	PV864969.1	513	0	0		True	True	
MPDB005026	86545	Fusarium chlamydosporum	fungi	PV931339.1	514	0	0		True	True	
MPDB005027	86545	Fusarium chlamydosporum	fungi	PX061165.1	525	0	0		True	True	
MPDB005028	86545	Fusarium chlamydosporum	fungi	PX363178.1	525	0	0		True	True	
MPDB005029	86545	Fusarium chlamydosporum	fungi	PX482664.1	549	0	0		True	True	
MPDB005030	86545	Fusarium chlamydosporum	fungi	PX715897.1	496	0	0		True	True	
MPDB005031	86545	Fusarium chlamydosporum	fungi	PX776336.1	222	0	0		True	True	
MPDB005032	86545	Fusarium chlamydosporum	fungi	PX795658.1	409	0	1	R	True	True	
MPDB005033	86545	Fusarium chlamydosporum	fungi	PX870016.1	562	0	0		True	True	
MPDB005034	86545	Fusarium chlamydosporum	fungi	PZ014418.1	566	0	0		True	True	
MPDB005035	86545	Fusarium chlamydosporum	fungi	PZ052245.1	444	0	0		True	True	
MPDB005036	86545	Fusarium chlamydosporum	fungi	PZ094086.1	522	0	0		True	True	
MPDB005037	86545	Fusarium chlamydosporum	fungi	PZ266666.1	480	0	0		True	True	
MPDB005038	86545	Fusarium chlamydosporum	fungi	PZ266810.1	498	0	0		True	True	
MPDB005039	86545	Fusarium chlamydosporum	fungi	PZ274704.1	506	0	0		True	True	
MPDB005040	86545	Fusarium chlamydosporum	fungi	PZ274705.1	500	0	0		True	True	
MPDB005041	86545	Fusarium chlamydosporum	fungi	PZ274706.1	516	0	0		True	True	
MPDB005042	86545	Fusarium chlamydosporum	fungi	PZ278573.1	480	0	0		True	True	
MPDB005043	86545	Fusarium chlamydosporum	fungi	PZ278574.1	483	0	0		True	True	
MPDB005044	86545	Fusarium chlamydosporum	fungi	PZ278575.1	484	0	0		True	True	
MPDB005045	86545	Fusarium chlamydosporum	fungi	PZ298241.1	534	0	0		True	True	
MPDB005046	86545	Fusarium chlamydosporum	fungi	PZ413562.1	503	0	0		True	True	
MPDB005047	86545	Fusarium chlamydosporum	fungi	PZ477978.1	516	0	0		True	True	
MPDB005048	86545	Fusarium chlamydosporum	fungi	PZ478031.1	508	0	0		True	True	
MPDB005049	86545	Fusarium chlamydosporum	fungi	PZ478038.1	509	0	0		True	True	
MPDB005050	86545	Fusarium chlamydosporum	fungi	PZ687512.1	513	0	0		True	True	
MPDB005051	86545	Fusarium chlamydosporum	fungi	PZ734417.1	570	0	0		True	True	
MPDB005052	89175	Claviceps gigantea	fungi	AJ133394.2	1187	0	0		True	True	
MPDB005053	89175	Claviceps gigantea	fungi	KJ543564.1	623	0	0		True	True	
MPDB005054	89175	Claviceps gigantea	fungi	KJ543565.1	954	0	0		True	True	
MPDB005055	89175	Claviceps gigantea	fungi	KJ543566.1	594	0	0		True	True	
MPDB005056	89175	Claviceps gigantea	fungi	KJ543567.1	620	0	0		True	True	
MPDB005057	89175	Claviceps gigantea	fungi	LT216445.1	1149	0	0		True	True	
MPDB005058	89175	Claviceps gigantea	fungi	LT216446.1	1148	0	0		True	True	
MPDB005059	91365	Curvularia australiensis	fungi	HE792906.1	518	0	0		True	True	
MPDB005060	91365	Curvularia australiensis	fungi	HE792907.1	406	0	0		True	True	
MPDB005061	91365	Curvularia australiensis	fungi	HF934912.1	675	0	0		True	True	
MPDB005062	91365	Curvularia australiensis	fungi	KC424595.1	506	0	0		True	True	
MPDB005063	91365	Curvularia australiensis	fungi	KC424607.1	506	0	0		True	True	
MPDB005064	91365	Curvularia australiensis	fungi	KC424613.1	508	0	0		True	True	
MPDB005065	91365	Curvularia australiensis	fungi	KM999998.1	573	0	0		True	True	
MPDB005066	91365	Curvularia australiensis	fungi	KP400633.1	460	0	0		True	True	
MPDB005067	91365	Curvularia australiensis	fungi	KP641162.1	548	0	0		True	True	
MPDB005068	91365	Curvularia australiensis	fungi	KP658386.1	282	0	0		True	True	
MPDB005069	91365	Curvularia australiensis	fungi	KR363626.1	548	0	0		True	True	
MPDB005070	91365	Curvularia australiensis	fungi	KR673907.1	537	0	0		True	True	
MPDB005071	91365	Curvularia australiensis	fungi	KR673908.1	538	0	0		True	True	
MPDB005072	91365	Curvularia australiensis	fungi	KT154009.1	509	0	0		True	True	
MPDB005073	91365	Curvularia australiensis	fungi	KT719300.1	480	0	0		True	True	
MPDB005074	91365	Curvularia australiensis	fungi	KU296271.1	511	0	0		True	True	
MPDB005075	91365	Curvularia australiensis	fungi	KU645991.1	530	0	0		True	True	
MPDB005076	91365	Curvularia australiensis	fungi	MF380799.1	547	0	0		True	True	
MPDB005077	91365	Curvularia australiensis	fungi	MG596636.1	528	0	0		True	True	
MPDB005078	91365	Curvularia australiensis	fungi	MH857686.1	568	0	0		True	True	
MPDB005079	91365	Curvularia australiensis	fungi	MH864363.1	707	0	0		True	True	
MPDB005080	91365	Curvularia australiensis	fungi	MH864364.1	733	0	0		True	True	
MPDB005081	91365	Curvularia australiensis	fungi	MH864365.1	722	0	0		True	True	
MPDB005082	91365	Curvularia australiensis	fungi	MH885522.1	527	0	0		True	True	
MPDB005083	91365	Curvularia australiensis	fungi	MK299137.1	560	0	0		True	True	
MPDB005084	91365	Curvularia australiensis	fungi	MK300005.1	479	0	0		True	True	
MPDB005085	91365	Curvularia australiensis	fungi	MK804732.1	499	0	0		True	True	
MPDB005086	91365	Curvularia australiensis	fungi	MN173123.1	572	0	0		True	True	
MPDB005087	91365	Curvularia australiensis	fungi	MN173134.1	565	0	0		True	True	
MPDB005088	91365	Curvularia australiensis	fungi	MN173135.1	550	0	0		True	True	
MPDB005089	91365	Curvularia australiensis	fungi	MN556333.1	480	0	0		True	True	
MPDB005090	91365	Curvularia australiensis	fungi	MN556334.1	480	0	0		True	True	
MPDB005091	91365	Curvularia australiensis	fungi	MN560093.1	522	0	0		True	True	
MPDB005092	91365	Curvularia australiensis	fungi	MT556351.1	473	9	8	KWY	True	True	
MPDB005093	91365	Curvularia australiensis	fungi	MW479390.1	542	0	0		True	True	
MPDB005094	91365	Curvularia australiensis	fungi	MW553173.1	561	0	0		True	True	
MPDB005095	91365	Curvularia australiensis	fungi	OL984253.1	557	0	0		True	True	
MPDB005096	91365	Curvularia australiensis	fungi	OP811007.1	689	0	0		True	True	
MPDB005097	91365	Curvularia australiensis	fungi	OP881827.1	539	0	1	R	True	True	
MPDB005098	91365	Curvularia australiensis	fungi	OQ118377.1	229	0	0		True	True	
MPDB005099	91365	Curvularia australiensis	fungi	OR429427.1	502	0	0		True	True	
MPDB005100	91365	Curvularia australiensis	fungi	OR473181.1	527	0	0		True	True	
MPDB005101	91365	Curvularia australiensis	fungi	PP968096.1	408	0	0		True	True	
MPDB005102	935936	Phaeocytostroma ambiguum	fungi	FR748034.1	669	0	0		True	True	
MPDB005103	935936	Phaeocytostroma ambiguum	fungi	FR748035.1	666	0	0		True	True	
MPDB005104	935936	Phaeocytostroma ambiguum	fungi	FR748036.1	677	0	0		True	True	
MPDB005105	935936	Phaeocytostroma ambiguum	fungi	FR748037.1	595	0	0		True	True	
MPDB005106	935936	Phaeocytostroma ambiguum	fungi	FR748038.1	659	0	0		True	True	
MPDB005107	935936	Phaeocytostroma ambiguum	fungi	FR748039.1	671	0	0		True	True	
MPDB005108	935936	Phaeocytostroma ambiguum	fungi	FR748040.1	695	0	0		True	True	
MPDB005109	935936	Phaeocytostroma ambiguum	fungi	FR748041.1	675	0	0		True	True	
MPDB005110	935936	Phaeocytostroma ambiguum	fungi	FR748042.1	692	0	0		True	True	
MPDB005111	935936	Phaeocytostroma ambiguum	fungi	FR748043.1	689	0	0		True	True	
MPDB005112	935936	Phaeocytostroma ambiguum	fungi	FR748044.1	676	0	0		True	True	
MPDB005113	935936	Phaeocytostroma ambiguum	fungi	KT323138.1	539	0	0		True	True	
MPDB005114	935936	Phaeocytostroma ambiguum	fungi	KT966745.1	524	0	0		True	True	
MPDB005115	935936	Phaeocytostroma ambiguum	fungi	KU323506.1	521	0	0		True	True	
MPDB005116	935936	Phaeocytostroma ambiguum	fungi	KU323507.1	532	0	0		True	True	
MPDB005117	935936	Phaeocytostroma ambiguum	fungi	KU323508.1	519	0	0		True	True	
MPDB005118	935936	Phaeocytostroma ambiguum	fungi	MH865025.1	544	0	2	MW	True	True	
MPDB005119	935936	Phaeocytostroma ambiguum	fungi	MK249746.1	562	1	0		True	True	
MPDB005120	935936	Phaeocytostroma ambiguum	fungi	MK956133.1	574	0	0		True	True	
MPDB005121	935936	Phaeocytostroma ambiguum	fungi	MK956167.1	572	0	0		True	True	
MPDB005122	935936	Phaeocytostroma ambiguum	fungi	MT556639.1	529	0	0		True	True	
MPDB005123	935936	Phaeocytostroma ambiguum	fungi	MT556793.1	502	0	0		True	True	
MPDB005124	935936	Phaeocytostroma ambiguum	fungi	MT571457.1	558	1	0		True	True	
MPDB005125	935936	Phaeocytostroma ambiguum	fungi	MT571463.1	546	3	0		True	True	
MPDB005126	935936	Phaeocytostroma ambiguum	fungi	MT571486.1	518	1	0		True	True	
MPDB005127	935936	Phaeocytostroma ambiguum	fungi	MZ931307.1	581	1	0		True	True	
MPDB005128	935936	Phaeocytostroma ambiguum	fungi	MZ934389.1	575	0	0		True	True	
MPDB005129	935936	Phaeocytostroma ambiguum	fungi	PV291689.1	561	0	0		True	True	
MPDB005130	935936	Phaeocytostroma ambiguum	fungi	PX995158.1	622	0	0		True	True	
MPDB005131	93612	Exserohilum turcicum (Setosphaeria turcica)	fungi	LC922933.1	549	0	0		True	True	
MPDB005132	93612	Exserohilum turcicum (Setosphaeria turcica)	fungi	OQ862341.1	531	0	0		True	True	
MPDB005133	93612	Exserohilum turcicum (Setosphaeria turcica)	fungi	PV436757.1	556	0	0		True	True	
MPDB005134	93612	Exserohilum turcicum (Setosphaeria turcica)	fungi	PV436758.1	549	0	0		True	True	
MPDB005135	93612	Exserohilum turcicum (Setosphaeria turcica)	fungi	PV436759.1	553	0	0		True	True	
MPDB005136	93612	Exserohilum turcicum (Setosphaeria turcica)	fungi	PV436760.1	557	0	0		True	True	
MPDB005137	93612	Exserohilum turcicum (Setosphaeria turcica)	fungi	PV436761.1	556	0	0		True	True	
MPDB005138	93612	Exserohilum turcicum (Setosphaeria turcica)	fungi	PV436762.1	555	0	0		True	True	
MPDB005139	93612	Exserohilum turcicum (Setosphaeria turcica)	fungi	PV436763.1	562	0	0		True	True	
MPDB005140	93612	Exserohilum turcicum (Setosphaeria turcica)	fungi	PV436764.1	562	0	0		True	True	
MPDB005141	93612	Exserohilum turcicum (Setosphaeria turcica)	fungi	PV436765.1	553	0	0		True	True	
MPDB005142	93612	Exserohilum turcicum (Setosphaeria turcica)	fungi	PV436766.1	556	0	0		True	True	
MPDB005143	93612	Exserohilum turcicum (Setosphaeria turcica)	fungi	PV436767.1	554	0	0		True	True	
MPDB005144	93612	Exserohilum turcicum (Setosphaeria turcica)	fungi	PV436768.1	554	0	0		True	True	
MPDB005145	93612	Exserohilum turcicum (Setosphaeria turcica)	fungi	PV436769.1	554	0	0		True	True	
MPDB005146	93612	Exserohilum turcicum (Setosphaeria turcica)	fungi	PV436770.1	554	0	0		True	True	
MPDB005147	93612	Exserohilum turcicum (Setosphaeria turcica)	fungi	PV436771.1	546	0	0		True	True	
MPDB005148	93612	Exserohilum turcicum (Setosphaeria turcica)	fungi	PV436772.1	549	0	0		True	True	
MPDB005149	93612	Exserohilum turcicum (Setosphaeria turcica)	fungi	PV436773.1	552	0	0		True	True	
MPDB005150	93612	Exserohilum turcicum (Setosphaeria turcica)	fungi	PV436774.1	715	0	0		True	True	
MPDB005151	93612	Exserohilum turcicum (Setosphaeria turcica)	fungi	PV436775.1	549	0	0		True	True	
MPDB005152	93612	Exserohilum turcicum (Setosphaeria turcica)	fungi	PV436776.1	549	0	0		True	True	
MPDB005153	93612	Exserohilum turcicum (Setosphaeria turcica)	fungi	PV436777.1	549	0	0		True	True	
MPDB005154	93612	Exserohilum turcicum (Setosphaeria turcica)	fungi	PV449608.1	520	0	0		True	True	
MPDB005155	93612	Exserohilum turcicum (Setosphaeria turcica)	fungi	PV449746.1	545	0	0		True	True	
MPDB005156	93612	Exserohilum turcicum (Setosphaeria turcica)	fungi	PV476778.1	542	0	0		True	True	
MPDB005157	93612	Exserohilum turcicum (Setosphaeria turcica)	fungi	PX659707.1	561	0	0		True	True	
MPDB005158	93612	Exserohilum turcicum (Setosphaeria turcica)	fungi	PX659711.1	579	0	0		True	True	
MPDB005159	93612	Exserohilum turcicum (Setosphaeria turcica)	fungi	PX659715.1	553	0	0		True	True	
MPDB005160	93612	Exserohilum turcicum (Setosphaeria turcica)	fungi	PX659717.1	593	0	0		True	True	
MPDB005161	93612	Exserohilum turcicum (Setosphaeria turcica)	fungi	PX659720.1	559	0	0		True	True	
MPDB005162	93612	Exserohilum turcicum (Setosphaeria turcica)	fungi	PX659723.1	513	0	0		True	True	
MPDB005163	93612	Exserohilum turcicum (Setosphaeria turcica)	fungi	PX659726.1	547	0	0		True	True	
MPDB005164	93612	Exserohilum turcicum (Setosphaeria turcica)	fungi	PX659727.1	556	0	0		True	True	
MPDB005165	93612	Exserohilum turcicum (Setosphaeria turcica)	fungi	PX659728.1	556	0	0		True	True	
MPDB005166	93612	Exserohilum turcicum (Setosphaeria turcica)	fungi	PX659729.1	556	0	0		True	True	
MPDB005167	93612	Exserohilum turcicum (Setosphaeria turcica)	fungi	PX659730.1	562	0	0		True	True	
MPDB005168	93612	Exserohilum turcicum (Setosphaeria turcica)	fungi	PX659731.1	559	0	0		True	True	
MPDB005169	93612	Exserohilum turcicum (Setosphaeria turcica)	fungi	PX659733.1	553	0	0		True	True	
MPDB005170	93612	Exserohilum turcicum (Setosphaeria turcica)	fungi	PX659735.1	559	0	0		True	True	
MPDB005171	93612	Exserohilum turcicum (Setosphaeria turcica)	fungi	PX659736.1	549	0	0		True	True	
MPDB005172	93612	Exserohilum turcicum (Setosphaeria turcica)	fungi	PZ312072.1	557	0	0		True	True	
MPDB005173	93612	Exserohilum turcicum (Setosphaeria turcica)	fungi	PZ501535.1	717	0	0		True	True	
MPDB005174	948311	Fusarium proliferatum	fungi	PP922462.1	525	0	0		True	True	
MPDB005175	948311	Fusarium proliferatum	fungi	PQ882780.2	558	0	0		True	True	
MPDB005176	948311	Fusarium proliferatum	fungi	PZ623434.1	460	0	0		True	True	
MPDB005177	948311	Fusarium proliferatum	fungi	PZ623438.1	499	0	0		True	True	
MPDB005178	948311	Fusarium proliferatum	fungi	PZ623459.1	509	0	0		True	True	
MPDB005179	948311	Fusarium proliferatum	fungi	PZ623888.1	550	0	0		True	True	
MPDB005180	948311	Fusarium proliferatum	fungi	PZ623924.1	588	0	0		True	True	
MPDB005181	948311	Fusarium proliferatum	fungi	PZ625877.1	541	0	0		True	True	
MPDB005182	948311	Fusarium proliferatum	fungi	PZ625882.1	540	0	0		True	True	
MPDB005183	948311	Fusarium proliferatum	fungi	PZ627222.1	550	0	0		True	True	
MPDB005184	948311	Fusarium proliferatum	fungi	PZ627256.1	567	0	0		True	True	
MPDB005185	948311	Fusarium proliferatum	fungi	PZ645984.1	509	0	0		True	True	
MPDB005186	948311	Fusarium proliferatum	fungi	PZ645985.1	512	0	0		True	True	
MPDB005187	948311	Fusarium proliferatum	fungi	PZ652687.1	530	0	0		True	True	
MPDB005188	948311	Fusarium proliferatum	fungi	PZ653161.1	448	0	0		True	True	
MPDB005189	948311	Fusarium proliferatum	fungi	PZ675048.1	496	0	0		True	True	
MPDB005190	948311	Fusarium proliferatum	fungi	PZ675369.1	510	0	0		True	True	
MPDB005191	948311	Fusarium proliferatum	fungi	PZ683007.1	540	0	0		True	True	
MPDB005192	948311	Fusarium proliferatum	fungi	PZ683011.1	552	0	0		True	True	
MPDB005193	948311	Fusarium proliferatum	fungi	PZ688019.1	307	0	0		True	True	
MPDB005194	948311	Fusarium proliferatum	fungi	PZ688020.1	541	0	0		True	True	
MPDB005195	948311	Fusarium proliferatum	fungi	PZ697422.1	511	0	0		True	True	
MPDB005196	948311	Fusarium proliferatum	fungi	PZ704152.1	561	0	0		True	True	
MPDB005197	948311	Fusarium proliferatum	fungi	PZ730068.1	319	0	0		True	True	
MPDB005198	948311	Fusarium proliferatum	fungi	PZ734318.1	552	0	0		True	True	
MPDB005199	948311	Fusarium proliferatum	fungi	PZ734333.1	550	0	0		True	True	
MPDB005200	948311	Fusarium proliferatum	fungi	PZ734344.1	553	0	0		True	True	
MPDB005201	948311	Fusarium proliferatum	fungi	PZ734364.1	553	0	0		True	True	
MPDB005202	948311	Fusarium proliferatum	fungi	PZ734365.1	557	0	0		True	True	
MPDB005203	948311	Fusarium proliferatum	fungi	PZ734368.1	546	0	0		True	True	
MPDB005204	948311	Fusarium proliferatum	fungi	PZ734369.1	550	0	0		True	True	
MPDB005205	948311	Fusarium proliferatum	fungi	PZ734383.1	549	0	0		True	True	
MPDB005206	948311	Fusarium proliferatum	fungi	PZ734387.1	572	0	0		True	True	
MPDB005207	948311	Fusarium proliferatum	fungi	PZ734395.1	549	0	0		True	True	
MPDB005208	948311	Fusarium proliferatum	fungi	PZ734402.1	554	0	0		True	True	
MPDB005209	948311	Fusarium proliferatum	fungi	PZ734404.1	551	0	0		True	True	
MPDB005210	948311	Fusarium proliferatum	fungi	PZ741300.1	348	0	0		True	True	
MPDB005211	948311	Fusarium proliferatum	fungi	PZ780064.1	503	0	4	MRS	True	True	
MPDB005212	948311	Fusarium proliferatum	fungi	PZ780071.1	544	0	0		True	True	
MPDB005213	948311	Fusarium proliferatum	fungi	PZ785100.1	438	0	0		True	True	
MPDB005214	948311	Fusarium proliferatum	fungi	PZ805020.1	536	0	0		True	True	
MPDB005215	948311	Fusarium proliferatum	fungi	PZ805099.1	532	0	0		True	True	
MPDB005216	948311	Fusarium proliferatum	fungi	PZ810722.1	568	0	0		True	True	
MPDB005217	95735	Curvularia intermedia / Cochliobolus intermedius	fungi	MF370184.1	594	0	0		True	True	
MPDB005218	95735	Curvularia intermedia / Cochliobolus intermedius	fungi	MH393296.1	560	0	0		True	True	
MPDB005219	95735	Curvularia intermedia / Cochliobolus intermedius	fungi	MK192923.1	578	0	0		True	True	
MPDB005220	95735	Curvularia intermedia / Cochliobolus intermedius	fungi	MK304100.1	574	0	0		True	True	
MPDB005221	95735	Curvularia intermedia / Cochliobolus intermedius	fungi	MK304195.1	572	0	0		True	True	
MPDB005222	95735	Curvularia intermedia / Cochliobolus intermedius	fungi	MK304232.1	574	0	0		True	True	
MPDB005223	95735	Curvularia intermedia / Cochliobolus intermedius	fungi	MK304397.1	574	0	0		True	True	
MPDB005224	95735	Curvularia intermedia / Cochliobolus intermedius	fungi	MK690420.1	554	0	0		True	True	
MPDB005225	95735	Curvularia intermedia / Cochliobolus intermedius	fungi	MN809163.1	551	0	0		True	True	
MPDB005226	95735	Curvularia intermedia / Cochliobolus intermedius	fungi	MN905483.1	434	0	0		True	True	
MPDB005227	95735	Curvularia intermedia / Cochliobolus intermedius	fungi	MT229264.1	512	0	0		True	True	
MPDB005228	95735	Curvularia intermedia / Cochliobolus intermedius	fungi	MT505874.1	891	0	0		True	True	
MPDB005229	95735	Curvularia intermedia / Cochliobolus intermedius	fungi	MT505879.1	897	0	0		True	True	
MPDB005230	95735	Curvularia intermedia / Cochliobolus intermedius	fungi	MT605134.1	552	0	0		True	True	
MPDB005231	95735	Curvularia intermedia / Cochliobolus intermedius	fungi	MT605137.1	548	0	0		True	True	
MPDB005232	95735	Curvularia intermedia / Cochliobolus intermedius	fungi	MW081267.1	528	0	0		True	True	
MPDB005233	95735	Curvularia intermedia / Cochliobolus intermedius	fungi	MZ613310.1	583	0	0		True	True	
MPDB005234	95735	Curvularia intermedia / Cochliobolus intermedius	fungi	OL677168.1	584	0	0		True	True	
MPDB005235	95735	Curvularia intermedia / Cochliobolus intermedius	fungi	OL711652.1	509	0	0		True	True	
MPDB005236	95735	Curvularia intermedia / Cochliobolus intermedius	fungi	OM237011.1	592	0	0		True	True	
MPDB005237	95735	Curvularia intermedia / Cochliobolus intermedius	fungi	OM272972.1	604	0	0		True	True	
MPDB005238	95735	Curvularia intermedia / Cochliobolus intermedius	fungi	OM745376.1	292	0	0		True	True	
MPDB005239	95735	Curvularia intermedia / Cochliobolus intermedius	fungi	OM745570.1	292	0	0		True	True	
MPDB005240	95735	Curvularia intermedia / Cochliobolus intermedius	fungi	ON208458.1	559	0	0		True	True	
MPDB005241	95735	Curvularia intermedia / Cochliobolus intermedius	fungi	ON711979.1	565	0	0		True	True	
MPDB005242	95735	Curvularia intermedia / Cochliobolus intermedius	fungi	ON844201.1	508	0	8	RY	True	True	
MPDB005243	95735	Curvularia intermedia / Cochliobolus intermedius	fungi	OP257234.1	613	0	0		True	True	
MPDB005244	95735	Curvularia intermedia / Cochliobolus intermedius	fungi	OQ300329.1	611	0	0		True	True	
MPDB005245	95735	Curvularia intermedia / Cochliobolus intermedius	fungi	OR434055.1	560	0	0		True	True	
MPDB005246	95735	Curvularia intermedia / Cochliobolus intermedius	fungi	OR708567.1	610	0	0		True	True	
MPDB005247	95735	Curvularia intermedia / Cochliobolus intermedius	fungi	OR708568.1	607	0	0		True	True	
MPDB005248	95735	Curvularia intermedia / Cochliobolus intermedius	fungi	PP069871.1	571	0	0		True	True	
MPDB005249	95735	Curvularia intermedia / Cochliobolus intermedius	fungi	PP515276.1	591	0	0		True	True	
MPDB005250	95735	Curvularia intermedia / Cochliobolus intermedius	fungi	PP563716.1	614	0	0		True	True	
MPDB005251	95735	Curvularia intermedia / Cochliobolus intermedius	fungi	PQ203626.1	645	0	0		True	True	
MPDB005252	95735	Curvularia intermedia / Cochliobolus intermedius	fungi	PQ395200.1	642	0	0		True	True	
MPDB005253	95735	Curvularia intermedia / Cochliobolus intermedius	fungi	PQ533225.1	619	0	0		True	True	
MPDB005254	95735	Curvularia intermedia / Cochliobolus intermedius	fungi	PV133109.1	625	0	0		True	True	
MPDB005255	95735	Curvularia intermedia / Cochliobolus intermedius	fungi	PV450185.1	595	0	0		True	True	
MPDB005256	95735	Curvularia intermedia / Cochliobolus intermedius	fungi	PV608212.1	503	0	0		True	True	
MPDB005257	95735	Curvularia intermedia / Cochliobolus intermedius	fungi	PV664726.1	522	0	0		True	True	
MPDB005258	95735	Curvularia intermedia / Cochliobolus intermedius	fungi	PX238634.1	597	0	0		True	True	
MPDB005259	95735	Curvularia intermedia / Cochliobolus intermedius	fungi	PZ269063.1	569	0	0		True	True	
MPDB005260	95742	Curvularia clavata	fungi	AF071336.1	527	0	0		True	True	
MPDB005261	95742	Curvularia clavata	fungi	GQ179976.1	552	0	0		True	True	
MPDB005262	95742	Curvularia clavata	fungi	HF937109.1	461	0	0		True	True	
MPDB005263	95742	Curvularia clavata	fungi	JN006762.1	490	0	0		True	True	
MPDB005264	95742	Curvularia clavata	fungi	JN006764.1	487	0	0		True	True	
MPDB005265	95742	Curvularia clavata	fungi	JN006765.1	488	0	0		True	True	
MPDB005266	95742	Curvularia clavata	fungi	JN006766.1	485	0	0		True	True	
MPDB005267	95742	Curvularia clavata	fungi	JN006767.1	480	0	0		True	True	
MPDB005268	95742	Curvularia clavata	fungi	JN006768.1	479	0	0		True	True	
MPDB005269	95742	Curvularia clavata	fungi	JN021115.1	589	0	0		True	True	
MPDB005270	95742	Curvularia clavata	fungi	JX126481.1	529	0	0		True	True	
MPDB005271	95742	Curvularia clavata	fungi	KU552203.1	380	0	0		True	True	
MPDB005272	95742	Curvularia clavata	fungi	KU552205.1	380	0	0		True	True	
MPDB005273	95742	Curvularia clavata	fungi	KU715109.1	565	0	0		True	True	
MPDB005274	95742	Curvularia clavata	fungi	KX610320.1	626	0	0		True	True	
MPDB005275	95742	Curvularia clavata	fungi	KX757756.1	550	0	0		True	True	
MPDB005276	95742	Curvularia clavata	fungi	KY984008.1	503	0	0		True	True	
MPDB005277	95742	Curvularia clavata	fungi	LS484130.1	165	0	0		True	True	
MPDB005278	95742	Curvularia clavata	fungi	MF038179.1	898	0	0		True	True	
MPDB005279	95742	Curvularia clavata	fungi	MK736276.1	582	0	0		True	True	
MPDB005280	95742	Curvularia clavata	fungi	MN398972.1	490	0	0		True	True	
MPDB005281	95742	Curvularia clavata	fungi	MN540251.1	559	0	0		True	True	
MPDB005282	95742	Curvularia clavata	fungi	MN592977.1	578	0	0		True	True	
MPDB005283	95742	Curvularia clavata	fungi	MN623415.1	606	0	0		True	True	
MPDB005284	95742	Curvularia clavata	fungi	MN718986.1	589	0	0		True	True	
MPDB005285	95742	Curvularia clavata	fungi	MW320530.1	460	0	0		True	True	
MPDB005286	95742	Curvularia clavata	fungi	MW543062.1	586	0	0		True	True	
MPDB005287	95742	Curvularia clavata	fungi	MZ042536.1	583	0	0		True	True	
MPDB005288	95742	Curvularia clavata	fungi	OM280074.1	575	0	0		True	True	
MPDB005289	95742	Curvularia clavata	fungi	ON130615.1	534	0	0		True	True	
MPDB005290	95742	Curvularia clavata	fungi	OP854609.1	527	0	0		True	True	
MPDB005291	95742	Curvularia clavata	fungi	OQ195796.1	576	0	0		True	True	
MPDB005292	95742	Curvularia clavata	fungi	OR230244.1	533	0	0		True	True	
MPDB005293	95742	Curvularia clavata	fungi	PP291919.1	516	0	0		True	True	
MPDB005294	95742	Curvularia clavata	fungi	PP373713.1	505	0	0		True	True	
MPDB005295	95742	Curvularia clavata	fungi	PP621719.1	592	0	0		True	True	
MPDB005296	95742	Curvularia clavata	fungi	PP621720.1	619	0	0		True	True	
MPDB005297	95742	Curvularia clavata	fungi	PZ018914.1	470	0	0		True	True	
MPDB005298	95742	Curvularia clavata	fungi	PZ502411.1	562	0	0		True	True	
MPDB005299	95742	Curvularia clavata	fungi	PZ619181.1	562	0	0		True	True	
MPDB005300	97093	Trichoderma koningii	fungi	KX109155.1	521	0	0		True	True	
MPDB005301	97093	Trichoderma koningii	fungi	KX109179.1	535	0	0		True	True	
MPDB005302	97093	Trichoderma koningii	fungi	MH862585.1	530	0	0		True	True	
MPDB005303	97093	Trichoderma koningii	fungi	MW929147.1	546	0	0		True	True	
MPDB005304	97093	Trichoderma koningii	fungi	MZ950659.1	525	0	0		True	True	
MPDB005305	97093	Trichoderma koningii	fungi	OR350475.1	577	0	0		True	True	
MPDB005306	97093	Trichoderma koningii	fungi	PQ113582.1	632	0	0		True	True	
MPDB005307	97093	Trichoderma koningii	fungi	PQ220192.1	783	0	0		True	True	
MPDB005308	97093	Trichoderma koningii	fungi	PQ302259.1	566	0	0		True	True	
MPDB005309	97093	Trichoderma koningii	fungi	PQ555724.1	600	0	0		True	True	
MPDB005310	97093	Trichoderma koningii	fungi	PQ555726.1	598	0	0		True	True	
MPDB005311	97093	Trichoderma koningii	fungi	PQ764474.1	604	0	0		True	True	
MPDB005312	97093	Trichoderma koningii	fungi	PQ771098.1	534	0	0		True	True	
MPDB005313	97093	Trichoderma koningii	fungi	PQ787510.1	574	0	0		True	True	
MPDB005314	97093	Trichoderma koningii	fungi	PQ800339.1	576	0	0		True	True	
MPDB005315	97093	Trichoderma koningii	fungi	PQ821175.1	622	0	0		True	True	
MPDB005316	97093	Trichoderma koningii	fungi	PV050431.1	631	0	0		True	True	
MPDB005317	97093	Trichoderma koningii	fungi	PV154043.1	584	0	0		True	True	
MPDB005318	97093	Trichoderma koningii	fungi	PV154120.1	527	0	0		True	True	
MPDB005319	97093	Trichoderma koningii	fungi	PV437575.1	597	0	0		True	True	
MPDB005320	97093	Trichoderma koningii	fungi	PV565346.1	568	0	0		True	True	
MPDB005321	97093	Trichoderma koningii	fungi	PV802852.1	519	0	0		True	True	
MPDB005322	97093	Trichoderma koningii	fungi	PV873394.1	497	0	0		True	True	
MPDB005323	97093	Trichoderma koningii	fungi	PV995430.1	591	0	0		True	True	
MPDB005324	97093	Trichoderma koningii	fungi	PX060177.1	524	0	0		True	True	
MPDB005325	97093	Trichoderma koningii	fungi	PX226012.1	640	0	0		True	True	
MPDB005326	97093	Trichoderma koningii	fungi	PX317596.1	562	0	0		True	True	
MPDB005327	97093	Trichoderma koningii	fungi	PX317599.1	564	0	0		True	True	
MPDB005328	97093	Trichoderma koningii	fungi	PX381333.1	570	0	0		True	True	
MPDB005329	97093	Trichoderma koningii	fungi	PX421018.1	565	0	0		True	True	
MPDB005330	97093	Trichoderma koningii	fungi	PX446866.1	531	0	0		True	True	
MPDB005331	97093	Trichoderma koningii	fungi	PX451862.1	576	0	0		True	True	
MPDB005332	97093	Trichoderma koningii	fungi	PX498482.1	586	0	0		True	True	
MPDB005333	97093	Trichoderma koningii	fungi	PX629750.1	618	0	0		True	True	
MPDB005334	97093	Trichoderma koningii	fungi	PX916279.1	568	0	0		True	True	
MPDB005335	97093	Trichoderma koningii	fungi	PX928012.1	621	0	0		True	True	
MPDB005336	97093	Trichoderma koningii	fungi	PZ014349.1	581	0	0		True	True	
MPDB005337	97093	Trichoderma koningii	fungi	PZ039110.1	567	0	0		True	True	
MPDB005338	97093	Trichoderma koningii	fungi	PZ205986.1	574	0	0		True	True	
MPDB005339	97093	Trichoderma koningii	fungi	PZ245941.1	571	0	0		True	True	
MPDB005340	97093	Trichoderma koningii	fungi	PZ336165.1	558	0	0		True	True	
MPDB005341	97093	Trichoderma koningii	fungi	PZ499068.1	637	0	0		True	True	
MPDB005342	97093	Trichoderma koningii	fungi	PZ789697.1	576	0	0		True	True	
