species	full_name	synonyms	category	taxid	disease_en	disease_cn	evidence_level	evidence_refs_raw	sequence_status	sequence_count	accessions	missing_reason	notes
Acidovorax avenae subsp. avenae	Acidovorax avenae subsp.avenae		bacteria	80867	Bacterial leaf stripe / Red stripe	细菌性条纹病/红条病	confirmed	Ji C, Ou J, Xu D, et al. First report of corn bacterial leaf stripe caused by Acidovorax avenae in Guangdong Province, China[J]. Plant Disease, 2014, 98(10): 1424-1424. White D G, Pataky J K, Stall R E. Unusual occurrences of bacterial leaf blight on maize and sorghum in Central Illinois[J]. 1994.	present	4	AB021421.1; AB571879.1; AM943046.1; LC702348.1		
Bacillus pumilus	Bacillus pumilus		bacteria	1408	Stalk rot / leaf spot (occasional)	茎腐病/叶斑病(偶发)	secondary	WANG X M, SHI J, JIN Q M, LI X, SUN S X. Field Book of Maize Diseases and Insect Pests. Beijing: China Agricultural Science and Technology Press, 2010. (in Chinese) 陈斌,韩海亮,侯俊峰,等.玉米细菌性茎腐病研究进展[J].中国植保导刊,2021,41(8):25-29+65. 姚秀英,代真林,魏兰芳,等.一株新的引起玉米细菌性茎腐病病原细菌的分离鉴定[J].植物病理学报,2021,51(5):822-827.DOI:10.13926/j.cnki.apps.000731.	present	43	HG008801.1; LC063672.1; LC599402.1; LC667793.1; LC667805.1; LC768708.1; LM643738.1; LM643745.1; LN827670.1; LN866616.1; LN867304.1; LN879493.2; LN879494.2; LN880277.1; LN890660.1; LN995758.1; LN997932.1; LR215095.1; LR535757.1; LR535759.1; LR535772.1; LR535793.1; LS991397.1; LT221146.1; LT221259.1; LT617072.1; LT617079.1; LT617087.1; LT635531.1; LT635532.1; LT635536.1; LT797521.1; LT797528.1; LT844637.1; LT969592.1; LT969725.1; LT978407.1; LT984707.1; LT986210.1; LT986212.1; LT986213.1; LT986222.1; LT986225.1		
Burkholderia gladioli	Burkholderia gladioli		bacteria	28095	Bacterial leaf spot / stalk rot	细菌性叶斑病/茎腐病	confirmed	Gijon-Hernandez A, Teliz-Ortiz D, Mejia-Sanchez D, et al. Leaf stripe and stem rot caused by Burkholderia gladioli, a new maize disease in Mexico[J]. Journal of Phytopathology, 2011, 159(5): 377-381. Félix-Gastelum, R.; Escalante-Castro, J.R.; Leyva-Madrigal, K.Y.; Maldonado-Mendoza, I.E.; Herrera-Rodríguez, G. Burkholderia gladioli Causing Brown Spot on Leaf Sheath of Sweet Corn (Zea mays L.) in Sinaloa, Mexico: An Emerging Disease. Agriculture 2026, 16, 948.	present	13	AB012916.1; AB013111.1; AB021384.1; AB021389.1; AB024491.1; AB680484.1; AH004175.2; D13060.1; L28156.1; L28157.1; LC792307.1; LC792308.1; LT547718.1		
Clavibacter michiganensis subsp. nebraskensis	Clavibacter michiganensis subsp. nebraskensis		bacteria	31963	Goss's bacterial wilt and leaf blight	高斯细菌性枯萎病/叶枯病	confirmed	Osdaghi E, Robertson A E, Jackson‐Ziems T A, et al. Clavibacter nebraskensis causing Goss's wilt of maize: five decades of detaining the enemy in the New World[J]. Molecular Plant Pathology, 2023, 24(7): 675-692.	present	10	FR728274.1; FR728275.1; FR728278.1; FR728287.1; FR728302.1; FR728312.1; FR728313.1; FR728317.1; U09763.1		
Dickeya dadantii	Dickeya dadantii		bacteria	204038	Bacterial stalk rot	细菌性茎腐病	confirmed	Askari S, Rezaei R, Sadravi M, et al. Identification of Dickeya dadantii Samson et al 2005 sp. nov.(Erwinia chrysanthemi 3937) as a causal agent of bacterial stalk rot of maize in Southwest of Iran[J]. Tropical Agriculture, 2018, 95(2).	present	13	AB713534.1; AB713543.1; AB713545.1; AB713563.1; AB713572.1; AB744145.1; AB744146.1; AB744147.1; AB744148.1; LC490701.1; LC490705.1; LC490710.1; LC490711.1		
Dickeya zeae	Dickeya zeae( Erwinia chrysanthemi pv. zeae)		bacteria	204042	Bacterial stalk rot	细菌性茎腐病	confirmed	Jatoth R, Kashyap A S, Babu P L, et al. Unravelling the aetiology of Dickeya zeae using polyphasic approaches for bacterial stalk rot in maize[J]. Plant Pathology, 2024, 73(4): 1007-1022. 陈斌,韩海亮,侯俊峰,等.玉米细菌性茎腐病研究进展[J].中国植保导刊,2021,41(8):25-29+65. 姚秀英,代真林,魏兰芳,等.一株新的引起玉米细菌性茎腐病病原细菌的分离鉴定[J].植物病理学报,2021,51(5):822-827.DOI:10.13926/j.cnki.apps.000731.	present	7	AB713536.1; AB713546.1; AB713548.1; AB713553.1; AB713560.1; AB713565.1; AB744152.1		
Enterobacter cloacae subsp. dissolvens	Enterobacter cloacae subsp. dissolvens (Pseudomonas dissolvens, Enterobacter dissolvens, Erwinia dissolvens)		bacteria	69219	Bacterial stalk rot	玉米细菌性茎腐病	confirmed	(Rosen 1922; Hoffmann et al. 2005) Enterobacter cloacae subsp. Dissolvens W-4 is an aerobe, Gram-negative, motile plant pathogen that was isolated from maize plant.	present	3	AJ417485.1; LC667811.1; LC667815.1		
Klebsiella pneumoniae	Klebsiella pneumoniae		bacteria	573	Bacterial stalk rot (opportunistic)	细菌性茎腐病(条件致病)	opportunistic	Huang M, He P, Munir S, et al. Ecology and etiology of bacterial top rot in maize caused by Klebsiella pneumoniae KpC4[J]. Microbial pathogenesis, 2020, 139: 103906.	present	43	LC512010.1; LC557135.3; LC617176.1; LC618828.1; LC645191.1; LC649235.1; LC654889.1; LC711131.1; LC711132.1; LC711133.1; LC711134.1; LC711135.1; LC711136.1; LC711137.1; LC711138.1; LC711139.1; LC711140.1; LC711141.1; LC717013.1; LC717152.1; LC732202.1; LC732203.1; LC747146.1; LC764401.1; LC800022.1; LC800023.1; LC802112.1; LC802113.1; LC802115.1; LC834133.1; LC848124.1; LC868253.1; LC924319.1; LC924333.1; MZ092733.1; NG_047476.1; NG_048062.1; OK482771.1; OK504483.1; ON286761.1; OU548745.1; PV361230.1; PV361232.1		
Pantoea agglomerans	Pantoea agglomerans		bacteria	549	Bacterial stalk rot / leaf spot (opportunistic)	细菌性茎腐病/叶斑病(条件致病)	opportunistic	Morales-Valenzuela G, Silva-Rojas H V, Ochoa-Martínez D, et al. First report of Pantoea agglomerans causing leaf blight and vascular wilt in maize and sorghum in Mexico[J]. Plant Disease, 2007, 91(10): 1365-1365. 陈斌,韩海亮,侯俊峰,等.玉米细菌性茎腐病研究进展[J].中国植保导刊,2021,41(8):25-29+65. 姚秀英,代真林,魏兰芳,等.一株新的引起玉米细菌性茎腐病病原细菌的分离鉴定[J].植物病理学报,2021,51(5):822-827.DOI:10.13926/j.cnki.apps.000731.	present	43	HE588003.1; HE613764.1; HE613771.1; HE613777.1; HE613778.1; HE647624.1; HE648132.1; HE648133.1; HE648134.1; HE653017.1; HE653018.1; HE653021.1; HE653022.1; HE661627.2; HE716932.1; HF566261.1; HF566262.1; HF566263.1; HF566264.1; HF584957.1; HF584963.1; HF584964.1; HF584965.1; HF584969.1; HF584972.1; HF584996.1; HF584997.1; HF584999.1; HF585001.1; HF585002.1; HG799974.1; LC595314.1; LC602956.1; LC645192.1; LC709256.1; LC848125.1; LN879339.1; LN879348.1; LN997968.1; LT592133.1; LT934417.1; LT969585.1; S69174.1		
Pantoea ananatis	Pantoea ananatis		bacteria	553	Bacterial leaf spot / stalk rot	细菌性叶斑病/茎腐病/细菌性白斑病	confirmed	Zhao X, Gao L, Ali Q, et al. A type VI secretion system effector TseG of Pantoea ananatis is involved in virulence and antibacterial activity[J]. Molecular Plant Pathology, 2024, 25(3): e13442.	present	19	AB304809.1; AJ629190.1; FN178362.1; FN691983.1; FN691984.1; FN691985.1; FR865900.1; FR872704.1; HE672167.1; HE716901.1; HE716948.1; HE716949.1; LC595300.1; LC792303.1; LN880270.1; LN880271.1; LN880272.1; LN890661.1; OZ408658.1		
Pantoea stewartii subsp. stewartii	Pantoea stewartii subsp. stewartii		bacteria	66269	Stewart's wilt and leaf blight	斯图尔特细菌性枯萎病/叶枯病	confirmed	Roper M C. Pantoea stewartii subsp. stewartii: lessons learned from a xylem‐dwelling pathogen of sweet corn[J]. Molecular plant pathology, 2011, 12(7): 628-637.	present	17	AJ311838.1; HF584960.1; HF985352.1; HF985353.1; HG792421.1; HG792422.1; HG792423.1; HG792424.1; HG792425.1; LC928073.1; LC928152.1; LC928160.1; LN879347.1; LN879354.1; LT908020.1; S69173.1; Y13251.1		
Pectobacterium carotovorum	Pectobacterium carotovorum(Erwinia carotovora)		bacteria	554	Bacterial stalk rot / soft rot	细菌性茎腐病/软腐病/细菌性顶腐病	confirmed	Hoffmann A, Zenelt W, Krawczyk K. The effect of the method of inoculation of corn plants with bacterial pathogens on the formation and development of disease symptoms[J]. 2024.	present	34	AB680074.1; AB680143.1; AB680280.1; AB680554.1; AB681950.1; AB744142.1; AJ233411.1; AM491055.1; AM491056.1; HF674984.1; HF674985.1; HF674986.1; HF674987.1; HF674988.1; HF674989.1; HF674990.1; HF674991.1; HF674992.1; HF678371.1; LN811442.1; LN851547.1; LN851553.1; LN851554.1; LN851555.1; LN851556.1; LT592250.1; LT592251.1; LT592252.1; LT592253.1; LT592254.1; LT592255.1; LT592257.1; LT592261.1; LT899993.1		
Pseudomonas aeruginosa	Pseudomonas aeruginosa		bacteria	287	top rot	顶腐病	confirmed	WANG X M, WANG Z Y. Illustrated Handbook of Maize Diseases, Insect Pests and Weeds in China. Beijing: China Agriculture Press, 2018. (in Chinese) 陈斌,韩海亮,侯俊峰,等.玉米细菌性茎腐病研究进展[J].中国植保导刊,2021,41(8):25-29+65. 姚秀英,代真林,魏兰芳,等.一株新的引起玉米细菌性茎腐病病原细菌的分离鉴定[J].植物病理学报,2021,51(5):822-827.DOI:10.13926/j.cnki.apps.000731.	present	42	LC815917.1; LC815921.1; LC816373.1; LC816374.1; LC816375.1; LC816376.1; LC816377.1; LC816378.1; LC816379.1; LC816380.1; LC816381.1; LC816382.1; LC834139.1; LC836059.1; LC843372.1; LC875561.1; LC921246.1; OX503253.1; OX503254.1; OX503255.1; OX503256.1; OX503257.1; OX503258.1; OX503259.1; OX503260.1; OX503261.1; OX503262.1; OX503263.1; OX503264.1; OX503265.1; OX503266.1; OX503267.1; OX503268.1; OX503269.1; OX503270.1; OX503271.1; OX503272.1; OX503273.1; PP809806.1; PP809858.1; PP809878.1; PZ413526.1		
Pseudomonas asplenii	Pseudomonas asplenii (Pseudomonas fuscovaginae )		bacteria	53407	sheath brown rot	鞘褐腐病	confirmed	Duveiller E, Snacken F, Maraite H, et al. First detection of Pseudomonas fuscovaginae on maize and sorghum in Burundi[J]. 1989.	present	6	AB021381.1; AB021397.1; AJ288296.1; HE586387.1; HF936978.1; Z76655.1		
Pseudomonas extremorientalis	Pseudomonas extremorientalis		bacteria	169669	Bacterial stalk rot	玉米细菌性茎腐病	confirmed	陈斌,韩海亮,侯俊峰,等.玉米细菌性茎腐病研究进展[J].中国植保导刊,2021,41(8):25-29+65. 姚秀英,代真林,魏兰芳,等.一株新的引起玉米细菌性茎腐病病原细菌的分离鉴定[J].植物病理学报,2021,51(5):822-827.DOI:10.13926/j.cnki.apps.000731.	present	3	LC654276.1; LK985437.1; LN997963.1		
Pseudomonas syringae pv. lapsa	Pseudomonas syringae pv. lapsa (Pseudomonas lapsa)		bacteria	199201	Bacterial stalk rot	玉米细菌性茎腐病	confirmed	郑雅楠,吕国忠,杨宇,等.玉米细菌性茎腐病鉴别与防治[J].安徽农业科学,2006,(10):2128+2133.DOI:10.13989/j.cnki.0517-6611.2006.10.056﻿.	missing	0		No public marker gene sequence found in NCBI GenBank (2026-08-25)	
Pseudomonas syringae pv. syringae	Pseudomonas syringae pv. syringae		bacteria	321	Holcus spot	细菌性褐斑病 (Holcus spot)	confirmed	Ravindran A, Jalan N, Yuan J S, et al. Comparative genomics of Pseudomonas syringae pv. syringae strains B301D and HS 191 and insights into intrapathovar traits associated with plant pathogenesis[J]. Microbiologyopen, 2015, 4(4): 553-573.	present	10	AM399036.1; LN849855.1; LN876273.1; LN876274.1; LN876276.1; LN876277.1; LN876278.1; LN876279.1; LS991860.1; LT630486.1		
Robbsia andropogonis	Robbsia andropogonis(Pseudomonas andropogonis)		bacteria	28092	leaf spot	叶斑病	confirmed	Vidaver A K, Carlson R R. Leaf Spot of Field Corn Caused by Pseudimonas andropogonis[J]. 1978.	present	6	AB021422.1; AB744701.1; AM392339.1; AM392350.1; AM502984.1; LC507981.1		
Serratia marcescens	Serratia marcescens		bacteria	615	Bacterial stalk rot (opportunistic)	细菌性茎腐病(条件致病)	opportunistic	Liu H, Zhao C, Wang Y, et al. Isolation and Identification of the Causal Agent of Top Rot and the Genetic Architecture of Resistance in Maize[J]. Plant Disease, 2023, 107(9): 2799-2807.	present	43	AB116388.1; AB594756.1; AB681729.1; FJ917355.1; HE804807.2; HE995790.2; HG800005.1; HG941700.1; KY623684.1; LC529707.1; LC571916.1; LC571929.1; LC571930.1; LC571935.1; LC571939.1; LC571942.1; LC572258.1; LC581798.1; LC595302.1; LC595307.1; LC625784.1; LC627326.1; LC645190.1; LC790163.1; LC790164.1; LC815918.1; LM655405.1; LN884126.1; LN995790.1; LN997966.1; LT608121.1; LT628254.1; LT628255.1; LT628256.1; LT631776.1; LT631777.1; LT678778.1; LT682310.1; LT691102.1; LT694243.1; NG_048058.1; OU548751.1; OX250429.1		
Stenotrophomonas maltophilia	Stenotrophomonas maltophilia		bacteria	40324	Stalk rot / leaf spot (occasional, opportunistic)	茎腐病/叶斑病(偶发，条件致病)	opportunistic	Heidari M, Aeini M. Stenotrophomonas maltophilia causing maize (Zea mays L.) seedling soft rot disease, an emerging threat to maize crop[J]. Journal of Phytopathology, 2024, 172(2): e13299.	present	43	LC583236.1; LC595315.1; LC595316.1; LC616394.1; LC699795.1; LC716956.1; LC716963.1; LC716966.1; LC717005.1; LC717006.1; LC717014.1; LC717015.1; LC717019.1; LC717023.1; LC717024.1; LC717095.1; LC717100.1; LC717102.1; LC717103.1; LC717144.1; LC717149.1; LC735262.1; LC737962.1; LC764400.1; LC773897.1; LC773931.1; LC775012.1; LC779707.1; LC779708.1; LC790010.1; LC836061.1; LC836062.1; LC875547.1; LC875551.1; LC875552.1; LC875554.1; LC875555.1; LC875559.1; LC925143.1; LR862426.1; LR862431.1; OZ371428.1; OZ371454.1		
Xanthomonas vasicola pv. vasculorum	Xanthomonas vasicola pv. Vasculorum(Xanthomonas vasicola pv. Zeae/Xanthomonas campestrispv.zeae)		bacteria	325776	Bacterial leaf streak	细菌性条斑病	confirmed	Lang J M, DuCharme E, Ibarra Caballero J, et al. Detection and characterization of Xanthomonas vasicola pv. vasculorum (Cobb 1894) comb. nov. causing bacterial leaf streak of corn in the United States[J]. Phytopathology, 2017, 107(11): 1312-1321.	missing	0		No public marker gene sequence found in NCBI GenBank (2026-08-25)	
Alphanucleorhabdovirus maydis	Maize mosaic virus (MMV)		viruses	279896	Maize mosaic	玉米花叶病	confirmed	Redinbaugh M G, Zambrano J L. Control of virus diseases in maize[J]. Advances in virus research, 2014, 90: 391-429.	present	3	MK828539.1; NC_005975.1		
Alphanucleorhabdovirus zeairanense	Maize Iranian mosaic virus (MIMV)		viruses	348823	Maize Iranian mosaic	玉米伊朗花叶病	confirmed	Ghorbani A, Izadpanah K, Dietzgen R G. Changes in maize transcriptome in response to maize Iranian mosaic virus infection[J]. Plos one, 2018, 13(4): e0194592.	present	3	DQ186554.1; NC_036390.1		
American wheat striate mosaic virus	American wheat striate mosaic virus ( Wheat American striate mosaic virus)		viruses	1985707	wheat striate mosaic	玉米条点花叶病	confirmed	Slykhuis J T. Vector and host relations of North American wheat striate mosaic virus[J]. Canadian Journal of Botany, 1963, 41(8): 1171-1185.	missing	0		No public marker gene sequence found in NCBI GenBank (2026-08-25)	
Aureusvirus zeae	Maize white line mosaic virus (MWLMV)		viruses	445227	Maize white line mosaic	玉米白线花叶病	confirmed	Zhang L, Zitter T A, Lulkin E J. Artificial inoculation of maize white line mosaic virus into corn and wheat[J]. 1991.	present	2	NC_009533.1		
Betacytorhabdovirus hordei	Maize sterile stunt virus (MSSV)(Barley yellow striate mosaic virus)		viruses	2545470	Maize sterile stunt	玉米不育矮化病	confirmed	Greber R S. Maize sterile stunt—a delphacid transmitted rhabdovirus disease affecting some maize genotypes in Australia[J]. Australian Journal of Agricultural Research, 1982, 33(1): 13-23.	present	1	MH717815.1		
Bromovirus BMV	Brome mosaic virus		viruses	12302	Brome mosaic	玉米病毒性白斑病	confirmed	Aguilera S, Rodríguez-Escobar J G, Romero-González V N, et al. Identification and abundance of six viruses and a spiroplasma in single and mixed infections in maize fields in Veracruz, Mexico[J]. Revista bio ciencias, 2019, 6.	present	3	PV173122.1; PV173123.1; PV173124.1		
Cucumovirus CMV	Cucumber mosaic virus		viruses	12305	Cucumber mosaic	玉米条纹花叶病	confirmed	Kim M K, Kwak H R, Lee S H, et al. Characteristics of Cucumber mosaic virus isolated from Zea mays in Korea[J]. The Plant Pathology Journal, 2011, 27(4): 372-377.	present	6	HG917909.1; HG917910.1; HG917911.1; PZ447433.1; PZ447434.1; PZ447435.1		
Emaravirus tritici	High Plains wheat mosaic virus (HPWMoV)		viruses	1980428	High Plains disease	高原病	confirmed	Redinbaugh M G, Zambrano J L. Control of virus diseases in maize[J]. Advances in virus research, 2014, 90: 391-429.	present	3	PZ410477.1; PZ410478.1; PZ410479.1		
Fijivirus alporyzae	Rice black streaked dwarf virus (RBSDV)		viruses	10990	Maize rough dwarf disease (China strain)	水稻黑条矮缩病毒(中国玉米粗缩病主要病原)	confirmed	Redinbaugh M G, Zambrano J L. Control of virus diseases in maize[J]. Advances in virus research, 2014, 90: 391-429.	present	3	LC590237.1; LC590238.1; LC590239.1		NCBI species node resolved; original isolate TaxID retained; renamed from Fijivirus zeae to Fijivirus alporyzae
Fijivirus boryzae	Southern rice black streaked dwarf virus (SRBSDV)		viruses	519497	Southern rice black streaked dwarf (infects maize)	南方水稻黑条矮缩病毒(侵染玉米)	confirmed	Zhou G, Xu D, Xu D, et al. Southern rice black-streaked dwarf virus: a white-backed planthopper-transmitted fijivirus threatening rice production in Asia[J]. Frontiers in microbiology, 2013, 4: 270.	present	13	NC_014708.1; NC_014709.1; NC_014710.1; NC_014711.1; NC_014712.1; NC_014713.1; NC_014714.1; NC_014715.1; NC_014716.1; NC_014717.1; PP316494.1; PP316495.1; PP316496.1		
Fijivirus cuartoense	Mal de Rio Cuarto virus (MRCV)		viruses	185954	Mal de Rio Cuarto disease (maize rough dwarf)	里奥夸尔托病毒病(阿根廷玉米粗缩病)	confirmed	Redinbaugh M G, Zambrano J L. Control of virus diseases in maize[J]. Advances in virus research, 2014, 90: 391-429.	present	4	NC_008734.1; NC_008735.1; NC_008736.1; NC_008737.1		
Fijivirus zeae	Maize rough dwarf virus (MRDV)		viruses	10989	Maize rough dwarf disease	玉米粗缩病(欧洲株系)	confirmed	Redinbaugh M G, Zambrano J L. Control of virus diseases in maize[J]. Advances in virus research, 2014, 90: 391-429.	present	3	MN103286.1; MN103287.1; MN103288.1		NCBI species node resolved; original isolate TaxID retained
Gammanucleorhabdovirus cerealis	Cereal chlorotic mottle virus		viruses	2964312	Cereal chlorotic mottle	玉米禾谷褪绿斑驳病	confirmed	Greber R S. Cereal chlorotic mottle virus—a rhabdovirus of Gramineae in Australia transmitted by Nesoclutha pallida (Evans)[J]. Australian Journal of Agricultural Research, 1979, 30(3): 433-443.	present	2	NC_117253.1		
Gammanucleorhabdovirus maydis	Maize fine streak virus (MFSV)		viruses	209854	Maize fine streak	玉米细条斑病	confirmed	Redinbaugh M G, Seifers D L, Meulia T, et al. Maize fine streak virus, a new leafhopper-transmitted rhabdovirus[J]. Phytopathology, 2002, 92(11): 1167-1174.	present	2	NC_005974.1		
Hordeivirus hordei	Barley stripe mosaic virus		viruses	12327	Barley stripe mosaic	玉米矮缩病毒病	confirmed	Pring D R. Barley stripe mosaic virus infection of corn and the" aberrant ratio" genetic effect[J]. 1974.	present	3	ON924210.1; ON924211.1; ON924212.1		
Luteovirus mavhordei	Barley yellow dwarf virus-MAV (BYDV-MAV) ( Maize leaf fleck virus)		viruses	2169984	Barley yellow dwarf (infects maize)	大麦黄矮病(侵染玉米)	confirmed	Bisnieks, M., Kvarnheden, A., Turka, I., & Sigvald, R. (2006). Occurrence of barley yellow dwarf virus and cereal yellow dwarf virus in pasture grasses and spring cereals in Latvia. Acta Agriculturae Scandinavica, Section B — Soil & Plant Science, 56(3), 171–178. https://doi.org/10.1080/09064710500297658	present	39	NC_003680.1; OQ686648.1; OQ686649.1; OQ686650.1; OQ686651.1; OQ686652.1; OQ686653.1; OQ686654.1; OQ686655.1; OQ686656.1; OQ686657.1; OQ686658.1; OQ686659.1; OQ686660.1; OQ686661.1; OQ686662.1; OQ686663.1; OQ686664.1; OQ686665.1; OQ686666.1; OQ686667.1; OQ686668.1; OQ686669.1; OQ686670.1; OQ686671.1; OQ686672.1; OQ686673.1; OQ686674.1; OQ686675.1; OQ686676.1; OQ686677.1; OQ686678.1; OQ686679.1; OQ686680.1; OQ686681.1; OR771729.1; PV978102.1; PV978103.1; PV978104.1		
Machlomovirus zeae	Maize chlorotic mottle virus (MCMV)		viruses	12138	Maize lethal necrosis (synergistic)	玉米致死性坏死病	confirmed	Jones RAC. (2022). Global Plant Virus Disease Pandemics. Plants	present	43	MK787304.1; MN706213.1; MN706214.1; MN706215.1; MN706216.1; MN706217.1; MN706218.1; MN706219.1; MN706220.1; MN706221.1; MN706222.1; MN706223.1; MN706224.1; MN706225.1; MN706226.1; MN706227.1; MN706228.1; MN706229.1; MN706230.1; MN706231.1; MN706235.1; MN706236.1; MN706237.1; MN706238.1; MN706239.1; MN706240.1; MN706241.1; MN706242.1; MN756483.1; MN822301.1; MN822302.1; MN822303.1; OK181780.1; PV974307.1; PV974308.1; PV974309.1; PV974310.1; PV974311.1; PV974312.1; PV974313.1; PV974318.1; PV974319.1; PZ270488.1		
Maize yellow stripe virus	Maize yellow stripe virus		viruses	328622	Maize yellow stripe	玉米黄条病毒病	confirmed	Mahmoud A, Royer M, Granier M, et al. Evidence for a segmented genome and partial nucleotide sequences of maize yellow stripe virus, a proposed new tenuivirus[J]. Archives of virology, 2007, 152(9): 1757-1762.	present	3	AJ969415.1; AJ969416.1; GQ289374.1		
Marafivirus maydis	Maize rayado fino virus (MRFV)		viruses	59749	Maize rayado fino	玉米雷亚多菲诺病毒病	confirmed	Redinbaugh M G, Zambrano J L. Control of virus diseases in maize[J]. Advances in virus research, 2014, 90: 391-429.	present	3	KM523134.1; NC_002786.2		
Mastrevirus bourbonense	Maize streak Reunion virus		viruses	1182518	Wheat streak mosaic	玉米条斑花叶病	confirmed	Oyeniran K A, Hartnady P, Claverie S, et al. How virulent are emerging maize-infecting mastreviruses?[J]. Archives of virology, 2021, 166(3): 955-959.	present	12	JQ624880.1; KJ437669.1; KJ437670.1; KM230031.1; KT717933.1; MK329304.1; MK329305.1; MK546378.1; NC_017917.1; PQ424983.1; PQ424984.1		
Mastrevirus fulleri	Maize streak dwarfing virus		viruses	2557970	Maize Stripe Dwarf Virus	玉米条纹矮缩病	confirmed	Guadie D, Tesfaye K, Knierim D, et al. Molecular analysis of maize (Zea mays L.)-infecting mastreviruses in Ethiopia reveals marked diversity of virus genomes and a novel species[J]. Virus genes, 2019, 55(3): 339-345.	present	4	MK329301.1; MK329302.1; MK329303.1; NC_055519.1		
Mastrevirus storeyi	Maize streak virus (MSV)		viruses	10821	Maize streak disease	玉米条纹病	confirmed	Santa Cruz F C, Domalanta J C, Minguez L T, et al. First report of maize streak virus affecting maize in the Philippines[J]. New Disease Reports, 2024, 50(1).	present	43	AF007881.1; AF329889.1; OQ102044.1; OQ211418.1; OQ211419.1; OQ211420.1; OQ211421.1; OQ211422.1; OQ211423.1; OQ211428.1; OQ211429.1; OQ211430.1; OQ211431.1; OQ211432.1; OQ211433.1; OQ211434.1; OQ211435.1; OQ211436.1; OQ211437.1; OQ211438.1; OQ211439.1; OQ211440.1; OQ211441.1; OQ211442.1; OQ211444.1; OQ211445.1; OQ211446.1; OQ211447.1; OQ211448.1; OQ211449.1; OQ211450.1; OQ211451.1; OQ211452.1; OQ211454.1; OR258386.1; OR258387.1; OR258388.1; OR258392.1; OR258395.1; OR258396.1; OR258397.1; OR258398.1; OR258402.1		
Polerovirus MAYMV	Maize yellow mosaic virus (MaYMV)		viruses	1856642	Maize yellow mosaic	玉米黄花叶病	confirmed	Stewart L R, Willie K. Maize yellow mosaic virus interacts with maize chlorotic mottle virus and sugarcane mosaic virus in mixed infections, but does not cause maize lethal necrosis[J]. Plant disease, 2021, 105(10): 3008-3014.	present	40	KU179221.1; KU248490.1; KU291099.1; KU291100.1; KU291101.1; KU291102.1; KU291103.1; KU291104.1; KU291105.1; KU291106.1; KU291107.1; KU291108.1; KY378940.1; KY940544.1; MF385583.1; MF684369.1; MG570476.1; MK652148.1; MK652149.1; MK652150.1; MN943641.1; MT809617.1; MW036244.1; NC_029990.1; NC_075108.1; OK331995.1; PP294862.1; PQ231203.1; PV974293.1; PV974294.1; PV974295.1; PV974296.1; PV974297.1; PV974298.1; PV974299.1; PV974300.1; PV974301.1; PV974305.1; PV974306.1; PX412243.1		
Polerovirus MYDVRMV	Maize yellow dwarf virus-RMV (MYDV-RMV)		viruses	2170101	Maize yellow dwarf	玉米黄矮病	confirmed	Krueger E N, Beckett R J, Gray S M, et al. The complete nucleotide sequence of the genome of Barley yellow dwarf virus-RMV reveals it to be a new Polerovirus distantly related to other yellow dwarf viruses[J]. Frontiers in Microbiology, 2013, 4: 205.	present	3	MF974579.2; MH205607.1; NC_021484.1		
Potyvirus halapensis	Johnsongrass mosaic virus (JGMV)		viruses	31742	Johnsongrass mosaic (infects maize)	约翰逊草花叶病	confirmed	Stewart L R, Willie K, Wijeratne S, et al. Johnsongrass mosaic virus contributes to maize lethal necrosis in East Africa[J]. Plant disease, 2017, 101(8): 1455-1462.	present	4	KT289893.1; KT833782.1; NC_003606.1; OQ060497.1		
Potyvirus pennisseti	Pennisetum Mosaic Virus		viruses	221262	Maize Dwarf Mosaic Viruses	玉米矮花叶病	confirmed	Fan Z F, Wang W J, Jiang X, et al. Natural infection of maize byPennisetum mosaic virusin China[J]. Plant pathology, 2004, 53(6).	present	22	DQ977725.1; JX070139.1; JX070140.1; JX070141.1; JX070142.1; JX070143.1; JX070144.1; JX070145.1; JX070146.1; JX070147.1; JX070148.1; JX070149.1; JX070150.1; JX070151.1; JX070152.1; JX070153.1; JX070154.1; JX070155.1; JX070156.1; JX070157.1; KX660769.1; NC_007147.1		
Potyvirus sacchari	Sugarcane mosaic virus (SCMV)		viruses	12224	Sugarcane mosaic (infects maize)	甘蔗花叶病(侵染玉米)	confirmed	Jones RAC. (2021). Global Plant Virus Disease Pandemics. Plants	present	43	KU171814.1; KU171815.1; KU171816.1; KU171817.1; MF467393.1; MF467394.1; MF467395.1; MF467396.1; MF467397.1; MF467398.1; MF467399.1; MF467400.1; MF467401.1; MF467402.1; MF467403.1; MF467404.1; MH580837.1; MN097767.1; MN097768.1; MN097769.1; MN203189.1; MN714644.1; MN756484.1; MN759251.1; MN788498.1; MN795295.1; MN813966.1; MN813967.1; MW248339.1; OP150408.1; OP150410.1; OQ060499.1; OQ446805.1; OQ948124.1; PP130177.1; PP130178.1; PV021393.1; PV974322.1; PV974323.1; PV974327.1; PV974337.1; PV974339.1; PV974340.1		
Potyvirus sorghitessellati	Sorghum mosaic virus (SrMV)		viruses	32619	Sorghum mosaic (may infect maize)	高粱花叶病毒(偶侵染玉米)	confirmed	Kannan M, Ismail I, Bunawan H. Maize dwarf mosaic virus: from genome to disease management[J]. Viruses, 2018, 10(9): 492.	present	33	FM997897.1; FM997898.1; FM997899.1; FM997900.1; FM997901.1; FM997902.1; FM997903.1; FM997904.1; FM997905.1; FM997906.1; FM997907.1; FM997908.1; FM997909.1; KJ541740.1; KM025038.1; KM025039.1; KM025040.1; KM025041.1; KM025042.1; KM025043.1; KM025044.1; KM025045.1; KM025046.1; KM025047.1; KM025048.1; KM025049.1; KM025050.1; KM025051.1; KM025052.1; KM025053.1; KM025054.1; NC_004035.1; U57358.2		
Potyvirus zeananus	Maize dwarf mosaic virus (MDMV)		viruses	12203	Maize dwarf mosaic	玉米矮花叶病	confirmed	Jones RAC. (2021). Global Plant Virus Disease Pandemics. Plants	present	27	JQ280313.1; JQ403608.1; JQ403609.2; JX185302.2; MK282423.1; MN615724.1; MW026050.1; MW026051.1; MW026052.1; MW026053.1; MW026054.1; MW026055.1; MW026056.1; MW026057.1; MW026058.1; MW026059.1; MW026060.1; MW026061.1; MW026062.1; MW026063.1; MW026064.1; MW026065.1; MW026066.1; NC_003377.1; ON604838.1; OQ060498.1; OQ236070.1		
Potyvirus zeatessellati	Zea mosaic virus		viruses	115232	Maize dwarf mosaic	玉米矮花叶病	confirmed	Seifers D L, Salomon R, Marie-Jeanne V, et al. Characterization of a novel potyvirus isolated from maize in Israel[J]. Phytopathology, 2000, 90(5): 505-513.	missing	0		No public marker gene sequence found in NCBI GenBank (2026-08-25)	
Tenuivirus oryzaclavatae	Rice stripe virus (Tenuivirus oryzaclavatae)		viruses	3052763	Rice stripe	玉米褪绿条纹病	confirmed	MUNKVOLD G P, WHITE D G. Compendium of Corn Diseases. 4th ed. Saint Paul: The American Phytopathological Society Press, 2016.	present	3	PZ126585.1; PZ126586.1; PZ126587.1		
Tenuivirus zeae	Maize stripe virus (MSpV)		viruses	3052767	Maize stripe disease	玉米条纹叶枯病	confirmed	Redinbaugh M G, Zambrano J L. Control of virus diseases in maize[J]. Advances in virus research, 2014, 90: 391-429.	present	3	MW328594.2; MW328595.2; MW328596.2		
Totivirus jyukyu	Maize-associated totivirus		viruses	1756285	Persistent/latent infection (no clear disease)	持续性/潜伏感染(无明显病害症状)	confirmed	Read D A, Featherston J, Rees D J G, et al. Diversity and distribution of Maize-associated totivirus strains from Tanzania[J]. Virus Genes, 2019, 55(3): 429-432.	present	3	MW063115.1; MW063116.1; OQ953827.1		
Tritimovirus tritici	Wheat streak mosaic virus (WSMV)		viruses	31741	Wheat streak mosaic (infects maize)	小麦条斑花叶病(侵染玉米)	confirmed	Satyanarayana T, Roy F. The C-terminus of Wheat streak mosaic virus Coat Protein Is Involved in Differential Infection of Wheat and Maize through Host-Specific Long-Distance Transport[J]. 2014.	present	43	OK181891.1; OK181892.1; OK181893.1; OK181894.1; OR082783.1; OR900886.1; OR900887.1; OR900888.1; OR900889.1; OR900890.1; OR900891.1; OR900892.1; OR900893.1; OR900894.1; OR900895.1; OR900896.1; OR900897.1; OR900898.1; OR900899.1; OR900900.1; OR900901.1; OR900902.1; OR900903.1; OR900904.1; OR900905.1; OR900906.1; OR900907.1; OR900908.1; OR900909.1; OR900910.1; OR900911.1; OR900912.1; OR900913.1; OR900914.1; OR900915.1; OR900916.1; OR900917.1; OR900918.1; OR900919.1; PP856226.1; PV525500.1; PV525501.1; PX738486.1		
Waikavirus zeae	Maize chlorotic dwarf virus (MCDV)		viruses	51354	Maize chlorotic dwarf	玉米褪绿矮缩病	confirmed	Redinbaugh M G, Zambrano J L. Control of virus diseases in maize[J]. Advances in virus research, 2014, 90: 391-429.	present	6	AY362551.1; AY829112.2; MH713426.1; MN203201.1; MW727468.1; NC_003626.1		
Zeavirus zeae	Maize necrotic streak virus (MNeSV)		viruses	137556	Maize necrotic streak	玉米坏死条纹病	confirmed	Louie R, Redinbaugh M G, Gordon D T, et al. Maize necrotic streak virus, a new maize virus with similarity to species of the family Tombusviridae[J]. Plant disease, 2000, 84(10): 1133-1139.	present	2	NC_007729.1		
Agroathelia rolfsii (Sclerotium rolfsii, Athelia rolfsii)	Agroathelia rolfsii/Sclerotium rolfsii( Athelia rolfsii)	Sclerotium rolfsii; Athelia rolfsii	fungi	39291	Southern blight (Sclerotium rot)	白绢病/菌核病	confirmed	Ahmad Y, Mirza M S, Aslam M. Collar rot of maize caused by Sclerotium rolfsii in Pakistan[J]. Pakistan Journal of Agricultural Research (Pakistan), 1988, 9(4).	present	43	MH854711.1; MH858139.1; PP622046.1; PQ613299.1; PV805654.1; PV821533.1; PV822558.1; PZ127017.1; PZ148206.1; PZ177363.1; PZ177406.1; PZ213631.1; PZ270758.1; PZ270759.1; PZ295574.1; PZ324789.1; PZ336356.1; PZ361890.1; PZ366142.1; PZ451097.1; PZ519993.1; PZ535494.1; PZ554746.1; PZ559837.1; PZ610294.1; PZ630286.1; PZ630381.1; PZ683046.1; PZ686062.1; PZ686333.1; PZ687867.1; PZ688792.1; PZ694641.1; PZ694642.1; PZ704274.1; PZ714845.1; PZ715215.1; PZ725266.1; PZ725267.1; PZ790401.1; PZ827123.1; PZ829596.1; PZ829597.1		
Alternaria alternata	Alternaria alternata		fungi	5599	Alternaria leaf blight, leaf spot	链格孢叶枯病/叶斑病	confirmed	Xu X, Zhang L, Yang X, et al. Alternaria spp. associated with leaf blight of maize in Heilongjiang Province, China[J]. Plant Disease, 2022, 106(2): 572-584.	present	43	PX071429.1; PX071430.1; PX071442.1; PZ168227.1; PZ168228.1; PZ168229.1; PZ168230.1; PZ168231.1; PZ168232.1; PZ168233.1; PZ168234.1; PZ168235.1; PZ168236.1; PZ597222.1; PZ597223.1; PZ597224.1; PZ745329.1; PZ747778.1; PZ747779.1; PZ747780.1; PZ747781.1; PZ747783.1; PZ747785.1; PZ748287.1; PZ760429.1; PZ779820.1; PZ785153.1; PZ785242.1; PZ789668.1; PZ790489.1; PZ790548.1; PZ790556.1; PZ790926.1; PZ795308.1; PZ812260.1; PZ812261.1; PZ812262.1; PZ812293.1; PZ818895.1; PZ829971.1; PZ830880.1; PZ832358.1; PZ832363.1		
Alternaria burnsii	Alternaria burnsii		fungi	1187904	Leaf Blight	叶斑病	confirmed	Xu X, Zhang L, Yang X, et al. Alternaria spp. associated with leaf blight of maize in Heilongjiang Province, China[J]. Plant Disease, 2022, 106(2): 572-584.	present	43	MH863039.1; MH863040.1; MH865506.1; PP818958.1; PP915572.1; PQ060524.1; PQ119820.1; PQ285273.1; PQ285359.1; PQ584514.1; PQ584542.1; PQ605800.1; PQ651414.1; PQ651417.1; PQ651441.1; PV021216.1; PV124578.1; PV230488.1; PV234051.1; PV370362.1; PV455609.1; PV533641.1; PV533644.1; PV602354.1; PV704998.1; PV915450.1; PV961372.1; PX048803.1; PX116852.1; PX285291.1; PX435312.1; PX448602.1; PX457138.1; PX735823.1; PX752285.1; PX842235.1; PX945825.1; PZ017494.1; PZ098972.1; PZ267196.1; PZ385187.1; PZ492660.1; PZ783952.1		
Alternaria tenuissima	Alternaria tenuissima		fungi	119927	Alternaria Leaf Spot	链格孢叶枯病	confirmed	Xu X, Zhang L, Yang X, et al. Alternaria spp. associated with leaf blight of maize in Heilongjiang Province, China[J]. Plant Disease, 2022, 106(2): 572-584.	present	43	LC939292.1; MH856117.1; MH864067.1; PX765461.1; PZ154704.1; PZ154705.1; PZ326482.1; PZ359470.1; PZ360081.1; PZ368548.1; PZ390053.1; PZ395211.1; PZ401100.1; PZ401105.1; PZ401109.1; PZ401111.1; PZ424331.1; PZ531991.1; PZ537238.1; PZ538189.1; PZ540352.1; PZ556451.1; PZ575847.1; PZ584630.1; PZ584631.1; PZ584632.1; PZ585958.1; PZ620330.1; PZ621006.1; PZ624027.1; PZ625950.1; PZ626849.1; PZ645955.1; PZ653134.1; PZ658215.1; PZ658224.1; PZ675721.1; PZ679418.1; PZ695127.1; PZ716778.1; PZ789846.1; PZ789847.1; PZ830033.1		
Ascochyta maydis	Ascochyta maydis		fungi	NOT_VERIFIED	leaf spot	叶斑病	confirmed	Stout G L. New fungi found on the Indian corn plant in Illinois[J]. Mycologia, 1930, 22(6): 271-287. | NCBI Taxonomy 未收录 Ascochyta maydis；与 Didymella maydis 非同一物种，TaxID 不可混用	missing	0		TaxID NOT_VERIFIED; no marker sequence linked	TAXID_PENDING; NCBI Taxonomy query 2026-08-25 found no exact match
Ascochyta zeae	Ascochyta zeae		fungi	NOT_VERIFIED	leaf spot	叶斑病	confirmed	Subedi S. A review on important maize diseases and their management in Nepal[J]. Journal of Maize Research and Development, 2015, 1(1): 28-52. | NCBI Taxonomy 未收录 Ascochyta zeae	missing	0		TaxID NOT_VERIFIED; no marker sequence linked	TAXID_PENDING; NCBI Taxonomy query 2026-08-25 found no exact match
Aspergillus flavus	Aspergillus flavus		fungi	5059	Aspergillus ear rot (aflatoxin contamination)	黄曲霉穗腐病(黄曲霉毒素污染)	confirmed	Klich M A. Aspergillus flavus: the major producer of aflatoxin[J]. Molecular plant pathology, 2007, 8(6): 713-722.	present	43	PV911002.1; PV911003.1; PV911004.1; PV911021.1; PV911022.1; PV911039.1; PV911040.1; PV911041.1; PV911042.1; PV911061.1; PV911062.1; PV911065.1; PV911066.1; PV911091.1; PV911092.1; PV911099.1; PV911100.1; PX694519.1; PX696736.1; PZ166306.1; PZ166307.1; PZ673691.1; PZ742422.1; PZ748288.1; PZ748307.1; PZ748308.1; PZ748919.1; PZ766598.1; PZ766600.1; PZ766603.1; PZ766606.1; PZ766607.1; PZ766611.1; PZ766612.1; PZ766614.1; PZ766615.1; PZ766618.1; PZ769818.1; PZ780177.1; PZ789686.1; PZ790467.1; PZ794437.1; PZ798434.1		
Aspergillus glaucus	Aspergillus glaucus		fungi	41413	Aspergillus ear rot	曲霉穗腐病	confirmed	Nnebechukwu I A, Rwang N Y, Ikechi-Nwogu C G, et al. A COMPARATIVE ANALYSIS OF THE ANTIFUNGAL EFFECTS OF YEAST AND BACILLUS SUBTILIS IN THE CONTROL OF BLUE EYE MOLD DISEASE OF MAIZE AND RICE[J]. FUDMA JOURNAL OF SCIENCES, 2024, 8(6): 581-586.	present	28	AY373887.1; EF652053.1; GU319986.1; JF922029.1; JN942870.1; JQ724365.1; JQ724459.1; KC485448.1; KF298065.1; KM232504.1; KT151583.1; KX022492.1; KX394538.1; LT670943.1; MH855094.1; MH857408.1; MH858701.1; MH860132.1; MK140705.1; MN454494.1; MT133798.1; MT156110.1; MT226599.1; MT443927.1; MZ091474.1; MZ158597.1; OR136216.1; OR342865.1		
Aspergillus niger	Aspergillus niger		fungi	5061	Black mold/Aspergillus ear rot	黑曲霉穗腐病/黑霉病	confirmed	Goher F, Khan F S, Saeed S, et al. First report of Aspergillus niger causing preharvest ear rot infection of maize in Pakistan[J]. Plant Disease, 2021, 105(1): 228.	present	43	PP922460.1; PV910901.1; PV910902.1; PV910903.1; PV910904.1; PV910905.1; PV910906.1; PV910917.1; PV910918.1; PV910929.1; PV910930.1; PV910935.1; PV910936.1; PV910943.1; PV910944.1; PV910965.1; PV910966.1; PV910973.1; PV910974.1; PV911007.1; PV911008.1; PV911027.1; PV911028.1; PV911071.1; PV911072.1; PV911089.1; PV911090.1; PX071336.1; PZ740568.1; PZ742441.1; PZ742470.1; PZ742506.1; PZ766605.1; PZ766610.1; PZ769817.1; PZ794712.1; PZ803275.1; PZ805016.1; PZ805022.1; PZ810688.1; PZ818887.1; PZ830759.1; PZ832409.1		
Aspergillus parasiticus	Aspergillus parasiticus		fungi	5067	Aspergillus ear rot	曲霉穗腐病	confirmed	Sivakaame G, Anand T, Paranidharan V, et al. Exploring Bacterial Endophytes as Potential Biocontrol Agents Against Aspergillus parasiticus Colonisation and Aflatoxin Contamination in Maize[J]. Journal of Phytopathology, 2025, 173(4): e70119.	present	43	LC752805.1; MZ458570.1; MZ503575.1; ON797623.1; ON797663.1; OP247616.1; OP329184.1; OP802634.1; OQ456472.1; OQ456473.1; OQ456475.1; OQ519962.1; OR005238.1; OR005263.1; OR005327.1; OR095654.1; OR287098.1; OR392778.1; OR754375.1; PP177521.1; PP717838.1; PP814824.1; PP851667.1; PQ049600.1; PQ403971.1; PQ403972.1; PQ460365.1; PQ463349.1; PQ511233.1; PQ643988.1; PQ644082.1; PQ826441.1; PV065873.1; PV194997.1; PV464648.1; PX056166.1; PX244200.1; PX426404.1; PX427487.1; PX533089.1; PZ267755.1; PZ405196.1; PZ742435.1		
Aspergillus tamarii	Aspergillus tamarii		fungi	41984	seed rot	种腐病	confirmed	Okoth S, Nyongesa B, Ayugi V, et al. Toxigenic potential of Aspergillus species occurring on maize kernels from two agro-ecological zones in Kenya[J]. Toxins, 2012, 4(11): 991-1007.	present	43	KP329611.1; KP329668.1; MH854614.1; MH856295.1; MH858230.1; MH859187.1; MH859188.1; MH864331.1; MH865259.1; PV107769.1; PV107773.1; PV107797.1; PV107904.1; PV108476.1; PV111578.1; PV111585.1; PV111586.1; PV910913.1; PV910914.1; PX048793.1; PX102345.1; PX668513.1; PX691414.1; PX715388.1; PX830074.1; PX830096.1; PX830100.1; PX830132.1; PX844903.1; PX848691.1; PX909670.1; PZ000582.1; PZ091391.1; PZ228455.1; PZ230380.1; PZ245384.1; PZ245385.1; PZ305998.1; PZ359181.1; PZ406413.1; PZ484231.1; PZ543310.1; PZ668823.1		
Bipolaris maydis (Cochliobolus heterostrophus)	Bipolaris maydis (Cochliobolus heterostrophus)	Cochliobolus heterostrophus	fungi	5016	Southern corn leaf blight (SCLB)	玉米小斑病	confirmed	Bruns H A. Southern corn leaf blight: a story worth retelling[J]. Agronomy Journal, 2017, 109(4): 1218-1224.	present	43	MH855024.1; MH858439.1; MH864477.1; MN957101.1; OQ862319.1; OQ862320.1; OQ862321.1; OQ862322.1; OQ862323.1; PP712917.1; PP712918.1; PP712919.1; PP712923.1; PP712924.1; PP712925.1; PP712927.1; PP712928.1; PP712929.1; PP712930.1; PP712931.1; PP712933.1; PP712934.1; PP712935.1; PP712936.1; PP712937.1; PP712938.1; PP921324.1; PP941958.1; PP956941.1; PP956942.1; PP957146.1; PP962216.1; PP981363.1; PP988397.1; PQ373033.1; PQ500574.1; PQ795811.1; PQ804476.1; PV291680.1; PX376342.1; PX884713.1; PZ625875.1; PZ764227.1		
Bipolaris sorokiniana (Cochliobolus sativus)	Bipolaris sorokiniana (Cochliobolus sativus)	Cochliobolus sativus	fungi	45130	Common root rott/seedling blight/ Bipolaris leaf spot	普通根腐病/苗枯病平脐蠕孢叶斑病	confirmed	郭宁,倪璇,石洁,等.玉米麦根腐平脐蠕孢叶斑病的发生与病原鉴定[J].植物病理学报,2017,47(1):1-8.DOI:10.13926/j.cnki.apps.000049.	present	43	MH855246.1; MH855247.1; MH856637.1; MH857554.1; MH857555.1; MH857556.1; MH858440.1; MH858691.1; MH860558.1; MH864696.1; MH864697.1; MH864698.1; PX069952.1; PX069954.1; PX069955.1; PX069956.1; PX069957.1; PX069962.1; PX069964.1; PX069965.1; PX069969.1; PX069970.1; PX069972.1; PX069973.1; PX069974.1; PX069975.1; PX069976.1; PX069978.1; PX069980.1; PX069981.1; PX069982.1; PX069984.1; PX069985.1; PX069986.1; PX069988.1; PX069989.1; PX069990.1; PX069991.1; PX069992.1; PX069996.1; PZ626160.1; PZ812087.1		
Bipolaris zeicola (Cochliobolus carbonum)	Bipolaris zeicola (Cochliobolus carbonum)	Cochliobolus carbonum	fungi	5017	Northern corn leaf spot/Helminthosporium leaf spot	玉米圆斑病/北方叶斑病	confirmed	Tonukari N J, Scott-Craig J S, Waltonb J D. The Cochliobolus carbonum SNF1 gene is required for cell wall–degrading enzyme expression and virulence on maize[J]. The Plant Cell, 2000, 12(2): 237-247.	present	43	MG228424.1; MH864761.1; MK304167.1; MK841439.1; MN022588.1; MN871712.1; MT065699.1; MT378438.1; MW407046.1; MW926395.1; MW929303.1; OL616291.1; OM106226.1; OP388921.1; OP412907.1; OP412918.1; OP412942.1; OP412947.1; OP412948.1; OP412949.1; OP412952.1; OP412953.1; OP536177.1; OP536194.1; OQ193155.1; OQ199493.1; OQ202064.1; OR260420.1; OR263172.1; OR543157.1; OR690742.1; OR727460.1; PP068947.1; PP217184.1; PP921151.1; PP961917.1; PQ187677.1; PQ272051.1; PQ278104.1; PQ289216.1; PQ421580.1; PX218573.1		
Botryosphaeria zeae	Botryosphaeria zeae		fungi	NOT_VERIFIED	Gray ear rot	穗灰腐病	confirmed	Bezuidenhout, Henrietta and Marasas W F O. Botryosphaeria zeae: the cause of grey ear rot of maize (Zea mays) in South Africa[J]. Phytophylactica, 1978, 10(1): 21-24. | NCBI Taxonomy 未收录 Botryosphaeria zeae	missing	0		TaxID NOT_VERIFIED; no marker sequence linked	TAXID_PENDING; NCBI Taxonomy query 2026-08-25 found no exact match
Botrytis cinerea	Botrytis cinerea		fungi	40559	Gray mold, ear rot (rare)	灰霉病/灰霉穗腐	confirmed	Liang Y, Bi K, Sharon A. The Botrytis cinerea transglycosylase BcCrh4 is a cell death‐inducing protein with cell death‐promoting and‐suppressing domains[J]. Plant, cell & environment, 2024, 47(1): 354-371.	present	9	PZ707276.1; PZ707290.1; PZ715754.1; PZ715779.1; PZ715780.1; PZ734647.1; PZ756804.1; PZ756805.1; PZ774987.1		
Ceratobasidium cereale (Rhizoctonia cerealis)	Rhizoctonia cerealis/Ceratobasidium cereale	Rhizoctonia cerealis	fungi	76351	sharp eyespot	锐眼斑病	confirmed	Tomaso-Peterson M, Trevathan L E. Characterization of Rhizoctonia-like fungi isolated from agronomic crops and turfgrasses in Mississippi[J]. Plant disease, 2007, 91(3): 260-265.	present	39	OR980720.1; OR980721.1; OR980722.1; OR980723.1; OR980724.1; OR980725.1; OR980726.1; OR980727.1; OR980729.1; OR980730.1; OR980731.1; OR980732.1; OR980733.1; OR980734.1; OR980735.1; OR980736.1; OR980737.1; OR980738.1; OR980739.1; OR980740.1; OR980741.1; OR980742.1; OR980743.1; OR980744.1; OR980745.1; OR980746.1; OR980747.1; OR980748.1; OR980749.1; OR980750.1; PP357949.1; PP357952.1; PP357954.1; PP357959.1; PP357968.1; PP357969.1; PQ879995.1; PV849335.1; PZ433256.1		
Ceratocystis paradoxa/Thielaviopsis paradoxa	Ceratocystis paradoxa/Thielaviopsis paradoxa		fungi	13001	Ceratocystis paradoxa leaf spot	长喙壳叶斑病	confirmed	Kumari M, Kamat S, Dixit R, et al. Microbial formulation approaches in postharvest disease management[M]//Food security and plant disease management. Woodhead Publishing, 2021: 279-305.	present	43	MH855239.1; MH859867.1; OQ422147.1; OQ422148.1; OQ422149.1; OQ422150.1; OQ422151.1; OQ422152.1; OQ422153.1; OQ422154.1; OQ422155.1; OQ422156.1; OQ422157.1; OQ422158.1; OQ422159.1; OQ422160.1; OQ448884.1; OQ791411.1; OR345245.1; OR564191.1; PP502916.1; PP587644.1; PP838332.1; PQ001935.1; PQ390716.1; PQ390717.1; PQ489344.1; PQ489346.1; PQ489348.1; PQ643222.1; PQ643223.1; PQ846880.1; PV290762.1; PV534988.1; PV562478.1; PV998055.1; PV998057.1; PV998079.1; PV998083.1; PV998085.1; PX858216.1; PX858217.1; PZ392141.1		
Cercospora sorghi var. maydis	Cercospora sorghi var. maydis		fungi	161743	Gray Leaf Spot	灰斑病	confirmed	Crous P W, Groenewald J Z, Groenewald M, et al. Species of Cercospora associated with grey leaf spot of maize[J]. Studies in Mycology, 2006, 55(1): 189-197.	present	2	AF297232.1; AF297233.1		
Cercospora zeae-maydis	Cercospora zeae-maydis		fungi	135779	Gray leaf spot (GLS)	玉米灰斑病	confirmed	Ward J M J, Stromberg E L, Nowell D C, et al. Gray leaf spot: a disease of global importance in maize production[J]. Plant disease, 1999, 83(10): 884-895.	present	9	OQ732341.1; OQ732350.1; OQ732363.1; OR945717.1; PQ571649.1; PQ571652.1; PQ571656.1; PQ650760.1; PQ650762.1		
Cercospora zeina	Cercospora zeina		fungi	348901	Gray Leaf Spot	灰斑病	confirmed	Liu K J, Xu X D. First report of gray leaf spot of maize caused by Cercospora zeina in China[J]. Plant Disease, 2013, 97(12): 1656-1656.	present	42	DQ185082.1; EU569219.1; EU569225.1; EU569227.1; EU569228.1; EU569229.1; KC878692.1; KM087687.1; KM087691.1; KX458028.1; MW486035.1; MW486036.1; PQ056514.1; PQ056515.1; PQ056516.1; PQ056517.1; PQ056518.1; PQ056519.1; PQ056520.1; PQ056521.1; PQ056522.1; PQ056523.1; PQ056524.1; PQ056525.1; PQ056526.1; PQ056527.1; PQ056553.1; PQ056554.1; PQ056555.1; PQ056556.1; PQ056557.1; PQ056558.1; PQ056559.1; PQ056587.1; PQ061883.1; PQ571645.1; PQ571646.1; PQ571647.1; PQ571650.1; PQ571655.1; PQ571657.1; PV133732.1		
Cladosporium cladosporioides	Cladosporium cladosporioides		fungi	29917	Cladosporium ear rot	玉米枝孢穗腐病	confirmed	Price J L, Visagie C M, Meyer H, et al. Fungal species and mycotoxins associated with maize ear rots collected from the eastern Cape in South Africa. Toxins (Basel). 2024; 16 (2): 95[EB/OL]. 杜娟,郭洁蓓,胡佳,等.枝孢菌引致的玉米叶枯病研究[J].玉米科学,2025,33(6):115-121.DOI:10.13597/j.cnki.maize.science.20250616.	present	43	MH857281.1; MH863917.1; MH863979.1; MH864012.1; MH864338.1; MH864397.1; MH864399.1; MH864505.1; MH864528.1; MH864765.1; MH864834.1; MH865207.1; PP844230.1; PP844306.1; PP922467.1; PQ350598.1; PQ350611.1; PQ350620.1; PQ350628.1; PQ350633.1; PQ350635.1; PV620203.1; PX071371.1; PX071389.1; PX132778.1; PX587824.1; PZ575793.1; PZ575807.1; PZ575811.1; PZ575815.1; PZ579211.1; PZ579228.1; PZ658197.1; PZ661514.1; PZ691839.1; PZ706475.1; PZ719801.1; PZ728842.1; PZ770543.1; PZ794430.1; PZ816501.1; PZ818897.1; PZ830435.1		
Cladosporium herbarum	Cladosporium herbarum		fungi	29918	Cladosporium kernel/ear rot	枝孢霉穗腐病/叶斑病玉米枝孢穗腐病	confirmed	Crop Protection Network (2019). Cladosporium Ear Rot of Corn.	present	43	MH856530.1; MH856534.1; MH863793.1; MH863798.1; MH863980.1; MH863981.1; MH864758.1; MH864772.1; MH864860.1; MH864921.1; MH865142.1; MH865203.1; PQ206470.1; PQ671421.1; PQ770979.1; PV610483.1; PV620838.1; PV627107.1; PV926999.1; PX251922.1; PX307988.1; PX387364.1; PX487951.1; PX642697.1; PX789605.1; PX875864.1; PX917478.1; PZ027909.1; PZ059824.1; PZ135076.1; PZ177861.1; PZ204099.1; PZ204109.1; PZ242070.1; PZ278099.1; PZ278104.1; PZ465749.1; PZ567589.1; PZ627261.1; PZ658223.1; PZ690027.1; PZ690029.1; PZ742013.1		
Claviceps gigantea	Claviceps gigantea		fungi	89175	Horse's tooth (ergot-like)	巨型麦角病 (Horse's tooth)	confirmed	Fuentes S F, De La Isla D L I, Maria De L M D L, et al. Claviceps gigantea, a new pathogen of Maize in Mexico[J]. 1964.	present	7	AJ133394.2; KJ543564.1; KJ543565.1; KJ543566.1; KJ543567.1; LT216445.1; LT216446.1		
Colletotrichum graminicola /Glomerella graminicola	Colletotrichum graminicola /(Glomerella graminicola)		fungi	31870	Anthracnose stalk rot	炭疽茎腐病	confirmed	Sukno S A, García V M, Shaw B D, et al. Root infection and systemic colonization of maize by Colletotrichum graminicola[J]. Applied and environmental microbiology, 2008, 74(3): 823-832.	present	42	OM100560.1; OM744895.1; ON207619.1; OQ708382.1; OQ708383.1; OR652903.1; OR652904.1; OR672067.1; OR672083.1; PP175020.1; PP175021.1; PP175022.1; PP175023.1; PP175024.1; PP175025.1; PP175026.1; PP175029.1; PP175030.1; PP175031.1; PP175032.1; PP175033.1; PP216364.1; PP794884.1; PP921285.1; PV111058.1; PV200082.1; PV200083.1; PV726012.1; PV726013.1; PV726014.1; PV726019.1; PV726020.1; PV726021.1; PV726033.1; PV726038.1; PV726039.1; PV726040.1; PV726041.1; PX736229.1; PX974531.1; PX974532.1; PZ360773.1		
Curvularia aeria / Curvularia lunata var. aeria	Curvularia aeria/Curvularia lunata var. aeria		fungi	1203437	Curvularia leaf spot	弯孢叶斑病	confirmed	Garhwal P D, Sharma S S, Dahima V, et al. Physiopathological studies, characterization and yield loss assessment of Curvularia leaf spot of maize (Zea mays)[J]. 2022.	present	43	LC494368.1; MH424595.1; MH858056.1; MH859836.1; MK736814.1; MK736815.1; MN006621.1; MN170718.1; MN881067.1; MN999546.1; MT043775.1; MT158678.1; MT470608.1; OM265294.1; OP380878.1; OP819300.1; OQ085111.2; OQ435847.1; OQ435856.1; OQ435873.1; OQ657944.1; OQ657945.1; OQ692607.1; OR101252.1; OR256268.1; OR425097.1; OR425098.1; OR501386.1; OR858888.1; OW985728.1; OW986267.1; PP291902.1; PV978689.1; PV979372.1; PV979376.1; PV979412.1; PX061842.1; PX588339.1; PX627198.1; PX654071.1; PX908926.1; PZ185322.1; PZ482264.1		
Curvularia australiensis	Curvularia australiensis		fungi	91365	Curvularia leaf spot	弯孢叶斑病	confirmed	Chang J Y, Zhang H J, Shi J, et al. First report of Curvularia australiensis causing leaf spot on maize (Zea mays) in China[J]. Plant Disease, 2016, 100(8): 1780-1780.	present	43	HE792906.1; HE792907.1; HF934912.1; KC424595.1; KC424607.1; KC424613.1; KM999998.1; KP400633.1; KP641162.1; KP658386.1; KR363626.1; KR673907.1; KR673908.1; KT154009.1; KT719300.1; KU296271.1; KU645991.1; MF380799.1; MG596636.1; MH857686.1; MH864363.1; MH864364.1; MH864365.1; MH885522.1; MK299137.1; MK300005.1; MK804732.1; MN173123.1; MN173134.1; MN173135.1; MN556333.1; MN556334.1; MN560093.1; MT556351.1; MW479390.1; MW553173.1; OL984253.1; OP811007.1; OP881827.1; OQ118377.1; OR429427.1; OR473181.1; PP968096.1		
Curvularia clavata	Curvularia clavata		fungi	95742	Curvularia leaf spot	弯孢叶斑病	confirmed	Mandokhot A M, Basu Chaudhary K C. A new leaf spot of maize incited by Curvularia clavata[J]. Netherlands Journal of Plant Pathology, 1972, 78(2): 65-68.	present	40	AF071336.1; GQ179976.1; HF937109.1; JN006762.1; JN006764.1; JN006765.1; JN006766.1; JN006767.1; JN006768.1; JN021115.1; JX126481.1; KU552203.1; KU552205.1; KU715109.1; KX610320.1; KX757756.1; KY984008.1; LS484130.1; MF038179.1; MK736276.1; MN398972.1; MN540251.1; MN592977.1; MN623415.1; MN718986.1; MW320530.1; MW543062.1; MZ042536.1; OM280074.1; ON130615.1; OP854609.1; OQ195796.1; OR230244.1; PP291919.1; PP373713.1; PP621719.1; PP621720.1; PZ018914.1; PZ502411.1; PZ619181.1		
Curvularia eragrostidis	Curvularia eragrostidis		fungi	418125	Curvularia leaf spot	弯孢叶斑病	confirmed	KULKARNI S, WALI M C, HARLAPUR S I, et al. Etiology, prevalence and management of curvularia leaf spot of maize in Karnataka[J]. 2016.	present	43	MH858546.1; MH859837.1; MN905466.1; MW260287.1; MW330259.1; MZ148448.1; MZ203545.1; MZ203562.1; MZ203563.1; MZ203564.1; MZ203589.1; MZ203590.1; MZ510930.1; MZ951162.1; OK284522.1; OL347778.1; OM574679.1; ON130597.1; ON130605.1; OP251366.1; OQ132555.1; OQ421617.1; OQ435851.1; OQ435863.1; OQ435865.1; OQ435867.1; OR552700.1; OR939709.1; PP082869.1; PP761989.1; PP786364.1; PP887991.1; PP887992.1; PP887993.1; PP887994.1; PQ427790.1; PV138304.1; PV651752.1; PX715456.1; PX715457.1; PZ051199.1; PZ269064.1; PZ744239.1		
Curvularia geniculata(Cochliobolus geniculatus)	Curvularia geniculata(Cochliobolus geniculatus)	Cochliobolus geniculatus	fungi	418126	Leaf spot (minor)	弯孢叶斑病(次要)	confirmed	Manzar N, Kashyap A S, Sharma P K, et al. First report of leaf spot of maize caused by Curvularia geniculata in India[J]. Plant Disease, 2021, 105(12): 4155.	present	43	LC802642.1; MH856584.1; MH857009.1; MH857565.1; MH858445.1; MH858604.1; PP442061.1; PP887995.1; PP887996.1; PP961894.1; PQ130437.1; PQ166595.1; PQ203624.1; PQ358371.1; PQ453901.1; PQ509331.1; PQ580772.1; PV021109.1; PV021212.1; PV290842.1; PV363220.1; PV363268.1; PV367997.1; PV789439.1; PV834175.1; PV918788.1; PV932089.1; PX362638.1; PX463423.1; PX752441.1; PX972514.1; PX974578.1; PZ017563.1; PZ092863.1; PZ151159.1; PZ185325.1; PZ255453.1; PZ269071.1; PZ274260.1; PZ281862.1; PZ281868.1; PZ678935.1; PZ794750.1		
Curvularia inaequalis / Helminthosporium inaequale	Curvularia inaequalis / Helminthosporium inaequale		fungi	38902	Curvularia leaf spot	弯孢叶斑病	confirmed	Zhang D, Wang F, Zhao J, et al. Virulence, molecular diversity, and mating type of Curvularia lunata in China[J]. Plant disease, 2019, 103(7): 1728-1737.	present	43	KU935665.1; KY114905.1; MF461014.1; MG654437.1; MG654438.1; MH473944.1; MH856096.1; MH856636.1; MN720351.1; MN830390.1; MT000601.1; MT192114.1; MT229246.1; MT229248.1; MT229249.1; MW332244.1; MW356912.1; MW940815.1; MZ486390.1; OK117928.1; OM232276.1; OM685093.1; ON127872.1; OP709686.1; OP710129.1; OR206518.1; OR259227.1; OR600286.1; OR602165.1; OR652925.1; OW847525.1; OW984015.1; OW986427.1; OW988110.1; PP789629.1; PP801333.1; PP801574.1; PP818868.1; PP851675.1; PP872372.1; PQ637670.1; PX106831.1; PZ694856.1		
Curvularia intermedia / Cochliobolus intermedius	Curvularia intermedia(Cochliobolus intermedius)		fungi	95735	Curvularia leaf spot	弯孢叶斑病	confirmed	Zhang D, Wang F, Zhao J, et al. Virulence, molecular diversity, and mating type of Curvularia lunata in China[J]. Plant disease, 2019, 103(7): 1728-1737.	present	43	MF370184.1; MH393296.1; MK192923.1; MK304100.1; MK304195.1; MK304232.1; MK304397.1; MK690420.1; MN809163.1; MN905483.1; MT229264.1; MT505874.1; MT505879.1; MT605134.1; MT605137.1; MW081267.1; MZ613310.1; OL677168.1; OL711652.1; OM237011.1; OM272972.1; OM745376.1; OM745570.1; ON208458.1; ON711979.1; ON844201.1; OP257234.1; OQ300329.1; OR434055.1; OR708567.1; OR708568.1; PP069871.1; PP515276.1; PP563716.1; PQ203626.1; PQ395200.1; PQ533225.1; PV133109.1; PV450185.1; PV608212.1; PV664726.1; PX238634.1; PZ269063.1		
Curvularia lunata (Cochliobolus lunatus)	Curvularia lunata (Cochliobolus lunatus)	Cochliobolus lunatus	fungi	5503	Curvularia leaf spot	弯孢叶斑病	confirmed	Gao S, Li Y, Gao J, et al. Genome sequence and virulence variation-related transcriptome profiles of Curvularia lunata, an important maize pathogenic fungus[J]. BMC genomics, 2014, 15(1): 627.	present	43	MH858446.1; PX845981.1; PX899285.1; PZ234630.1; PZ288162.1; PZ327767.1; PZ327833.1; PZ342839.1; PZ359625.1; PZ360774.1; PZ374875.1; PZ380007.1; PZ380016.1; PZ384155.1; PZ384157.1; PZ403272.1; PZ406425.1; PZ407063.1; PZ453030.1; PZ460987.1; PZ462622.1; PZ489343.1; PZ502928.1; PZ507297.1; PZ509330.1; PZ536320.1; PZ536321.1; PZ546338.1; PZ575810.1; PZ585091.1; PZ626781.1; PZ675716.1; PZ741779.1; PZ744291.1; PZ745133.1; PZ745134.1; PZ748915.1; PZ748917.1; PZ761536.1; PZ780068.1; PZ789906.1; PZ789907.1; PZ818900.1		
Curvularia pallescens	Curvularia pallescens		fungi	318706	Curvularia leaf spot	弯孢叶斑病	confirmed	Manzar N, Kashyap A S, Sharma P K, et al. First report of leaf spot on maize caused by Curvularia verruculosa in India[J]. Plant Disease, 2024, 108(3): 793.	present	12	AB288408.1; AB288409.1; EU339370.1; JN006786.1; JQ585675.1; KJ922380.1; MH855614.1; MH856585.1; MK426806.1; MK583547.1; MN055718.1; OM262208.1		
Curvularia senegalensis / Brachysporium senegalense	Curvularia senegalensis / Brachysporium senegalense		fungi	215132	Curvularia leaf spot	弯孢叶斑病	confirmed	Zhang D, Wang F, Zhao J, et al. Virulence, molecular diversity, and mating type of Curvularia lunata in China[J]. Plant disease, 2019, 103(7): 1728-1737.	present	31	AB444664.1; HG779001.1; JN006788.1; MH087107.1; MH087110.1; MH368101.1; MK359853.1; MK804485.1; MT410577.1; MT476857.1; MT476858.1; MT476859.1; MW353711.1; MZ595769.1; MZ733747.1; OQ657946.1; OQ657947.1; OR544404.1; OR761601.1; OW985594.1; PP053177.1; PP275247.1; PP564498.1; PP564499.1; PP621721.1; PQ881650.1; PV157292.1; PV157293.1; PV848768.1; PZ185326.1		
Curvularia tuberculata / Cochliobolus tuberculatus	Curvularia tuberculata (Cochliobolus tuberculatus)		fungi	1056642	Curvularia leaf spot	弯孢叶斑病	confirmed	Zhang D, Wang F, Zhao J, et al. Virulence, molecular diversity, and mating type of Curvularia lunata in China[J]. Plant disease, 2019, 103(7): 1728-1737.	present	33	HF934907.1; JN192374.1; JQ724383.1; JQ724434.1; JQ724489.1; JQ724512.1; JX256433.1; KC315948.1; KJ767096.1; KP122965.1; KR704891.1; KT385714.1; KY995629.1; LC494371.1; MF448225.1; MH665453.1; MH858243.1; MH859834.1; MN402766.1; MN519517.1; MN519519.1; MN521832.1; MN540245.1; MN540247.1; MT229266.1; ON329689.1; OR262502.1; OR262504.1; OR262505.1; OR555998.1; PV250306.1; PV290864.1; PX518059.1		
Didymella exitialis / Neoascochyta exitialis	Neoascochyta exitialis/ Didymella exitialis		fungi	487631	leaf spot	叶斑病	confirmed	王晓鸣等. 玉米病害和病原名称整理及其汉译名称规范化探讨. 《中国农业科学》,2020.	present	39	EU167564.1; KC311477.1; KC989097.1; KT389516.1; KT389517.1; KT692567.1; KX778684.1; LR961710.1; MG938349.1; MH857013.1; MH861347.1; MH861971.1; MK029866.1; MK690550.1; MN972997.1; MN972999.1; MN973386.2; MN973388.2; MN973627.1; MW710038.1; MW710041.1; OK353875.1; OM744817.1; ON963047.1; OP799057.1; OR783914.1; OR792413.1; OR810325.1; OR810468.1; OR810525.1; OR810577.1; OZ347338.1; OZ347352.1; OZ347353.1; OZ347356.1; OZ347382.1; PP147795.1; PP156753.1; PX118478.1		
Didymella maydis (Phyllosticta maydis)	Didymella maydis (Phyllosticta maydis)	Phyllosticta maydis	fungi	259522	yellow leaf blight of maize	玉米黄叶枯病	confirmed	Arny D C, Nelson R R. Phyllosticta maydis species nova, the incitant of yellow leaf blight of maize[J]. Phytopathology, 1971, 61(10): 1170-72.	present	9	KF512826.1; MH859380.1; MN972882.1; MN973269.2; OM701808.1; OM701809.1; PZ745918.1; PZ745919.1; PZ745920.1		
Epicoccum nigrum	Epicoccum nigrum		fungi	105696	Epicoccum leaf spot, ear mold (minor)	附球菌叶斑病/穗霉病(次要)	confirmed	Xu X, Li J, Yang X, et al. Epicoccum spp. causing maize leaf spot in Heilongjiang Province, China[J]. Plant Disease, 2022, 106(12): 3050-3060.	present	43	MH854713.1; MH855167.1; MH855260.1; MH855396.1; MH855478.1; MH855943.1; MH857847.1; MH857848.1; MH857849.1; MH857850.1; MH857851.1; MH860625.1; MH860655.1; MH861752.1; PQ350493.1; PQ350496.1; PQ350591.1; PQ350642.1; PQ350643.1; PQ350657.1; PV498642.1; PV498646.1; PV498651.1; PV498652.1; PV498653.1; PV498654.1; PV498655.1; PV498688.1; PZ281865.1; PZ462612.1; PZ476674.1; PZ526881.1; PZ544358.1; PZ556471.1; PZ572952.1; PZ573887.1; PZ573951.1; PZ658190.1; PZ661246.1; PZ683424.1; PZ695141.1; PZ734650.1; PZ779821.1		
Epicoccum sorghinum/Phoma sorghina	Epicoccum sorghinum/Phoma sorghina		fungi	749593	Phoma leaf spot, stalk rot	茎点霉叶斑病/茎腐病	confirmed	Do Amaral A L, Dal Soglio F K, De Carli M L, et al. Pathogenic fungi causing symptoms similar to Phaeosphaeria leaf spot of maize in Brazil[J]. Plant disease, 2005, 89(1): 44-49.	present	43	MH860479.1; PX607714.1; PZ019625.1; PZ043039.1; PZ111327.1; PZ113135.1; PZ120706.1; PZ120707.1; PZ120710.1; PZ120711.1; PZ120737.1; PZ120780.1; PZ120811.1; PZ120812.1; PZ120814.1; PZ120823.1; PZ185680.1; PZ210243.1; PZ234618.1; PZ234619.1; PZ234620.1; PZ234627.1; PZ242099.1; PZ266593.1; PZ269061.1; PZ269065.1; PZ269068.1; PZ342885.1; PZ403271.1; PZ403274.1; PZ403275.1; PZ403276.1; PZ403277.1; PZ403278.1; PZ403279.1; PZ403280.1; PZ485091.1; PZ556319.1; PZ611728.1; PZ611729.1; PZ695142.1; PZ780856.1; PZ790546.1		
Eutiarosporella dactylidis	Eutiarosporella dactylidis		fungi	1608309	leaf blight	真小孢帽菌叶枯病	confirmed	Guo C, Zhang X, Wang B, et al. Identification, pathogenicity, and fungicide sensitivity of Eutiarosporella dactylidis associated with leaf blight on maize in China[J]. Journal of Integrative Agriculture, 2024, 23(3): 888-900.	present	38	KM978944.1; KM978945.1; KU246378.1; MF289782.1; MF398898.1; MZ470435.1; MZ470436.1; MZ470437.1; MZ470438.1; MZ470439.1; MZ470440.1; MZ470441.1; MZ470442.1; MZ470443.1; MZ470444.1; OM617946.1; OM617947.1; PP422904.1; PP422905.1; PP422906.1; PP422907.1; PP422908.1; PP422909.1; PP422910.1; PP422911.1; PP422912.1; PP422913.1; PP422914.1; PP422915.1; PP422916.1; PP422917.1; PP422918.1; PP422919.1; PP422920.1; PP422921.1; PP422925.1; PP422926.1; PP422927.1		
Exserohilum rostratum (Setosphaeria rostrata)	Exserohilum rostratum (Setosphaeria rostrata) /Exserohilum prolatum / Setosphaeria prolata	Setosphaeria rostrata	fungi	1659837	Exserohilum leaf spot	突脐蠕孢叶斑病	confirmed	Xie S N, Li B Y, Ru Y Y, et al. First report of Exserohilum rostratum causing leaf spot on maize (Zea mays) in Henan, China[J]. Plant disease, 2022, 106(6): 1748. Leonard K J, Suggs E G. Setosphaeria prolata, the ascigerous state of Exserohilum prolatum[J]. Mycologia, 1974, 66(2): 281-297.	present	43	MH855990.1; MH857032.1; MH859108.1; MH860942.1; MH865917.1; PV111194.1; PV664735.1; PV875662.1; PX421027.2; PX494404.1; PX659725.1; PX659732.1; PX659734.1; PX659739.1; PX659740.1; PX659741.1; PX659742.1; PX837032.1; PX895805.1; PX970222.1; PX998467.1; PZ120405.1; PZ120406.1; PZ153433.1; PZ185320.1; PZ231153.1; PZ266804.1; PZ287891.1; PZ342843.1; PZ359477.1; PZ359657.1; PZ456912.1; PZ456913.1; PZ477991.1; PZ478025.1; PZ489342.1; PZ489347.1; PZ531697.1; PZ531698.1; PZ531699.1; PZ768233.1; PZ783594.1; PZ790917.1		
Exserohilum turcicum (Setosphaeria turcica)	Exserohilum turcicum (Setosphaeria turcica)	Setosphaeria turcica	fungi	93612	Northern corn leaf blight (NCLB)	玉米大斑病	confirmed	Kotze R G, Van der Merwe C F, Crampton B G, et al. A histological assessment of the infection strategy of Exserohilum turcicum in maize[J]. Plant Pathology, 2019, 68(3): 504-512.	present	43	LC922933.1; OQ862341.1; PV436757.1; PV436758.1; PV436759.1; PV436760.1; PV436761.1; PV436762.1; PV436763.1; PV436764.1; PV436765.1; PV436766.1; PV436767.1; PV436768.1; PV436769.1; PV436770.1; PV436771.1; PV436772.1; PV436773.1; PV436774.1; PV436775.1; PV436776.1; PV436777.1; PV449608.1; PV449746.1; PV476778.1; PX659707.1; PX659711.1; PX659715.1; PX659717.1; PX659720.1; PX659723.1; PX659726.1; PX659727.1; PX659728.1; PX659729.1; PX659730.1; PX659731.1; PX659733.1; PX659735.1; PX659736.1; PZ312072.1; PZ501535.1		
Fusarium acuminatum	Fusarium acuminatum		fungi	5515	Fusarium ear rot (minor)	镰刀菌穗腐病(次要)	confirmed	Okello P N, Mathew F M. Cross pathogenicity studies show South Dakota isolates of Fusarium acuminatum, F. equiseti, F. graminearum, F. oxysporum, F. proliferatum, F. solani, and F. subglutinans from either soybean or corn are pathogenic to both crops[J]. Plant Health Progress, 2019, 20(1): 44-49.	present	43	MH865933.1; PV109750.1; PV109768.1; PV498715.1; PV528760.1; PV533725.1; PX071350.1; PX071368.1; PX259887.1; PX682793.1; PX684563.1; PX735331.1; PX735332.1; PX736049.1; PX756745.1; PX765410.1; PX765414.1; PX884237.1; PX891955.1; PX891997.1; PX908936.1; PX945896.1; PX963791.1; PX963795.1; PX963796.1; PZ008294.1; PZ011557.1; PZ039494.1; PZ103769.1; PZ134997.1; PZ179522.1; PZ194281.1; PZ194410.1; PZ194414.1; PZ204249.1; PZ351079.1; PZ406913.1; PZ556952.1; PZ694857.1; PZ695186.1; PZ695187.1; PZ695192.1; PZ697416.1		
Fusarium andiyazi	Fusarium andiyazi		fungi	520446	Fusarium ear rot	镰刀菌穗腐病	confirmed	Zhang H, Luo W, Pan Y, et al. First report of Fusarium ear rot of maize caused by Fusarium andiyazi in China[J]. Plant disease, 2014, 98(10): 1428-1428.	present	43	KP018378.1; MW016405.1; MW486496.1; MW486498.1; MW486499.1; MW486500.1; MW486501.1; MW486502.1; MW486503.1; MW486504.1; MW486505.1; MW486506.1; MW486507.1; MW486509.1; MW486510.1; MW486511.1; OL635570.1; OM758342.1; ON411483.1; ON411503.1; ON527516.1; ON798829.1; OQ818159.1; OR137061.1; OR137062.1; OR137063.1; OR473088.1; OR473114.1; PQ416098.1; PQ416107.1; PQ416113.1; PQ788690.1; PV862235.1; PX226337.1; PX226340.1; PX226344.1; PX226346.1; PX226360.1; PX226362.1; PX246537.1; PX459733.1; PX916102.1; PZ432622.1		
Fusarium asiaticum	Fusarium asiaticum		fungi	282267	Gibberella ear rot/stalk rot (Asia)/Red ear rot	赤霉穗腐病/茎腐病(亚洲)	confirmed	Xi K, Shan L, Yang Y, et al. Species diversity and chemotypes of Fusarium species associated with maize stalk rot in Yunnan province of southwest China[J]. Frontiers in Microbiology, 2021, 12: 652062.	present	43	MZ353563.1; ON492625.1; OR143379.1; OR565903.1; OR733675.1; OR735579.1; OR735582.1; OR735583.1; OR735585.1; OR880595.1; OR888992.1; OR975670.1; PP033955.1; PP087929.1; PP087930.1; PP087931.1; PP087932.1; PP087933.1; PP087934.1; PP087935.1; PP087936.1; PP357976.1; PP422018.1; PP474103.1; PP710694.1; PP905109.1; PQ152259.1; PQ219475.1; PV367982.1; PV367983.1; PV459639.1; PV569524.1; PV581227.1; PX057298.1; PX057303.1; PX057310.1; PZ266785.1; PZ266813.1; PZ466060.1; PZ466061.1; PZ671480.1; PZ671481.1; PZ780547.1		
Fusarium avenaceum	Fusarium avenaceum		fungi	40199	Fusarium ear rot, stalk rot	镰刀菌穗腐病/茎腐病	confirmed	Ma N, Abdul Haseeb H, Xing F, et al. Fusarium avenaceum: A toxigenic pathogen causing ear rot on maize in yunnan province, China[J]. Plant Dis, 2019, 103(6): 1424.	present	43	MH858036.1; MH858189.1; MH860648.1; MH864972.1; PQ350464.1; PQ350466.1; PQ350467.1; PQ350469.1; PQ350471.1; PQ350473.1; PQ350477.1; PQ350478.1; PQ350480.1; PQ350481.1; PQ350482.1; PQ350483.1; PQ350563.1; PQ350651.1; PQ350653.1; PQ350659.1; PQ350661.1; PQ350662.1; PQ350665.1; PQ350669.1; PQ350696.1; PX071342.1; PX071354.1; PX071367.1; PX071378.1; PX071381.1; PX642692.1; PZ478041.1; PZ489879.1; PZ547846.1; PZ695172.1; PZ695173.1; PZ695175.1; PZ695178.1; PZ695179.1; PZ697417.1; PZ725181.1; PZ725182.1; PZ795336.1		
Fusarium boothii	Fusarium boothii		fungi	282271	Gibberella ear rot/Red ear rot	禾谷镰孢穗腐病	confirmed	Deressa T, Adugna G, Suresh L M, et al. Fusarium boothii, Fusarium meridionale, and Fusarium temperatum are emerging preharvest maize ear rot pathogens in Ethiopia[J]. Plant Disease, 2025, 109(2): 297-307.	present	43	MH860690.1; ON207915.1; ON207918.1; ON207920.1; ON207921.1; ON207922.1; ON207927.1; ON209618.1; ON492702.1; OP163634.1; OP163654.1; OP163698.1; OP782316.2; OQ421787.1; OQ421788.1; OQ421789.1; OQ421790.1; OQ421791.1; OQ421792.1; OQ421793.1; OQ421794.1; OQ421795.1; OQ422856.1; OQ422857.1; OQ422858.1; OQ422859.1; OR245537.1; OR400431.1; OR880018.1; OR880024.1; OR880036.1; PP125731.1; PP422017.1; PQ039684.1; PQ772045.1; PV562992.1; PV801542.1; PV801553.1; PV801562.1; PV927250.1; PX108382.1; PZ266803.1; PZ627247.1		
Fusarium camptoceras	Fusarium camptoceras		fungi	57143	ear rot/stalk rot	穗腐病/茎腐病	confirmed	Abo-Elyousr K A M, El-Fawy M M, El-Nagar A S, et al. Biochar-based sustainable control of stalk and ear rot in maize caused by Fusarium camptoceras[J]. Journal of Plant Diseases and Protection, 2026, 133(4): 104.	present	11	AB820722.1; AB918017.1; EU520082.1; KJ782411.1; KU377450.1; KU377480.1; MH858038.1; MH858537.1; MN473247.1; ON999165.1; PP907861.1		
Fusarium cerealis / Fusarium crookwellense	Fusarium cerealis/Fusarium crookwellense		fungi	56641	ear rot/stalk rot	穗腐病/茎腐病	confirmed	Pfordt A, Schiwek S, Rathgeb A, et al. Occurrence, pathogenicity, and mycotoxin production of Fusarium temperatum in relation to other Fusarium species on maize in Germany[J]. Pathogens, 2020, 9(11): 864.	present	43	KJ125536.1; MG979793.1; MG979795.1; MG979797.1; MG979798.1; MH290473.1; MH290474.1; MH290475.1; MK271270.1; MK271271.1; MN523046.1; MN737766.1; MN833409.1; MT558728.1; MT558854.1; MT558855.1; MT558862.1; MT558863.1; MT559293.1; MT781326.1; MW358286.1; MW447299.1; MW447774.1; MW881048.1; OR287514.1; OR350981.1; OR350985.1; OR467403.1; OR543628.1; OR543667.1; OR543684.1; OU989365.1; OW984901.1; OW987847.1; OW988417.1; OW988525.1; PP097806.1; PP474104.1; PP474106.1; PP873109.1; PP947376.1; PZ658245.1; PZ697418.1		
Fusarium chlamydosporum	Fusarium chlamydosporum		fungi	86545	ear rot	穗腐病	confirmed	Shabana Y M, Ghoneem K M, Rashad Y M, et al. Distribution and biodiversity of seed-borne pathogenic and toxigenic fungi of maize in Egypt and their correlations with weather variables. Plants 11 (18): 2347[EB/OL].(2022) Morales-Rodríguez I, de Yañz-Morales M J, Silva-Rojas H V, et al. Biodiversity of Fusarium species in Mexico associated with ear rot in maize, and their identification using a phylogenetic approach[J]. Mycopathologia, 2007, 163(1): 31-39.	present	43	MH854820.1; MH858030.1; MH858262.1; MH859028.1; MH861111.1; OQ401035.1; PV111241.1; PV130019.1; PV257668.1; PV300414.1; PV358379.1; PV363052.1; PV391005.1; PV533797.1; PV746292.1; PV752255.1; PV864969.1; PV931339.1; PX061165.1; PX363178.1; PX482664.1; PX715897.1; PX776336.1; PX795658.1; PX870016.1; PZ014418.1; PZ052245.1; PZ094086.1; PZ266666.1; PZ266810.1; PZ274704.1; PZ274705.1; PZ274706.1; PZ278573.1; PZ278574.1; PZ278575.1; PZ298241.1; PZ413562.1; PZ477978.1; PZ478031.1; PZ478038.1; PZ687512.1; PZ734417.1		
Fusarium concentricum	Fusarium concentricum		fungi	48491	ear rot	穗腐病	confirmed	Du Q, Duan C X, Li S C, et al. First report of maize ear rot caused by Fusarium concentricum in China[J]. Plant Disease, 2020, 104(5): 1539.	present	43	LC868017.1; MH861916.1; MH862659.1; PP033029.1; PP033030.1; PP033031.1; PP702529.1; PP851379.1; PP853384.1; PQ499143.1; PQ499177.1; PQ499315.1; PQ626677.1; PQ656715.1; PV074008.1; PV186711.1; PV240799.1; PV446845.1; PV446846.1; PV446847.1; PV446865.1; PV446870.1; PV795995.1; PX062419.1; PX062420.1; PX070061.1; PX070062.1; PX241552.1; PX246540.1; PX246541.1; PX246542.1; PX246543.1; PX246544.1; PX397475.1; PX455616.1; PX622633.1; PX647265.1; PX899143.1; PZ051956.1; PZ136999.1; PZ146033.1; PZ203890.1; PZ789666.1		
Fusarium culmorum	Fusarium culmorum		fungi	5516	Fusarium ear rot, stalk rot, root rot	镰刀菌穗腐病/茎腐病/根腐病	confirmed	Xia L K, Cao Y Y, Wang J, et al. First report of Fusarium culmorum causing maize stalk rot in China[J]. Plant Disease, 2022, 106(5): 1521.	present	43	MH854965.1; MH855171.1; MH855266.1; MH856844.1; MH856845.1; MH857016.1; MH857017.1; MH862856.1; MH864973.1; ON075125.1; ON075175.1; PP947374.1; PP947377.1; PQ284547.1; PV108832.1; PV108833.1; PV108834.1; PV108835.1; PV108836.1; PV108965.1; PV488304.1; PV960622.1; PX022588.1; PX022590.1; PX091474.1; PX363270.1; PX447087.1; PX574206.1; PX612353.1; PX622931.1; PX622950.1; PX843723.1; PX875858.1; PZ191448.1; PZ278116.1; PZ278117.1; PZ316068.1; PZ386789.1; PZ392019.1; PZ526770.1; PZ695181.1; PZ695191.1; PZ697419.1		
Fusarium equiseti	Fusarium equiseti		fungi	61235	Fusarium ear rot, stalk rot	镰刀菌穗腐病/茎腐病	confirmed	Swamy S D, Mahadevakumar S, Hemareddy H B, et al. First report of Fusarium equiseti–the incitant of post flowering stalkrot of maize (Zea mays L.) in India[J]. Crop Protection, 2020, 129: 105035.	present	43	MH854570.1; MH855176.1; MH855177.1; MH855481.1; MH856616.1; MH857318.1; MH858268.1; MH862468.1; MH864013.1; PV802776.1; PX071361.1; PX132796.1; PX132824.1; PX132832.1; PX132833.1; PX132841.1; PX132856.1; PX132869.1; PX490594.1; PX490595.1; PZ025128.1; PZ556885.1; PZ556968.1; PZ583456.1; PZ596698.1; PZ611358.1; PZ623875.1; PZ623895.1; PZ623912.1; PZ627235.1; PZ627239.1; PZ627257.1; PZ645983.1; PZ676627.1; PZ706503.1; PZ715183.1; PZ735447.1; PZ764147.1; PZ785599.1; PZ796559.1; PZ796560.1; PZ824762.1; PZ830436.1		
Fusarium globosum	Fusarium globosum		fungi	78864	seedling blight/ear rot	苗枯病/穗腐病	confirmed	Moses L M, Marasas W F O, Vismer H F, et al. Molecular characterization of Fusarium globosum strains from South African maize and Japanese wheat[J]. Mycopathologia, 2010, 170(4): 237-249.	present	12	KP691023.1; KR909440.1; KR909450.1; KU325145.1; LT746278.1; LT746279.1; LT746280.1; MG366132.1; PV186881.1; PV186882.1; PV186883.1; U61687.1		
Fusarium graminearum (Gibberella zeae)	Fusarium graminearum (Gibberella zeae)	Gibberella zeae	fungi	5518	Gibberella ear rot/Red ear rot /stalk rot/head blight	赤霉病/赤霉穗腐病/茎腐病	confirmed	Munkvold GP, Desjardins AE. (1997). Fumonisins in maize: can we reduce their occurrence? Plant Dis. 81:556-565	present	43	MH854826.1; MH855274.1; MH855275.1; MH855276.1; MH858190.1; MH864971.1; MH865799.1; MH865803.1; MH865804.1; MH865814.1; MH865815.1; MH865829.1; MH865831.1; MH865833.1; MH865836.1; MH865839.1; MH865840.1; MH865841.1; MH865844.1; MH865847.1; MH865848.1; MH865849.1; MH865851.1; MH865867.1; MH865869.1; MH865870.1; MH865872.1; MH865876.1; MH865877.1; MH865878.1; MH865921.1; MH865922.1; MH865927.1; MH865928.1; MH865929.1; PX599346.1; PZ225278.1; PZ547847.1; PZ560168.1; PZ627234.1; PZ720371.1; PZ770669.1; PZ770670.1		
Fusarium incarnatum (F. semitectum)	Fusarium incarnatum/ F. semitectum	F. semitectum	fungi	298378	Fusarium stalk rot/ear rot (tropical)	镰刀菌茎腐病/穗腐病	confirmed	Xi K, Shan L, Yang Y, et al. Species diversity and chemotypes of Fusarium species associated with maize stalk rot in Yunnan province of southwest China[J]. Frontiers in Microbiology, 2021, 12: 652062.	present	43	MH854830.1; MH857950.1; MH857951.1; MH859944.1; MH865892.1; MH865893.1; MH865894.1; MH865895.1; MH865896.1; MH865897.1; MH866000.1; MH866002.1; PV076917.1; PX312709.1; PX312713.1; PX312714.1; PZ025892.1; PZ025893.1; PZ306215.1; PZ366124.1; PZ368453.1; PZ384665.1; PZ403190.1; PZ413130.1; PZ413567.1; PZ432629.1; PZ432652.1; PZ433257.1; PZ509288.1; PZ540807.1; PZ556446.1; PZ586688.1; PZ586743.1; PZ611343.1; PZ626031.1; PZ673698.1; PZ675169.1; PZ695144.1; PZ710561.1; PZ779759.1; PZ779762.1; PZ779763.1; PZ780070.1		
Fusarium kyushuense	Fusarium kyushuense		fungi	56665	ear rot	穗腐病	confirmed	Wang J H, Li H P, Zhang J B, et al. First report of Fusarium maize ear rot caused by Fusarium kyushuense in China[J]. Plant disease, 2014, 98(2): 279-279.	present	43	AB587019.1; AB587020.1; AF414971.1; EF487532.1; JX235957.1; KC466546.1; KR091835.1; LS484456.1; MG956781.1; MH892849.1; MN498042.1; MN503521.1; MN856334.1; MT594366.1; MT908505.1; MT908576.1; MW016613.1; MW016614.1; MW016615.1; MW016616.1; MW016617.1; MW016618.1; MW527087.1; MW880893.1; MW880906.1; MW880907.1; MZ047562.1; OM432493.1; ON492800.1; ON527509.1; OQ753256.1; OQ777725.1; PP506475.1; PP506593.1; PP702299.1; PQ056892.1; PQ222628.1; PX419178.1; PZ013136.1; PZ168403.1; PZ336322.1; PZ556466.1		
Fusarium meridionale	Fusarium meridionale		fungi	282269	Gibberella ear rot (S. America)/Red ear rot	赤霉穗腐病(南美洲)	confirmed	Xi K, Shan L, Yang Y, et al. Species diversity and chemotypes of Fusarium species associated with maize stalk rot in Yunnan province of southwest China[J]. Frontiers in Microbiology, 2021, 12: 652062.	present	28	KY466816.1; KY466821.1; KY466822.1; KY466823.1; KY466835.1; KY466836.1; KY466837.1; KY466839.1; KY466876.1; KY466877.1; KY466878.1; KY466883.1; KY466887.1; MK524722.1; MW016620.1; MW016621.1; MW016622.1; OR538625.1; OR538638.1; PQ295802.1; PQ295805.1; PX447086.1; PX789767.1; PX789770.1; PX789772.1; PX789782.1; PX789783.1; PX789784.1		
Fusarium napiforme	Fusarium napiforme		fungi	42672	ear rot	穗腐病	confirmed	Morales-Rodríguez I, de Yañz-Morales M J, Silva-Rojas H V, et al. Biodiversity of Fusarium species in Mexico associated with ear rot in maize, and their identification using a phylogenetic approach[J]. Mycopathologia, 2007, 163(1): 31-39.	present	39	AY303609.1; DQ297553.1; DQ297554.1; DQ297555.1; HQ165918.1; KR071650.1; KU604029.1; KU950732.1; KU950733.1; KU950736.1; KU974310.1; LC184201.1; LC363505.1; LC903237.1; MG515227.1; MH685904.1; MH874278.1; MK072719.1; MK072720.1; MK239976.1; MK804346.1; MN522017.1; MN548366.1; MT072220.1; MW301429.1; OL699890.1; OL711962.1; OM194086.1; ON204349.1; OQ398018.1; OQ983871.1; OR400660.1; PQ657495.1; PV277815.1; PX830122.1; PX858201.1; PZ382062.1; U34570.1		
Fusarium oxysporum	Fusarium oxysporum		fungi	5507	Maize Seedling Root Rots	玉米根腐苗枯病	confirmed	Okello P N, Petrović K, Kontz B, et al. Eight species of Fusarium cause root rot of corn (Zea mays) in South Dakota[J]. Plant Health Progress, 2019, 20(1): 38-43.	present	43	PZ796550.1; PZ804902.1; PZ805097.1; PZ810690.1; PZ810721.1; PZ815778.1; PZ816546.1; PZ823053.1; PZ823054.1; PZ823056.1; PZ823058.1; PZ823060.1; PZ823062.1; PZ823063.1; PZ823064.1; PZ823067.1; PZ823068.1; PZ823069.1; PZ823070.1; PZ823071.1; PZ823072.1; PZ823073.1; PZ823074.1; PZ823075.1; PZ823076.1; PZ823077.1; PZ823078.1; PZ823079.1; PZ823080.1; PZ823081.1; PZ823082.1; PZ823083.1; PZ823084.1; PZ823085.1; PZ823086.1; PZ823087.1; PZ823088.1; PZ823089.1; PZ824712.1; PZ830433.1; PZ832386.1; PZ832389.1; PZ834578.1		
Fusarium poae	Fusarium poae		fungi	36050	Fusarium ear rot	镰刀菌穗腐病	confirmed	Chelkowski J, Lew H, Pettersson H. Fusarium poae (Peck) Wollenw.—Occurrence in maize ears, nivalenol production and mycotoxin accumulation in cobs[J]. Mycotoxin Research, 1994, 10(2): 116-120.	present	43	MH854775.1; MH855173.1; MH858407.1; MH859029.1; MH864974.1; ON209613.1; ON209614.1; ON209615.1; ON209616.1; ON209617.1; ON229418.1; ON229421.1; ON229422.1; OP437866.1; OR142397.1; OR346014.1; OR357887.1; OR392722.1; OR562038.1; OR562043.1; OR598700.1; PP336541.1; PP501042.1; PP947375.1; PQ340546.1; PV077297.1; PV367985.1; PV444245.1; PV592550.1; PV639391.1; PV843836.1; PV931816.1; PX363266.1; PX363269.1; PX369158.1; PX369159.1; PX369160.1; PX591066.1; PX659853.1; PX725696.1; PZ675597.1; PZ695182.1; PZ695189.1		
Fusarium proliferatum	Fusarium proliferatum		fungi	948311	Fusarium ear rot/stalk rot/Corn sheath rot	镰刀菌穗腐病/茎腐病/鞘腐病	confirmed	Munkvold GP, Desjardins AE. (1997). Fumonisins in maize: can we reduce their occurrence? Plant Dis. 81:556-565	present	43	PP922462.1; PQ882780.2; PZ623434.1; PZ623438.1; PZ623459.1; PZ623888.1; PZ623924.1; PZ625877.1; PZ625882.1; PZ627222.1; PZ627256.1; PZ645984.1; PZ645985.1; PZ652687.1; PZ653161.1; PZ675048.1; PZ675369.1; PZ683007.1; PZ683011.1; PZ688019.1; PZ688020.1; PZ697422.1; PZ704152.1; PZ730068.1; PZ734318.1; PZ734333.1; PZ734344.1; PZ734364.1; PZ734365.1; PZ734368.1; PZ734369.1; PZ734383.1; PZ734387.1; PZ734395.1; PZ734402.1; PZ734404.1; PZ741300.1; PZ780064.1; PZ780071.1; PZ785100.1; PZ805020.1; PZ805099.1; PZ810722.1		
Fusarium pseudograminearum	Fusarium pseudograminearum		fungi	101028	Crown rot/stalk rot	冠腐病/茎腐病	confirmed	Jiang H, Ma L G, Qi K, et al. First report of maize seedling blight caused by Fusarium pseudograminearum in China[J]. Plant disease, 2022, 106(9): 2519.	present	43	MH865930.1; OK481074.1; OL440929.1; OL440930.1; OL440932.1; OL872319.1; OL872329.1; OL872339.1; OM108102.1; OM980231.1; ON306853.1; ON306854.1; ON306855.1; ON687723.1; OP136036.1; OP364006.1; OP364007.1; OR582866.1; PP087309.1; PP336542.1; PP406537.1; PQ217121.1; PQ319699.1; PQ416029.1; PQ657542.1; PQ721291.1; PQ721293.1; PV367984.1; PV478111.1; PV596288.1; PV774561.1; PV810307.1; PX022589.1; PX022591.1; PX128503.1; PX370044.1; PX370045.1; PX457499.1; PX457500.1; PX457504.1; PX457506.1; PX472025.1; PZ293192.1		
Fusarium pseudonygamai	Fusarium pseudonygamai		fungi	47755	ear rot/stalk rot	穗腐病/茎腐病	confirmed	Chehri K, Zafari D, Nurhazrati M, et al. Natural occurrence of Fusarium species associated with root and stalk rot of maize in Kermanshah Province, Iran[J]. 2010.	present	27	DQ297559.1; DQ297560.1; DQ297561.1; DQ297563.1; FJ154075.1; GU205418.1; HM051063.1; HM776423.1; HM855220.1; KJ125580.1; KJ410032.1; KR534713.1; KR909406.1; KU856651.1; KY018925.1; MH862656.1; MN398193.1; MN577270.1; MT889894.1; MW014927.1; ON209694.1; OQ701132.1; OQ701207.1; OW984302.1; PP573898.1; PQ069706.1; PV800122.1		
Fusarium sacchari	Fusarium sacchari		fungi	42676	stalk rot	茎腐病	confirmed	Carrer Filho R, Guimarães M, Abreu V P, et al. Fusarium sacchari associated with stem rot in sweet corn in Brazil[J]. Pesquisa Agropecuária Tropical, 2023, 53: e74263.	present	43	MH854822.1; MH855037.1; MH855272.1; MH855403.1; MH855885.1; PX647282.1; PX651165.1; PX755859.1; PX957575.1; PZ027954.1; PZ129590.1; PZ208704.1; PZ266752.1; PZ311704.1; PZ394332.1; PZ501429.1; PZ501430.1; PZ501431.1; PZ501432.1; PZ502134.1; PZ502135.1; PZ502227.1; PZ502228.1; PZ502229.1; PZ509471.1; PZ509491.1; PZ509615.1; PZ509618.1; PZ509636.1; PZ509643.1; PZ509644.1; PZ513332.1; PZ513333.1; PZ513334.1; PZ513335.1; PZ513336.1; PZ513337.1; PZ513338.1; PZ513339.1; PZ513340.1; PZ710560.1; PZ734421.1; PZ794434.1		
Fusarium solani (Neocosmospora solani)	Neocosmospora solani/Fusarium solani	Neocosmospora solani	fungi	169388	Fusarium root rot, stalk rot	镰刀菌根腐病/茎腐病	confirmed	Okello P N, Mathew F M. Cross pathogenicity studies show South Dakota isolates of Fusarium acuminatum, F. equiseti, F. graminearum, F. oxysporum, F. proliferatum, F. solani, and F. subglutinans from either soybean or corn are pathogenic to both crops[J]. Plant Health Progress, 2019, 20(1): 44-49.	present	43	LC903137.1; PV960692.1; PZ373007.1; PZ433258.2; PZ725497.1; PZ727094.1; PZ734314.1; PZ734328.1; PZ734329.1; PZ734334.1; PZ734343.1; PZ734356.1; PZ734357.1; PZ734371.1; PZ734379.1; PZ734380.1; PZ734390.1; PZ734400.1; PZ734412.1; PZ734418.1; PZ738473.1; PZ741299.1; PZ745970.1; PZ745971.1; PZ745972.1; PZ748725.1; PZ748726.1; PZ748727.1; PZ748730.1; PZ748731.1; PZ748732.1; PZ748733.1; PZ748734.1; PZ748735.1; PZ766233.1; PZ766601.1; PZ785585.1; PZ796555.1; PZ796556.1; PZ796557.1; PZ796558.1; PZ804687.1; PZ827122.1		
Fusarium sporotrichioides	Fusarium sporotrichioides		fungi	5514	Fusarium ear rot	镰刀菌穗腐病	confirmed	Wang B B, Guo C, Sun S L, et al. First report of maize ear rot caused by Fusarium sporotrichioides in China[J]. Plant Disease, 2020, 104(2): 567.	present	37	MH855269.1; PV073962.1; PX369180.1; PX369181.1; PX369182.1; PX369183.1; PX369184.1; PX369185.1; PX369186.1; PX369187.1; PX369188.1; PX376604.1; PX376605.1; PX376606.1; PX393955.1; PX459718.1; PX622611.1; PX622895.1; PX683128.1; PX928259.1; PX928262.1; PX928745.1; PX928746.1; PX928775.1; PX928780.1; PX928784.1; PZ043043.1; PZ176882.1; PZ191446.1; PZ226505.1; PZ385195.1; PZ526759.1; PZ526762.1; PZ526766.1; PZ526767.1; PZ695170.1; PZ695174.1		
Fusarium subglutinans	Fusarium subglutinans		fungi	42677	Fusarium ear rot/stalk rot/Fusarium top rot	镰刀菌穗腐病/茎腐病/镰孢顶腐病	confirmed	Munkvold GP, Desjardins AE. (1997). Fumonisins in maize: can we reduce their occurrence? Plant Dis. 81:556-565	present	43	LC769974.1; MH864398.1; OR346298.1; OR623763.1; PP336543.1; PP474113.1; PP858214.1; PP858215.1; PP858216.1; PP858217.1; PP858218.1; PP858219.1; PP858220.1; PP858221.1; PP901862.1; PQ289220.1; PQ436491.1; PQ471479.1; PQ579862.1; PV109003.1; PV130020.1; PV133542.1; PV477270.1; PV778601.1; PV891882.1; PX381143.1; PX654089.1; PX724063.1; PX755857.1; PX755858.1; PX845612.1; PX856651.1; PX928240.1; PX928275.1; PX928276.1; PZ117540.1; PZ266778.1; PZ368454.1; PZ506902.1; PZ506903.1; PZ658248.1; PZ734385.1; PZ765719.1		
Fusarium temperatum	Fusarium temperatum		fungi	1035347	Fusarium ear rot	镰刀菌穗腐病	confirmed	Fumero M V, Reynoso M M, Chulze S. Fusarium temperatum and Fusarium subglutinans isolated from maize in Argentina[J]. International Journal of Food Microbiology, 2015, 199: 86-92.	missing	0		No public marker gene sequence found in NCBI GenBank (2026-08-25)	
Fusarium tricinctum	Fusarium tricinctum		fungi	61284	Maize sheath rot	玉米鞘腐病	confirmed	Yang X, Xu X, Wang S, et al. Identification, pathogenicity, and genetic diversity of Fusarium spp. associated with maize sheath rot in Heilongjiang Province, China[J]. International journal of molecular sciences, 2022, 23(18): 10821.	present	43	MH856607.1; MH856847.1; MH862424.1; PV109755.1; PV109769.1; PV528761.1; PX071340.1; PX071351.1; PX071355.1; PX071357.1; PX071380.1; PX071439.1; PX071445.1; PZ025120.1; PZ025124.1; PZ025125.1; PZ152147.1; PZ152148.1; PZ152151.1; PZ152152.1; PZ152153.1; PZ152154.1; PZ163717.1; PZ266796.1; PZ305940.1; PZ305965.1; PZ344964.1; PZ345138.1; PZ380967.1; PZ386889.1; PZ386942.1; PZ392094.1; PZ392104.1; PZ476669.1; PZ476672.1; PZ477996.1; PZ532493.1; PZ556951.1; PZ585494.1; PZ585495.1; PZ690753.1; PZ697424.1; PZ770650.1		
Fusarium verticillioides (Gibberella moniliformis)	Fusarium verticillioides (Gibberella moniliformis)	Gibberella moniliformis	fungi	117187	Fusarium ear rot/Pink ear rot /Fusarium seedling blight	拟轮枝镰孢穂腐病/茎腐病/镰孢苗枯病	confirmed	Munkvold GP, Desjardins AE. (1997). Fumonisins in maize: can we reduce their occurrence? Plant Dis. 81:556-565	present	43	PV862255.1; PZ734327.1; PZ734332.1; PZ734338.1; PZ734339.1; PZ734340.1; PZ734345.1; PZ734347.1; PZ734350.1; PZ734351.1; PZ734352.1; PZ734360.1; PZ734362.1; PZ734363.1; PZ734366.1; PZ734367.1; PZ734370.1; PZ734372.1; PZ734373.1; PZ734375.1; PZ734376.1; PZ734378.1; PZ734382.1; PZ734386.1; PZ734388.1; PZ734389.1; PZ734394.1; PZ734396.1; PZ734397.1; PZ734399.1; PZ734401.1; PZ734403.1; PZ734405.1; PZ734407.1; PZ734408.1; PZ734414.1; PZ734415.1; PZ779813.1; PZ780481.1; PZ780482.1; PZ780483.1; PZ794754.1; PZ805112.1		
Gaeumannomyces graminis	Gaeumannomyces graminis		fungi	29850	Maize Take-all	玉米全蚀病	confirmed	Freeman J, Ward E. Gaeumannomyces graminis, the take‐all fungus and its relatives[J]. Molecular Plant Pathology, 2004, 5(4): 235-252.	present	43	JF414847.1; JF414848.1; JF414849.1; JF710374.1; JQ658339.1; KC989064.1; KJ188682.1; KJ572178.1; KP288244.1; KP404099.1; KR534655.1; KR610476.1; KR610477.1; KR610479.1; KR610481.1; KR610482.1; KR610485.1; KR610486.1; KR610487.1; KR610489.1; KR610490.1; KT692582.1; KU204557.1; KU574696.1; KU680382.1; KX306498.1; KX306499.1; KX306500.1; KX306501.1; KX306502.1; KX306503.1; KX306504.1; KX306505.1; KY570518.1; KY570519.1; MK281686.1; MK934588.1; MN587994.1; MT446125.1; MW157765.1; MZ513052.1; OM262259.1; OM262261.1		
Gibberella fujikuroi (Fusarium fujikuroi)	Fusarium fujikuroi(Gibberella fujikuroi )	Fusarium fujikuroi	fungi	5127	Fusarium ear/stalk rot	镰刀菌穗腐病/茎腐病	confirmed	O'Donnell K, Cigelnik E, Nirenberg H I. Molecular systematics and phylogeography of the Gibberella fujikuroi species complex[J]. Mycologia, 1998, 90(3): 465-493.	present	43	LC930054.1; MH855036.1; MH857023.1; MH857321.1; PP922463.1; PV565580.1; PZ230286.1; PZ246151.1; PZ263363.1; PZ263364.1; PZ266611.1; PZ266617.1; PZ266659.1; PZ266672.1; PZ266781.1; PZ266791.1; PZ266807.1; PZ326465.1; PZ326751.1; PZ327752.1; PZ327753.1; PZ327785.1; PZ345909.1; PZ392465.1; PZ412649.1; PZ456424.1; PZ456426.1; PZ477984.1; PZ488920.1; PZ488921.1; PZ490077.1; PZ490078.1; PZ490079.1; PZ490080.1; PZ490081.1; PZ490082.1; PZ501424.1; PZ501425.1; PZ507149.1; PZ528652.1; PZ556455.1; PZ728816.1; PZ734413.1		
Gloeocercospora sorghi / Microdochium sorghi	Microdochium sorghi /Gloeocercospora sorghi		fungi	1682391	Zonate leaf spot	豹纹病	confirmed	Velazquez P D. Microdochium sorghi on sorghum in northwestern Entre Ríos, Argentina[J]. 2024.	present	43	OR157960.1; OR157963.1; OR157965.1; OR157966.1; OR157975.1; OR157976.1; OR157978.1; OR157983.1; OR161409.1; OR161829.1; OR161880.1; OR161881.1; OR161882.1; OR164427.1; OR164429.1; OR164431.1; OR164439.1; OR164443.1; OR164444.1; OR164447.1; OR164448.1; OR164449.1; OR164455.1; OR164456.1; OR165792.1; OR165793.1; OR165804.1; OR178930.1; OR178990.1; OR179013.1; OR179642.1; OR179649.1; OR179893.1; OR179894.1; OR179925.1; OR180024.1; OR180025.1; OR180114.1; OR185563.1; OR187003.1; OR527957.1; PZ714586.1		
Gonatobotrys simplex	Melanospora simplex/Gonatobotrys simplex		fungi	2713053	seed rot	种腐病	confirmed	Vakili N G. Mycoparasitic fungi associated with potential stalk rot pathogens of corn[J]. Phytopathology, 1985, 75(11): 1201-1207.	present	2	MT110303.1; MT110304.1		
Graphium penicillioides	Graphium penicillioides		fungi	67620	Graphium stalk rot	粘束孢茎腐病	confirmed	Smith D R, White D G. Diseases of corn[J]. Corn and corn improvement, 1988, 18: 687-766.	present	21	AB038428.1; AB038431.1; AB038433.1; HQ335311.1; JX976317.1; KC427042.1; KC461514.1; KF887074.1; KF887146.1; KJ780752.1; KM433841.1; KY590152.1; KY852474.1; LC781768.1; LT615278.1; MN511349.1; OM743866.1; OQ978833.1; OW988461.1; PX633979.1; PX634013.1		
Harpophora maydis (Cephalosporium maydis/Magnaporthiopsis maydis)	Magnaporthiopsis maydis/Harpophora maydis /Cephalosporium maydis	Cephalosporium maydis; Magnaporthiopsis maydis	fungi	80373	Late wilt (black bundle disease)	晚枯病/黑束病	confirmed	Samra A S, Sabet K A, Hingorani M K. Late wilt disease of Maize caused by Cephalosporium maydis[J]. 1963.	present	43	AY428787.1; AY428788.1; KM009161.1; KM484857.1; KM484858.1; KM484859.1; KP164518.1; KX306544.1; LC888095.1; LC936394.1; LC936395.1; MT571490.1; MT612347.1; MT612350.1; MT612427.1; MT621196.1; MZ888512.1; MZ889012.1; MZ914683.1; MZ914686.1; MZ914693.1; MZ918941.1; MZ918946.1; MZ918991.1; MZ919304.1; ON564309.1; OP890270.1; OR511501.1; OR511502.1; OR511503.1; PP794674.1; PQ554801.1; PQ554802.1; PQ554803.1; PQ608555.1; PQ608559.1; PQ609368.1; PQ609371.1; PV498746.1; PX507523.1; PZ744401.1; PZ746696.1; PZ746748.1		
Helminthosporium hawaiiensis / Curvularia hawaiiensis	Helminthosporium hawaiiensis / Curvularia hawaiiensis		fungi	1230527	Curvularia leaf spot	弯孢叶斑病	confirmed	Suzui T, Kamphangridthrong T. The prevalence of maize and soybean diseases in Thailand[J]. 1979.	present	43	LC802637.1; MH857687.1; MH860526.1; MH863647.1; MH864411.1; MH864412.1; MH864413.1; OP710128.1; OQ076443.1; OQ928768.1; OR095766.1; OR095781.1; OR095819.1; OR269172.1; OR272046.1; OR485004.1; OR543164.1; OR543165.1; OR782121.1; OR835252.1; OR835253.1; OW983650.1; OW987550.1; OW987948.1; PP266807.1; PP374625.1; PP374626.1; PP463968.1; PP506328.1; PP861219.1; PP861220.1; PP861222.1; PP861223.1; PQ219414.1; PQ312634.1; PQ476034.1; PQ522053.1; PQ857674.1; PV035705.1; PV864881.1; PV990331.1; PX210759.1; PX271055.1		
Helminthosporium pedicellatum/Exserohilum pedicellatum	Helminthosporium pedicellatum/Exserohilum pedicellatum		fungi	119929	root rot	根腐病	confirmed	Egunjobi O L A, Norton D C, Martinson C. Interaction of pra tylenchus scribneri and helminthosporium pedicellatum in the etiology of corn root rot[J]. Phytoparasitica, 1986, 14(4): 287-295. Isakeit T, Gao X, Kolomiets M. Exserohilum pedicellatum root rot of corn in Texas[J]. Plant Disease, 2007, 91(5): 634-634.	present	20	AF229478.1; LT631330.1; LT837452.1; MH818807.1; MN957742.1; MW376920.1; MW548088.1; MW628170.1; MW775862.1; MW775863.1; MW775943.1; MW776092.1; MW776278.1; OP218544.1; OR600305.1; PP564799.1; PV520550.1; PX251466.1; PX251467.1; PX251468.1		
Helminthosporium tetramera / Curvularia spicifera/Bipolaris spicifera	Curvularia spicifera/Bipolaris spicifera/Helminthosporium tetramera		fungi	145392	Curvularia leaf spot	弯孢叶斑病	confirmed	Li G F, Liu K X, Xiao S Q, et al. First report of leaf spot of maize (Zea mays) caused by Bipolaris spicifera in China[J]. Plant Disease, 2016, 100(4): 855-855.	present	43	MH855184.1; MH855185.1; MH857033.1; MH858441.1; MH858442.1; MH859712.1; MH863648.1; MH864011.1; PQ533629.1; PQ764003.1; PV363273.1; PV639796.1; PV639797.1; PV659839.1; PV665501.1; PV932920.1; PV948935.1; PX061694.1; PX238650.1; PX248712.1; PX317617.1; PX410967.1; PX411416.1; PX480654.1; PX672545.1; PX921693.1; PX944736.1; PX963647.1; PX963692.1; PX969718.1; PX969729.1; PX970191.1; PX974595.1; PZ027921.1; PZ127308.1; PZ179769.1; PZ179770.1; PZ179771.1; PZ231615.1; PZ270548.1; PZ281963.1; PZ380020.1; PZ645953.1		
Hyalothyridium maydis / Orphanocoela maydis	Orphanocoela maydis/ Hyalothyridium maydis		fungi	NOT_VERIFIED	leaf spot	叶斑病	confirmed	Latterell, F. M., & Rossi, A. E. 1984. A new species of Hyalothyridium associated with a leaf spot of maize in Latin America. Mycologia 76(3): 506–514. | NCBI Taxonomy 未收录 Orphanocoela/Hyalothyridium maydis	missing	0		TaxID NOT_VERIFIED; no marker sequence linked	TAXID_PENDING; NCBI Taxonomy query 2026-08-25 found no exact match
Kabatiella zeae (Aureobasidium zeae)	Kabatiella zeae/Aureobasidium zeae	Aureobasidium zeae	fungi	1592451	Eyespot	玉米眼斑病/北方炭疽病(国内病害名称)	confirmed	Chen N, Xiao S, Sun J, et al. Virulence and molecular diversity in the Kabatiella zeae population causing maize eyespot in China[J]. Plant disease, 2020, 104(12): 3197-3206.	present	43	MH855318.1; MH860344.1; MT568644.1; MT889710.1; MT889711.1; MT889719.1; MT889720.1; MT889723.1; MT889724.1; MT889734.1; MT889735.1; MT889738.1; MT889757.1; MT889759.1; MT889760.1; MT889763.1; MT889817.1; MT889908.1; MT889909.1; MT889911.1; MT889912.1; MT889914.1; MT889915.1; MT889916.1; MT889921.1; MT889923.1; MT889925.1; MT889927.1; MT889928.1; MT889931.1; MT889932.1; MT889933.1; MT889969.1; MT889970.1; MT892866.1; MT892867.1; MT892870.1; MT892871.1; MT892872.1; MT892873.1; MT892874.1; MT892878.1; PV875371.1		
Lasiodiplodia theobromae / Botryodiplodia tubericola	Lasiodiplodia theobromae / Botryodiplodia tubericola		fungi	45133	Black kernel rot	穗黑腐病	confirmed	Ma H X, Zhang H J, Shi J, et al. First report of Lasiodiplodia theobromae causing maize ear rot in Hainan Province in Southern China[J]. Plant Disease, 2016, 100(10): 2160.	present	43	MH864419.1; MH865367.1; MH865370.1; MH865372.1; MH865374.1; PV642804.1; PZ112911.1; PZ112913.1; PZ586380.1; PZ586382.1; PZ596690.1; PZ596714.1; PZ597502.1; PZ597504.1; PZ597507.1; PZ597508.1; PZ597509.1; PZ597510.1; PZ597511.1; PZ597512.1; PZ597513.1; PZ625880.1; PZ626023.1; PZ686360.1; PZ686361.1; PZ686392.1; PZ689236.1; PZ694559.1; PZ702477.1; PZ702515.1; PZ716602.1; PZ716609.1; PZ716630.1; PZ716764.1; PZ716776.1; PZ729940.1; PZ737355.1; PZ761154.1; PZ765027.1; PZ804691.1; PZ810830.1		
Leptosphaeria multiseptata / Entodesmium multiseptatum	Leptosphaeria multiseptata / Entodesmium multiseptatum		fungi	NOT_VERIFIED	leaf spot	叶斑病	confirmed	MCGEE D C. Maize Diseases. Saint Paul: The American Phytopathological Society Press, 1988. 王晓鸣等. 玉米病害和病原名称整理及其汉译名称规范化探讨. 《中国农业科学》,2020. | NCBI Taxonomy 未收录 Leptosphaeria/Entodesmium multiseptata	missing	0		TaxID NOT_VERIFIED; no marker sequence linked	TAXID_PENDING; NCBI Taxonomy query 2026-08-25 found no exact match
Leptosphaeria variiseptata / Phaeosphaeria variiseptata	Leptosphaeria variiseptata / Phaeosphaeria variiseptata		fungi	NOT_VERIFIED	leaf spot	叶斑病	confirmed	MUNKVOLD G P, WHITE D G. Compendium of Corn Diseases. 4th ed. Saint Paul: The American Phytopathological Society Press, 2016. | NCBI Taxonomy 未收录 Leptosphaeria/Phaeosphaeria variiseptata	missing	0		TaxID NOT_VERIFIED; no marker sequence linked	TAXID_PENDING; NCBI Taxonomy query 2026-08-25 found no exact match
Leptosphaerulina australis	Leptosphaerulina australis		fungi	318710	leaf spot	叶斑病	confirmed	Liu Y, Wu S, Li X, et al. Occurrence of maize leaf spot disease caused by Leptosphaerulina australis in Yunnan, China[J]. Plant Disease, 2024, 108(11): 3407.	present	43	MH857342.1; MH857343.1; MH857344.1; MH857766.1; MH859488.1; MH861604.1; MH862995.1; MN972986.1; MN972987.1; MN973372.2; MN973373.2; MN973374.2; MN973375.2; MN973376.2; MW063542.1; MW063543.1; MW063544.1; MW063545.1; MW063546.1; MW063547.1; MZ569635.1; MZ950664.1; OL617010.1; OL664059.1; OL664060.1; OL664061.1; OM237304.1; ON500579.1; ON712005.1; ON712588.1; OP219725.1; PP217321.1; PP217322.1; PP217323.1; PP217324.1; PP217325.1; PP217326.1; PP217327.1; PP217328.1; PP217329.1; PP217330.1; PP257796.1; PP351801.1		
Macrophomina phaseolina	Macrophomina phaseolina		fungi	35725	Charcoal rot	炭腐病	confirmed	Marquez N, Giachero M L, Declerck S, et al. Macrophomina phaseolina: General characteristics of pathogenicity and methods of control[J]. Frontiers in plant science, 2021, 12: 634397.	present	43	MH864176.1; MH864177.1; MH864178.1; MH864179.1; MH864180.1; MH864181.1; MH864183.1; MH864184.1; PZ274760.1; PZ578617.1; PZ580501.1; PZ583678.1; PZ584633.1; PZ585468.1; PZ585477.1; PZ585556.1; PZ585569.1; PZ585570.1; PZ585684.1; PZ585970.1; PZ585973.1; PZ590381.1; PZ590382.1; PZ619148.1; PZ619157.1; PZ619159.1; PZ619173.1; PZ619177.1; PZ619180.1; PZ623692.1; PZ625881.1; PZ654857.1; PZ673730.1; PZ675044.1; PZ675045.1; PZ675046.1; PZ713693.1; PZ728854.1; PZ742592.1; PZ745973.1; PZ746421.1; PZ761564.1; PZ798764.1		
Marasmiellus inoderma	Marasmiellus inoderma		fungi	3021703	stalk rot	茎腐病	confirmed	Sabet K A, Ashour W A, Samra A S, et al. Root-rot of maize caused by Marasmiellus inoderma[J]. Transactions of the British Mycological Society, 1970, 54(1): 123-IN15.	present	1	OQ282825.1		
Marasmius graminum var. brevispora / Marasmius graminum	Marasmius graminum/Marasmius graminum var. brevispora		fungi	160937	root /stalk rot	根腐/茎腐病	confirmed	PONT W. STUDIES ON ROOT ROT AND STALK ROT OF MAIZE IN NORTH QUEENSLAND CAUSED BY MARASMIUS SACCHARI WAKKER VAR.. HAW AIIENSIS COBB AND[J]. Queensland Journal of Agricultural and Animal Sciences, 1973, 30: 3.	present	4	JF908341.1; JN943595.1; MH857692.1; MT524457.1		
Marasmius sacchari var. hawaiiensis / Marasmius sacchar	Marasmius sacchar/Marasmius sacchari var. hawaiiensis		fungi	2075139	root /stalk rot	根腐/茎腐病	confirmed	PONT W. STUDIES ON ROOT ROT AND STALK ROT OF MAIZE IN NORTH QUEENSLAND CAUSED BY MARASMIUS SACCHARI WAKKER VAR.. HAW AIIENSIS COBB AND[J]. Queensland Journal of Agricultural and Animal Sciences, 1973, 30: 3.	missing	0		No public marker gene sequence found in NCBI GenBank (2026-08-25)	
Microdochium bolleyi	Microdochium bolleyi		fungi	196109	root rot	根腐病	confirmed	Stojkov S. The study of Microdochium bolleyi (Sprague) De Hoog and Hermandies-Nijof the fungus causing root rot of maize[J]. 1993.	present	43	LC897489.1; MH858255.1; MH858394.1; MH860598.1; MN957201.1; MN957605.1; MZ950665.1; MZ950666.1; MZ950667.1; MZ950668.1; MZ950669.1; MZ950670.1; OP710188.1; OR077980.1; PP156737.1; PP175541.1; PP175542.1; PP175543.1; PP175544.1; PP175545.1; PP175546.1; PP175547.1; PP175548.1; PP956625.1; PP956626.1; PQ804179.1; PQ879999.1; PQ880021.1; PV226166.1; PV368024.1; PV432480.1; PV444748.1; PV590691.1; PV592488.1; PV688660.1; PX118463.1; PX587459.1; PX682838.1; PX684562.1; PX979157.1; PX979159.1; PX979160.1; PX979393.1		
Microdochium seminicola	Microdochium seminicola		fungi	1682390	Tar Spot	焦斑病	confirmed	Ferreira L C, de Moura V A S, Resende Jr M F R, et al. Pathobiome Analyses Reveal Structural Changes in Maize Microbiomes Associated with Phyllachora maydis and Tar Spot Disease[J]. Phytobiomes Journal, 2025, 9(4): 620-635.	present	23	KP859007.1; KP859011.1; KP859017.1; KP859019.1; KP859020.1; KP859021.1; KP859023.1; KP859029.1; KP859030.1; KP859031.1; KP859032.1; KP859033.1; KP859034.1; KP859036.1; KP859037.1; KP859038.1; KX426950.1; KX426969.1; MK990150.1; MN759671.1; MN759684.1; OQ415349.1		
Monographella maydis/Microdochium maydis	Microdochium maydis/Monographella maydis		fungi	NOT_VERIFIED	Tar spot complex	靶斑病	confirmed	Müller E, Samuels G J. Monographella maydis sp. nov. and its connection to the tar-spot disease of Zea mays[J]. 1984. | NCBI Taxonomy 未收录 Microdochium/Monographella maydis	missing	0		TaxID NOT_VERIFIED; no marker sequence linked	TAXID_PENDING; NCBI Taxonomy query 2026-08-25 found no exact match
Mucor circinelloides	Mucor circinelloides		fungi	36080	Mucor ear rot, storage mold	毛霉穗腐病/储藏霉病	confirmed	Purwantisari S, Nurbayani F A, Safina M F I, et al. Antagonistic activity of Trichoderma harzianum against Aspergillus parasiticus and Mucor circinelloides in corn plant (Zea mays L.)[J]. PLANTA TROPIKA, 2025, 13(1): 38-51.	present	43	MH854580.1; MH854641.1; MH854974.1; MH854979.1; MH854980.1; MH855528.1; MH855658.1; MH855659.1; MH855660.1; MH856521.1; MH857182.1; MH859111.1; MH859803.1; MH859804.1; MH859805.1; MH859806.1; MH859807.1; MH859808.1; MH860064.1; MH860622.1; MH860623.1; MH862534.1; MH863646.1; PP844139.1; PP844478.1; PV234064.1; PZ465995.1; PZ465996.1; PZ465997.1; PZ478071.1; PZ480718.1; PZ498035.1; PZ610053.1; PZ618550.1; PZ623857.1; PZ623906.1; PZ623919.1; PZ645930.1; PZ679022.1; PZ685956.1; PZ727093.1; PZ742424.1; PZ742477.1		
Mycosarcoma maydis (Ustilago maydis)	Mycosarcoma maydis/Ustilago maydis	Ustilago maydis	fungi	5270	Common smut/boil smut	玉米黑粉病/瘤黑粉病	confirmed	Kämper J, Kahmann R, Bölker M, et al. Insights from the genome of the biotrophic fungal plant pathogen Ustilago maydis[J]. Nature, 2006, 444(7115): 97-101.	present	43	KJ081758.1; MH047195.1; MH115001.1; MH854587.1; MH855351.1; MH855354.1; MH855355.1; MH855356.1; MH855357.1; MH855358.1; MH855359.1; MH855360.1; MH855361.1; MH855362.1; MH855363.1; MH855364.1; MH855365.1; MH855367.1; MH855368.1; MH855369.1; MH855370.1; MH857912.1; MH858320.1; MN871436.1; MT505437.1; MT573494.1; MW366682.1; MW366683.1; MW620058.1; MZ496986.1; ON540127.1; OP676012.1; OP676013.1; OP676014.1; OQ540480.1; OQ780875.1; OQ979653.1; OR042785.1; OW986184.1; OW986492.1; PQ220215.1; PV584127.1; PZ745924.1		
Nigrospora oryzae (Khuskia oryzae)	Nigrospora oryzae/Khuskia oryzae/Apiospora oryzae	Khuskia oryzae	fungi	335854	Nigrospora ear and cob rot/ Dry ear rot	黑孢穗腐病	confirmed	Balendres M A, Calabon M, Cortes A, et al. Nigrospora[M]//Compendium of Phytopathogenic Microbes in Agro-Ecology: Vol. 1 Fungi. Cham: Springer Nature Switzerland, 2025: 503-529.	present	43	MH855300.1; MH860749.1; PV786828.1; PX832329.1; PX908935.1; PX923130.1; PX953057.1; PX953059.1; PX953060.1; PX953061.1; PX965520.1; PZ054261.1; PZ113118.1; PZ113130.1; PZ113170.1; PZ117519.1; PZ163948.1; PZ179767.1; PZ179768.1; PZ231266.1; PZ262216.1; PZ262228.1; PZ288198.1; PZ342846.1; PZ386890.1; PZ448570.1; PZ478029.1; PZ543369.1; PZ556456.1; PZ577576.1; PZ579198.1; PZ579209.1; PZ579221.1; PZ627202.1; PZ627230.1; PZ653124.1; PZ653155.1; PZ716311.1; PZ785580.1; PZ794735.1; PZ798438.1; PZ798441.1; PZ818903.1		
Paraphaeosphaeria michotii / Sphaeria michotii	Paraphaeosphaeria michotii / Sphaeria michotii		fungi	125373	Tar Spot	焦斑病	confirmed	Ferreira L C, de Moura V A S, Resende Jr M F R, et al. Pathobiome Analyses Reveal Structural Changes in Maize Microbiomes Associated with Phyllachora maydis and Tar Spot Disease[J]. Phytobiomes Journal, 2025, 9(4): 620-635.	present	43	AB809639.1; JF340243.1; JX496103.1; JX629111.1; KJ406848.1; KJ406851.1; KJ939279.1; KR093907.1; KT827260.1; KU751878.1; KY228674.1; LN714580.1; LR876473.1; MG572395.1; MG828933.1; MG828934.1; MH178728.1; MH860778.1; MH861961.1; MH862008.1; MK911665.1; MN173033.1; MT000378.1; MT000428.1; MT852531.1; MW157750.1; MW483799.1; MZ098686.1; MZ492971.1; MZ567858.1; ON130594.1; OP076879.1; OQ842752.1; OQ924429.1; OR134752.1; OR237610.1; OR600348.1; PQ741231.1; PV608536.1; PV608537.1; PV608538.1; PV833215.1; PX387417.1		
Penicillium chrysogenum	Penicillium chrysogenum		fungi	5076	Penicillium ear rot (blue eye)	青霉穗腐病	confirmed	Hill P. 1972. The Production of Penicillins in Soils and Seeds by Penicillium chrysogenum and the Role of Penicillin β-Lactamase in the Ecology of Soil Bacillus. Journal of General Microbiology, 70: 243–252.	present	43	PP231834.1; PV836786.1; PX071318.1; PX071320.1; PX071334.1; PX071341.1; PX071365.1; PX071379.1; PX071386.1; PX071387.1; PX071394.1; PX071405.1; PX071406.1; PX071413.1; PX071414.1; PX071415.1; PX071418.1; PX071419.1; PX071420.1; PX071423.1; PZ691672.1; PZ691683.1; PZ691689.1; PZ691697.1; PZ691720.1; PZ691721.1; PZ691881.1; PZ691892.1; PZ691914.1; PZ691919.1; PZ691981.1; PZ692037.1; PZ692086.1; PZ725178.1; PZ742421.1; PZ742439.1; PZ742577.1; PZ770550.1; PZ779405.1; PZ780476.1; PZ781139.1; PZ810691.1; PZ818892.1		
Penicillium cyclopium	Penicillium aurantiogriseum/Penicillium cyclopium/Penicillium viridicatum		fungi	60167	Penicillium ear rot	青霉穗腐病	confirmed	Keromnes J, Thouvenot D. Role of penicillic acid in the phytotoxicity of Penicillium cyclopium and Penicillium canescens to the germination of corn seeds[J]. Applied and environmental microbiology, 1985, 49(3): 660-663. Ekwomadu T I, Gopane R E, Mwanza M. Occurrence of filamentous fungi in maize destined for human consumption in South Africa[J]. Food science & nutrition, 2018, 6(4): 884-890.	present	32	GU319999.1; JN097811.1; JN942740.1; JN942747.1; KC009306.1; KJ783269.1; KM023347.1; KP067255.1; KU325083.1; MH854633.1; MH857889.1; MH858381.1; MH865559.1; MH865965.1; MK578750.1; MN794459.1; MN794470.1; MN794471.1; MN818582.1; MT133771.1; MT133789.1; MT990551.1; OL703546.1; OL703547.1; ON782646.1; OP681420.1; OR421159.1; OW982518.1; OW984203.1; OW984243.1; PV953214.1; PX108407.1		
Penicillium funiculosum / Talaromyces funiculosus	Talaromyces funiculosus/Penicillium funiculosum		fungi	28572	Penicillium ear rot	青霉穗腐病	confirmed	Liu S, Wang J, Guo N, et al. Talaromyces funiculosus, a novel causal agent of maize ear rot and its sensitivity to fungicides[J]. Plant disease, 2021, 105(12): 3978-3984.	present	43	LC901906.1; MH859993.1; MH859994.1; MH860395.1; MH860396.1; MH860684.1; MH861957.1; MH864243.1; MH864872.1; MH864919.1; MH864925.1; MH865292.1; MH865441.1; MH865549.1; MZ353523.1; MZ353530.1; MZ353546.1; MZ353561.1; PP844509.1; PQ555628.1; PQ721339.1; PV362176.1; PV363923.1; PV363924.1; PV363925.1; PV581222.1; PV652812.1; PV839589.1; PX287135.1; PX427499.1; PX471239.1; PX494403.1; PX503668.1; PX600458.1; PX830115.1; PX854934.1; PX916096.1; PX994870.1; PZ288163.1; PZ319438.1; PZ394571.1; PZ691477.1; PZ742578.1		
Penicillium oxalicum	Penicillium oxalicum		fungi	69781	Penicillium ear rot (blue eye)/Leaf Blight	青霉穗腐病/蓝眼病/叶斑病	confirmed	Han J X, Zhang S L, Shi X C, et al. First report of Penicillium oxalicum causing leaf blight on maize in China[J]. Plant Disease, 2023, 107(8): 2554.	present	43	MH855125.1; MH857880.1; MH861321.1; MH865648.1; PP844522.1; PV459685.1; PV614111.1; PV620251.1; PX596651.1; PZ113200.1; PZ126814.1; PZ126818.1; PZ126846.1; PZ152156.1; PZ152157.1; PZ161332.1; PZ161333.1; PZ161334.1; PZ179775.1; PZ225463.1; PZ256037.1; PZ269221.1; PZ269539.1; PZ278834.1; PZ297261.1; PZ367800.1; PZ384125.1; PZ406414.1; PZ413456.1; PZ414889.1; PZ450922.1; PZ453303.1; PZ507495.1; PZ539274.1; PZ575809.1; PZ585093.1; PZ586761.1; PZ627224.1; PZ627227.1; PZ627228.1; PZ737106.1; PZ766234.1; PZ805041.1		
Penicillium verrucosum	Penicillium verrucosum		fungi	60171	ear rot	穗腐病	confirmed	Wawrzyniak J, Waśkiewicz A. Ochratoxin A and citrinin production by Penicillium verrucosum on cereal solid substrates[J]. Food Additives & Contaminants: Part A, 2014, 31(1): 139-148.	present	43	AB479317.1; KF465779.1; KY006840.1; KY006842.1; KY966028.1; LC901877.1; MG589527.1; MG647843.1; MG821374.1; MH858300.1; MH858434.1; MH858846.1; MH860078.1; MH860079.1; MH860080.1; MH860081.1; MH860082.1; MH860083.1; MH860084.1; MH860085.1; MH860442.1; MH860443.1; MK177583.1; MK641464.1; MN013987.1; MW221147.1; MW221218.1; OM892850.1; ON329678.1; OP715869.1; OR073642.1; OR100413.1; OR342706.1; OW982548.1; OW984205.1; PP732489.1; PP921319.1; PQ463369.1; PQ864802.1; PV065892.1; PV065897.1; PV362167.1; PV915793.1		
Phaeocytostroma ambiguum	Phaeocytostroma ambiguum		fungi	935936	stalk rot	茎腐病	confirmed	Kimtai D K, Schmidt C, Matthiesen R L, et al. Pathogenicity and fungicide sensitivity of Phaeocytostroma ambiguum, a fungal species recovered from the crowns of corn plants[J]. Plant Disease, 2026 (ja).	present	29	FR748034.1; FR748035.1; FR748036.1; FR748037.1; FR748038.1; FR748039.1; FR748040.1; FR748041.1; FR748042.1; FR748043.1; FR748044.1; KT323138.1; KT966745.1; KU323506.1; KU323507.1; KU323508.1; MH865025.1; MK249746.1; MK956133.1; MK956167.1; MT556639.1; MT556793.1; MT571457.1; MT571463.1; MT571486.1; MZ931307.1; MZ934389.1; PV291689.1; PX995158.1		
Phaeosphaeria herpotricha / Ophiosphaerella herpotricha	Ophiosphaerella herpotricha/Phaeosphaeria herpotricha		fungi	33175	leaf spot	叶斑病	confirmed	MCGEE D C. Maize Diseases. Saint Paul: The American Phytopathological Society Press, 1988. 王晓鸣等. 玉米病害和病原名称整理及其汉译名称规范化探讨. 《中国农业科学》,2020.	present	38	AF101796.1; AF101813.1; KC841020.1; KC841028.1; KC841030.1; KC841031.1; KC841033.1; KC841038.1; KC841046.1; KC841048.1; KC841049.1; KC841052.1; KC841053.1; KC841054.1; KC841058.1; KC841059.1; KC841060.1; KC841061.1; KC841063.1; KC841064.1; KC841065.1; KC841066.1; KC841067.1; KC841073.1; KC841080.1; KF498728.1; KM096231.1; KP690986.1; KP690987.1; KP690988.1; KP690989.1; KP690990.1; KP690991.1; KP690992.1; KT274698.1; MN587172.1; MT446090.1; ON407117.1		
Phaeosphaeria maydis	Phaeosphaeria maydis		fungi	NOT_VERIFIED	Leaf Spot	叶斑病	confirmed	Jibril S M, Hu Y, Yang K, et al. Microbiome Analysis of Area in Proximity to White Spot Lesions Reveals More Harmful Plant Pathogens in Maize[J]. Biomolecules, 2025, 15(2): 252. Gonçalves R M, Figueiredo J E F, Pedro E S, et al. Etiology of Phaeosphaeria leaf spot disease of maize[J]. Journal of Plant Pathology, 2013: 559-569. Carson M L. Yield loss potential of Phaeosphaeria leaf spot of maize caused by Phaeosphaeria maydis in the United States[J]. Plant disease, 2005, 89(9): 986-988. | NCBI Taxonomy 未收录 Phaeosphaeria maydis	missing	0		TaxID NOT_VERIFIED; no marker sequence linked	TAXID_PENDING; NCBI Taxonomy query 2026-08-25 found no exact match
Phialophora radicicola / Gaeumannomyces radicicola	Gaeumannomyces radicicola/Phialophora radicicola		fungi	1577605	root rot	根腐病	confirmed	McKeen W E. Phialophora radicicola Cain, a corn rootrot pathogen[J]. Canadian Journal of Botany, 1952, 30(3): 344-347.	present	18	AB190407.1; AB190409.1; AJ010035.1; AJ010043.1; AJ010044.1; AY120939.1; KJ159572.1; KM009168.1; KM009169.1; KM009170.1; KM484844.1; KM484846.1; KM484848.1; KM484849.1; KM484850.1; MH857211.1; MH861867.1; MT276057.1		
Phyllachora maydis	Phyllachora maydis		fungi	1825666	Tar spot complex	焦油斑病 (Tar spot)	confirmed	Solórzano J E, Cruz C D, Arenz B E, et al. Tar spot of corn: A diagnostic and methods guide[J]. Plant Health Progress, 2023, 24(1): 117-122.	present	19	OL342916.1; OL342922.1; ON241789.1; ON400514.1; OP831220.1; OP831221.1; OP831222.1; OP831223.1; OP831224.1; OP831225.1; OP984077.1; OP984079.1; OQ034699.1; OQ200487.1; OQ200489.1; PP725321.1; PP725378.1; PX852345.1; PX854774.1		
Physoderma maydis	Physoderma maydis		fungi	276838	Physoderma brown spot	玉米褐斑病/节壶菌病	confirmed	Robertson A E, Jesse L, Munkvold G, et al. Physoderma brown spot and stalk rot of corn caused by Physoderma maydis in Iowa[J]. Plant Health Progress, 2015, 16(2): 90-92.	present	2	AY601708.1; AY997072.1		
Physopella pallescens / Phakopsora pallescens	Phakopsora pallescens/ Physopella pallescens		fungi	NOT_VERIFIED	Tropic rust	热带锈病	confirmed	NYVALL R F. Field Crop Diseases. 3rd ed. Ames: Iowa State University Press, 1999 | NCBI Taxonomy 未收录 Phakopsora/Physopella pallescens	missing	0		TaxID NOT_VERIFIED; no marker sequence linked	TAXID_PENDING; NCBI Taxonomy query 2026-08-25 found no exact match
Physopella zeae	Phakopsora zeae/Physopella zeae		fungi	NOT_VERIFIED	Tropic rust	热带锈病	confirmed	Nihei T H, Ferreira J M. Diallel analysis of maize inbred lines with emphasis on resistance to leaf diseases[J]. Pesquisa Agropecuária Brasileira, 2012, 47: 369-377. | NCBI Taxonomy 未收录 Phakopsora/Physopella zeae	missing	0		TaxID NOT_VERIFIED; no marker sequence linked	TAXID_PENDING; NCBI Taxonomy query 2026-08-25 found no exact match
Puccinia polysora	Puccinia polysora		fungi	684837	Southern rust/polysora rust	玉米南方锈病/多堆柄锈菌病	confirmed	Sun Q, Li L, Guo F, et al. Southern corn rust caused by Puccinia polysor a Underw: a review[J]. Phytopathology Research, 2021, 3(1): 25.	present	43	AB599970.1; AB599971.1; AB599972.1; AB599973.1; AB599974.1; AB599975.1; AB599976.1; HQ189433.1; MF033480.1; MT932574.1; MT932575.1; MT932576.1; MT932577.1; MZ787762.1; OK275641.1; OR470027.1; OR470028.1; OR470029.1; OR470030.1; PV593781.1; PV593782.1; PV593783.1; PV593784.1; PV593785.1; PV593787.1; PV593788.1; PV593789.1; PV593791.1; PV593792.1; PV593794.1; PV593797.1; PV593798.1; PV593799.1; PV593800.1; PV593801.1; PV593802.1; PV593803.1; PV593804.1; PV593805.1; PV593806.1; PV593810.1; PV593812.1		
Puccinia sorghi	Puccinia sorghi		fungi	27349	Common rust	玉米普通锈病	confirmed	Olukolu B A, Tracy W F, Wisser R, et al. A genome-wide association study for partial resistance to maize common rust[J]. Phytopathology, 2016, 106(7): 745-751.	present	21	AY114291.1; DQ345724.1; HQ154038.1; KY354211.1; KY764163.1; L08734.1; MT955202.1; MT955203.1; MT965574.1; MT965630.1; MT965631.1; MT965639.1; ON000260.1; PP469634.1; PP471887.1; PV593786.1; PV810235.1; PX955827.1; PX955856.1		
Pyricularia oryzae (Magnaporthe oryzae)	Pyricularia oryzae/Magnaporthe oryzae	Magnaporthe oryzae	fungi	318829	Gray leaf spot (occasional)/ leaf blast	稻瘟病(偶侵染玉米)	secondary	Pordel A, Ravel S, Charriat F, et al. Tracing the origin and evolutionary history of Pyricularia oryzae infecting maize and barnyard grass[J]. Phytopathology®, 2021, 111(1): 128-136.	present	43	MH424730.1; MH424731.1; MH424732.1; MH424733.1; MH424734.1; MH424735.1; MH424736.1; MH424737.1; MH424738.1; MH424739.1; MH424740.1; MH424741.1; MH424742.1; MH424743.1; MH424744.1; MH424745.1; MH424746.1; MH424747.1; MH424748.1; MH424749.1; MH424750.1; MH424751.1; MH424752.1; MH424753.1; MH424754.1; MH857082.1; MH859782.1; PZ451090.1; PZ513395.1; PZ538835.1; PZ675881.1; PZ687988.1; PZ687989.1; PZ687991.1; PZ687992.1; PZ687993.1; PZ687994.1; PZ687995.1; PZ687996.1; PZ687997.1; PZ688001.1; PZ702463.1; PZ745921.1		
Rhizoctonia solani (Thanatephorus cucumeris)	Rhizoctonia solani (Thanatephorus cucumeris)	Thanatephorus cucumeris	fungi	456999	Banded leaf and sheath blight (BLSB)	玉米纹枯病	confirmed	Pascual, Toda, Raymondo, et al. Characterization by conventional techniques and PCR of Rhizoctonia solani isolates causing banded leaf sheath blight in maize[J]. Plant Pathology, 2000, 49(1): 108-118.	present	43	PZ718915.1; PZ718916.1; PZ741301.1; PZ741302.1; PZ741730.1; PZ747061.1; PZ747062.1; PZ747063.1; PZ747064.1; PZ747065.1; PZ747066.1; PZ747067.1; PZ747068.1; PZ747069.1; PZ747070.1; PZ747071.1; PZ747072.1; PZ747073.1; PZ747074.1; PZ747075.1; PZ747076.1; PZ747077.1; PZ795269.1; PZ805015.1; PZ806597.1; PZ829590.1; PZ829591.1; PZ829592.1; PZ829593.1; PZ829594.1; PZ829595.1; PZ829991.1; PZ830004.1; PZ830005.1; PZ830010.1; PZ830013.1; PZ830018.1; PZ830347.1; PZ830348.1; PZ830349.1; PZ830350.1; PZ830351.1; PZ830834.1		
Rhizopus arrhizus	Rhizopus arrhizus		fungi	64495	Rhizopus root rot of maize / maize seedling root rot	玉米根霉根腐病／玉米幼苗根腐病	confirmed	Morales-Barron B M, Larios-Serrato V, Morales-García Y E, et al. Effect of Pseudomonas protegens EMM-1 Against Rhizopus oryzae in Interactions with Mexican Autochthonous Red Maize[J]. Life, 2025, 15(4): 554.	present	43	MH857229.1; MH857486.1; MH863097.1; MH864361.1; MH865572.1; MH865573.1; MH865574.1; MH865576.1; MH865577.1; MH865581.1; MH865582.1; MH865584.1; MH865585.1; MH865586.1; MH865587.1; MH865588.1; MH865589.1; MH865590.1; MH865591.1; MH865592.1; MH865593.1; MH865594.1; MH866178.1; PP844116.1; PP844168.1; PP844454.1; PP844458.1; PP844460.1; PP844502.1; PZ624080.1; PZ645929.1; PZ683100.1; PZ683187.1; PZ683188.1; PZ706490.1; PZ724278.1; PZ742489.1; PZ785106.1; PZ785107.1; PZ785108.1; PZ785858.1; PZ785861.1; PZ786493.1		
Rhizopus stolonifer	Rhizopus stolonifer		fungi	4846	Rhizopus ear rot, storage mold	根霉穗腐病/储藏霉病	confirmed	Pscheidt JW, Ocamb CM. Corn (Zea mays)—Ear Rots. Pacific Northwest Plant Disease Management Handbook.	present	43	MZ407670.1; OR552919.1; PP989830.1; PP999471.1; PQ516914.1; PQ557265.1; PQ589254.1; PQ963946.1; PV065894.1; PV242079.1; PV464668.1; PV476201.1; PV546863.1; PV801992.1; PV916127.1; PV955871.1; PX130429.1; PX220220.1; PX238430.1; PX381334.1; PX448037.1; PX487960.1; PX499255.1; PX588600.1; PX597162.1; PX620084.1; PX642941.1; PX735259.1; PX845835.1; PX915407.1; PX924853.1; PX981750.1; PZ012038.1; PZ043867.1; PZ053804.1; PZ053805.1; PZ359898.1; PZ368868.1; PZ385591.1; PZ447514.1; PZ501320.1; PZ593662.1; PZ593665.1		
Sarocladium strictum (Acremonium strictum)	Sarocladium strictum (Acremonium strictum)	Acremonium strictum	fungi	5046	Acremonium wilt/black bundle disease	枝顶孢枯萎病/黑束病	confirmed	Tagne A, Neergaard E, Hansen H J, et al. Studies of host—pathogen interaction between maize and Acremonium strictum from Cameroon[J]. European Journal of Plant Pathology, 2002, 108(2): 93-102.	present	43	MH855386.1; MH858128.1; MH858503.1; MH859619.1; MH859620.1; MH859621.1; MH859622.1; MH859623.1; MH859624.1; MH859625.1; MH859626.1; MH859628.1; MH859629.1; MH859630.1; MH859631.1; MH859696.1; MH859705.1; MH859722.1; MH859723.1; MH859724.1; MH859725.1; MH864442.1; MH864509.1; MH871381.1; PV339549.1; PV339566.1; PV407532.1; PV407533.1; PV407535.1; PV407537.1; PV407542.1; PX875878.1; PX891964.1; PX891969.1; PX892013.1; PX928749.1; PX928772.1; PX928778.1; PX963973.1; PX988759.1; PZ251243.1; PZ362199.1; PZ653114.1		
Sarocladium zeae/Acremonium zeae	Sarocladium zeae/Acremonium zeae		fungi	1036732	Sheath rot, stalk rot	鞘腐病/茎腐病	confirmed	Harish J, Prasannakumar M K, Venkateshbabu G, et al. Molecular and genomic insights into the pathogenicity of Sarocladium zeae causing maize stalk rot disease[J]. Microbiological Research, 2025, 296: 128146.	present	43	MH859433.1; MH859633.1; MH859763.1; MZ353527.1; OQ429857.1; OQ429858.1; OR500031.1; OR500035.1; OR500039.1; OR500040.1; OR500045.1; OR500051.1; OR500054.1; OR500055.1; OR500061.1; PP721194.1; PP721195.1; PP721196.1; PP721197.1; PP721198.1; PP721200.1; PP721201.1; PP721202.1; PP721203.1; PP721204.1; PP721205.1; PP721206.1; PP721207.1; PP721208.1; PQ236698.1; PQ304517.1; PV368045.1; PV368046.1; PV407543.1; PV407545.1; PV492239.1; PV862258.1; PV862259.1; PX858207.1; PX965531.1; PX965538.1; PX965544.1; PX965551.1		
Septoria maydis	Septoria maydis		fungi	NOT_VERIFIED	leaf blotch	斑点病	confirmed	CIMMYT Maize Program. Maize Diseases: A Guide for Field Identification. 4th ed. Mexico, D.F.: International Maize and Wheat Improvement Center (CIMMYT). 119 pp.2004. | NCBI Taxonomy 未收录 Septoria maydis	missing	0		TaxID NOT_VERIFIED; no marker sequence linked	TAXID_PENDING; NCBI Taxonomy query 2026-08-25 found no exact match
Septoria zeina/Septoria zeae	Septoria zeina		fungi	NOT_VERIFIED	leaf blotch	斑点病	confirmed	QI P K, BAI J K, ZHU G X. Fungal Diseases of Cultured Plants of Jilin. Beijing: Science Press, 1966. (in Chinese) | NCBI Taxonomy 未收录 Septoria zeina (不同于 Cercospora zeina)	missing	0		TaxID NOT_VERIFIED; no marker sequence linked	TAXID_PENDING; NCBI Taxonomy query 2026-08-25 found no exact match
Setophoma terrestris (Phoma terrestris/Pyrenochaeta terrestris )	Setophoma terrestris/Phoma terrestris/Pyrenochaeta terrestris	Phoma terrestris; Pyrenochaeta terrestris	fungi	798162	red root rot	红根腐病	confirmed	Yoshida N. Seasonal dynamics of the pink root fungus (Setophoma terrestris) in rhizosphere soil: Effect of crop species and rotation[J]. Plant Pathology, 2022, 71(2): 361-372.	present	43	MH855079.1; MH857088.1; OR119862.1; OR119866.1; PP758428.1; PQ579615.1; PQ764087.1; PQ764088.1; PQ771931.1; PQ788715.1; PQ788749.1; PQ788750.1; PV590710.1; PV593185.1; PV593203.1; PV805239.1; PV825797.1; PV992114.1; PX022279.1; PX048532.1; PX048533.1; PX048534.1; PX587584.1; PX587585.1; PX587586.1; PX587587.1; PX587588.1; PX587589.1; PX587590.1; PX587591.1; PX587592.1; PX587593.1; PX587594.1; PX587595.1; PX587596.1; PX587597.1; PX587598.1; PX587599.1; PX657306.1; PX657319.1; PX875970.1; PZ503009.1; PZ706505.1		
Sporisorium reilianum (Sphacelotheca reiliana)	Sporisorium reilianum/Sphacelotheca reiliana	Sphacelotheca reiliana	fungi	72558	Head smut	玉米丝黑穗病	confirmed	Ghareeb H, Becker A, Iven T, et al. Sporisorium reilianum infection changes inflorescence and branching architectures of maize[J]. Plant physiology, 2011, 156(4): 2037-2052.	present	33	AF038827.1; AF045870.1; AF135432.1; AY740163.1; DQ875352.1; DQ979020.2; DQ979021.2; FJ167350.1; FJ167351.1; FJ167352.1; FJ167354.1; FJ167355.1; FJ167357.1; FJ167358.1; FJ167359.1; FJ167360.1; FJ167361.1; HQ011381.1; HQ641393.1; KC986979.1; KF706438.1; KJ917977.1; KY856895.1; KY856896.1; MH854662.1; MN049265.1; MN049270.1; MN049272.1; MN049274.1; MN049276.1; MN049277.1; OP704120.1; OR042783.1		
Stenocarpella macrospora	Stenocarpella macrospora		fungi	371126	Diplodia dry ear rot	色二孢干穗腐病	confirmed	| McGee DC. (1988). Maize diseases: a reference source for seed technologists.	present	20	FR748048.1; FR748049.1; GQ167224.1; GQ167225.1; GQ259128.1; KY012337.1; MH865024.1; ON209712.1; PQ241617.1; PV156023.1; PV156059.1; PV156060.1; PV291690.1; PV291691.1; PV291692.1; PV291693.1; PV291694.1; PV291695.1; PX965534.1; PZ726902.1		
Stenocarpella maydis (Diplodia maydis)	Stenocarpella maydis/ Diplodia maydis	Diplodia maydis	fungi	238245	Diplodia ear rot/stalk rot/Stenocarpella leaf spot	色二孢穗腐病/茎腐病/玉米狭壳柱孢叶斑病	confirmed	Wicklow D T, Rogers K D, Dowd P F, et al. Bioactive metabolites from Stenocarpella maydis, a stalk and ear rot pathogen of maize[J]. Fungal biology, 2011, 115(2): 133-142.	present	41	FR748050.1; FR748052.1; FR748053.1; FR748054.1; FR748055.1; FR748056.1; FR748059.1; FR748060.1; FR748061.1; FR748062.1; FR748063.1; FR748064.1; FR748065.1; GQ167220.1; GQ167221.1; GQ167222.1; GQ167223.1; GQ259129.1; GQ259130.1; GQ428199.1; KC311732.1; KM030331.1; KP164561.1; KP691031.1; KU680414.1; KY940797.1; MF076624.1; MK249739.1; MT556638.1; MT571456.1; MT772176.1; MW995721.1; MZ895508.1; MZ948964.1; ON209722.1; ON310802.1; OQ683861.1; OR500033.1; PQ609689.1; PV124187.1; PX444915.1		
Talaromyces radicus	Talaromyces radicus		fungi	228353	ear rot	穗腐病	confirmed	王晓鸣, 王振营. 中国玉米病虫草害图鉴. 北京: 中国农业出版社, 2018. WANG X M, WANG Z Y. Illustrated Handbook of Maize Diseases, Insect Pests and Weeds in China. Beijing: China Agriculture Press, 2018. (in Chinese)	present	43	JN899324.1; JX091490.1; JX091491.1; JX091492.1; KF984879.1; KF984881.1; LC743858.1; MH862702.1; MK045813.1; MK646059.1; MK805489.1; MW543021.1; MW578828.1; MW897747.1; MZ031136.1; MZ835641.1; OK011815.1; OK035203.1; OM237068.1; OM237078.1; OM487041.1; ON208514.1; ON208515.1; ON208737.1; ON394880.1; ON394881.1; ON428466.1; ON492846.1; OQ981228.1; OQ981229.1; OQ981230.1; OR673580.1; OR835532.1; OR835533.1; OR922574.1; OW982510.1; OW988101.1; PP844393.1; PP844405.1; PV369555.1; PV369691.1; PX071999.1; PX072000.1		
Trichoderma afroharzianum	Trichoderma afroharzianum		fungi	1567482	ear rot	穗腐病	confirmed	Harish J, Prasannakumar M K, Karan R, et al. Trichoderma spp. as a novel pathogen for maize post-flowering stalk rot in India[J]. Crop Protection, 2025, 195: 107255.	present	43	MN944475.1; MN944477.1; MN944478.1; MN944483.1; OR028877.1; OR028878.1; PQ771090.1; PQ792632.1; PV147294.1; PV803490.1; PV833935.1; PV875369.1; PV888853.1; PV888871.1; PV888872.1; PV927072.1; PV927113.1; PV998964.1; PX125564.1; PX317609.1; PX440380.1; PX451861.1; PX466672.1; PX592360.1; PX596745.1; PX641334.1; PX682135.1; PX781899.1; PX781900.1; PX944777.1; PX990073.1; PX990074.1; PZ069395.1; PZ122442.1; PZ163670.1; PZ169959.1; PZ227505.1; PZ251622.1; PZ270822.1; PZ357797.1; PZ359186.1; PZ721831.1; PZ768225.1		
Trichoderma asperellum	Trichoderma asperellum		fungi	101201	ear rot	穗腐病	confirmed	Wang W, Xiao S, Que F, et al. Maize Knows Friends or Foes? The Dark Side of Trichoderma asperellum as a Maize Ear Rot Pathogenic Fungus[J]. Plant Biotechnology Journal, 2026, 24(4): 2701-2703.	present	43	PX599544.1; PZ623881.1; PZ623918.1; PZ625986.1; PZ660808.1; PZ671385.1; PZ673735.1; PZ674016.1; PZ675096.1; PZ694441.1; PZ702501.1; PZ702504.1; PZ702509.1; PZ702510.1; PZ702511.1; PZ702512.1; PZ708500.1; PZ710498.1; PZ711025.1; PZ711027.1; PZ711390.1; PZ712057.1; PZ713279.1; PZ722104.1; PZ723407.1; PZ728837.1; PZ728846.1; PZ728849.1; PZ737013.1; PZ741003.1; PZ756708.1; PZ764224.1; PZ766098.1; PZ768890.1; PZ770416.1; PZ770420.1; PZ770676.1; PZ770678.1; PZ770854.1; PZ779474.1; PZ794737.1; PZ799364.1; PZ806572.1		
Trichoderma hamatum	Trichoderma hamatum		fungi	49224	first-internode lesions	第一节间病斑	confirmed	McFadden A G, Sutton J C. Relationships of populations of Trichoderma spp. in soil to disease in maize[J]. Canadian journal of plant science, 1975, 55(2): 579-586. Sobowale A A, Odebode A C, Cardwell K F, et al. Antagonistic potential of Trichoderma longibrachiatum and T. hamatum resident on maize (Zea mays) plant against Fusarium verticillioides (Nirenberg) isolated from rotting maize stem[J]. Archives of Phytopathology and Plant protection, 2010, 43(8): 744-753.	present	43	MH864072.1; MH864073.1; PV888651.1; PV888653.1; PV888660.1; PX599330.1; PX645240.1; PX645241.1; PX657260.1; PX666104.1; PX675709.1; PX675710.1; PX675711.1; PX682136.1; PX682137.1; PX682830.1; PX691022.1; PX735309.1; PX735314.1; PX735346.1; PX740617.1; PX998388.1; PX998405.1; PZ126668.1; PZ142469.1; PZ142665.1; PZ159291.1; PZ159292.1; PZ159293.1; PZ167680.1; PZ167911.1; PZ242150.1; PZ245939.1; PZ327791.1; PZ350447.1; PZ350448.1; PZ364844.1; PZ436250.1; PZ436251.1; PZ623436.1; PZ672145.1; PZ724265.1; PZ782790.1		
Trichoderma harzianum	Trichoderma harzianum		fungi	5544	Trichoderma ear rot	木霉穗腐病	confirmed	Harish J, Prasannakumar M K, Karan R, et al. Trichoderma spp. as a novel pathogen for maize post-flowering stalk rot in India[J]. Crop Protection, 2025, 195: 107255.	present	43	MT012289.1; MT012290.1; MT012291.1; MT012292.1; MT012293.1; MT012294.1; PX071337.1; PX071338.1; PX071374.1; PX071375.1; PX071377.1; PX071435.1; PZ695455.1; PZ702505.1; PZ702506.1; PZ702508.1; PZ711018.1; PZ711416.1; PZ724289.1; PZ724290.1; PZ728820.1; PZ728848.1; PZ728850.1; PZ728852.1; PZ730058.1; PZ730060.1; PZ730063.1; PZ730077.1; PZ730079.1; PZ730082.1; PZ768224.1; PZ768227.1; PZ768228.1; PZ768229.1; PZ770558.1; PZ789688.1; PZ789693.1; PZ789695.1; PZ789698.1; PZ798431.1; PZ810687.1; PZ818910.1; PZ832392.1		
Trichoderma koningii	Trichoderma koningii		fungi	97093	first-internode lesions	第一节间病斑	confirmed	SUTTON J C. Trichoderma koningii as a parasite of maize seedlings[J]. Canadian journal of plant science, 1972, 52(6): 1037-1042.	present	43	KX109155.1; KX109179.1; MH862585.1; MW929147.1; MZ950659.1; OR350475.1; PQ113582.1; PQ220192.1; PQ302259.1; PQ555724.1; PQ555726.1; PQ764474.1; PQ771098.1; PQ787510.1; PQ800339.1; PQ821175.1; PV050431.1; PV154043.1; PV154120.1; PV437575.1; PV565346.1; PV802852.1; PV873394.1; PV995430.1; PX060177.1; PX226012.1; PX317596.1; PX317599.1; PX381333.1; PX421018.1; PX446866.1; PX451862.1; PX498482.1; PX629750.1; PX916279.1; PX928012.1; PZ014349.1; PZ039110.1; PZ205986.1; PZ245941.1; PZ336165.1; PZ499068.1; PZ789697.1		
Trichoderma roseum /Trichothecium roseum	Trichoderma roseum /Trichothecium roseum		fungi	47278	Pink ear rot (pink mold)/Fusarium verticillioides ear rot	粉红穗腐病/粉红霉病/拟轮枝穗腐病	confirmed	Xue C S, Xu J N, Sun J Y, et al. First report of Trichothecium roseum causing maize (Zea mays) ear rot in Northern China[J]. Plant Disease, 2016, 100(11): 2324-2324.	present	43	MH856757.1; MH856758.1; PP844263.1; PQ800245.1; PV107790.1; PV157059.1; PV157138.1; PV195202.1; PV206824.1; PV243909.1; PV291701.1; PV407442.1; PV422738.1; PV492220.1; PV581214.1; PV602682.1; PV791371.1; PV804305.1; PV871555.1; PV987532.1; PV987533.1; PV987534.1; PV987535.1; PV987536.1; PV987581.1; PV987582.1; PV987583.1; PV987778.1; PX091361.1; PX248752.1; PX287182.1; PX362643.1; PX369682.1; PX446869.1; PX461609.1; PX461610.1; PX740769.1; PX900287.1; PX945612.1; PX973262.1; PX999736.1; PZ142463.1; PZ191639.1		
Trichoderma viride	Trichoderma viride		fungi	5547	Trichoderma ear rot	木霉穗腐病	confirmed	Robertson, A. 2004. Corn Ear Rots. Iowa State University IPM.IC-492(21) [October 4, 2004] Available at https://lib.dr.iastate.edu/cgi/viewcontent.cgi?referer=https://www.google.com/&httpsredir=1&article=2505&context=cropnews [URL verified 3/28/2019].	present	43	MH864422.1; PV107899.1; PV108058.1; PV108060.1; PV108080.1; PV498707.1; PV498723.1; PV498724.1; PX421016.1; PX802429.1; PX833676.1; PX884401.1; PX884403.1; PX963634.1; PX998407.1; PZ051871.1; PZ051872.1; PZ122430.1; PZ126052.1; PZ205994.1; PZ245943.1; PZ251479.1; PZ251720.1; PZ273141.1; PZ337691.1; PZ365782.1; PZ369081.1; PZ406402.1; PZ436253.1; PZ436254.1; PZ462610.1; PZ462611.1; PZ465985.1; PZ528930.1; PZ542777.1; PZ556295.1; PZ660809.1; PZ675158.1; PZ702502.1; PZ702507.1; PZ779483.1; PZ799365.1; PZ805006.1		
Ustilaginoidea virens	Ustilaginoidea virens		fungi	1159556	False smut	假黑粉病	confirmed	Gohel N M, Patil R K, Pandey R N, et al. A NEW REPORT ON OCCURRENCE OF FALSE HEAD SMUT [USTILAGINOIDEA VIRENS (COOKE) TAKAHASHI] OF MAIZE (ZEA MAYS L.) FROM GUJARAT, INDIA[J]. Bioscan (Suppl Plant Pathol), 2014, 9(3): 1147-1149.	present	43	OQ645537.1; OQ645538.1; OQ645540.1; OQ645541.1; OQ645542.1; OQ645543.1; OQ645544.1; OQ645545.1; OQ645546.1; OQ645548.1; OQ645549.1; PP800271.1; PP972763.1; PP972764.1; PP972765.1; PP972766.1; PP972767.1; PP972768.1; PP972769.1; PP972770.1; PP972771.1; PQ656350.1; PQ780755.1; PQ780756.1; PQ780757.1; PQ780758.1; PQ780759.1; PV464054.1; PV581597.1; PX056884.1; PX775585.1; PX775586.1; PZ441335.1; PZ441354.1; PZ447652.1; PZ447655.1; PZ447656.1; PZ448556.1; PZ448627.1; PZ448630.1; PZ585080.1; PZ711415.1; PZ770853.1		
Waitea zeae (Rhizoctonia zeae)	Waitea zeae/Rhizoctonia zeae	Rhizoctonia zeae	fungi	49569	Banded leaf and sheath blight	玉米纹枯病	confirmed	Gambhir N, Kodati S, Adesemoye A O, et al. Fungicide Sensitivity and Nontarget Site Resistance in Rhizoctonia zeae Isolates Collected from Corn and Soybean Fields in Nebraska[J]. Plant Disease, 2025, 109(1): 217-227.	present	43	KC590518.1; KC590587.1; KC620576.1; KC620577.1; KC620578.1; KC620580.1; KC620581.1; KC620582.1; KC620583.1; KC709579.1; KC993833.1; KJ623714.1; KJ623715.1; KJ868081.1; KP736172.1; KP736183.1; KP736184.1; KP736185.1; KP736186.1; KP736187.1; KT362085.1; KT362089.1; KT362109.1; KT362131.1; KX118368.1; KX118374.1; KX118387.1; KX118388.1; MK817577.1; MK817602.1; MN160231.1; MN160232.1; MN160233.1; MN160234.1; MN160240.1; MN160242.1; MN160250.1; MN160251.1; MN160253.1; MT874894.1; PQ962814.1; PQ962815.1; PQ962816.1		
Xepiculopsis graminea/Myrothecium gramineum	Xepiculopsis graminea/Myrothecium gramineum		fungi	226117	Shuck rot	苞叶腐烂病	confirmed	NYVALL R F. Field Crop Diseases. 3rd ed. Ames: Iowa State University Press, 1999.	present	39	AY254151.1; FJ235084.1; FJ825374.1; GQ373154.1; HQ608010.1; JQ936265.1; JQ936266.1; JX077058.1; JX077063.1; JX406554.1; JX868793.1; KF414681.1; KJ780796.1; KY591776.1; LS483744.1; LS483783.1; LS483784.1; LS483788.1; LS483935.1; LS483949.1; LS484211.1; LS484218.1; MF327243.1; MF449215.1; MG988390.1; MH173809.1; MH173819.1; MH809373.1; MK304398.1; MK720190.1; MN202731.1; MN614058.1; MZ919500.1; OL347751.1; OL454703.1; OM057628.1; OM670094.1; OP303281.1; PQ381801.1		
Globisporangium irregulare (Pythium irregulare)	Globisporangium irregulare/Pythium irregulare	Pythium irregulare	oomycetes	36331	Maize Seedling Root Rots	玉米根腐苗枯病	confirmed	Munkvold G P, White D G. Compendium of corn diseases[M]. 2016. 王晓鸣等. 玉米病害和病原名称整理及其汉译名称规范化探讨. 《中国农业科学》,2022.	present	43	AB107995.1; AB107996.1; AB107997.1; AB107998.1; AB107999.1; AB108000.1; AB108001.1; AB108003.1; AB108004.1; AB108005.1; AY598702.2; LC858064.1; OL342596.1; OL952624.1; OR194729.1; OR194752.1; OR194753.1; OR259033.1; PP789600.1; PP817565.1; PP835986.1; PP844717.1; PP844848.1; PP844890.1; PP965682.1; PP965683.1; PP965684.1; PQ216304.1; PQ331059.1; PQ331060.1; PQ331061.1; PQ895788.1; PV776018.1; PV776019.1; PV777972.1; PV777973.1; PX394239.1; PX394240.1; PX972522.1; PZ445155.1; PZ445157.1; PZ445161.1; PZ782685.1		
Globisporangium rostratum (Pythium rostratum )	Globisporangium rostratum/Pythium rostratum	Pythium rostratum	oomycetes	2711123	Maize Seedling Root Rots	玉米根腐苗枯病	confirmed	Munkvold G P, White D G. Compendium of corn diseases[M]. 2016. 王晓鸣等. 玉米病害和病原名称整理及其汉译名称规范化探讨. 《中国农业科学》,2023.	present	12	AB468775.1; AF310335.1; AJ233456.1; AY598696.2; AY753573.1; DQ648134.1; GU258606.1; HQ643767.1; MF446697.1; MK330686.1; MT084526.1; MT084527.1		
Peronosclerospora heteropogonis	Peronosclerospora heteropogonis		oomycetes	467162	Rajasthan downy mildew	拉贾斯坦霜霉病	confirmed	MATHUR K, TRIVEDI A, RATHORE R S. Assessment of losses caused by Peronosclerospora heteropogoni, incitant of downy mildew of Maize[J]. 2006.	missing	0		No public marker gene sequence found in NCBI GenBank (2026-08-25)	
Peronosclerospora maydis	Peronosclerospora maydis		oomycetes	886949	Java downy mildew	爪哇霜霉病	confirmed	Ramsey M D, Jones D R. Peronosclerospora maydis found on maize, sweetcorn and plume sorghum in Far North Queensland[J]. Plant pathology, 1988, 37(4): 581-587.	present	16	HM236840.1; HM236841.1; LC128602.1; LC128608.1; LC128612.1; LC128619.1; LC128620.1; LC322282.1; LC537855.1; LC537862.1; LC537863.1; LC537870.1; LC537872.1; PZ301870.1; PZ301871.1; PZ301872.1		
Peronosclerospora miscanthi	Peronosclerospora miscanthi		oomycetes	1081076	Leaf splitting downy mildew	裂叶霜霉病	confirmed	Crouch J A, Davis W J, Shishkoff N, et al. Peronosporaceae species causing downy mildew diseases of Poaceae, including nomenclature revisions and diagnostic resources[J]. Fungal Systematics and Evolution, 2022, 9(1): 43-86.	present	1	KX721500.1		
Peronosclerospora philippinensis	Peronosclerospora philippinensis		oomycetes	886948	Downy Mildews	霜霉病	confirmed	Telle S, Shivas R G, Ryley M J, et al. Molecular phylogenetic analysis of Peronosclerospora (Oomycetes) reveals cryptic species and genetically distinct species parasitic to maize[J]. European Journal of Plant Pathology, 2011, 130(4): 521-528.	present	23	HM236833.1; HM236844.1; HM236845.1; HM236846.1; JF754978.1; KR047735.1; KR047736.1; KR047737.1; KR047738.1; KX252750.1; KX252751.1; KX252752.1; KX252753.1; KX252754.1; KX252755.1; KX252756.1; KX252757.1; KX252758.1; KX252759.1; KX252760.1; KX252761.1; KX252762.1; KX252763.1		
Peronosclerospora sacchari	Peronosclerospora sacchari		oomycetes	467161	Sugarcane downy mildew	禾黍霜霉病	confirmed	Yao C, Magill C W, Frederiksen R A, et al. Detection and identification of Peronosclerospora sacchari in maize by DNA hybridization[J]. Phytopathology, 1991, 81(8): 901-905.	present	3	HM236836.1; HM236847.1; JF754979.1		
Peronosclerospora sorghi	Peronosclerospora sorghi		oomycetes	230839	Sorghum downy mildew (infects maize)	高粱霜霉病(侵染玉米)	confirmed	Adenle V O, Cardwell K F. Seed transmission of maize downy mildew (Peronosclerospora sorghi) in Nigeria[J]. Plant pathology, 2000, 49(5): 628-634.	present	2	HM236843.1		
Peronosclerospora spontanea	Peronosclerospora spontanea		oomycetes	NOT_VERIFIED	Spontaneum downy mildew	自发霜霉病	confirmed	Crouch J A, Davis W J, Shishkoff N, et al. Peronosporaceae species causing downy mildew diseases of Poaceae, including nomenclature revisions and diagnostic resources[J]. Fungal Systematics and Evolution, 2022, 9(1): 43-86. | NCBI Taxonomy 未收录 Peronosclerospora spontanea	missing	0		TaxID NOT_VERIFIED; no marker sequence linked	TAXID_PENDING; NCBI Taxonomy query 2026-08-25 found no exact match
Pythium acanthicum	Pythium acanthicum		oomycetes	65069	Maize Seedling Root Rots	玉米根腐苗枯病	confirmed	Munkvold G P, White D G. Compendium of corn diseases[M]. 2016. 王晓鸣等. 玉米病害和病原名称整理及其汉译名称规范化探讨. 《中国农业科学》,2020.	present	40	AY598617.2; KX423753.1; MG799207.1; MK794821.1; MK794855.1; MK794863.1; MK794871.1; MK794887.1; MK794917.1; MK794969.1; MK795060.1; MT758167.1; MT758168.1; MT758169.1; MT758170.1; MT758181.1; MT758182.1; MW426378.1; MW489839.1; OL468023.1; OL468024.1; OL468036.1; OL661627.1; ON306886.1; ON306887.1; ON306888.1; ON306902.1; ON306903.1; ON860611.1; OR120575.1; OR120577.1; OR120632.1; OR120633.1; OR120679.1; OR120793.1; OR643500.1; OR643519.1; OR643520.1; PP817326.1		
Pythium adhaerens	Pythium adhaerens		oomycetes	289596	Maize Seedling Root Rots	玉米根腐苗枯病	confirmed	Munkvold G P, White D G. Compendium of corn diseases[M]. 2016. 王晓鸣等. 玉米病害和病原名称整理及其汉译名称规范化探讨. 《中国农业科学》,2021.	present	15	AY598619.2; HQ111456.1; HQ111467.1; HQ111468.1; HQ643415.1; JQ898454.1; KJ865241.1; KP063120.1; KP843580.1; KP862937.1; KU210085.1; MF115424.1; OP933314.1; OP933315.1; OR784346.1		
Pythium angustatum	Pythium angustatum		oomycetes	289598	root rot	根腐病	confirmed	Irwin J, Singh S, Kochman J, et al. Pathogen risks associated with bulk maize imports to australia from the United States of America[J]. A report by technical working group, 1999, 1.	present	9	AY598623.1; HQ643437.1; JX271794.1; JX271799.1; KM280065.1; KP843596.1; KU210460.1; MT473788.1; PQ107654.1		
Pythium aphanidermatum	Pythium aphanidermatum		oomycetes	65070	Pythium stalk rot/damping-off/root rot	腐霉茎腐病/猝倒病/腐霉根腐病	confirmed	Bickel J T, Koehler A M. Review of Pythium species causing damping-off in corn[J]. Plant Health Progress, 2021, 22(3): 219-225.	present	43	LC906640.1; PP835994.1; PV849269.1; PV849270.1; PV849271.1; PV849272.1; PV855754.1; PV928889.1; PV932848.1; PX090916.1; PX138772.1; PX138797.1; PX205201.1; PX614642.1; PX614643.1; PX671483.1; PX671484.1; PX671485.1; PX885054.1; PX972520.1; PX972523.1; PZ027666.1; PZ028374.1; PZ028375.1; PZ188756.1; PZ193173.1; PZ255448.1; PZ255449.1; PZ255450.1; PZ255451.1; PZ380008.1; PZ493317.1; PZ493318.1; PZ501937.1; PZ501938.1; PZ501939.1; PZ501940.1; PZ501941.1; PZ501942.1; PZ501943.1; PZ501944.1; PZ501945.1; PZ746424.1		
Pythium aristosporum	Pythium aristosporum		oomycetes	140044	stalk rot	茎腐病	confirmed	Hou M, Cao Y, Zhang X, et al. Genome-wide association study of maize resistance to Pythium aristosporum stalk rot[J]. Frontiers in Plant Science, 2023, 14: 1239635.	present	43	AY598627.2; MF446817.1; MF446819.1; MF446820.1; MF446821.1; MH890548.1; MK326485.1; MK326542.1; MK326561.1; MK420046.1; MK794677.1; MT337429.1; MT337436.1; OL701302.1; OP050386.1; OP050387.1; OP050388.1; OP050389.1; OP076892.1; OP076937.1; OP076947.1; OP077086.1; OP933076.1; OR120531.1; OR194783.1; OR890036.1; OR890037.1; OR890038.1; PZ810724.1; PZ810725.1; PZ810726.1; PZ810727.1; PZ810729.1; PZ810730.1; PZ810731.1; PZ810732.1; PZ810733.1; PZ810734.1; PZ810736.1; PZ810742.1; PZ810746.1; PZ810748.1; PZ810750.1		
Pythium arrhenomanes	Pythium arrhenomanes		oomycetes	82932	Pythium root rot	腐霉根腐病	confirmed	Deep I W, Lipps P E. Recovery of Pythium arrhenomanes and its virulence to corn[J]. Crop Protection, 1996, 15(1): 85-90.	present	43	AB095040.1; AB095041.1; AB160838.1; AB160839.1; AB160841.1; AB160842.1; AB160844.1; AY598628.1; KP843584.1; KT716813.1; KU209724.1; KU210141.1; KU210507.1; KU210589.1; KU210595.1; KU210870.1; KU210874.1; KY570311.1; LC053669.1; LC053670.1; LC053671.1; LC053672.1; LC053673.1; LC053674.1; LC150551.1; LC160347.1; MF446807.1; MF446813.1; MF446814.1; MH155268.1; MK326469.1; MK326486.1; MK326487.1; MW489840.1; MZ540469.1; MZ540659.1; OR194784.1; OR194785.1; OR194787.1; OR194799.1; OR784340.1; PX447580.1; PX447581.1		
Pythium debaryanum /Globisporangium debaryanum	Globisporangium debaryanum/Pythium debaryanum		oomycetes	231958	seed rot/ seedling blight / root rot	种腐病/苗枯病/根腐病	confirmed	Foley D C. Resistance to Pythium debaryanum in Zea mays seedlings[C]//Proceedings of the Iowa Academy of Science. 1980, 87(4): 134-138. Bickel J T, Koehler A M. Review of Pythium species causing damping-off in corn[J]. Plant Health Progress, 2021, 22(3): 219-225.	present	19	AY243060.1; AY243061.1; AY243062.1; AY243063.1; AY243064.1; AY243065.1; AY598704.2; HQ643519.1; KT429655.1; KU833269.1; KX228092.1; KX396598.1; MF115153.1; MW489834.1; OQ318505.1; OR910652.1; PV849209.1; PV849210.1; PV849212.1		
Pythium graminicola	Pythium graminicola		oomycetes	82937	Pythium root rot	腐霉根腐病主要病原菌	confirmed	Erwin D C, Cameron J W. Susceptibility of five Sweet Com varieties to Pythium graminicola[J]. 1957.	present	43	AY598625.2; OR194798.1; OR194803.1; OR194804.1; OR194808.1; OR194809.1; OR194810.1; OR194811.1; OR194812.1; OR194813.1; OR194814.1; OR194815.1; OR194816.1; OR194817.1; OR194818.1; OR194819.1; OR194820.1; OR194821.1; OR194822.1; OR194823.1; OR194825.1; OR194826.1; OR194827.1; OR194828.1; OR194829.1; OR194830.1; OR194831.1; OR194832.1; OR194833.1; OR194835.1; OR194836.1; OR194837.1; OR194838.1; OR194839.1; OR194840.1; OR194841.1; OR194842.1; OR194843.1; OR194846.1; OR194847.1; OR194849.1; OR194850.1; PQ814186.1		
Pythium helicoides / Phytopythium helicoides	Phytopythium helicoides/Pythium helicoides		oomycetes	126844	stalk rot	茎腐病	confirmed	Xie X Y, Zhou H Z, Fan S S, et al. First report of Phytopythium helicoides causing stalk rot on corn in China[J]. Plant disease, 2021, 105(11): 3766.	present	43	AB108056.1; AB108057.1; AB108058.1; AB108060.1; AB108061.1; AB217659.1; AB217660.1; AB217661.1; AB690611.1; AB690616.1; AB725878.1; AY598665.2; LC798349.1; LC798350.1; OR531151.1; OR531152.1; OR531153.1; OR531154.1; OR531155.1; OR531156.1; OR531196.1; OR531254.1; OR531258.1; OR531261.1; OR531262.1; OR531270.1; OR531271.1; OR531272.1; OR632928.1; PP597241.1; PP597243.1; PP741643.1; PP741644.1; PP976982.1; PQ149064.1; PQ200672.1; PV845136.1; PV845155.1; PV849200.1; PV849201.1; PV849252.1; PV849253.1; PV849254.1		
Pythium inflatum	Pythium inflatum		oomycetes	82938	Maize Stalk Rots/Pythium root rot	玉米茎基腐病/青枯病/腐霉根腐病	confirmed	Yang D E, Jin D M, Wang B, et al. Characterization and mapping of Rpi1, a gene that confers dominant resistance to stalk rot in maize[J]. Molecular genetics and genomics, 2005, 274(3): 229-234.	present	43	AY598626.2; KX228090.1; LC556057.1; LC684548.1; MH023380.1; MK794697.1; MK794699.1; MK794703.1; MK794707.1; MK794710.1; MK794711.1; MK794712.1; MK794723.1; MK794738.1; MK794745.1; MK794748.1; MK794750.1; MK794751.1; MK794757.1; MK794994.1; MK795006.1; MK795056.1; MN905936.1; MN905937.1; MT414940.1; MT754458.1; MT819396.1; MT968528.1; MW025217.1; MW025229.1; MZ540477.1; OP933291.1; OP933292.1; OP933293.1; OP933294.1; OR120587.1; OR120622.1; OR120628.1; OR194725.1; OR194727.1; OR194795.1; OR194796.1; OR194797.1		
Pythium lutarium	Pythium lutarium		oomycetes	289618	root rot	根腐病	confirmed	Acharya, Jyotsna, and Alison E. Robertson. "Effect of allelochemicals from cereal rye cultivar and Pythium lutarium on corn growth and disease." PhytoFrontiers™ 3.4 (2023): 847-854.	present	43	AY598688.1; KU210117.1; KU210120.1; KU210121.1; KU210128.1; KU210158.1; KU210253.1; KU210254.1; KU210331.1; KU210467.1; KU210494.1; KU210496.1; KU210498.1; KU210502.1; KU210504.1; KU210505.1; KU210506.1; KU210574.1; KU210575.1; KU210578.1; KU210579.1; KU210580.1; KU210583.1; KU210587.1; KU210588.1; KU210603.1; KU210702.1; KU211059.1; KU211277.1; KU211278.1; KX346232.1; KY708961.1; MF115257.1; MK326435.1; MK326443.1; MK326444.1; MK326449.1; MK326458.1; MK326475.1; MK326527.1; MN522172.1; OR784332.1; PV082505.1		
Pythium paroecandrum/ Globisporangium paroecandrum	Globisporangium paroecandrum/Pythium paroecandrum		oomycetes	2125995	seed rot	种腐病	confirmed	KONDO N, KODAMA F, AKAI J. Pathogenicity of Pythium species isolated from ungerminated corn seeds planted at a low temperature[J]. Japanese Journal of Phytopathology, 1986, 52(4): 585-589.	present	43	AY598644.2; KU208275.1; KU208339.1; KU208340.1; KU208341.1; KU208357.1; KU208372.1; KU208376.1; KU208377.1; KU208379.1; KU208380.1; KU208381.1; KU208383.1; KU208384.1; KU208386.1; KU208388.1; KU208389.1; KU208404.1; KU208405.1; KU208406.1; KU209341.1; KU209349.1; KU209350.1; KU209351.1; KU210456.1; KU210457.1; KU210463.1; KU210471.1; KU210472.1; KU210513.1; KU210515.1; KU210519.1; KU210520.1; KX788834.1; KY433891.1; MF963042.1; MF963043.1; MG799189.1; MK886856.1; MK910127.1; MZ207918.1; OR484040.1; PZ239895.1		
Pythium pulchrum / Globisporangium pulchrum	Globisporangium pulchrum/Pythium pulchrum		oomycetes	115420	root rot	根腐病	confirmed	Bickel J T, Koehler A M. Review of Pythium species causing damping-off in corn[J]. Plant Health Progress, 2021, 22(3): 219-225.	missing	0		No public marker gene sequence found in NCBI GenBank (2026-08-25)	
Pythium schmitthenneri / Globisporangium schmitthenneri	Globisporangium schmitthenneri/Pythium schmitthenneri		oomycetes	1277646	seedling blight	苗枯病	confirmed	Ellis M L, Paul P A, Dorrance A E, et al. Two new species of Pythium, P. schmitthenneri and P. selbyi pathogens of corn and soybean in Ohio[J]. Mycologia, 2012, 104(2): 477-487.	present	7	JF836870.1; KJ716862.1; MG799193.1; MG799194.1; PQ611592.1; PQ611756.1; PQ615100.1		
Pythium spinosum /Globisporangium spinosum	Globisporangium spinosum /Pythium spinosum		oomycetes	2125998	seed rot	种腐病	confirmed	KONDO N, KODAMA F, AKAI J. Pathogenicity of Pythium species isolated from ungerminated corn seeds planted at a low temperature[J]. Japanese Journal of Phytopathology, 1986, 52(4): 585-589.	present	43	AB108006.1; AB108007.1; AB217665.1; AY598701.2; MG799197.1; OL307779.1; OL307783.1; ON102786.1; ON102787.1; ON113873.1; ON202808.2; OP592246.1; OQ612485.1; OQ875759.1; OQ975665.1; OR120463.1; OR120465.1; OR120468.1; OR120530.1; OR120534.1; OR120550.1; OR120554.1; OR120564.1; OR120566.1; OR120571.1; OR120651.1; OR194626.1; OR194628.1; OR194629.1; OR194631.1; OR194757.1; OR194764.1; OR194824.1; OR194834.1; OR194845.1; OR511522.1; OR604290.1; PP033679.1; PP817607.1; PV390628.1; PZ321508.1; PZ439652.1; PZ810737.1		
Pythium splendens/Globisporangium splendens	Globisporangium splendens/Pythium splendens		oomycetes	82926	seedling blight/ root rot	苗枯病/根腐病	confirmed	Dorrance A E, Berry S A, Lipps P E. Characterization of Pythium spp. from three Ohio fields for pathogenicity on corn and soybean and metalaxyl sensitivity[J]. Plant Health Progress, 2004, 5(1): 10.	present	43	AB468778.1; AY598655.2; LC684532.1; LC684549.1; LC684555.1; LC684560.1; LC684563.1; MH023387.1; MT140122.1; MT645509.1; MT754449.1; MT754456.1; MT754461.1; MT754483.1; MT754509.1; MT758164.1; MT758166.1; MW412819.1; MW412820.1; MW412821.1; MW412822.1; MW412823.1; MW426375.1; MW426379.1; MW426380.1; MW426383.1; ON102783.1; ON102785.1; ON860614.1; OQ338353.1; OQ472517.1; OQ612560.1; OR659761.1; OR659762.1; OR659763.1; OR659764.1; OR659765.1; OR659766.1; OR659767.1; OR659768.1; OR659769.1; PP267712.1; PP267713.1		
Pythium sylvaticum / Globisporangium sylvaticum	Globisporangium sylvaticum/Pythium sylvaticum		oomycetes	82950	seed rot/root rot	种腐病/根腐病	confirmed	Tang X, Chen S, Yan X, et al. First Report of Pythium torulosum Causing Corn Root Rot in Northeastern China[J]. Plant disease, 2021, 105(3): 712-712.	present	43	AB108008.1; AY598645.2; LC901554.1; LC908960.1; OK271185.1; OK271190.1; OL342579.1; OL342580.1; OL342597.1; ON678083.1; ON678084.1; ON678085.1; ON678086.1; OQ724651.1; OR120756.1; OR120759.1; OR120761.1; OR120765.1; OR194633.1; OR194728.1; OR194730.1; OR194731.1; OR194744.1; OR194766.1; OR194768.1; OR194769.1; OR194844.1; OR511524.1; OR511536.1; OR633311.1; PP817299.1; PP835985.1; PQ331070.1; PQ331071.1; PQ331072.1; PQ331073.1; PV197171.1; PV248832.1; PV248833.1; PV594456.1; PX351718.1; PX351719.1; PZ484507.1		
Pythium torulosum	Pythium torulosum		oomycetes	4799	root rot	根腐病	confirmed	Tang X, Chen S, Yan X, et al. First Report of Pythium torulosum Causing Corn Root Rot in Northeastern China[J]. Plant disease, 2021, 105(3): 712-712.	present	43	AB095046.1; AB160846.1; AY598624.2; MK795031.1; MK795037.1; MK795045.1; MK795047.1; MK795048.1; MK795050.1; MK795053.1; MK795058.1; MT414939.1; MZ540564.1; MZ540565.1; MZ540567.1; MZ540570.1; MZ540572.1; OK257561.1; OK257562.1; OP933359.1; OP933360.1; OP933361.1; OQ678451.1; OR120524.1; OR120559.1; OR120572.1; OR120573.1; OR120580.1; OR120635.1; OR194618.1; OR194634.1; OR194637.1; OR194640.1; OR194642.1; OR194658.1; OR194669.1; OR194723.1; OR194724.1; OR194726.1; OR194773.1; OR784401.1; PP835995.1; PZ810747.1		
Pythium ultimum	Pythium ultimum		oomycetes	2052682	Pythium root rot, damping-off	腐霉根腐/猝倒病	confirmed	Broders K D, Lipps P E, Paul P A, et al. Characterization of Pythium spp. associated with corn and soybean seed and seedling disease in Ohio[J]. Plant disease, 2007, 91(6): 727-735.	present	43	LC901555.1; LC906641.1; OL342591.1; OL342593.1; OL342607.1; OL342609.1; OL342611.1; OL342612.1; OL342613.1; PP835989.1; PQ897936.1; PV424126.1; PV594455.1; PV776020.1; PV776021.1; PV807958.1; PV815413.1; PV815414.1; PV845119.1; PV845126.1; PV845129.1; PV845130.1; PV845131.1; PV845137.1; PV845150.1; PV849267.1; PV849273.1; PV849275.1; PV849276.1; PV849277.1; PV849278.1; PV849279.1; PV849280.1; PV849283.1; PV849286.1; PX139271.1; PX218305.1; PX674610.1; PX699629.1; PX890959.1; PX972519.1; PX972521.1; PZ630447.1		
Pythium vexans/Phytopythium vexans	Pythium vexans/Phytopythium vexans		oomycetes	907947	seed rot/ seedling blight / root rot	种腐病/苗枯病/根腐病	confirmed	Bickel J T, Koehler A M. Review of Pythium species causing damping-off in corn[J]. Plant Health Progress, 2021, 22(3): 219-225.	present	43	PP835991.1; PP835997.1; PQ453721.1; PQ453722.1; PQ453723.1; PQ453724.1; PQ453725.1; PQ453726.1; PQ453727.1; PQ453728.1; PQ453729.1; PV849285.1; PV897056.1; PV897098.1; PV897112.1; PV897113.1; PV897114.1; PV897115.1; PV897116.1; PV897119.1; PV897126.1; PV897173.1; PV897174.1; PV897225.1; PV897226.1; PV897227.1; PX464106.1; PX473042.1; PX498492.1; PX498494.1; PX498495.1; PX498496.1; PX498497.1; PX498498.1; PX498500.1; PX593153.1; PZ022717.1; PZ022718.1; PZ782634.1; PZ782635.1; PZ782639.1; PZ782640.1		
Sclerophthora macrospora	Sclerophthora macrospora		oomycetes	467176	Crazy top downy mildew	疯顶病/霜霉疯顶病	confirmed	Trdan S, Celar F. The first and mass occurrence of fungus Sclerophthora macrospora (Sacc.) Thirumalachar, CG Shaw & Narasimhan on maize in Slovenia[J]. 1999.	missing	0		No public marker gene sequence found in NCBI GenBank (2026-08-25)	
Sclerophthora rayssiae / Sclerophthora rayssiae var. zeae	Sclerophthora rayssiae / Sclerophthora rayssiae var. zeae		oomycetes	NOT_VERIFIED	Brown stripe downy mildew	褐条霜霉病	confirmed	Crouch J A, Davis W J, Shishkoff N, et al. Peronosporaceae species causing downy mildew diseases of Poaceae, including nomenclature revisions and diagnostic resources[J]. Fungal Systematics and Evolution, 2022, 9(1): 43-86. | NCBI Taxonomy 未收录 Sclerophthora rayssiae	missing	0		TaxID NOT_VERIFIED; no marker sequence linked	TAXID_PENDING; NCBI Taxonomy query 2026-08-25 found no exact match
Sclerospora graminicola	Sclerospora graminicola		oomycetes	162130	Graminicola downy mildew (infects maize)	禾谷类霜霉病(侵染玉米)	confirmed	Frederiksen R A, Renfro B L. Global status of maize downy mildew[J]. Annual Review of Phytopathology, 1977, 15(1): 249-271.	missing	0		No public marker gene sequence found in NCBI GenBank (2026-08-25)	
